timestamp_utc,allsky_sfc_sw_dwn,allsky_sfc_sw_dni,t2m_benban,clrsky_sfc_sw_dwn,ws10m,ws50m,wd50m,t2m_suez,hour_of_day,month,day_of_year,ws100m
2025-01-01 00:00:00,0.0,0.0,9.43,0.0,5.9,7.7,359.7,15.7,0,1,1,8.484669392249902
2025-01-01 01:00:00,0.0,0.0,8.98,0.0,6.27,8.22,1.1,15.51,1,1,1,9.05766005250574
2025-01-01 02:00:00,0.0,0.0,8.43,0.0,6.53,8.58,1.2,15.32,2,1,1,9.45434589422132
2025-01-01 03:00:00,0.0,0.0,7.8,0.0,6.62,8.71,3.8,15.08,3,1,1,9.59759355928528
2025-01-01 04:00:00,0.0,0.0,7.29,0.0,6.54,8.59,7.2,14.82,4,1,1,9.465364945380086
2025-01-01 05:00:00,0.0,0.0,6.95,0.0,6.26,8.21,8.8,14.57,5,1,1,9.046641001346975
2025-01-01 06:00:00,5.62,2.45,6.87,5.62,5.94,7.73,10.6,14.38,6,1,1,8.517726545726202
2025-01-01 07:00:00,134.6,342.24,8.07,135.57,5.61,7.04,12.8,15.34,7,1,1,7.757412015771339
2025-01-01 08:00:00,346.42,640.07,10.66,348.05,5.7,6.28,14.5,16.5,8,1,1,6.919964127705115
2025-01-01 09:00:00,531.92,787.08,14.83,533.25,5.32,5.73,8.8,17.33,9,1,1,6.31391631397298
2025-01-01 10:00:00,658.75,837.21,17.24,664.75,5.18,5.56,0.7,18.16,10,1,1,6.126592444273955
2025-01-01 11:00:00,710.7,753.03,18.73,717.3,5.24,5.59,353.2,18.91,11,1,1,6.159649597750254
2025-01-01 12:00:00,706.58,756.61,19.79,710.4,5.81,6.2,342.4,19.54,12,1,1,6.831811718434986
2025-01-01 13:00:00,624.08,717.04,20.45,631.95,6.5,7.01,338.6,20.0,13,1,1,7.724354862295041
2025-01-01 14:00:00,480.75,649.18,20.58,487.45,6.97,7.63,338.5,20.25,14,1,1,8.40753603413854
2025-01-01 15:00:00,290.77,512.81,20.07,294.45,7.28,8.13,339.2,20.26,15,1,1,8.958488592076845
2025-01-01 16:00:00,89.57,164.46,17.3,90.12,7.09,8.71,340.2,19.55,16,1,1,9.59759355928528
2025-01-01 17:00:00,0.0,0.0,13.9,0.0,7.27,9.43,343.1,18.38,17,1,1,10.390965242716439
2025-01-01 18:00:00,0.0,0.0,13.15,0.0,7.56,9.72,351.9,17.86,18,1,1,10.710517726320656
2025-01-01 19:00:00,0.0,0.0,12.63,0.0,7.43,9.6,5.6,17.26,19,1,1,10.578289112415462
2025-01-01 20:00:00,0.0,0.0,12.03,0.0,7.2,9.43,23.0,16.72,20,1,1,10.390965242716439
2025-01-01 21:00:00,0.0,0.0,11.25,0.0,6.64,8.69,31.8,16.15,21,1,1,9.575555456967747
2025-01-01 22:00:00,0.0,0.0,10.24,0.0,5.96,7.62,34.6,15.53,22,1,1,8.396516982979774
2025-01-01 23:00:00,0.0,0.0,9.27,0.0,5.29,6.59,37.4,15.02,23,1,1,7.2615547136268646
2025-01-02 00:00:00,0.0,0.0,8.51,0.0,4.59,5.58,40.5,14.69,0,1,2,6.1486305465914874
2025-01-02 01:00:00,0.0,0.0,7.86,0.0,3.92,4.65,45.9,14.61,1,1,2,5.12385878882624
2025-01-02 02:00:00,0.0,0.0,7.34,0.0,3.18,3.68,49.9,14.71,2,1,2,4.055010826425927
2025-01-02 03:00:00,0.0,0.0,6.98,0.0,2.43,2.76,54.8,14.92,3,1,2,3.041258119819445
2025-01-02 04:00:00,0.0,0.0,6.75,0.0,1.72,1.93,69.7,15.1,4,1,2,2.1266768736418586
2025-01-02 05:00:00,0.0,0.0,6.66,0.0,0.87,0.93,75.7,15.2,5,1,2,1.024771757765248
2025-01-02 06:00:00,5.93,19.06,6.57,6.0,0.21,0.15,11.3,15.13,6,1,2,0.1652857673814916
2025-01-02 07:00:00,140.85,461.26,8.76,143.1,0.52,0.7,262.6,15.5,7,1,2,0.7713335811136274
2025-01-02 08:00:00,351.85,723.78,11.4,355.0,1.25,1.37,264.5,16.76,8,1,2,1.5096100087509567
2025-01-02 09:00:00,534.97,827.46,15.32,537.97,2.02,2.12,261.0,17.46,9,1,2,2.3360388456584147
2025-01-02 10:00:00,665.5,908.18,19.21,668.05,2.49,2.56,268.4,18.2,10,1,2,2.8208770966441232
2025-01-02 11:00:00,714.85,824.01,21.06,717.05,2.31,2.36,280.7,18.89,11,1,2,2.600496073468801
2025-01-02 12:00:00,708.47,823.52,22.44,710.35,1.97,2.01,292.2,19.46,12,1,2,2.214829282911987
2025-01-02 13:00:00,630.9,782.61,23.3,631.72,1.93,1.96,307.3,19.9,13,1,2,2.159734027118157
2025-01-02 14:00:00,488.08,707.98,23.56,489.02,2.22,2.27,322.3,20.09,14,1,2,2.5013246130399063
2025-01-02 15:00:00,296.5,563.98,23.08,297.35,2.69,2.82,333.3,19.9,15,1,2,3.107372426772042
2025-01-02 16:00:00,94.97,232.88,19.45,95.3,2.84,3.45,340.2,18.74,16,1,2,3.801572649774307
2025-01-02 17:00:00,0.0,0.0,16.07,0.0,3.28,3.93,339.8,17.64,17,1,2,4.33048710539508
2025-01-02 18:00:00,0.0,0.0,15.0,0.0,3.52,4.19,333.4,17.5,18,1,2,4.616982435522999
2025-01-02 19:00:00,0.0,0.0,14.2,0.0,3.51,4.16,329.1,17.46,19,1,2,4.5839252820467005
2025-01-02 20:00:00,0.0,0.0,13.36,0.0,3.15,3.73,329.7,17.42,20,1,2,4.110106082219758
2025-01-02 21:00:00,0.0,0.0,12.33,0.0,2.61,3.07,330.3,17.32,21,1,2,3.3828487057411945
2025-01-02 22:00:00,0.0,0.0,11.21,0.0,2.04,2.41,327.7,17.18,22,1,2,2.6555913292626316
2025-01-02 23:00:00,0.0,0.0,10.21,0.0,1.61,1.91,315.8,17.07,23,1,2,2.104638771324326
2025-01-03 00:00:00,0.0,0.0,9.4,0.0,1.24,1.44,298.7,16.95,0,1,3,1.5867433668623192
2025-01-03 01:00:00,0.0,0.0,8.78,0.0,1.01,1.12,269.5,16.86,1,1,3,1.234133729781804
2025-01-03 02:00:00,0.0,0.0,8.24,0.0,1.03,1.13,244.8,16.71,2,1,3,1.24515278094057
2025-01-03 03:00:00,0.0,0.0,7.71,0.0,0.93,1.01,229.4,16.61,3,1,3,1.1129241670353769
2025-01-03 04:00:00,0.0,0.0,7.21,0.0,0.81,0.95,194.6,16.58,4,1,3,1.04680986008278
2025-01-03 05:00:00,0.0,0.0,6.78,0.0,0.85,1.04,170.6,16.69,5,1,3,1.1459813205116751
2025-01-03 06:00:00,5.62,9.92,6.51,5.68,0.73,0.91,163.4,16.79,6,1,3,1.0027336554477158
2025-01-03 07:00:00,134.75,381.88,9.18,138.9,0.54,0.67,171.4,17.17,7,1,3,0.7382764276373291
2025-01-03 08:00:00,339.3,649.88,11.79,350.65,0.5,0.58,194.0,17.85,8,1,3,0.6391049672084341
2025-01-03 09:00:00,516.95,772.24,15.55,535.38,0.56,0.7,192.4,18.71,9,1,3,0.7713335811136274
2025-01-03 10:00:00,643.12,836.93,19.05,667.97,0.35,0.26,272.2,19.53,10,1,3,0.2864953301279188
2025-01-03 11:00:00,696.38,767.29,21.46,726.6,1.32,1.24,325.2,20.08,11,1,3,1.3663623436869972
2025-01-03 12:00:00,687.05,784.14,23.18,721.42,2.05,2.04,331.3,20.35,12,1,3,2.247886436388286
2025-01-03 13:00:00,619.4,703.04,24.29,643.0,2.8,2.87,340.4,20.33,13,1,3,3.1624676825658726
2025-01-03 14:00:00,469.65,657.01,24.72,499.58,3.43,3.58,345.8,20.23,14,1,3,3.944820314838266
2025-01-03 15:00:00,289.15,487.68,24.24,306.15,3.98,4.27,345.8,19.9,15,1,3,4.705134844793127
2025-01-03 16:00:00,95.78,225.69,20.21,100.22,3.9,4.85,345.3,19.03,16,1,3,5.344239812001561
2025-01-03 17:00:00,0.0,0.0,17.11,0.0,4.32,5.51,343.8,18.33,17,1,3,6.071497188480125
2025-01-03 18:00:00,0.0,0.0,16.16,0.0,4.62,5.89,342.1,18.2,18,1,3,6.490221132513237
2025-01-03 19:00:00,0.0,0.0,15.4,0.0,4.49,5.66,338.6,17.97,19,1,3,6.236782955861616
2025-01-03 20:00:00,0.0,0.0,14.4,0.0,4.18,5.17,332.8,17.59,20,1,3,5.696849449082077
2025-01-03 21:00:00,0.0,0.0,13.23,0.0,3.65,4.48,327.5,17.39,21,1,3,4.936534919127216
2025-01-03 22:00:00,0.0,0.0,12.21,0.0,3.06,3.76,316.9,17.35,22,1,3,4.143163235696056
2025-01-03 23:00:00,0.0,0.0,11.49,0.0,2.97,3.59,298.3,17.1,23,1,3,3.9558393659970323
2025-01-04 00:00:00,0.0,0.0,10.76,0.0,3.13,3.7,283.9,16.7,0,1,4,4.0770489287434595
2025-01-04 01:00:00,0.0,0.0,10.08,0.0,3.04,3.51,277.0,16.36,1,1,4,3.867686956726903
2025-01-04 02:00:00,0.0,0.0,9.61,0.0,2.65,2.99,273.1,16.3,2,1,4,3.294696296471066
2025-01-04 03:00:00,0.0,0.0,9.21,0.0,2.33,2.58,269.8,16.4,3,1,4,2.8429151989616557
2025-01-04 04:00:00,0.0,0.0,8.81,0.0,1.96,2.14,264.1,16.55,4,1,4,2.358076947975947
2025-01-04 05:00:00,0.0,0.0,8.51,0.0,1.89,2.08,256.1,16.5,5,1,4,2.2919626410233502
2025-01-04 06:00:00,5.47,7.27,8.31,5.47,1.81,2.0,250.1,16.47,6,1,4,2.2038102317532213
2025-01-04 07:00:00,136.02,383.94,9.84,136.55,1.59,1.78,246.5,16.7,7,1,4,1.961391106260367
2025-01-04 08:00:00,347.77,655.92,12.24,348.62,1.29,1.45,245.6,17.28,8,1,4,1.5977624180210854
2025-01-04 09:00:00,533.67,788.19,15.35,534.47,1.16,1.13,247.5,17.87,9,1,4,1.24515278094057
2025-01-04 10:00:00,666.4,848.24,18.21,667.03,0.73,0.77,235.1,18.54,10,1,4,0.8484669392249903
2025-01-04 11:00:00,732.17,880.09,20.94,732.62,0.43,0.55,209.4,19.23,11,1,4,0.6060478137321359
2025-01-04 12:00:00,727.2,873.86,23.15,727.53,0.67,0.82,170.9,19.91,12,1,4,0.9035621950188207
2025-01-04 13:00:00,648.88,827.78,24.82,649.47,1.15,1.33,153.6,20.49,13,1,4,1.4655338041158923
2025-01-04 14:00:00,503.48,745.09,25.74,504.33,1.71,2.03,145.2,20.92,14,1,4,2.2368673852295196
2025-01-04 15:00:00,310.23,604.83,25.39,311.1,1.98,2.63,136.8,20.98,15,1,4,2.898010454755486
2025-01-04 16:00:00,104.15,266.58,22.87,104.55,2.23,3.25,133.9,20.17,16,1,4,3.5811916265989847
2025-01-04 17:00:00,0.0,0.0,20.19,0.0,2.51,3.55,138.3,19.79,17,1,4,3.9117631613619674
2025-01-04 18:00:00,0.0,0.0,18.75,0.0,2.36,3.33,149.1,19.75,18,1,4,3.6693440358691136
2025-01-04 19:00:00,0.0,0.0,17.86,0.0,2.37,3.2,166.3,19.55,19,1,4,3.5260963708051545
2025-01-04 20:00:00,0.0,0.0,17.26,0.0,2.72,3.43,183.2,19.05,20,1,4,3.779534547456775
2025-01-04 21:00:00,0.0,0.0,16.92,0.0,3.1,3.81,195.2,18.56,21,1,4,4.198258491489887
2025-01-04 22:00:00,0.0,0.0,16.62,0.0,3.4,4.14,201.9,17.95,22,1,4,4.561887179729168
2025-01-04 23:00:00,0.0,0.0,16.2,0.0,3.55,4.31,201.8,17.49,23,1,4,4.749211049428191
2025-01-05 00:00:00,0.0,0.0,15.65,0.0,3.59,4.32,196.1,17.13,0,1,5,4.760230100586958
2025-01-05 01:00:00,0.0,0.0,14.99,0.0,3.7,4.44,189.5,16.91,1,1,5,4.892458714492152
2025-01-05 02:00:00,0.0,0.0,14.29,0.0,3.91,4.69,184.2,16.81,2,1,5,5.167934993461304
2025-01-05 03:00:00,0.0,0.0,13.41,0.0,4.27,5.16,178.1,16.76,3,1,5,5.685830397923311
2025-01-05 04:00:00,0.0,0.0,12.46,0.0,4.82,5.92,175.1,16.7,4,1,5,6.523278285989535
2025-01-05 05:00:00,0.0,0.0,11.43,0.0,5.25,6.53,177.0,16.61,5,1,5,7.195440406674268
2025-01-05 06:00:00,5.25,5.0,10.46,5.28,5.4,6.78,182.4,16.34,6,1,5,7.47091668564342
2025-01-05 07:00:00,133.12,352.07,12.87,133.75,5.39,6.63,190.9,16.98,7,1,5,7.305630918261929
2025-01-05 08:00:00,344.1,620.72,15.66,345.23,5.45,6.01,188.6,18.25,8,1,5,6.62244974641843
2025-01-05 09:00:00,530.58,753.04,18.82,531.65,5.75,6.4,190.3,20.23,9,1,5,7.052192741610309
2025-01-05 10:00:00,663.85,793.37,21.61,664.67,4.96,6.03,198.9,21.94,10,1,5,6.644487848735962
2025-01-05 11:00:00,721.9,756.86,23.22,722.4,3.98,5.55,211.4,22.86,11,1,5,6.115573393115189
2025-01-05 12:00:00,714.28,722.26,24.2,714.55,3.95,5.74,230.0,23.31,12,1,5,6.324935365131745
2025-01-05 13:00:00,632.28,647.4,24.48,632.55,4.54,6.49,251.2,23.36,13,1,5,7.151364202039203
2025-01-05 14:00:00,482.73,531.87,24.05,482.98,5.38,7.37,270.0,23.05,14,1,5,8.121040704010621
2025-01-05 15:00:00,285.42,349.82,22.76,285.62,5.92,7.67,284.6,22.35,15,1,5,8.451612238773604
2025-01-05 16:00:00,90.8,77.54,19.34,90.88,5.56,7.62,295.4,20.72,16,1,5,8.396516982979774
2025-01-05 17:00:00,0.0,0.0,15.66,0.0,5.74,7.68,297.0,19.23,17,1,5,8.46263128993237
2025-01-05 18:00:00,0.0,0.0,14.59,0.0,5.71,7.45,295.7,18.32,18,1,5,8.20919311328075
2025-01-05 19:00:00,0.0,0.0,13.69,0.0,5.57,7.18,296.5,17.49,19,1,5,7.911678731994065
2025-01-05 20:00:00,0.0,0.0,12.92,0.0,5.66,7.26,298.5,16.92,20,1,5,7.999831141264194
2025-01-05 21:00:00,0.0,0.0,12.31,0.0,5.94,7.61,299.7,16.57,21,1,5,8.385497931821007
2025-01-05 22:00:00,0.0,0.0,11.8,0.0,6.24,7.98,303.0,16.37,22,1,5,8.793202824695353
2025-01-05 23:00:00,0.0,0.0,11.28,0.0,6.57,8.41,311.1,16.22,23,1,5,9.267022024522296
2025-01-06 00:00:00,0.0,0.0,10.81,0.0,6.92,8.89,319.9,16.12,0,1,6,9.79593648014307
2025-01-06 01:00:00,0.0,0.0,10.45,0.0,7.57,9.75,327.9,16.32,1,1,6,10.743574879796954
2025-01-06 02:00:00,0.0,0.0,10.14,0.0,8.26,10.35,331.5,16.62,2,1,6,11.40471794932292
2025-01-06 03:00:00,0.0,0.0,9.81,0.0,8.49,10.46,332.1,16.66,3,1,6,11.525927512069348
2025-01-06 04:00:00,0.0,0.0,9.45,0.0,8.46,10.48,333.2,16.57,4,1,6,11.54796561438688
2025-01-06 05:00:00,0.0,0.0,9.14,0.0,8.37,10.39,334.3,16.47,5,1,6,11.448794153957985
2025-01-06 06:00:00,4.32,0.0,8.89,4.4,8.19,10.21,336.1,16.39,6,1,6,11.250451233100195
2025-01-06 07:00:00,98.53,67.96,10.3,101.85,8.37,9.83,337.8,16.83,7,1,6,10.831727289067082
2025-01-06 08:00:00,280.67,272.4,12.69,293.48,8.95,10.23,341.2,17.58,8,1,6,11.272489335417728
2025-01-06 09:00:00,468.52,440.74,15.35,487.5,9.58,10.84,344.2,18.5,9,1,6,11.94465145610246
2025-01-06 10:00:00,613.35,557.75,17.69,631.08,9.82,11.05,343.9,19.29,10,1,6,12.176051530436549
2025-01-06 11:00:00,700.38,661.04,19.75,710.92,9.84,11.04,341.8,19.96,11,1,6,12.16503247927778
2025-01-06 12:00:00,702.47,699.01,21.31,707.03,9.77,11.0,339.0,20.56,12,1,6,12.120956274642717
2025-01-06 13:00:00,630.0,682.84,22.2,630.22,9.67,10.99,336.5,21.0,13,1,6,12.109937223483952
2025-01-06 14:00:00,487.25,603.3,22.45,487.6,9.61,11.05,334.9,21.25,14,1,6,12.176051530436549
2025-01-06 15:00:00,296.77,467.97,22.09,297.15,9.51,11.06,334.3,21.17,15,1,6,12.187070581595314
2025-01-06 16:00:00,99.7,176.8,19.51,99.85,8.75,10.53,333.7,20.56,16,1,6,11.603060870180709
2025-01-06 17:00:00,0.0,0.0,16.33,0.0,8.11,10.24,335.5,19.65,17,1,6,11.283508386576493
2025-01-06 18:00:00,0.0,0.0,15.89,0.0,8.14,10.19,343.5,19.16,18,1,6,11.228413130782663
2025-01-06 19:00:00,0.0,0.0,15.49,0.0,7.6,9.53,349.1,18.49,19,1,6,10.501155754304099
2025-01-06 20:00:00,0.0,0.0,14.86,0.0,7.01,8.95,354.5,17.81,20,1,6,9.862050787095665
2025-01-06 21:00:00,0.0,0.0,14.29,0.0,6.63,8.61,1.1,17.31,21,1,6,9.487403047697617
2025-01-06 22:00:00,0.0,0.0,13.54,0.0,6.19,8.13,5.9,16.86,22,1,6,8.958488592076845
2025-01-06 23:00:00,0.0,0.0,12.71,0.0,5.85,7.7,7.5,16.45,23,1,6,8.484669392249902
2025-01-07 00:00:00,0.0,0.0,11.92,0.0,5.64,7.39,6.9,16.11,0,1,7,8.143078806328152
2025-01-07 01:00:00,0.0,0.0,11.21,0.0,5.47,7.15,5.6,15.71,1,1,7,7.878621578517767
2025-01-07 02:00:00,0.0,0.0,10.46,0.0,5.44,7.08,3.7,15.34,2,1,7,7.801488220406403
2025-01-07 03:00:00,0.0,0.0,10.0,0.0,5.61,7.3,0.9,15.13,3,1,7,8.043907345899258
2025-01-07 04:00:00,0.0,0.0,9.8,0.0,5.91,7.7,356.9,14.97,4,1,7,8.484669392249902
2025-01-07 05:00:00,0.0,0.0,9.53,0.0,6.27,8.16,356.2,14.85,5,1,7,8.991545745553143
2025-01-07 06:00:00,4.95,4.59,9.25,4.95,6.29,8.21,0.5,14.79,6,1,7,9.046641001346975
2025-01-07 07:00:00,129.93,334.35,10.65,130.18,6.01,7.37,8.5,15.72,7,1,7,8.121040704010621
2025-01-07 08:00:00,338.9,611.39,13.24,339.4,5.27,5.8,18.6,16.84,8,1,7,6.391049672084342
2025-01-07 09:00:00,524.3,759.95,16.25,524.88,3.59,3.91,25.1,17.93,9,1,7,4.3084490030775475
2025-01-07 10:00:00,657.58,821.18,19.48,658.12,1.96,2.1,20.1,19.05,10,1,7,2.3140007433408827
2025-01-07 11:00:00,710.67,769.77,21.41,711.2,1.03,0.82,317.0,19.98,11,1,7,0.9035621950188207
2025-01-07 12:00:00,705.75,766.32,22.58,706.22,2.01,1.86,255.4,20.56,12,1,7,2.049543515530496
2025-01-07 13:00:00,629.0,723.42,23.24,629.4,3.04,3.01,252.2,20.86,13,1,7,3.316734398788598
2025-01-07 14:00:00,486.2,631.28,23.41,488.0,3.72,3.83,261.9,20.81,14,1,7,4.220296593807419
2025-01-07 15:00:00,296.77,490.4,22.92,297.85,3.96,4.21,274.4,20.56,15,1,7,4.639020537840531
2025-01-07 16:00:00,100.8,190.1,20.25,101.07,3.84,4.63,284.6,19.73,16,1,7,5.101820686508708
2025-01-07 17:00:00,0.0,0.0,17.0,0.0,3.88,4.81,298.0,18.7,17,1,7,5.300163607366497
2025-01-07 18:00:00,0.0,0.0,16.04,0.0,3.76,4.62,311.8,18.35,18,1,7,5.0908016353499415
2025-01-07 19:00:00,0.0,0.0,15.36,0.0,3.41,4.09,322.7,18.06,19,1,7,4.506791923935338
2025-01-07 20:00:00,0.0,0.0,14.62,0.0,2.76,3.23,330.3,17.92,20,1,7,3.5591535242814523
2025-01-07 21:00:00,0.0,0.0,13.72,0.0,1.92,2.21,335.6,17.82,21,1,7,2.4352103060873094
2025-01-07 22:00:00,0.0,0.0,12.74,0.0,1.06,1.19,347.4,17.74,22,1,7,1.3112670878931667
2025-01-07 23:00:00,0.0,0.0,11.81,0.0,0.54,0.64,70.7,17.71,23,1,7,0.7052192741610308
2025-01-08 00:00:00,0.0,0.0,11.13,0.0,1.22,1.47,133.9,17.7,0,1,8,1.6198005203386177
2025-01-08 01:00:00,0.0,0.0,10.72,0.0,1.85,2.16,154.3,17.53,1,1,8,2.380115050293479
2025-01-08 02:00:00,0.0,0.0,10.23,0.0,2.24,2.64,159.6,17.3,2,1,8,2.909029505914252
2025-01-08 03:00:00,0.0,0.0,9.64,0.0,2.54,3.0,152.2,17.15,3,1,8,3.3057153476298318
2025-01-08 04:00:00,0.0,0.0,9.22,0.0,2.82,3.34,146.6,17.01,4,1,8,3.6803630870278794
2025-01-08 05:00:00,0.0,0.0,8.83,0.0,2.95,3.52,147.5,16.88,5,1,8,3.8787060078856697
2025-01-08 06:00:00,4.93,3.87,8.5,4.93,3.05,3.66,150.1,16.7,6,1,8,4.0329727241083955
2025-01-08 07:00:00,129.2,333.55,10.36,129.98,3.17,3.93,151.6,17.22,7,1,8,4.33048710539508
2025-01-08 08:00:00,339.1,624.6,12.79,341.65,3.76,4.24,153.5,18.73,8,1,8,4.672077691316829
2025-01-08 09:00:00,526.0,755.98,16.35,529.58,4.24,4.62,153.9,19.57,9,1,8,5.0908016353499415
2025-01-08 10:00:00,647.53,776.47,19.22,666.55,4.21,4.55,154.5,20.25,10,1,8,5.013668277238578
2025-01-08 11:00:00,615.08,350.5,21.0,726.3,3.83,4.14,158.8,20.85,11,1,8,4.561887179729168
2025-01-08 12:00:00,639.67,544.98,22.0,722.72,3.22,3.51,164.3,21.32,12,1,8,3.867686956726903
2025-01-08 13:00:00,546.03,313.8,22.13,645.25,2.44,2.71,170.6,21.6,13,1,8,2.986162864025615
2025-01-08 14:00:00,374.0,127.89,22.19,500.0,1.63,1.89,180.3,21.61,14,1,8,2.082600669006794
2025-01-08 15:00:00,231.25,87.37,21.55,307.98,0.91,1.12,201.5,21.33,15,1,8,1.234133729781804
2025-01-08 16:00:00,80.93,33.75,19.07,108.22,0.5,0.58,276.9,20.74,16,1,8,0.6391049672084341
2025-01-08 17:00:00,0.0,0.0,16.83,0.0,1.17,1.36,348.1,20.19,17,1,8,1.4985909575921905
2025-01-08 18:00:00,0.0,0.0,16.07,0.0,2.03,2.41,5.7,19.57,18,1,8,2.6555913292626316
2025-01-08 19:00:00,0.0,0.0,15.68,0.0,2.64,3.13,10.5,18.97,19,1,8,3.4489630126937914
2025-01-08 20:00:00,0.0,0.0,15.19,0.0,2.76,3.25,11.3,18.56,20,1,8,3.5811916265989847
2025-01-08 21:00:00,0.0,0.0,14.56,0.0,2.4,2.8,359.8,18.35,21,1,8,3.0853343244545095
2025-01-08 22:00:00,0.0,0.0,13.77,0.0,2.09,2.4,335.7,18.11,22,1,8,2.6445722781038654
2025-01-08 23:00:00,0.0,0.0,12.97,0.0,2.04,2.33,313.8,17.78,23,1,8,2.5674389199925027
2025-01-09 00:00:00,0.0,0.0,12.2,0.0,1.97,2.2,299.9,17.46,0,1,9,2.4241912549285436
2025-01-09 01:00:00,0.0,0.0,11.67,0.0,1.47,1.59,293.3,17.36,1,1,9,1.752029134243811
2025-01-09 02:00:00,0.0,0.0,11.28,0.0,0.3,0.2,306.9,17.54,2,1,9,0.22038102317532215
2025-01-09 03:00:00,0.0,0.0,10.89,0.0,1.4,1.73,109.9,17.47,3,1,9,1.9062958504665364
2025-01-09 04:00:00,0.0,0.0,10.37,0.0,2.88,3.43,117.0,16.9,4,1,9,3.779534547456775
2025-01-09 05:00:00,0.0,0.0,9.68,0.0,3.65,4.38,122.0,16.44,5,1,9,4.826344407539555
2025-01-09 06:00:00,4.4,0.0,9.63,4.82,4.0,4.84,125.1,16.22,6,1,9,5.333220760842796
2025-01-09 07:00:00,110.95,154.78,11.62,125.82,4.07,5.07,127.7,17.1,7,1,9,5.586658937494416
2025-01-09 08:00:00,280.9,244.07,13.96,336.48,4.47,4.98,134.3,18.8,8,1,9,5.487487477065522
2025-01-09 09:00:00,448.7,395.99,17.03,525.15,4.69,5.22,149.2,19.9,9,1,9,5.751944704875908
2025-01-09 10:00:00,572.45,417.89,19.79,662.2,4.74,5.29,156.6,20.8,10,1,9,5.8290780629872705
2025-01-09 11:00:00,574.15,135.06,21.29,721.1,4.47,5.05,155.9,21.42,11,1,9,5.564620835176884
2025-01-09 12:00:00,587.03,235.22,22.41,720.78,4.24,4.9,152.4,21.78,12,1,9,5.399335067795393
2025-01-09 13:00:00,498.55,126.4,22.97,646.08,4.16,4.91,146.8,21.93,13,1,9,5.410354118954158
2025-01-09 14:00:00,363.6,62.47,22.85,506.17,4.42,5.19,138.8,21.84,14,1,9,5.71888755139961
2025-01-09 15:00:00,223.68,40.47,22.39,314.55,5.01,5.74,131.6,21.38,15,1,9,6.324935365131745
2025-01-09 16:00:00,80.15,16.92,20.37,112.35,5.17,6.28,128.6,20.31,16,1,9,6.919964127705115
2025-01-09 17:00:00,0.0,0.0,18.16,0.0,5.09,6.66,133.1,19.14,17,1,9,7.338688071738227
2025-01-09 18:00:00,0.0,0.0,16.56,0.0,5.01,6.54,140.5,18.87,18,1,9,7.206459457833033
2025-01-09 19:00:00,0.0,0.0,15.14,0.0,4.79,6.23,147.7,18.63,19,1,9,6.864868871911285
2025-01-09 20:00:00,0.0,0.0,14.24,0.0,4.65,6.0,154.0,18.42,20,1,9,6.6114306952596635
2025-01-09 21:00:00,0.0,0.0,13.8,0.0,4.58,5.86,158.6,18.18,21,1,9,6.457163979036939
2025-01-09 22:00:00,0.0,0.0,13.43,0.0,4.52,5.73,160.2,17.95,22,1,9,6.31391631397298
2025-01-09 23:00:00,0.0,0.0,13.01,0.0,4.29,5.37,161.0,17.73,23,1,9,5.917230472257399
2025-01-10 00:00:00,0.0,0.0,12.5,0.0,3.91,4.82,163.7,17.51,0,1,10,5.311182658525263
2025-01-10 01:00:00,0.0,0.0,12.03,0.0,3.4,4.13,166.8,17.34,1,1,10,4.550868128570402
2025-01-10 02:00:00,0.0,0.0,11.58,0.0,2.8,3.36,166.4,17.36,2,1,10,3.702401189345412
2025-01-10 03:00:00,0.0,0.0,11.04,0.0,2.04,2.43,172.4,17.43,3,1,10,2.677629431580164
2025-01-10 04:00:00,0.0,0.0,10.47,0.0,1.6,1.89,205.3,17.17,4,1,10,2.082600669006794
2025-01-10 05:00:00,0.0,0.0,9.93,0.0,2.19,2.62,239.7,16.69,5,1,10,2.88699140359672
2025-01-10 06:00:00,4.65,0.76,9.55,4.65,3.14,3.82,258.5,16.34,6,1,10,4.209277542648652
2025-01-10 07:00:00,122.35,239.69,11.22,122.78,4.15,5.01,269.0,16.84,7,1,10,5.520544630541819
2025-01-10 08:00:00,329.0,505.08,13.87,329.73,4.47,4.74,278.7,18.09,8,1,10,5.223030249255134
2025-01-10 09:00:00,519.95,671.29,17.87,520.65,3.83,4.09,294.4,19.63,9,1,10,4.506791923935338
2025-01-10 10:00:00,659.55,748.96,20.03,660.1,3.69,4.03,302.1,20.87,10,1,10,4.440677616982741
2025-01-10 11:00:00,740.05,847.13,21.22,740.42,3.53,3.98,308.2,21.65,11,1,10,4.38558236118891
2025-01-10 12:00:00,738.95,858.92,21.92,739.05,3.25,3.89,312.5,22.02,12,1,10,4.286410900760016
2025-01-10 13:00:00,664.42,820.43,22.18,664.72,3.23,4.05,313.6,22.18,13,1,10,4.462715719300273
2025-01-10 14:00:00,523.15,754.29,21.87,523.53,3.61,4.57,312.5,22.15,14,1,10,5.035706379556111
2025-01-10 15:00:00,329.58,619.03,20.98,329.98,4.23,5.28,310.6,21.88,15,1,10,5.818059011828504
2025-01-10 16:00:00,122.97,296.89,18.64,123.2,4.34,5.96,308.0,20.73,16,1,10,6.5673544906245995
2025-01-10 17:00:00,0.0,0.0,15.06,0.0,4.88,6.46,301.5,19.35,17,1,10,7.1183070485629045
2025-01-10 18:00:00,0.0,0.0,14.12,0.0,4.95,6.37,293.4,18.57,18,1,10,7.01913558813401
2025-01-10 19:00:00,0.0,0.0,13.34,0.0,4.85,6.19,287.8,17.8,19,1,10,6.82079266727622
2025-01-10 20:00:00,0.0,0.0,12.64,0.0,4.66,5.9,287.1,17.17,20,1,10,6.501240183672003
2025-01-10 21:00:00,0.0,0.0,12.04,0.0,4.47,5.61,289.4,16.67,21,1,10,6.181687700067786
2025-01-10 22:00:00,0.0,0.0,11.78,0.0,4.33,5.42,292.4,16.28,22,1,10,5.97232572805123
2025-01-10 23:00:00,0.0,0.0,11.44,0.0,4.56,5.72,300.6,16.16,23,1,10,6.302897262814213
2025-01-11 00:00:00,0.0,0.0,10.99,0.0,4.98,6.31,310.6,16.08,0,1,11,6.953021281181413
2025-01-11 01:00:00,0.0,0.0,10.41,0.0,5.37,6.87,320.1,15.97,1,1,11,7.570088146072315
2025-01-11 02:00:00,0.0,0.0,9.88,0.0,5.72,7.42,327.8,15.95,2,1,11,8.176135959804451
2025-01-11 03:00:00,0.0,0.0,9.53,0.0,5.94,7.76,332.6,15.85,3,1,11,8.550783699202498
2025-01-11 04:00:00,0.0,0.0,9.24,0.0,5.87,7.7,335.4,15.69,4,1,11,8.484669392249902
2025-01-11 05:00:00,0.0,0.0,8.95,0.0,5.61,7.34,336.3,15.44,5,1,11,8.087983550534322
2025-01-11 06:00:00,4.5,0.0,8.78,4.53,5.28,6.87,337.1,15.22,6,1,11,7.570088146072315
2025-01-11 07:00:00,111.75,138.59,10.39,115.4,5.17,6.34,338.1,16.08,7,1,11,6.986078434657712
2025-01-11 08:00:00,303.12,364.22,13.12,318.25,5.57,6.16,340.9,16.76,8,1,11,6.787735513799922
2025-01-11 09:00:00,482.58,467.78,16.56,507.25,5.71,6.17,341.2,17.31,9,1,11,6.798754564958688
2025-01-11 10:00:00,636.55,625.22,18.87,646.1,5.79,6.2,337.1,17.9,10,1,11,6.831811718434986
2025-01-11 11:00:00,720.55,732.09,20.32,727.12,6.0,6.42,334.0,18.53,11,1,11,7.0742308439278405
2025-01-11 12:00:00,720.33,730.41,21.27,723.85,6.36,6.87,333.7,19.04,12,1,11,7.570088146072315
2025-01-11 13:00:00,647.58,707.86,21.73,647.9,6.74,7.34,334.9,19.46,13,1,11,8.087983550534322
2025-01-11 14:00:00,504.75,624.38,21.58,505.17,7.01,7.74,337.5,19.7,14,1,11,8.528745596884967
2025-01-11 15:00:00,312.67,477.13,20.8,313.08,7.18,8.04,340.7,19.85,15,1,11,8.859317131647948
2025-01-11 16:00:00,115.1,200.48,18.86,115.28,6.68,8.1,343.5,19.52,16,1,11,8.925431438600546
2025-01-11 17:00:00,0.0,0.0,15.59,0.0,6.08,7.99,345.4,18.63,17,1,11,8.80422187585412
2025-01-11 18:00:00,0.0,0.0,14.65,0.0,5.67,7.43,347.2,18.36,18,1,11,8.187155010963217
2025-01-11 19:00:00,0.0,0.0,13.86,0.0,5.18,6.69,347.4,18.07,19,1,11,7.371745225214526
2025-01-11 20:00:00,0.0,0.0,13.04,0.0,4.69,5.95,345.6,17.78,20,1,11,6.556335439465833
2025-01-11 21:00:00,0.0,0.0,12.3,0.0,4.35,5.43,341.5,17.47,21,1,11,5.983344779209996
2025-01-11 22:00:00,0.0,0.0,11.62,0.0,4.36,5.41,337.7,17.13,22,1,11,5.961306676892463
2025-01-11 23:00:00,0.0,0.0,11.05,0.0,4.59,5.74,336.2,16.79,23,1,11,6.324935365131745
2025-01-12 00:00:00,0.0,0.0,10.53,0.0,4.73,5.94,335.8,16.51,0,1,12,6.545316388307068
2025-01-12 01:00:00,0.0,0.0,10.02,0.0,4.73,5.94,336.2,16.3,1,1,12,6.545316388307068
2025-01-12 02:00:00,0.0,0.0,9.52,0.0,4.77,6.0,336.9,16.1,2,1,12,6.6114306952596635
2025-01-12 03:00:00,0.0,0.0,9.12,0.0,4.8,6.05,340.3,15.94,3,1,12,6.666525951053495
2025-01-12 04:00:00,0.0,0.0,8.74,0.0,4.55,5.73,346.7,15.82,4,1,12,6.31391631397298
2025-01-12 05:00:00,0.0,0.0,8.34,0.0,4.1,5.09,351.1,15.7,5,1,12,5.608697039811948
2025-01-12 06:00:00,4.78,3.17,8.09,4.78,3.56,4.36,351.0,15.66,6,1,12,4.804306305222023
2025-01-12 07:00:00,130.57,326.29,9.83,130.88,2.94,3.65,351.6,16.62,7,1,12,4.021953672949629
2025-01-12 08:00:00,346.92,626.02,12.6,347.45,2.77,3.01,358.7,17.98,8,1,12,3.316734398788598
2025-01-12 09:00:00,539.33,777.85,16.05,539.83,2.37,2.54,5.2,19.1,9,1,12,2.7988389943265912
2025-01-12 10:00:00,678.15,850.5,19.05,678.6,2.1,2.23,356.7,20.06,10,1,12,2.457248408404842
2025-01-12 11:00:00,737.65,804.09,20.65,738.03,2.07,2.15,343.0,20.69,11,1,12,2.369095999134713
2025-01-12 12:00:00,736.85,809.51,21.67,737.17,2.17,2.23,327.4,21.06,12,1,12,2.457248408404842
2025-01-12 13:00:00,662.58,776.63,22.28,662.83,2.46,2.54,313.9,21.25,13,1,12,2.7988389943265912
2025-01-12 14:00:00,514.65,675.4,22.41,522.58,2.96,3.09,304.7,21.21,14,1,12,3.404886808058727
2025-01-12 15:00:00,319.83,504.96,21.93,329.9,3.52,3.75,304.0,20.88,15,1,12,4.13214418453729
2025-01-12 16:00:00,121.18,249.61,19.31,125.95,3.5,4.23,314.8,19.94,16,1,12,4.661058640158063
2025-01-12 17:00:00,0.0,0.0,16.33,0.0,3.67,4.56,334.7,18.69,17,1,12,5.024687328397344
2025-01-12 18:00:00,0.0,0.0,15.14,0.0,3.78,4.65,350.7,18.33,18,1,12,5.12385878882624
2025-01-12 19:00:00,0.0,0.0,14.2,0.0,3.5,4.25,357.7,18.13,19,1,12,4.683096742475596
2025-01-12 20:00:00,0.0,0.0,13.45,0.0,2.9,3.43,354.7,18.09,20,1,12,3.779534547456775
2025-01-12 21:00:00,0.0,0.0,12.81,0.0,2.38,2.77,339.1,18.07,21,1,12,3.0522771709782117
2025-01-12 22:00:00,0.0,0.0,12.14,0.0,2.32,2.69,318.6,17.85,22,1,12,2.964124761708083
2025-01-12 23:00:00,0.0,0.0,11.43,0.0,2.52,2.95,306.2,17.5,23,1,12,3.2506200918360015
2025-01-13 00:00:00,0.0,0.0,10.73,0.0,2.72,3.19,301.8,17.18,0,1,13,3.515077319646388
2025-01-13 01:00:00,0.0,0.0,10.08,0.0,2.69,3.15,303.1,16.93,1,1,13,3.4710011150113234
2025-01-13 02:00:00,0.0,0.0,9.61,0.0,2.45,2.85,307.2,16.8,2,1,13,3.1404295802483406
2025-01-13 03:00:00,0.0,0.0,9.1,0.0,1.97,2.24,314.8,16.83,3,1,13,2.468267459563608
2025-01-13 04:00:00,0.0,0.0,8.65,0.0,1.33,1.49,319.4,16.99,4,1,13,1.6418386226561499
2025-01-13 05:00:00,0.0,0.0,8.16,0.0,0.59,0.62,346.9,17.28,5,1,13,0.6831811718434986
2025-01-13 06:00:00,5.2,14.43,7.84,5.2,0.07,0.13,116.6,17.41,6,1,13,0.1432476650639594
2025-01-13 07:00:00,141.55,471.08,10.56,142.3,0.51,0.6,212.1,17.94,7,1,13,0.6611430695259664
2025-01-13 08:00:00,360.98,743.97,13.18,362.35,0.82,0.89,213.5,18.99,8,1,13,0.9806955531301835
2025-01-13 09:00:00,551.67,871.76,16.49,553.22,1.34,1.53,186.8,20.07,9,1,13,1.6859148272912143
2025-01-13 10:00:00,689.75,926.83,20.43,691.4,1.7,1.95,180.9,21.2,10,1,13,2.1487149759593906
2025-01-13 11:00:00,746.08,851.81,22.91,747.75,1.42,1.72,178.7,21.93,11,1,13,1.8952767993077704
2025-01-13 12:00:00,744.67,850.04,24.52,746.35,1.0,1.36,168.1,22.25,12,1,13,1.4985909575921905
2025-01-13 13:00:00,670.6,805.96,25.52,671.15,0.68,0.95,146.6,22.42,13,1,13,1.04680986008278
2025-01-13 14:00:00,527.55,725.95,25.86,529.58,0.52,0.63,108.4,22.42,14,1,13,0.6942002230022647
2025-01-13 15:00:00,332.4,576.98,25.46,335.2,0.64,0.68,58.2,22.15,15,1,13,0.7492954787960953
2025-01-13 16:00:00,128.18,277.41,22.18,129.95,1.07,1.42,20.6,21.17,16,1,13,1.564705264544787
2025-01-13 17:00:00,0.0,0.0,19.02,0.0,1.93,2.36,14.5,20.2,17,1,13,2.600496073468801
2025-01-13 18:00:00,0.0,0.0,17.53,0.0,2.43,2.89,10.4,19.62,18,1,13,3.184505784883405
2025-01-13 19:00:00,0.0,0.0,16.42,0.0,2.65,3.1,11.0,19.07,19,1,13,3.415905859217493
2025-01-13 20:00:00,0.0,0.0,15.65,0.0,2.67,3.13,9.6,18.78,20,1,13,3.4489630126937914
2025-01-13 21:00:00,0.0,0.0,14.81,0.0,2.65,3.13,6.6,18.56,21,1,13,3.4489630126937914
2025-01-13 22:00:00,0.0,0.0,13.74,0.0,2.42,2.83,355.7,18.34,22,1,13,3.118391477930808
2025-01-13 23:00:00,0.0,0.0,12.75,0.0,2.3,2.72,334.5,18.03,23,1,13,2.997181915184381
2025-01-14 00:00:00,0.0,0.0,11.99,0.0,2.92,3.49,313.0,17.53,0,1,14,3.8456488544093714
2025-01-14 01:00:00,0.0,0.0,11.33,0.0,3.41,4.11,309.6,17.05,1,1,14,4.52883002625287
2025-01-14 02:00:00,0.0,0.0,10.78,0.0,3.29,3.97,307.0,16.84,2,1,14,4.374563310030145
2025-01-14 03:00:00,0.0,0.0,10.36,0.0,3.24,3.86,304.8,16.43,3,1,14,4.253353747283717
2025-01-14 04:00:00,0.0,0.0,10.03,0.0,2.75,3.21,310.8,16.44,4,1,14,3.5371154219639203
2025-01-14 05:00:00,0.0,0.0,9.79,0.0,2.53,2.96,311.2,16.45,5,1,14,3.2616391429947673
2025-01-14 06:00:00,4.45,0.74,9.63,4.55,2.35,2.77,303.1,16.44,6,1,14,3.0522771709782117
2025-01-14 07:00:00,113.3,185.9,12.18,120.55,1.91,2.3,290.3,17.33,7,1,14,2.5343817665162045
2025-01-14 08:00:00,305.73,415.23,15.05,325.8,0.74,0.83,285.4,17.86,8,1,14,0.9145812461775868
2025-01-14 09:00:00,477.9,496.76,18.25,511.23,1.65,1.69,265.9,18.78,9,1,14,1.862219645831472
2025-01-14 10:00:00,605.33,513.62,21.54,645.7,2.3,2.3,249.7,19.83,10,1,14,2.5343817665162045
2025-01-14 11:00:00,660.22,470.27,24.27,704.78,2.44,2.54,247.3,20.86,11,1,14,2.7988389943265912
2025-01-14 12:00:00,576.45,204.19,25.54,703.25,0.93,1.03,233.7,21.56,12,1,14,1.1349622693529091
2025-01-14 13:00:00,488.6,125.37,26.21,626.3,1.23,1.35,117.9,21.35,13,1,14,1.4875719064334245
2025-01-14 14:00:00,405.38,315.28,26.02,487.1,0.36,0.37,45.0,21.03,14,1,14,0.4077048928743459
2025-01-14 15:00:00,235.68,175.63,25.63,296.33,2.12,2.3,306.2,20.95,15,1,14,2.5343817665162045
2025-01-14 16:00:00,82.93,40.19,23.22,102.03,3.43,4.3,309.8,20.0,16,1,14,4.738191998269426
2025-01-14 17:00:00,3.2,0.0,20.76,3.6,3.74,4.59,330.4,18.97,17,1,14,5.057744481873643
2025-01-14 18:00:00,0.0,0.0,20.14,0.0,3.8,4.68,346.6,18.82,18,1,14,5.156915942302538
2025-01-14 19:00:00,0.0,0.0,19.68,0.0,3.55,4.37,353.2,18.87,19,1,14,4.8153253563807885
2025-01-14 20:00:00,0.0,0.0,18.79,0.0,2.98,3.66,349.9,19.01,20,1,14,4.0329727241083955
2025-01-14 21:00:00,0.0,0.0,18.09,0.0,2.52,3.1,332.3,19.09,21,1,14,3.415905859217493
2025-01-14 22:00:00,0.0,0.0,17.25,0.0,2.69,3.28,301.8,18.96,22,1,14,3.614248780075283
2025-01-14 23:00:00,0.0,0.0,16.68,0.0,3.45,4.23,289.8,18.5,23,1,14,4.661058640158063
2025-01-15 00:00:00,0.0,0.0,16.38,0.0,3.7,4.53,295.4,18.12,0,1,15,4.991630174921046
2025-01-15 01:00:00,0.0,0.0,15.9,0.0,3.71,4.53,304.3,17.84,1,1,15,4.991630174921046
2025-01-15 02:00:00,0.0,0.0,15.46,0.0,3.44,4.15,315.1,17.78,2,1,15,4.572906230887934
2025-01-15 03:00:00,0.0,0.0,15.22,0.0,3.82,4.65,325.9,17.69,3,1,15,5.12385878882624
2025-01-15 04:00:00,0.0,0.0,14.93,0.0,4.24,5.26,334.8,17.71,4,1,15,5.796020909510972
2025-01-15 05:00:00,0.0,0.0,14.59,0.0,4.51,5.67,344.3,17.68,5,1,15,6.247802007020383
2025-01-15 06:00:00,4.1,0.0,14.58,4.32,4.36,5.46,350.5,17.62,6,1,15,6.0164019326862945
2025-01-15 07:00:00,87.97,40.01,16.32,110.38,3.98,5.06,341.2,18.09,7,1,15,5.575639886335649
2025-01-15 08:00:00,236.5,110.85,18.29,307.5,4.41,5.41,329.8,18.65,8,1,15,5.961306676892463
2025-01-15 09:00:00,385.27,211.29,21.03,492.1,5.18,5.82,321.6,19.03,9,1,15,6.413087774401874
2025-01-15 10:00:00,504.85,231.0,24.06,628.38,5.97,6.52,317.4,19.35,10,1,15,7.184421355515501
2025-01-15 11:00:00,595.4,328.06,26.18,704.47,6.23,6.76,311.9,19.74,11,1,15,7.448878583325888
2025-01-15 12:00:00,632.0,429.05,27.35,703.5,6.73,7.37,308.4,19.98,12,1,15,8.121040704010621
2025-01-15 13:00:00,591.92,564.87,27.78,630.6,6.94,7.68,314.6,20.22,13,1,15,8.46263128993237
2025-01-15 14:00:00,430.23,401.77,27.86,492.02,6.45,7.24,326.4,20.41,14,1,15,7.977793038946661
2025-01-15 15:00:00,275.4,331.35,27.42,305.38,6.5,7.41,330.6,20.52,15,1,15,8.165116908645684
2025-01-15 16:00:00,100.9,131.41,25.18,106.68,5.64,7.1,333.9,20.02,16,1,15,7.823526322723935
2025-01-15 17:00:00,3.85,0.0,22.16,3.9,5.16,6.77,333.6,19.34,17,1,15,7.459897634484654
2025-01-15 18:00:00,0.0,0.0,21.56,0.0,5.3,6.96,331.2,19.23,18,1,15,7.66925960650121
2025-01-15 19:00:00,0.0,0.0,20.8,0.0,5.08,6.61,335.2,19.03,19,1,15,7.283592815944397
2025-01-15 20:00:00,0.0,0.0,19.89,0.0,4.84,6.27,334.3,18.8,20,1,15,6.908945076546348
2025-01-15 21:00:00,0.0,0.0,19.09,0.0,5.2,6.72,328.2,18.42,21,1,15,7.404802378690824
2025-01-15 22:00:00,0.0,0.0,18.22,0.0,5.27,6.81,326.7,18.06,22,1,15,7.503973839119718
2025-01-15 23:00:00,0.0,0.0,17.34,0.0,5.48,7.02,324.3,18.02,23,1,15,7.735373913453806
2025-01-16 00:00:00,0.0,0.0,16.44,0.0,5.38,6.86,320.9,17.9,0,1,16,7.55906909491355
2025-01-16 01:00:00,0.0,0.0,15.74,0.0,6.07,7.59,314.4,17.74,1,1,16,8.363459829503475
2025-01-16 02:00:00,0.0,0.0,15.2,0.0,6.47,7.96,312.6,17.57,2,1,16,8.77116472237782
2025-01-16 03:00:00,0.0,0.0,14.8,0.0,6.5,7.92,311.3,17.34,3,1,16,8.727088517742756
2025-01-16 04:00:00,0.0,0.0,14.66,0.0,7.04,8.43,306.8,17.15,4,1,16,9.289060126839827
2025-01-16 05:00:00,0.0,0.0,14.56,0.0,7.59,9.01,305.9,16.98,5,1,16,9.928165094048262
2025-01-16 06:00:00,4.3,0.0,14.21,4.32,7.97,9.44,307.4,16.77,6,1,16,10.401984293875204
2025-01-16 07:00:00,111.88,167.09,16.25,112.15,8.12,9.31,309.7,17.28,7,1,16,10.258736628811246
2025-01-16 08:00:00,308.65,424.07,18.65,309.3,8.13,8.97,312.3,18.47,8,1,16,9.884088889413198
2025-01-16 09:00:00,495.8,566.76,21.73,496.1,8.67,9.6,316.7,19.95,9,1,16,10.578289112415462
2025-01-16 10:00:00,633.9,641.11,24.81,634.62,8.6,9.96,325.6,21.39,10,1,16,10.974974954131044
2025-01-16 11:00:00,716.17,735.21,27.54,717.05,8.29,9.98,332.0,22.56,11,1,16,10.997013056448575
2025-01-16 12:00:00,716.9,738.73,28.81,717.88,7.53,9.48,338.5,23.48,12,1,16,10.446060498510269
2025-01-16 13:00:00,631.25,659.21,29.43,644.85,6.75,9.0,344.7,23.99,13,1,16,9.917146042889495
2025-01-16 14:00:00,450.1,445.91,29.49,506.62,6.43,8.96,350.1,24.02,14,1,16,9.873069838254432
2025-01-16 15:00:00,276.08,328.72,29.0,318.2,6.73,9.48,353.8,23.93,15,1,16,10.446060498510269
2025-01-16 16:00:00,103.5,123.34,25.87,115.78,6.75,10.15,356.5,23.06,16,1,16,11.184336926147598
2025-01-16 17:00:00,4.22,0.0,22.61,4.38,6.83,10.27,356.1,21.87,17,1,16,11.31656554005279
2025-01-16 18:00:00,0.0,0.0,22.3,0.0,7.01,9.79,353.9,21.24,18,1,16,10.787651084432017
2025-01-16 19:00:00,0.0,0.0,21.88,0.0,7.45,9.55,349.8,20.62,19,1,16,10.523193856621633
2025-01-16 20:00:00,0.0,0.0,21.06,0.0,7.5,9.17,344.7,19.84,20,1,16,10.10446991258852
2025-01-16 21:00:00,0.0,0.0,20.26,0.0,7.53,8.94,338.8,18.98,21,1,16,9.851031735936898
2025-01-16 22:00:00,0.0,0.0,19.58,0.0,7.36,8.72,339.7,18.54,22,1,16,9.608612610444046
2025-01-16 23:00:00,0.0,0.0,18.78,0.0,6.93,8.3,342.9,18.17,23,1,16,9.145812461775868
2025-01-17 00:00:00,0.0,0.0,17.68,0.0,6.17,7.63,347.3,17.67,0,1,17,8.40753603413854
2025-01-17 01:00:00,0.0,0.0,16.65,0.0,5.5,6.95,347.3,17.3,1,1,17,7.658240555342444
2025-01-17 02:00:00,0.0,0.0,16.03,0.0,5.21,6.49,343.8,17.45,2,1,17,7.151364202039203
2025-01-17 03:00:00,0.0,0.0,15.55,0.0,5.19,6.44,339.2,17.46,3,1,17,7.096268946245373
2025-01-17 04:00:00,0.0,0.0,15.03,0.0,5.44,6.74,337.2,17.51,4,1,17,7.426840481008356
2025-01-17 05:00:00,0.0,0.0,14.62,0.0,5.81,7.16,336.8,17.57,5,1,17,7.889640629676532
2025-01-17 06:00:00,4.68,3.23,14.55,4.7,5.78,7.13,334.9,17.41,6,1,17,7.856583476200234
2025-01-17 07:00:00,121.9,271.5,16.78,126.45,6.14,7.01,333.0,17.87,7,1,17,7.724354862295041
2025-01-17 08:00:00,328.55,562.98,19.31,336.38,6.6,7.17,336.4,19.03,8,1,17,7.9006596808352985
2025-01-17 09:00:00,516.47,695.61,22.42,524.58,6.68,7.33,344.4,20.69,9,1,17,8.076964499375556
2025-01-17 10:00:00,653.88,787.67,25.64,659.17,6.87,8.04,347.4,21.99,10,1,17,8.859317131647948
2025-01-17 11:00:00,711.38,726.22,28.8,714.28,7.68,9.2,344.8,22.23,11,1,17,10.137527066064818
2025-01-17 12:00:00,711.88,724.77,30.38,713.65,8.63,10.38,343.3,22.4,12,1,17,11.43777510279922
2025-01-17 13:00:00,641.05,690.64,31.23,641.58,9.1,11.11,344.4,22.98,13,1,17,12.242165837389145
2025-01-17 14:00:00,500.62,598.9,31.49,505.15,9.15,11.39,345.2,23.41,14,1,17,12.550699269834595
2025-01-17 15:00:00,314.23,445.83,31.02,320.27,9.56,11.82,343.3,23.15,15,1,17,13.024518469661539
2025-01-17 16:00:00,114.62,182.71,27.91,118.35,9.76,11.95,341.3,22.0,16,1,17,13.167766134725497
2025-01-17 17:00:00,4.85,0.74,24.55,4.78,9.89,12.0,340.8,20.78,17,1,17,13.222861390519327
2025-01-17 18:00:00,0.0,0.0,23.69,0.0,9.75,11.69,344.0,20.14,18,1,17,12.881270804597579
2025-01-17 19:00:00,0.0,0.0,22.47,0.0,9.19,10.87,345.9,19.54,19,1,17,11.977708609578757
2025-01-17 20:00:00,0.0,0.0,21.12,0.0,8.48,10.0,346.6,18.97,20,1,17,11.019051158766107
2025-01-17 21:00:00,0.0,0.0,19.53,0.0,7.86,9.24,342.2,18.44,21,1,17,10.181603270699883
2025-01-17 22:00:00,0.0,0.0,18.04,0.0,7.41,8.79,340.6,17.96,22,1,17,9.685745968555407
2025-01-17 23:00:00,0.0,0.0,17.01,0.0,6.79,8.08,341.6,17.61,23,1,17,8.903393336283015
2025-01-18 00:00:00,0.0,0.0,16.14,0.0,6.23,7.5,342.2,17.31,0,1,18,8.26428836907458
2025-01-18 01:00:00,0.0,0.0,15.11,0.0,6.19,7.49,344.5,17.02,1,1,18,8.253269317915814
2025-01-18 02:00:00,0.0,0.0,14.49,0.0,6.02,7.34,346.9,16.73,2,1,18,8.087983550534322
2025-01-18 03:00:00,0.0,0.0,14.12,0.0,5.89,7.27,350.6,16.54,3,1,18,8.010850192422959
2025-01-18 04:00:00,0.0,0.0,14.28,0.0,5.56,7.0,354.7,16.36,4,1,18,7.713335811136274
2025-01-18 05:00:00,0.0,0.0,13.76,0.0,5.08,6.44,358.9,16.26,5,1,18,7.096268946245373
2025-01-18 06:00:00,5.03,7.08,13.42,5.05,4.59,5.76,358.0,16.1,6,1,18,6.346973467449277
2025-01-18 07:00:00,132.35,373.3,14.74,133.55,4.66,5.54,353.1,16.63,7,1,18,6.104554341956423
2025-01-18 08:00:00,343.25,611.4,17.27,345.27,5.24,5.61,349.8,17.38,8,1,18,6.181687700067786
2025-01-18 09:00:00,529.42,726.17,20.07,531.9,5.43,5.84,344.2,18.42,9,1,18,6.435125876719406
2025-01-18 10:00:00,664.55,757.69,22.58,666.62,6.16,6.77,339.2,19.68,10,1,18,7.459897634484654
2025-01-18 11:00:00,742.05,797.68,24.74,742.47,6.75,7.71,337.2,20.85,11,1,18,8.495688443408667
2025-01-18 12:00:00,721.72,720.34,26.44,737.97,7.51,8.76,334.9,21.56,12,1,18,9.65268881507911
2025-01-18 13:00:00,611.38,506.77,27.06,659.03,8.38,9.85,331.8,21.94,13,1,18,10.853765391384615
2025-01-18 14:00:00,450.35,410.54,27.0,512.28,9.11,10.7,330.3,21.93,14,1,18,11.790384739879734
2025-01-18 15:00:00,284.5,304.39,26.45,315.7,9.73,11.42,329.7,21.53,15,1,18,12.583756423310893
2025-01-18 16:00:00,106.62,103.71,23.7,111.8,9.84,11.7,327.4,20.55,16,1,18,12.892289855756344
2025-01-18 17:00:00,4.88,0.0,21.63,4.82,9.93,11.95,327.7,19.57,17,1,18,13.167766134725497
2025-01-18 18:00:00,0.0,0.0,21.34,0.0,9.88,11.74,333.9,19.18,18,1,18,12.936366060391409
2025-01-18 19:00:00,0.0,0.0,20.59,0.0,9.26,10.97,340.0,18.69,19,1,18,12.08789912116642
2025-01-18 20:00:00,0.0,0.0,19.4,0.0,8.47,10.05,340.3,18.07,20,1,18,11.074146414559937
2025-01-18 21:00:00,0.0,0.0,18.36,0.0,8.14,9.71,339.8,17.56,21,1,18,10.699498675161891
2025-01-18 22:00:00,0.0,0.0,16.48,0.0,8.07,9.7,340.5,17.19,22,1,18,10.688479624003122
2025-01-18 23:00:00,0.0,0.0,15.45,0.0,8.12,9.79,340.6,16.87,23,1,18,10.787651084432017
2025-01-19 00:00:00,0.0,0.0,14.58,0.0,8.26,9.96,339.5,16.56,0,1,19,10.974974954131044
2025-01-19 01:00:00,0.0,0.0,14.02,0.0,8.02,9.68,340.6,16.21,1,1,19,10.666441521685591
2025-01-19 02:00:00,0.0,0.0,13.55,0.0,8.22,9.83,342.7,16.09,2,1,19,10.831727289067082
2025-01-19 03:00:00,0.0,0.0,12.82,0.0,8.18,9.77,343.6,15.96,3,1,19,10.765612982114487
2025-01-19 04:00:00,0.0,0.0,12.17,0.0,8.01,9.56,344.7,15.9,4,1,19,10.534212907780399
2025-01-19 05:00:00,0.0,0.0,11.7,0.0,7.9,9.48,345.2,15.91,5,1,19,10.446060498510269
2025-01-19 06:00:00,4.53,1.7,11.49,4.53,7.63,9.29,346.2,15.88,6,1,19,10.236698526493711
2025-01-19 07:00:00,122.82,269.65,13.28,122.97,7.49,8.69,344.6,16.58,7,1,19,9.575555456967747
2025-01-19 08:00:00,332.2,552.73,15.87,332.58,7.98,8.83,340.8,17.77,8,1,19,9.729822173190472
2025-01-19 09:00:00,525.28,697.13,18.55,525.8,8.42,9.29,337.5,19.02,9,1,19,10.236698526493711
2025-01-19 10:00:00,668.0,771.56,21.12,668.42,8.85,9.85,333.8,20.18,10,1,19,10.853765391384615
2025-01-19 11:00:00,750.0,843.85,23.39,750.8,9.59,10.8,328.9,20.96,11,1,19,11.900575251467396
2025-01-19 12:00:00,749.72,838.1,25.08,749.75,10.09,11.45,327.1,21.28,12,1,19,12.616813576787191
2025-01-19 13:00:00,646.12,695.5,26.14,675.6,10.4,11.9,324.5,21.37,13,1,19,13.112670878931667
2025-01-19 14:00:00,472.05,513.39,26.48,534.3,10.6,12.22,321.8,20.93,14,1,19,13.465280516012182
2025-01-19 15:00:00,308.23,443.57,25.98,341.58,10.81,12.49,319.5,20.36,15,1,19,13.762794897298868
2025-01-19 16:00:00,122.18,228.31,23.74,129.45,10.8,12.6,318.7,19.69,16,1,19,13.884004460045293
2025-01-19 17:00:00,5.43,1.25,20.81,5.47,10.54,12.39,319.5,19.01,17,1,19,13.652604385711207
2025-01-19 18:00:00,0.0,0.0,19.64,0.0,9.78,11.5,323.6,18.64,18,1,19,12.671908832581023
2025-01-19 19:00:00,0.0,0.0,18.22,0.0,9.06,10.75,328.6,18.26,19,1,19,11.845479995673564
2025-01-19 20:00:00,0.0,0.0,17.46,0.0,8.2,9.88,332.2,17.78,20,1,19,10.886822544860914
2025-01-19 21:00:00,0.0,0.0,16.49,0.0,7.46,9.12,333.2,17.19,21,1,19,10.049374656794688
2025-01-19 22:00:00,0.0,0.0,15.77,0.0,6.95,8.67,334.1,16.77,22,1,19,9.553517354650214
2025-01-19 23:00:00,0.0,0.0,15.29,0.0,6.8,8.51,334.8,16.47,23,1,19,9.377212536109957
2025-01-20 00:00:00,0.0,0.0,14.66,0.0,6.95,8.64,333.6,16.22,0,1,20,9.520460201173917
2025-01-20 01:00:00,0.0,0.0,14.23,0.0,7.26,8.95,332.8,16.04,1,1,20,9.862050787095665
2025-01-20 02:00:00,0.0,0.0,14.22,0.0,7.56,9.23,331.6,15.93,2,1,20,10.170584219541118
2025-01-20 03:00:00,0.0,0.0,14.27,0.0,7.79,9.46,330.4,15.85,3,1,20,10.424022396192738
2025-01-20 04:00:00,0.0,0.0,14.19,0.0,7.8,9.45,328.8,15.76,4,1,20,10.41300334503397
2025-01-20 05:00:00,0.0,0.0,13.78,0.0,7.73,9.34,326.7,15.61,5,1,20,10.291793782287543
2025-01-20 06:00:00,4.78,2.91,12.87,4.78,7.59,9.13,324.5,15.48,6,1,20,10.060393707953455
2025-01-20 07:00:00,126.28,298.1,14.71,128.5,7.8,8.89,321.2,16.24,7,1,20,9.79593648014307
2025-01-20 08:00:00,334.62,563.09,17.13,341.83,7.96,8.68,319.0,17.5,8,1,20,9.56453640580898
2025-01-20 09:00:00,523.45,695.76,19.05,534.3,7.89,8.53,319.6,18.98,9,1,20,9.399250638427489
2025-01-20 10:00:00,624.6,671.53,21.14,674.9,7.94,8.66,320.4,20.28,10,1,20,9.542498303491449
2025-01-20 11:00:00,654.03,441.42,24.07,743.75,7.82,8.74,322.3,21.38,11,1,20,9.630650712761577
2025-01-20 12:00:00,646.08,330.34,26.24,742.78,8.05,9.14,323.4,22.02,12,1,20,10.071412759112222
2025-01-20 13:00:00,571.92,391.41,27.19,669.3,8.32,9.62,325.7,22.37,13,1,20,10.600327214732994
2025-01-20 14:00:00,416.77,238.99,27.33,529.22,8.61,10.07,325.0,22.4,14,1,20,11.09618451687747
2025-01-20 15:00:00,271.15,206.14,26.37,338.48,8.9,10.51,322.6,22.14,15,1,20,11.581022767863178
2025-01-20 16:00:00,110.82,111.52,23.61,129.12,8.37,10.32,321.7,21.23,16,1,20,11.371660795846623
2025-01-20 17:00:00,5.88,0.6,20.6,5.75,7.84,10.23,325.2,19.86,17,1,20,11.272489335417728
2025-01-20 18:00:00,0.0,0.0,19.31,0.0,7.61,9.76,332.2,19.25,18,1,20,10.75459393095572
2025-01-20 19:00:00,0.0,0.0,18.29,0.0,6.95,8.9,337.2,18.73,19,1,20,9.806955531301835
2025-01-20 20:00:00,0.0,0.0,17.38,0.0,6.28,8.03,339.4,18.25,20,1,20,8.848298080489183
2025-01-20 21:00:00,0.0,0.0,16.78,0.0,5.89,7.43,338.7,17.89,21,1,20,8.187155010963217
2025-01-20 22:00:00,0.0,0.0,16.47,0.0,5.81,7.24,334.9,17.44,22,1,20,7.977793038946661
2025-01-20 23:00:00,0.0,0.0,16.09,0.0,5.75,7.08,333.1,17.05,23,1,20,7.801488220406403
2025-01-21 00:00:00,0.0,0.0,15.58,0.0,5.7,7.01,332.4,16.67,0,1,21,7.724354862295041
2025-01-21 01:00:00,0.0,0.0,15.04,0.0,5.4,6.73,335.5,16.43,1,1,21,7.41582142984959
2025-01-21 02:00:00,0.0,0.0,14.38,0.0,4.91,6.22,341.6,16.38,2,1,21,6.853849820752518
2025-01-21 03:00:00,0.0,0.0,13.36,0.0,4.42,5.64,343.6,16.26,3,1,21,6.214744853544084
2025-01-21 04:00:00,0.0,0.0,12.63,0.0,3.8,4.83,342.4,16.05,4,1,21,5.3222017096840295
2025-01-21 05:00:00,0.0,0.0,12.14,0.0,3.33,4.15,336.6,15.62,5,1,21,4.572906230887934
2025-01-21 06:00:00,4.82,2.6,11.92,4.82,2.85,3.48,334.3,15.49,6,1,21,3.834629803250605
2025-01-21 07:00:00,126.65,301.77,14.78,127.32,2.31,2.73,328.9,16.67,7,1,21,3.0082009663431473
2025-01-21 08:00:00,338.42,584.5,17.3,339.52,2.06,2.07,308.5,17.95,8,1,21,2.280943589864584
2025-01-21 09:00:00,532.78,738.9,19.94,533.17,2.3,2.25,273.8,18.83,9,1,21,2.479286510722374
2025-01-21 10:00:00,675.17,809.85,22.86,675.65,2.28,2.26,260.3,19.42,10,1,21,2.49030556188114
2025-01-21 11:00:00,757.33,875.54,24.8,757.8,1.51,1.54,247.1,20.4,11,1,21,1.6969338784499806
2025-01-21 12:00:00,758.92,875.93,26.01,759.58,0.88,0.91,252.8,21.55,12,1,21,1.0027336554477158
2025-01-21 13:00:00,690.03,852.46,26.71,690.45,0.95,0.95,319.3,21.81,13,1,21,1.04680986008278
2025-01-21 14:00:00,516.22,657.61,26.78,551.58,1.81,2.04,343.8,21.75,14,1,21,2.247886436388286
2025-01-21 15:00:00,317.75,432.95,26.21,359.73,2.84,3.34,350.3,21.49,15,1,21,3.6803630870278794
2025-01-21 16:00:00,120.65,187.58,23.38,143.2,3.88,4.85,356.8,20.5,16,1,21,5.344239812001561
2025-01-21 17:00:00,5.82,2.97,20.32,6.65,4.68,6.03,358.2,19.1,17,1,21,6.644487848735962
2025-01-21 18:00:00,0.0,0.0,19.79,0.0,4.92,6.3,356.1,18.63,18,1,21,6.942002230022647
2025-01-21 19:00:00,0.0,0.0,19.38,0.0,4.61,5.91,350.6,18.51,19,1,21,6.512259234830769
2025-01-21 20:00:00,0.0,0.0,18.75,0.0,4.35,5.54,343.8,18.44,20,1,21,6.104554341956423
2025-01-21 21:00:00,0.0,0.0,17.63,0.0,4.58,5.85,334.2,18.31,21,1,21,6.446144927878172
2025-01-21 22:00:00,0.0,0.0,16.53,0.0,5.25,6.73,324.9,17.84,22,1,21,7.41582142984959
2025-01-21 23:00:00,0.0,0.0,15.47,0.0,5.91,7.48,316.6,17.36,23,1,21,8.242250266757049
2025-01-22 00:00:00,0.0,0.0,14.72,0.0,6.32,7.77,310.5,17.05,0,1,22,8.561802750361265
2025-01-22 01:00:00,0.0,0.0,14.03,0.0,7.18,8.61,302.5,16.82,1,1,22,9.487403047697617
2025-01-22 02:00:00,0.0,0.0,13.44,0.0,7.91,9.48,299.9,16.74,2,1,22,10.446060498510269
2025-01-22 03:00:00,0.0,0.0,13.01,0.0,7.99,9.6,303.3,16.72,3,1,22,10.578289112415462
2025-01-22 04:00:00,0.0,0.0,12.74,0.0,7.83,9.53,314.1,16.94,4,1,22,10.501155754304099
2025-01-22 05:00:00,0.0,0.0,12.98,0.0,7.34,9.07,329.8,17.06,5,1,22,9.99427940100086
2025-01-22 06:00:00,4.45,0.99,13.15,5.03,6.22,8.03,341.2,16.96,6,1,22,8.848298080489183
2025-01-22 07:00:00,109.32,154.3,14.86,129.02,5.73,6.79,340.1,17.93,7,1,22,7.481935736802186
2025-01-22 08:00:00,310.48,441.06,17.12,340.85,5.4,5.87,335.1,18.94,8,1,22,6.468183030195704
2025-01-22 09:00:00,506.62,646.47,19.98,532.75,5.3,5.71,324.9,20.09,9,1,22,6.291878211655447
2025-01-22 10:00:00,597.6,593.49,22.54,673.65,5.68,6.15,320.7,20.91,10,1,22,6.776716462641156
2025-01-22 11:00:00,707.7,679.34,25.02,749.42,6.22,6.84,326.3,21.38,11,1,22,7.537030992596017
2025-01-22 12:00:00,751.25,808.3,26.59,752.33,6.82,7.6,333.6,21.66,12,1,22,8.37447888066224
2025-01-22 13:00:00,681.12,790.26,27.31,681.42,7.25,8.23,338.6,21.76,13,1,22,9.068679103664506
2025-01-22 14:00:00,543.35,715.42,27.4,543.78,7.39,8.52,342.1,21.72,14,1,22,9.388231587268722
2025-01-22 15:00:00,353.35,589.89,26.91,353.83,7.34,8.66,343.0,21.6,15,1,22,9.542498303491449
2025-01-22 16:00:00,140.75,333.33,24.4,141.05,7.0,8.64,341.4,21.22,16,1,22,9.520460201173917
2025-01-22 17:00:00,7.1,4.74,20.68,7.1,6.43,8.68,338.2,20.38,17,1,22,9.56453640580898
2025-01-22 18:00:00,0.0,0.0,20.17,0.0,6.49,8.74,336.2,19.9,18,1,22,9.630650712761577
2025-01-22 19:00:00,0.0,0.0,19.78,0.0,6.47,8.61,336.3,19.4,19,1,22,9.487403047697617
2025-01-22 20:00:00,0.0,0.0,18.91,0.0,6.26,8.24,339.4,18.79,20,1,22,9.079698154823273
2025-01-22 21:00:00,0.0,0.0,18.01,0.0,5.81,7.58,346.2,18.22,21,1,22,8.35244077834471
2025-01-22 22:00:00,0.0,0.0,17.1,0.0,5.33,6.91,350.1,17.65,22,1,22,7.61416435070738
2025-01-22 23:00:00,0.0,0.0,16.24,0.0,5.0,6.43,348.1,17.07,23,1,22,7.085249895086606
2025-01-23 00:00:00,0.0,0.0,15.35,0.0,5.04,6.46,343.7,16.58,0,1,23,7.1183070485629045
2025-01-23 01:00:00,0.0,0.0,14.52,0.0,5.17,6.64,341.2,16.29,1,1,23,7.316649969420695
2025-01-23 02:00:00,0.0,0.0,13.8,0.0,5.29,6.82,340.3,16.15,2,1,23,7.514992890278485
2025-01-23 03:00:00,0.0,0.0,13.1,0.0,5.33,6.86,340.6,15.98,3,1,23,7.55906909491355
2025-01-23 04:00:00,0.0,0.0,12.39,0.0,5.34,6.88,339.9,15.84,4,1,23,7.5811071972310815
2025-01-23 05:00:00,0.0,0.0,11.86,0.0,5.55,7.19,338.8,15.74,5,1,23,7.922697783152831
2025-01-23 06:00:00,5.45,3.49,11.61,5.45,5.77,7.48,338.9,15.72,6,1,23,8.242250266757049
2025-01-23 07:00:00,136.32,321.03,13.34,136.62,6.4,7.59,339.6,16.91,7,1,23,8.363459829503475
2025-01-23 08:00:00,352.95,579.93,16.22,353.52,7.27,8.06,339.7,17.82,8,1,23,8.881355233965483
2025-01-23 09:00:00,548.88,699.32,19.77,549.47,8.03,8.82,338.6,18.4,9,1,23,9.718803122031707
2025-01-23 10:00:00,694.33,768.7,21.93,694.8,8.62,9.43,336.4,18.84,10,1,23,10.390965242716439
2025-01-23 11:00:00,766.42,754.36,23.3,766.75,8.85,9.7,334.5,19.32,11,1,23,10.688479624003122
2025-01-23 12:00:00,766.33,732.95,24.19,766.53,8.91,9.81,333.9,19.74,12,1,23,10.809689186749551
2025-01-23 13:00:00,691.35,690.51,24.53,691.45,8.9,9.85,334.8,20.03,13,1,23,10.853765391384615
2025-01-23 14:00:00,548.65,606.86,24.27,548.88,8.67,9.67,336.5,20.18,14,1,23,10.655422470526824
2025-01-23 15:00:00,352.88,462.4,23.3,353.23,8.5,9.6,336.8,20.21,15,1,23,10.578289112415462
2025-01-23 16:00:00,139.07,221.26,21.31,139.3,7.91,9.35,336.6,19.92,16,1,23,10.302812833446309
2025-01-23 17:00:00,7.38,0.56,17.91,7.38,7.1,9.26,338.8,19.01,17,1,23,10.203641373017415
2025-01-23 18:00:00,0.0,0.0,16.88,0.0,7.35,9.68,344.1,18.81,18,1,23,10.666441521685591
2025-01-23 19:00:00,0.0,0.0,16.06,0.0,7.37,9.65,349.8,18.52,19,1,23,10.633384368209294
2025-01-23 20:00:00,0.0,0.0,15.26,0.0,7.24,9.46,354.4,18.07,20,1,23,10.424022396192738
2025-01-23 21:00:00,0.0,0.0,14.62,0.0,6.98,9.1,357.0,17.57,21,1,23,10.027336554477156
2025-01-23 22:00:00,0.0,0.0,14.06,0.0,6.53,8.52,358.7,17.04,22,1,23,9.388231587268722
2025-01-23 23:00:00,0.0,0.0,13.49,0.0,6.32,8.34,0.8,16.62,23,1,23,9.189888666410933
2025-01-24 00:00:00,0.0,0.0,12.86,0.0,6.21,8.17,1.5,16.3,0,1,24,9.002564796711908
2025-01-24 01:00:00,0.0,0.0,12.27,0.0,6.23,8.2,359.2,15.99,1,1,24,9.035621950188206
2025-01-24 02:00:00,0.0,0.0,11.7,0.0,6.33,8.32,355.8,15.74,2,1,24,9.167850564093401
2025-01-24 03:00:00,0.0,0.0,11.08,0.0,6.43,8.47,354.0,15.59,3,1,24,9.333136331474893
2025-01-24 04:00:00,0.0,0.0,10.41,0.0,6.44,8.52,355.6,15.46,4,1,24,9.388231587268722
2025-01-24 05:00:00,0.0,0.0,9.84,0.0,6.23,8.23,357.5,15.26,5,1,24,9.068679103664506
2025-01-24 06:00:00,5.47,2.72,9.58,5.5,5.98,7.88,359.6,15.05,6,1,24,8.683012313107692
2025-01-24 07:00:00,140.0,360.42,11.17,140.57,6.16,7.31,358.7,16.04,7,1,24,8.054926397058024
2025-01-24 08:00:00,363.12,667.61,14.27,364.2,6.45,7.1,354.9,16.83,8,1,24,7.823526322723935
2025-01-24 09:00:00,562.35,808.87,17.32,563.35,6.75,7.35,348.6,17.71,9,1,24,8.099002601693089
2025-01-24 10:00:00,708.55,888.1,19.11,709.22,7.47,8.13,341.7,18.75,10,1,24,8.958488592076845
2025-01-24 11:00:00,773.45,820.62,20.51,773.83,8.22,8.98,338.0,19.64,11,1,24,9.895107940571965
2025-01-24 12:00:00,777.3,824.8,21.61,777.45,8.88,9.78,334.3,20.17,12,1,24,10.776632033273252
2025-01-24 13:00:00,705.95,803.19,22.29,706.33,9.4,10.43,330.9,20.4,13,1,24,11.492870358593049
2025-01-24 14:00:00,566.1,734.03,22.5,566.47,9.81,10.99,329.4,20.4,14,1,24,12.109937223483952
2025-01-24 15:00:00,371.38,607.77,22.06,371.75,9.93,11.25,329.1,20.13,15,1,24,12.39643255361187
2025-01-24 16:00:00,151.62,336.47,20.21,151.82,9.42,10.98,328.6,19.48,16,1,24,12.098918172325186
2025-01-24 17:00:00,8.2,3.86,16.42,8.23,8.57,10.5,327.6,18.59,17,1,24,11.570003716704411
2025-01-24 18:00:00,0.0,0.0,15.48,0.0,8.2,10.18,331.5,18.24,18,1,24,11.217394079623896
2025-01-24 19:00:00,0.0,0.0,14.97,0.0,7.64,9.63,339.2,17.94,19,1,24,10.611346265891761
2025-01-24 20:00:00,0.0,0.0,14.52,0.0,6.96,8.9,347.3,17.41,20,1,24,9.806955531301835
2025-01-24 21:00:00,0.0,0.0,13.92,0.0,6.24,8.08,354.7,16.75,21,1,24,8.903393336283015
2025-01-24 22:00:00,0.0,0.0,13.28,0.0,5.76,7.51,0.2,16.26,22,1,24,8.275307420233347
2025-01-24 23:00:00,0.0,0.0,12.61,0.0,5.36,6.93,3.3,15.95,23,1,24,7.636202453024912
2025-01-25 00:00:00,0.0,0.0,11.84,0.0,4.87,6.2,4.4,15.63,0,1,25,6.831811718434986
2025-01-25 01:00:00,0.0,0.0,10.94,0.0,4.55,5.74,1.9,15.38,1,1,25,6.324935365131745
2025-01-25 02:00:00,0.0,0.0,10.07,0.0,4.31,5.41,356.7,15.17,2,1,25,5.961306676892463
2025-01-25 03:00:00,0.0,0.0,9.53,0.0,4.16,5.21,349.6,14.99,3,1,25,5.740925653717142
2025-01-25 04:00:00,0.0,0.0,9.08,0.0,3.98,4.96,345.5,14.84,4,1,25,5.465449374747989
2025-01-25 05:00:00,0.0,0.0,8.68,0.0,3.8,4.73,343.0,14.7,5,1,25,5.212011198096369
2025-01-25 06:00:00,5.93,13.39,8.63,5.93,3.61,4.49,341.8,14.66,6,1,25,4.947553970285982
2025-01-25 07:00:00,146.3,454.14,11.27,146.62,3.36,4.0,336.8,16.03,7,1,25,4.407620463506443
2025-01-25 08:00:00,369.7,712.98,14.11,370.3,3.62,3.9,325.1,17.4,8,1,25,4.297429951918781
2025-01-25 09:00:00,566.35,843.97,17.2,566.95,4.06,4.29,315.0,18.64,9,1,25,4.72717294711066
2025-01-25 10:00:00,710.1,911.24,20.25,710.53,4.37,4.6,315.2,19.82,10,1,25,5.068763533032409
2025-01-25 11:00:00,782.45,906.33,22.23,782.7,4.3,4.62,320.4,20.17,11,1,25,5.0908016353499415
2025-01-25 12:00:00,785.03,904.1,23.38,785.03,4.36,4.82,322.7,20.22,12,1,25,5.311182658525263
2025-01-25 13:00:00,712.78,875.19,24.1,713.15,4.66,5.22,322.3,20.36,13,1,25,5.751944704875908
2025-01-25 14:00:00,572.53,801.29,24.23,573.3,5.41,6.16,318.4,20.64,14,1,25,6.787735513799922
2025-01-25 15:00:00,378.08,670.9,23.75,379.15,6.05,6.99,318.7,20.6,15,1,25,7.702316759977509
2025-01-25 16:00:00,157.43,414.6,21.35,158.2,5.63,7.02,321.7,20.03,16,1,25,7.735373913453806
2025-01-25 17:00:00,8.82,13.84,17.51,8.82,5.29,7.05,322.2,19.14,17,1,25,7.768431066930105
2025-01-25 18:00:00,0.0,0.0,16.75,0.0,5.5,7.27,321.3,18.87,18,1,25,8.010850192422959
2025-01-25 19:00:00,0.0,0.0,16.19,0.0,5.78,7.58,324.4,18.62,19,1,25,8.35244077834471
2025-01-25 20:00:00,0.0,0.0,15.39,0.0,5.88,7.62,330.5,18.32,20,1,25,8.396516982979774
2025-01-25 21:00:00,0.0,0.0,14.5,0.0,5.78,7.49,335.4,17.74,21,1,25,8.253269317915814
2025-01-25 22:00:00,0.0,0.0,13.7,0.0,5.67,7.31,336.4,17.14,22,1,25,8.054926397058024
2025-01-25 23:00:00,0.0,0.0,13.02,0.0,5.49,7.04,335.0,16.72,23,1,25,7.757412015771339
2025-01-26 00:00:00,0.0,0.0,12.47,0.0,5.28,6.75,331.3,16.3,0,1,26,7.437859532167122
2025-01-26 01:00:00,0.0,0.0,11.96,0.0,5.27,6.71,326.7,15.78,1,1,26,7.3937833275320575
2025-01-26 02:00:00,0.0,0.0,11.43,0.0,5.34,6.8,324.0,15.48,2,1,26,7.492954787960953
2025-01-26 03:00:00,0.0,0.0,10.85,0.0,5.53,7.03,319.2,15.3,3,1,26,7.746392964612573
2025-01-26 04:00:00,0.0,0.0,10.23,0.0,5.82,7.38,314.3,15.19,4,1,26,8.132059755169387
2025-01-26 05:00:00,0.0,0.0,9.61,0.0,5.97,7.55,311.4,15.09,5,1,26,8.31938362486841
2025-01-26 06:00:00,6.2,17.56,9.5,6.25,6.1,7.68,309.7,15.11,6,1,26,8.46263128993237
2025-01-26 07:00:00,150.48,484.92,12.06,151.75,6.59,7.53,311.3,16.42,7,1,26,8.297345522550879
2025-01-26 08:00:00,377.1,758.07,15.01,379.0,6.57,7.18,318.0,17.8,8,1,26,7.911678731994065
2025-01-26 09:00:00,576.62,879.65,18.7,578.3,6.32,6.86,328.0,19.19,9,1,26,7.55906909491355
2025-01-26 10:00:00,722.67,956.25,21.51,723.88,6.11,6.66,327.8,20.38,10,1,26,7.338688071738227
2025-01-26 11:00:00,793.38,930.15,23.38,794.05,6.11,6.79,323.0,21.16,11,1,26,7.481935736802186
2025-01-26 12:00:00,797.4,926.43,24.74,797.53,6.44,7.29,320.7,21.48,12,1,26,8.032888294740491
2025-01-26 13:00:00,724.72,886.8,25.47,725.03,6.77,7.83,324.3,21.56,13,1,26,8.627917057313862
2025-01-26 14:00:00,582.6,792.13,25.59,582.95,6.95,8.19,332.1,21.53,14,1,26,9.024602899029441
2025-01-26 15:00:00,385.35,663.6,25.07,385.65,7.11,8.49,339.6,21.35,15,1,26,9.355174433792424
2025-01-26 16:00:00,160.8,382.92,22.48,160.98,6.6,8.29,345.4,20.74,16,1,26,9.134793410617101
2025-01-26 17:00:00,9.32,5.32,18.6,9.32,5.84,8.11,345.7,19.5,17,1,26,8.936450489759311
2025-01-26 18:00:00,0.0,0.0,17.8,0.0,5.87,8.02,345.2,19.04,18,1,26,8.837279029330418
2025-01-26 19:00:00,0.0,0.0,17.1,0.0,5.69,7.57,345.9,18.53,19,1,26,8.341421727185944
2025-01-26 20:00:00,0.0,0.0,16.15,0.0,5.38,7.02,346.2,17.96,20,1,26,7.735373913453806
2025-01-26 21:00:00,0.0,0.0,15.21,0.0,5.22,6.75,347.1,17.42,21,1,26,7.437859532167122
2025-01-26 22:00:00,0.0,0.0,14.36,0.0,4.91,6.28,346.7,16.87,22,1,26,6.919964127705115
2025-01-26 23:00:00,0.0,0.0,13.55,0.0,4.55,5.79,347.8,16.27,23,1,26,6.3800306209255755
2025-01-27 00:00:00,0.0,0.0,12.69,0.0,4.36,5.54,349.4,15.77,0,1,27,6.104554341956423
2025-01-27 01:00:00,0.0,0.0,11.9,0.0,4.35,5.54,349.3,15.42,1,1,27,6.104554341956423
2025-01-27 02:00:00,0.0,0.0,11.2,0.0,4.42,5.63,347.3,15.07,2,1,27,6.203725802385318
2025-01-27 03:00:00,0.0,0.0,10.59,0.0,4.62,5.95,344.7,14.82,3,1,27,6.556335439465833
2025-01-27 04:00:00,0.0,0.0,10.05,0.0,4.95,6.39,343.2,14.78,4,1,27,7.041173690451542
2025-01-27 05:00:00,0.0,0.0,9.51,0.0,5.18,6.71,342.3,14.6,5,1,27,7.3937833275320575
2025-01-27 06:00:00,5.93,0.58,9.27,5.95,5.48,7.06,341.4,14.41,6,1,27,7.779450118088871
2025-01-27 07:00:00,137.15,261.51,11.36,138.18,6.24,7.23,340.0,15.51,7,1,27,7.966773987787896
2025-01-27 08:00:00,359.95,544.29,14.36,361.58,6.95,7.61,338.7,16.62,8,1,27,8.385497931821007
2025-01-27 09:00:00,562.35,693.12,18.33,563.72,7.54,8.22,340.7,17.99,9,1,27,9.05766005250574
2025-01-27 10:00:00,711.45,794.44,20.7,712.47,7.78,8.5,338.8,19.34,10,1,27,9.366193484951191
2025-01-27 11:00:00,793.35,853.63,22.06,794.08,7.99,8.8,333.0,20.36,11,1,27,9.696765019714174
2025-01-27 12:00:00,796.6,857.32,22.95,797.12,8.42,9.42,327.2,20.94,12,1,27,10.379946191557673
2025-01-27 13:00:00,724.53,825.29,23.4,724.7,8.92,10.12,324.2,21.22,13,1,27,11.151279772671298
2025-01-27 14:00:00,581.95,743.1,23.34,582.22,9.3,10.67,322.9,21.2,14,1,27,11.757327586403436
2025-01-27 15:00:00,384.4,611.92,22.64,384.62,9.42,10.9,322.1,20.92,15,1,27,12.010765763055057
2025-01-27 16:00:00,160.9,343.8,20.49,161.02,9.18,10.85,319.7,20.2,16,1,27,11.955670507261225
2025-01-27 17:00:00,9.8,3.53,16.51,9.8,8.39,10.35,318.4,19.02,17,1,27,11.40471794932292
2025-01-27 18:00:00,0.0,0.0,15.35,0.0,8.07,9.96,321.5,18.34,18,1,27,10.974974954131044
2025-01-27 19:00:00,0.0,0.0,14.59,0.0,7.7,9.51,330.0,17.86,19,1,27,10.479117651986567
2025-01-27 20:00:00,0.0,0.0,13.97,0.0,7.23,8.92,341.6,17.47,20,1,27,9.828993633619367
2025-01-27 21:00:00,0.0,0.0,13.17,0.0,6.72,8.35,348.7,16.88,21,1,27,9.200907717569699
2025-01-27 22:00:00,0.0,0.0,12.52,0.0,6.04,7.67,354.7,16.22,22,1,27,8.451612238773604
2025-01-27 23:00:00,0.0,0.0,11.93,0.0,5.24,6.72,357.3,15.75,23,1,27,7.404802378690824
2025-01-28 00:00:00,0.0,0.0,11.3,0.0,4.58,5.78,352.2,15.35,0,1,28,6.36901156976681
2025-01-28 01:00:00,0.0,0.0,10.76,0.0,4.15,5.23,339.6,15.19,1,1,28,5.762963756034674
2025-01-28 02:00:00,0.0,0.0,10.16,0.0,4.03,5.13,329.2,15.22,2,1,28,5.652773244447013
2025-01-28 03:00:00,0.0,0.0,9.58,0.0,4.17,5.32,323.6,15.12,3,1,28,5.862135216463569
2025-01-28 04:00:00,0.0,0.0,9.07,0.0,4.21,5.39,324.7,15.01,4,1,28,5.939268574574931
2025-01-28 05:00:00,0.0,0.0,8.61,0.0,4.03,5.16,328.1,14.94,5,1,28,5.685830397923311
2025-01-28 06:00:00,6.28,6.79,8.54,6.28,3.84,4.92,331.7,14.98,6,1,28,5.421373170112925
2025-01-28 07:00:00,144.65,391.66,11.01,144.75,3.83,4.51,334.1,16.18,7,1,28,4.969592072603514
2025-01-28 08:00:00,367.88,650.74,13.86,368.02,3.78,4.04,325.7,17.3,8,1,28,4.4516966681415076
2025-01-28 09:00:00,567.25,790.43,17.84,567.38,3.81,3.96,311.8,18.43,9,1,28,4.363544258871378
2025-01-28 10:00:00,713.47,862.02,20.33,713.58,4.07,4.21,302.5,19.32,10,1,28,4.639020537840531
2025-01-28 11:00:00,777.25,807.0,21.67,777.33,4.25,4.42,302.0,19.87,11,1,28,4.870420612174619
2025-01-28 12:00:00,781.22,808.34,22.52,781.3,4.16,4.37,305.4,20.28,12,1,28,4.8153253563807885
2025-01-28 13:00:00,709.33,786.57,22.95,709.38,4.02,4.26,312.9,20.55,13,1,28,4.694115793634361
2025-01-28 14:00:00,566.08,708.29,22.89,567.7,4.02,4.33,320.9,20.54,14,1,28,4.7712491517457245
2025-01-28 15:00:00,368.4,549.06,22.24,371.27,4.16,4.53,326.1,20.29,15,1,28,4.991630174921046
2025-01-28 16:00:00,150.4,260.85,20.32,152.75,4.09,4.87,328.6,19.67,16,1,28,5.366277914319094
2025-01-28 17:00:00,9.77,3.09,16.69,9.77,4.32,5.58,328.5,18.45,17,1,28,6.1486305465914874
2025-01-28 18:00:00,0.0,0.0,15.77,0.0,5.09,6.68,328.1,18.2,18,1,28,7.360726174055759
2025-01-28 19:00:00,0.0,0.0,14.92,0.0,5.83,7.65,327.2,18.15,19,1,28,8.429574136456072
2025-01-28 20:00:00,0.0,0.0,14.05,0.0,6.45,8.3,324.6,17.74,20,1,28,9.145812461775868
2025-01-28 21:00:00,0.0,0.0,13.27,0.0,6.76,8.43,324.8,17.25,21,1,28,9.289060126839827
2025-01-28 22:00:00,0.0,0.0,12.58,0.0,6.61,8.09,327.1,16.77,22,1,28,8.91441238744178
2025-01-28 23:00:00,0.0,0.0,11.85,0.0,6.74,8.23,328.3,16.37,23,1,28,9.068679103664506
2025-01-29 00:00:00,0.0,0.0,11.17,0.0,6.96,8.47,328.5,16.05,0,1,29,9.333136331474893
2025-01-29 01:00:00,0.0,0.0,10.78,0.0,7.19,8.7,329.3,15.8,1,1,29,9.586574508126512
2025-01-29 02:00:00,0.0,0.0,10.39,0.0,7.34,8.87,330.3,15.55,2,1,29,9.773898377825535
2025-01-29 03:00:00,0.0,0.0,9.96,0.0,7.33,8.86,331.5,15.35,3,1,29,9.76287932666677
2025-01-29 04:00:00,0.0,0.0,9.62,0.0,7.17,8.68,332.3,15.17,4,1,29,9.56453640580898
2025-01-29 05:00:00,0.0,0.0,9.28,0.0,7.08,8.6,333.5,15.05,5,1,29,9.476383996538852
2025-01-29 06:00:00,6.3,7.22,9.15,6.3,7.04,8.54,334.9,15.03,6,1,29,9.410269689586254
2025-01-29 07:00:00,140.85,357.81,10.84,141.05,7.36,8.4,335.5,15.95,7,1,29,9.25600297336353
2025-01-29 08:00:00,361.25,614.9,14.01,361.55,7.6,8.34,336.7,17.34,8,1,29,9.189888666410933
2025-01-29 09:00:00,561.5,757.42,17.79,561.72,7.52,8.24,337.3,18.96,9,1,29,9.079698154823273
2025-01-29 10:00:00,709.3,845.34,20.42,709.45,7.15,8.11,336.9,20.42,10,1,29,8.936450489759311
2025-01-29 11:00:00,777.62,819.48,22.02,777.7,6.78,7.9,334.2,21.53,11,1,29,8.705050415425225
2025-01-29 12:00:00,782.6,824.91,22.97,782.65,6.4,7.72,330.3,22.24,12,1,29,8.506707494567435
2025-01-29 13:00:00,712.72,811.47,23.44,712.75,6.14,7.74,326.8,22.62,13,1,29,8.528745596884967
2025-01-29 14:00:00,574.42,741.1,23.4,574.58,6.1,7.94,324.1,22.69,14,1,29,8.74912662006029
2025-01-29 15:00:00,380.8,611.13,22.78,381.12,6.31,8.37,321.7,22.47,15,1,29,9.222945819887231
2025-01-29 16:00:00,162.1,370.0,20.58,162.45,6.28,8.78,318.6,21.67,16,1,29,9.67472691739664
2025-01-29 17:00:00,10.85,10.51,16.56,10.85,6.36,9.14,320.7,20.28,17,1,29,10.071412759112222
2025-01-29 18:00:00,0.0,0.0,15.52,0.0,6.15,8.37,325.0,19.45,18,1,29,9.222945819887231
2025-01-29 19:00:00,0.0,0.0,14.91,0.0,5.79,7.61,327.4,18.62,19,1,29,8.385497931821007
2025-01-29 20:00:00,0.0,0.0,14.2,0.0,5.53,7.09,330.2,17.81,20,1,29,7.8125072715651696
2025-01-29 21:00:00,0.0,0.0,13.35,0.0,5.35,6.78,333.5,17.11,21,1,29,7.47091668564342
2025-01-29 22:00:00,0.0,0.0,12.51,0.0,5.24,6.62,336.5,16.55,22,1,29,7.294611867103162
2025-01-29 23:00:00,0.0,0.0,11.75,0.0,4.92,6.25,338.4,16.11,23,1,29,6.8869069742288165
2025-01-30 00:00:00,0.0,0.0,11.1,0.0,4.47,5.72,341.3,15.86,0,1,30,6.302897262814213
2025-01-30 01:00:00,0.0,0.0,10.52,0.0,3.93,5.01,343.3,15.76,1,1,30,5.520544630541819
2025-01-30 02:00:00,0.0,0.0,10.03,0.0,3.29,4.11,339.1,15.84,2,1,30,4.52883002625287
2025-01-30 03:00:00,0.0,0.0,9.74,0.0,2.92,3.69,321.4,15.99,3,1,30,4.066029877584693
2025-01-30 04:00:00,0.0,0.0,9.49,0.0,3.24,4.19,301.2,16.09,4,1,30,4.616982435522999
2025-01-30 05:00:00,0.0,0.0,9.15,0.0,3.88,4.94,290.1,15.96,5,1,30,5.443411272430457
2025-01-30 06:00:00,6.75,5.03,9.02,6.78,3.81,4.73,290.2,15.68,6,1,30,5.212011198096369
2025-01-30 07:00:00,146.32,364.1,11.49,147.38,3.65,4.19,288.8,16.7,7,1,30,4.616982435522999
2025-01-30 08:00:00,370.58,632.54,14.45,371.95,3.39,3.37,282.3,17.79,8,1,30,3.713420240504178
2025-01-30 09:00:00,571.85,780.43,17.63,572.85,1.83,1.73,254.3,18.84,9,1,30,1.9062958504665364
2025-01-30 10:00:00,719.1,840.0,21.08,719.7,1.64,1.8,214.6,20.16,10,1,30,1.9834292085778993
2025-01-30 11:00:00,790.17,831.54,23.66,790.45,1.51,1.91,200.9,21.28,11,1,30,2.104638771324326
2025-01-30 12:00:00,794.92,836.18,24.9,794.92,0.91,1.33,182.6,22.02,12,1,30,1.4655338041158923
2025-01-30 13:00:00,721.17,800.03,25.58,723.33,0.8,1.04,137.7,22.57,13,1,30,1.1459813205116751
2025-01-30 14:00:00,578.38,741.09,25.76,582.03,1.27,1.45,92.8,22.75,14,1,30,1.5977624180210854
2025-01-30 15:00:00,381.3,586.61,25.39,385.33,1.96,2.4,74.3,22.39,15,1,30,2.6445722781038654
2025-01-30 16:00:00,161.25,323.54,22.81,163.55,2.52,3.8,64.2,21.35,16,1,30,4.18723944033112
2025-01-30 17:00:00,11.23,5.1,18.96,11.25,2.69,4.07,60.9,19.95,17,1,30,4.484753821617805
2025-01-30 18:00:00,0.0,0.0,18.24,0.0,2.18,3.15,55.2,19.79,18,1,30,3.4710011150113234
2025-01-30 19:00:00,0.0,0.0,17.74,0.0,1.45,2.01,41.8,19.95,19,1,30,2.214829282911987
2025-01-30 20:00:00,0.0,0.0,16.74,0.0,1.11,1.4,352.2,19.89,20,1,30,1.5426671622272548
2025-01-30 21:00:00,0.0,0.0,15.59,0.0,2.3,2.9,310.7,19.02,21,1,30,3.195524836042171
2025-01-30 22:00:00,0.0,0.0,14.55,0.0,3.87,4.96,308.9,18.25,22,1,30,5.465449374747989
2025-01-30 23:00:00,0.0,0.0,13.7,0.0,5.17,6.66,318.4,17.8,23,1,30,7.338688071738227
2025-01-31 00:00:00,0.0,0.0,12.92,0.0,6.19,8.03,326.7,17.41,0,1,31,8.848298080489183
2025-01-31 01:00:00,0.0,0.0,12.65,0.0,7.01,8.97,325.6,16.89,1,1,31,9.884088889413198
2025-01-31 02:00:00,0.0,0.0,12.4,0.0,7.79,9.59,321.5,16.33,2,1,31,10.567270061256696
2025-01-31 03:00:00,0.0,0.0,12.16,0.0,8.35,10.01,321.2,15.76,3,1,31,11.030070209924872
2025-01-31 04:00:00,0.0,0.0,11.71,0.0,8.06,9.7,328.7,15.49,4,1,31,10.688479624003122
2025-01-31 05:00:00,0.0,0.0,11.23,0.0,7.62,9.39,336.7,15.46,5,1,31,10.346889038081375
2025-01-31 06:00:00,6.75,2.84,10.89,6.8,7.33,9.13,339.6,15.49,6,1,31,10.060393707953455
2025-01-31 07:00:00,142.38,321.69,12.36,145.3,7.92,9.07,341.2,16.43,7,1,31,9.99427940100086
2025-01-31 08:00:00,363.17,579.27,15.5,368.98,8.45,9.4,341.3,17.71,8,1,31,10.35790808924014
2025-01-31 09:00:00,565.1,750.69,19.2,571.12,9.11,10.13,341.0,18.99,9,1,31,11.162298823830067
2025-01-31 10:00:00,716.4,826.67,22.59,721.15,9.38,10.51,338.3,20.16,10,1,31,11.581022767863178
2025-01-31 11:00:00,797.8,846.86,24.7,800.6,9.62,10.91,335.5,20.98,11,1,31,12.021784814213822
2025-01-31 12:00:00,805.17,855.18,25.81,805.33,9.81,11.21,332.5,21.33,12,1,31,12.352356348976807
2025-01-31 13:00:00,734.42,828.29,26.38,734.65,10.0,11.46,330.2,21.38,13,1,31,12.62783262794596
2025-01-31 14:00:00,593.42,747.75,26.4,593.65,10.2,11.75,330.1,21.2,14,1,31,12.947385111550176
2025-01-31 15:00:00,395.83,626.5,25.76,396.02,10.24,11.86,331.0,20.84,15,1,31,13.068594674296602
2025-01-31 16:00:00,171.95,377.89,23.2,172.1,9.74,11.4,331.5,20.15,16,1,31,12.561718320993362
2025-01-31 17:00:00,12.35,8.23,18.89,12.35,8.73,10.76,331.6,19.13,17,1,31,11.856499046832331
2025-01-31 18:00:00,0.0,0.0,17.95,0.0,8.66,10.8,338.3,18.74,18,1,31,11.900575251467396
2025-01-31 19:00:00,0.0,0.0,17.47,0.0,8.18,10.25,347.3,18.22,19,1,31,11.29452743773526
2025-01-31 20:00:00,0.0,0.0,16.68,0.0,7.42,9.41,352.8,17.51,20,1,31,10.368927140398906
2025-01-31 21:00:00,0.0,0.0,15.58,0.0,6.93,8.86,351.5,16.79,21,1,31,9.76287932666677
2025-01-31 22:00:00,0.0,0.0,14.73,0.0,6.81,8.75,351.7,16.21,22,1,31,9.641669763920344
2025-01-31 23:00:00,0.0,0.0,13.92,0.0,6.89,8.8,350.9,15.76,23,1,31,9.696765019714174
2025-02-01 00:00:00,0.0,0.0,13.1,0.0,7.24,9.14,351.9,15.52,0,2,32,10.071412759112222
2025-02-01 01:00:00,0.0,0.0,12.08,0.0,7.26,9.16,352.3,15.14,1,2,32,10.093450861429753
2025-02-01 02:00:00,0.0,0.0,11.2,0.0,7.49,9.4,350.0,14.8,2,2,32,10.35790808924014
2025-02-01 03:00:00,0.0,0.0,10.53,0.0,7.87,9.77,350.8,14.52,3,2,32,10.765612982114487
2025-02-01 04:00:00,0.0,0.0,9.91,0.0,7.82,9.73,353.5,14.26,4,2,32,10.721536777479422
2025-02-01 05:00:00,0.0,0.0,9.43,0.0,7.65,9.58,358.1,14.12,5,2,32,10.556251010097931
2025-02-01 06:00:00,7.85,12.79,9.12,7.9,7.22,9.14,0.1,14.04,6,2,32,10.071412759112222
2025-02-01 07:00:00,157.95,430.44,10.63,162.15,7.28,8.32,3.3,15.04,7,2,32,9.167850564093401
2025-02-01 08:00:00,387.92,679.97,13.58,394.12,6.63,7.31,6.0,16.26,8,2,32,8.054926397058024
2025-02-01 09:00:00,591.8,832.27,16.63,597.33,6.51,7.18,2.5,17.92,9,2,32,7.911678731994065
2025-02-01 10:00:00,741.92,909.04,19.6,745.92,6.67,7.43,0.8,19.55,10,2,32,8.187155010963217
2025-02-01 11:00:00,817.78,911.97,22.0,820.03,6.68,7.68,354.5,20.89,11,2,32,8.46263128993237
2025-02-01 12:00:00,824.97,918.86,23.63,825.25,7.08,8.39,346.7,21.74,12,2,32,9.244983922204764
2025-02-01 13:00:00,736.1,801.29,24.61,753.03,7.61,9.2,343.8,22.18,13,2,32,10.137527066064818
2025-02-01 14:00:00,547.42,604.03,24.86,610.97,7.9,9.66,340.0,22.2,14,2,32,10.644403419368059
2025-02-01 15:00:00,373.0,534.19,24.34,413.17,8.46,10.25,334.0,21.69,15,2,32,11.29452743773526
2025-02-01 16:00:00,170.77,405.41,21.96,184.35,9.02,10.76,330.9,20.71,16,2,32,11.856499046832331
2025-02-01 17:00:00,13.4,26.22,17.63,13.82,8.9,10.67,331.6,19.72,17,2,32,11.757327586403436
2025-02-01 18:00:00,0.0,0.0,16.46,0.0,8.59,10.25,334.8,19.24,18,2,32,11.29452743773526
2025-02-01 19:00:00,0.0,0.0,15.61,0.0,7.94,9.53,340.1,18.84,19,2,32,10.501155754304099
2025-02-01 20:00:00,0.0,0.0,14.51,0.0,7.42,8.99,347.4,18.43,20,2,32,9.90612699173073
2025-02-01 21:00:00,0.0,0.0,13.75,0.0,6.77,8.24,350.1,17.87,21,2,32,9.079698154823273
2025-02-01 22:00:00,0.0,0.0,12.77,0.0,6.19,7.74,350.3,16.91,22,2,32,8.528745596884967
2025-02-01 23:00:00,0.0,0.0,11.92,0.0,5.54,7.04,354.0,16.06,23,2,32,7.757412015771339
2025-02-02 00:00:00,0.0,0.0,11.29,0.0,4.88,6.2,349.2,15.5,0,2,33,6.831811718434986
2025-02-02 01:00:00,0.0,0.0,10.69,0.0,4.53,5.74,339.8,15.27,1,2,33,6.324935365131745
2025-02-02 02:00:00,0.0,0.0,10.05,0.0,4.39,5.57,333.3,15.15,2,2,33,6.137611495432722
2025-02-02 03:00:00,0.0,0.0,9.48,0.0,4.47,5.68,329.6,15.1,3,2,33,6.258821058179148
2025-02-02 04:00:00,0.0,0.0,9.25,0.0,4.09,5.27,330.6,14.9,4,2,33,5.807039960669738
2025-02-02 05:00:00,0.0,0.0,8.53,0.0,3.64,4.71,327.7,14.78,5,2,33,5.189973095778837
2025-02-02 06:00:00,7.68,5.57,8.41,8.12,2.92,3.82,324.6,15.05,6,2,33,4.209277542648652
2025-02-02 07:00:00,146.23,273.2,11.39,161.93,2.93,3.4,302.5,16.04,7,2,33,3.7464773939804763
2025-02-02 08:00:00,371.83,577.71,14.16,390.52,3.58,3.73,283.5,16.83,8,2,33,4.110106082219758
2025-02-02 09:00:00,570.97,751.08,16.99,591.42,3.15,3.26,267.9,17.44,9,2,33,3.5922106777577505
2025-02-02 10:00:00,727.58,856.9,20.24,737.9,2.68,2.75,266.5,18.71,10,2,33,3.0302390686606793
2025-02-02 11:00:00,772.92,735.6,22.74,799.1,1.18,1.2,266.2,19.74,11,2,33,1.3222861390519327
2025-02-02 12:00:00,763.42,666.8,24.57,803.97,0.91,0.85,301.1,20.5,12,2,33,0.9366193484951191
2025-02-02 13:00:00,639.5,378.14,25.72,733.33,0.91,0.83,358.6,20.87,13,2,33,0.9145812461775868
2025-02-02 14:00:00,479.05,267.13,26.15,592.53,1.52,1.58,353.1,21.07,14,2,33,1.741010083085045
2025-02-02 15:00:00,304.55,162.82,25.84,395.95,2.53,2.82,12.9,20.9,15,2,33,3.107372426772042
2025-02-02 16:00:00,133.48,96.41,23.1,173.12,3.5,4.12,14.3,20.07,16,2,33,4.5398490774116365
2025-02-02 17:00:00,13.23,4.26,19.36,13.35,4.14,5.32,12.9,18.47,17,2,33,5.862135216463569
2025-02-02 18:00:00,0.0,0.0,17.68,0.0,3.73,4.65,15.4,17.89,18,2,33,5.12385878882624
2025-02-02 19:00:00,0.0,0.0,17.31,0.0,2.84,3.37,353.7,17.77,19,2,33,3.713420240504178
2025-02-02 20:00:00,0.0,0.0,16.94,0.0,2.74,3.26,329.6,17.67,20,2,33,3.5922106777577505
2025-02-02 21:00:00,0.0,0.0,16.33,0.0,3.33,4.06,305.9,17.5,21,2,33,4.473734770459039
2025-02-02 22:00:00,0.0,0.0,15.58,0.0,3.63,4.45,293.5,17.27,22,2,33,4.903477765650917
2025-02-02 23:00:00,0.0,0.0,14.79,0.0,3.81,4.65,285.2,16.92,23,2,33,5.12385878882624
2025-02-03 00:00:00,0.0,0.0,13.88,0.0,3.72,4.5,285.2,16.66,0,2,34,4.958573021444748
2025-02-03 01:00:00,0.0,0.0,12.71,0.0,3.5,4.2,289.8,16.54,1,2,34,4.628001486681765
2025-02-03 02:00:00,0.0,0.0,12.06,0.0,2.86,3.35,298.6,16.65,2,2,34,3.6913821381866456
2025-02-03 03:00:00,0.0,0.0,11.83,0.0,1.44,1.61,309.7,17.09,3,2,34,1.7740672365613432
2025-02-03 04:00:00,0.0,0.0,11.63,0.0,0.46,0.49,325.0,17.41,4,2,34,0.5399335067795392
2025-02-03 05:00:00,0.0,0.0,11.24,0.0,0.53,0.58,279.0,17.49,5,2,34,0.6391049672084341
2025-02-03 06:00:00,7.55,3.45,11.16,8.02,1.04,1.15,282.1,17.42,6,2,34,1.2671908832581023
2025-02-03 07:00:00,139.62,194.18,13.68,157.3,1.01,1.14,314.6,17.65,7,2,34,1.256171832099336
2025-02-03 08:00:00,358.98,480.23,16.13,386.4,1.25,1.31,1.7,18.5,8,2,34,1.44349570179836
2025-02-03 09:00:00,561.35,656.65,18.98,590.12,1.29,1.23,15.6,19.44,9,2,34,1.3553432925282312
2025-02-03 10:00:00,704.08,713.86,21.73,740.2,1.08,1.07,352.5,20.62,10,2,34,1.1790384739879736
2025-02-03 11:00:00,765.5,657.14,24.73,798.2,1.18,1.33,357.4,21.41,11,2,34,1.4655338041158923
2025-02-03 12:00:00,789.42,755.21,26.78,805.25,1.5,1.79,6.1,21.76,12,2,34,1.972410157419133
2025-02-03 13:00:00,705.2,731.58,27.62,735.33,1.59,1.95,12.5,21.96,13,2,34,2.1487149759593906
2025-02-03 14:00:00,517.35,451.13,27.87,595.35,1.5,1.88,2.7,21.85,14,2,34,2.071581617848028
2025-02-03 15:00:00,333.08,279.11,27.47,398.95,1.64,2.16,348.5,21.69,15,2,34,2.380115050293479
2025-02-03 16:00:00,142.6,120.68,24.64,175.82,1.64,2.53,342.1,20.97,16,2,34,2.7878199431678246
2025-02-03 17:00:00,12.82,4.08,21.02,14.07,2.03,3.0,340.1,20.29,17,2,34,3.3057153476298318
2025-02-03 18:00:00,0.0,0.0,19.87,0.0,2.02,2.91,334.1,20.14,18,2,34,3.206543887200937
2025-02-03 19:00:00,0.0,0.0,18.76,0.0,2.11,2.95,318.2,19.91,19,2,34,3.2506200918360015
2025-02-03 20:00:00,0.0,0.0,17.15,0.0,2.59,3.43,306.5,19.49,20,2,34,3.779534547456775
2025-02-03 21:00:00,0.0,0.0,16.07,0.0,2.84,3.7,306.4,19.09,21,2,34,4.0770489287434595
2025-02-03 22:00:00,0.0,0.0,14.98,0.0,3.52,4.48,313.7,18.68,22,2,34,4.936534919127216
2025-02-03 23:00:00,0.0,0.0,13.98,0.0,4.35,5.46,321.2,18.21,23,2,34,6.0164019326862945
2025-02-04 00:00:00,0.0,0.0,13.08,0.0,4.4,5.51,330.9,17.81,0,2,35,6.071497188480125
2025-02-04 01:00:00,0.0,0.0,12.29,0.0,4.18,5.14,332.9,17.31,1,2,35,5.663792295605778
2025-02-04 02:00:00,0.0,0.0,11.75,0.0,4.1,5.02,325.7,16.88,2,2,35,5.531563681700585
2025-02-04 03:00:00,0.0,0.0,11.61,0.0,4.13,5.07,320.7,16.53,3,2,35,5.586658937494416
2025-02-04 04:00:00,0.0,0.0,11.38,0.0,4.11,5.01,319.4,16.15,4,2,35,5.520544630541819
2025-02-04 05:00:00,0.0,0.0,10.77,0.0,4.04,4.9,319.6,15.68,5,2,35,5.399335067795393
2025-02-04 06:00:00,8.02,5.24,10.72,8.05,4.31,5.27,316.8,15.46,6,2,35,5.807039960669738
2025-02-04 07:00:00,151.45,357.23,13.17,154.2,4.77,5.59,316.0,16.79,7,2,35,6.159649597750254
2025-02-04 08:00:00,376.8,637.36,16.21,381.12,4.95,5.3,323.7,17.92,8,2,35,5.840097114146037
2025-02-04 09:00:00,581.3,781.51,20.03,583.78,4.77,5.01,324.7,19.02,9,2,35,5.520544630541819
2025-02-04 10:00:00,729.95,826.56,23.3,733.72,4.6,4.85,323.1,20.16,10,2,35,5.344239812001561
2025-02-04 11:00:00,803.75,812.15,26.32,805.88,4.39,4.78,330.8,21.18,11,2,35,5.267106453890199
2025-02-04 12:00:00,810.92,816.63,28.36,811.8,4.63,5.35,341.9,21.69,12,2,35,5.895192369939867
2025-02-04 13:00:00,732.83,788.66,29.3,740.92,5.07,5.95,354.5,21.77,13,2,35,6.556335439465833
2025-02-04 14:00:00,584.85,682.42,29.51,598.9,5.65,6.67,357.4,21.61,14,2,35,7.3497071228969935
2025-02-04 15:00:00,376.52,513.75,28.92,400.7,6.17,7.43,358.5,21.4,15,2,35,8.187155010963217
2025-02-04 16:00:00,163.2,256.39,25.44,175.88,5.92,7.64,357.7,20.86,16,2,35,8.418555085297305
2025-02-04 17:00:00,14.1,5.77,20.89,14.23,5.36,7.63,354.5,19.5,17,2,35,8.40753603413854
2025-02-04 18:00:00,0.0,0.0,19.31,0.0,5.49,7.58,348.6,19.27,18,2,35,8.35244077834471
2025-02-04 19:00:00,0.0,0.0,18.55,0.0,5.43,7.28,344.1,18.86,19,2,35,8.021869243581726
2025-02-04 20:00:00,0.0,0.0,17.35,0.0,5.22,6.85,340.4,18.26,20,2,35,7.548050043754783
2025-02-04 21:00:00,0.0,0.0,16.02,0.0,5.16,6.71,338.3,17.82,21,2,35,7.3937833275320575
2025-02-04 22:00:00,0.0,0.0,15.11,0.0,5.24,6.79,337.5,17.45,22,2,35,7.481935736802186
2025-02-04 23:00:00,0.0,0.0,14.44,0.0,5.57,7.19,336.4,17.09,23,2,35,7.922697783152831
2025-02-05 00:00:00,0.0,0.0,13.83,0.0,6.0,7.67,335.3,16.83,0,2,36,8.451612238773604
2025-02-05 01:00:00,0.0,0.0,13.56,0.0,6.28,8.02,333.3,16.44,1,2,36,8.837279029330418
2025-02-05 02:00:00,0.0,0.0,12.94,0.0,6.81,8.66,332.0,16.04,2,2,36,9.542498303491449
2025-02-05 03:00:00,0.0,0.0,12.13,0.0,6.98,8.89,335.0,15.65,3,2,36,9.79593648014307
2025-02-05 04:00:00,0.0,0.0,11.73,0.0,7.27,9.26,338.1,15.39,4,2,36,10.203641373017415
2025-02-05 05:00:00,0.0,0.0,11.3,0.0,7.85,9.65,340.9,15.61,5,2,36,10.633384368209294
2025-02-05 06:00:00,8.0,1.07,11.14,8.05,7.49,9.12,345.9,15.55,6,2,36,10.049374656794688
2025-02-05 07:00:00,132.98,174.33,13.05,142.35,7.62,8.73,346.6,15.86,7,2,36,9.619631661602812
2025-02-05 08:00:00,326.45,287.26,16.14,359.0,8.07,8.98,343.8,16.45,8,2,36,9.895107940571965
2025-02-05 09:00:00,506.33,366.28,18.9,559.9,8.16,8.99,338.8,17.22,9,2,36,9.90612699173073
2025-02-05 10:00:00,665.5,510.73,21.12,709.15,7.95,8.74,334.7,17.91,10,2,36,9.630650712761577
2025-02-05 11:00:00,777.2,657.06,22.85,795.3,7.61,8.39,335.1,18.01,11,2,36,9.244983922204764
2025-02-05 12:00:00,780.8,676.31,24.03,796.62,7.37,8.16,336.3,18.26,12,2,36,8.991545745553143
2025-02-05 13:00:00,719.08,624.52,24.71,722.65,7.2,8.0,336.6,18.79,13,2,36,8.815240927012885
2025-02-05 14:00:00,558.72,489.29,24.7,577.7,7.42,8.32,338.7,19.33,14,2,36,9.167850564093401
2025-02-05 15:00:00,357.83,320.25,23.84,380.08,7.15,8.1,339.6,19.42,15,2,36,8.925431438600546
2025-02-05 16:00:00,154.88,121.2,21.91,164.85,6.31,7.45,339.5,19.23,16,2,36,8.20919311328075
2025-02-05 17:00:00,14.82,0.52,19.25,14.35,5.19,6.84,333.3,18.47,17,2,36,7.537030992596017
2025-02-05 18:00:00,0.0,0.0,17.99,0.0,5.06,6.73,321.7,18.21,18,2,36,7.41582142984959
2025-02-05 19:00:00,0.0,0.0,17.17,0.0,5.6,7.45,312.3,17.9,19,2,36,8.20919311328075
2025-02-05 20:00:00,0.0,0.0,15.9,0.0,6.32,8.26,309.0,17.49,20,2,36,9.101736257140804
2025-02-05 21:00:00,0.0,0.0,14.82,0.0,6.97,9.03,313.4,17.11,21,2,36,9.950203196365793
2025-02-05 22:00:00,0.0,0.0,13.67,0.0,7.93,10.12,320.3,16.75,22,2,36,11.151279772671298
2025-02-05 23:00:00,0.0,0.0,12.86,0.0,8.62,10.74,323.9,16.26,23,2,36,11.834460944514799
2025-02-06 00:00:00,0.0,0.0,12.21,0.0,8.91,11.08,325.9,15.69,0,2,37,12.209108683912847
2025-02-06 01:00:00,0.0,0.0,11.8,0.0,9.46,11.64,327.3,15.16,1,2,37,12.826175548803748
2025-02-06 02:00:00,0.0,0.0,11.69,0.0,9.89,12.14,327.9,14.74,2,2,37,13.377128106742054
2025-02-06 03:00:00,0.0,0.0,11.42,0.0,9.9,12.17,328.2,14.34,3,2,37,13.410185260218352
2025-02-06 04:00:00,0.0,0.0,10.99,0.0,9.37,11.65,327.7,14.04,4,2,37,12.837194599962515
2025-02-06 05:00:00,0.0,0.0,10.54,0.0,8.65,10.89,325.2,13.84,5,2,37,11.999746711896291
2025-02-06 06:00:00,8.43,1.15,10.5,8.77,8.35,10.51,321.6,13.8,6,2,37,11.581022767863178
2025-02-06 07:00:00,129.18,94.67,11.79,156.52,8.99,10.54,318.6,14.5,7,2,37,11.614079921339476
2025-02-06 08:00:00,312.75,173.16,13.49,386.4,10.1,11.66,323.2,15.38,8,2,37,12.84821365112128
2025-02-06 09:00:00,477.15,198.77,15.33,592.62,10.38,11.82,327.0,16.08,9,2,37,13.024518469661539
2025-02-06 10:00:00,662.22,393.9,17.18,745.2,10.14,11.49,329.9,16.69,10,2,37,12.660889781422258
2025-02-06 11:00:00,731.9,350.24,18.82,818.53,9.72,10.97,331.2,17.29,11,2,37,12.08789912116642
2025-02-06 12:00:00,808.88,706.79,20.06,824.92,9.37,10.53,334.3,17.63,12,2,37,11.603060870180709
2025-02-06 13:00:00,727.55,657.27,20.78,752.85,9.25,10.39,334.3,18.15,13,2,37,11.448794153957985
2025-02-06 14:00:00,499.62,250.66,20.8,609.3,9.23,10.41,335.5,18.35,14,2,37,11.470832256275518
2025-02-06 15:00:00,337.42,281.32,20.06,408.73,9.31,10.57,336.5,18.17,15,2,37,11.647137074815776
2025-02-06 16:00:00,161.18,195.17,18.54,181.52,9.15,10.61,337.0,17.78,16,2,37,11.691213279450839
2025-02-06 17:00:00,15.52,2.76,15.43,15.8,8.56,10.61,337.4,17.03,17,2,37,11.691213279450839
2025-02-06 18:00:00,0.0,0.0,14.05,0.0,8.65,10.86,336.5,16.64,18,2,37,11.966689558419992
2025-02-06 19:00:00,0.0,0.0,13.25,0.0,9.0,11.23,336.8,16.23,19,2,37,12.374394451294338
2025-02-06 20:00:00,0.0,0.0,12.31,0.0,9.22,11.38,339.6,15.63,20,2,37,12.53968021867583
2025-02-06 21:00:00,0.0,0.0,11.42,0.0,9.27,11.36,344.3,14.93,21,2,37,12.517642116358296
2025-02-06 22:00:00,0.0,0.0,10.66,0.0,9.12,11.1,347.3,14.22,22,2,37,12.231146786230378
2025-02-06 23:00:00,0.0,0.0,10.12,0.0,8.94,10.82,348.5,13.67,23,2,37,11.922613353784927
2025-02-07 00:00:00,0.0,0.0,9.73,0.0,8.85,10.53,348.8,13.4,0,2,38,11.603060870180709
2025-02-07 01:00:00,0.0,0.0,9.39,0.0,8.59,10.17,349.9,13.19,1,2,38,11.20637502846513
2025-02-07 02:00:00,0.0,0.0,8.95,0.0,8.15,9.7,350.8,13.02,2,2,38,10.688479624003122
2025-02-07 03:00:00,0.0,0.0,8.38,0.0,7.57,9.22,350.6,12.84,3,2,38,10.15956516838235
2025-02-07 04:00:00,0.0,0.0,7.82,0.0,7.1,8.84,350.4,12.69,4,2,38,9.740841224349237
2025-02-07 05:00:00,0.0,0.0,7.32,0.0,6.79,8.62,351.6,12.54,5,2,38,9.498422098856382
2025-02-07 06:00:00,8.85,0.52,7.05,8.85,6.61,8.46,352.3,12.52,6,2,38,9.322117280316126
2025-02-07 07:00:00,152.5,252.1,8.44,152.6,6.98,8.08,352.5,13.4,7,2,38,8.903393336283015
2025-02-07 08:00:00,380.73,522.72,11.15,380.92,7.27,8.11,351.4,14.22,8,2,38,8.936450489759311
2025-02-07 09:00:00,589.53,668.54,13.51,589.78,7.34,8.11,348.4,15.03,9,2,38,8.936450489759311
2025-02-07 10:00:00,744.62,762.46,15.41,744.92,7.4,8.09,344.4,15.81,10,2,38,8.91441238744178
2025-02-07 11:00:00,827.1,778.76,17.01,827.45,7.57,8.26,340.8,16.44,11,2,38,9.101736257140804
2025-02-07 12:00:00,834.58,778.82,18.25,834.92,7.79,8.48,338.2,16.84,12,2,38,9.344155382633659
2025-02-07 13:00:00,763.4,755.66,19.05,763.6,7.98,8.7,336.0,17.05,13,2,38,9.586574508126512
2025-02-07 14:00:00,619.33,692.7,19.29,619.67,8.13,8.91,335.4,17.06,14,2,38,9.817974582460602
2025-02-07 15:00:00,416.85,547.15,18.85,417.15,8.08,8.93,336.7,16.92,15,2,38,9.840012684778133
2025-02-07 16:00:00,186.85,305.95,17.43,186.98,7.68,8.71,338.8,16.57,16,2,38,9.59759355928528
2025-02-07 17:00:00,17.0,4.2,13.72,17.0,6.77,8.61,343.7,15.82,17,2,38,9.487403047697617
2025-02-07 18:00:00,0.0,0.0,12.5,0.0,6.58,8.56,350.2,15.51,18,2,38,9.432307791903789
2025-02-07 19:00:00,0.0,0.0,11.79,0.0,6.39,8.36,355.5,15.27,19,2,38,9.211926768728464
2025-02-07 20:00:00,0.0,0.0,11.04,0.0,6.15,8.06,0.1,14.95,20,2,38,8.881355233965483
2025-02-07 21:00:00,0.0,0.0,10.37,0.0,5.99,7.84,3.4,14.53,21,2,38,8.638936108472627
2025-02-07 22:00:00,0.0,0.0,9.8,0.0,6.12,8.01,4.3,14.08,22,2,38,8.82625997817165
2025-02-07 23:00:00,0.0,0.0,9.26,0.0,6.45,8.44,3.5,13.72,23,2,38,9.300079177998594
2025-02-08 00:00:00,0.0,0.0,8.76,0.0,6.78,8.86,2.1,13.47,0,2,39,9.76287932666677
2025-02-08 01:00:00,0.0,0.0,8.33,0.0,7.01,9.11,1.5,13.26,1,2,39,10.038355605635923
2025-02-08 02:00:00,0.0,0.0,7.94,0.0,6.95,9.02,1.1,12.99,2,2,39,9.939184145207028
2025-02-08 03:00:00,0.0,0.0,7.52,0.0,6.77,8.76,1.0,12.78,3,2,39,9.65268881507911
2025-02-08 04:00:00,0.0,0.0,7.1,0.0,6.6,8.47,1.6,12.61,4,2,39,9.333136331474893
2025-02-08 05:00:00,0.0,0.0,6.74,0.0,6.35,8.27,2.1,12.34,5,2,39,9.112755308299569
2025-02-08 06:00:00,9.93,3.59,6.76,9.9,6.34,8.15,3.6,12.47,6,2,39,8.980526694394378
2025-02-08 07:00:00,163.12,340.94,8.62,163.65,6.96,7.93,4.1,13.41,7,2,39,8.738107568901523
2025-02-08 08:00:00,392.52,612.36,11.9,393.4,7.12,7.84,0.7,14.04,8,2,39,8.638936108472627
2025-02-08 09:00:00,600.03,764.06,15.03,600.83,7.09,7.74,353.5,14.68,9,2,39,8.528745596884967
2025-02-08 10:00:00,753.28,842.77,16.84,753.88,7.07,7.63,344.8,15.38,10,2,39,8.40753603413854
2025-02-08 11:00:00,823.8,800.47,18.37,824.2,7.35,7.88,337.1,16.0,11,2,39,8.683012313107692
2025-02-08 12:00:00,831.08,803.22,19.57,831.28,7.96,8.54,331.3,16.61,12,2,39,9.410269689586254
2025-02-08 13:00:00,760.67,791.75,20.34,760.7,8.61,9.29,327.6,17.07,13,2,39,10.236698526493711
2025-02-08 14:00:00,618.8,734.48,20.46,618.83,9.09,9.88,324.8,17.27,14,2,39,10.886822544860914
2025-02-08 15:00:00,417.77,599.42,19.89,417.83,9.34,10.27,323.3,17.12,15,2,39,11.31656554005279
2025-02-08 16:00:00,189.8,359.03,18.29,189.85,9.26,10.46,322.6,16.62,16,2,39,11.525927512069348
2025-02-08 17:00:00,17.48,9.89,14.44,17.5,8.91,10.73,323.3,15.92,17,2,39,11.823441893356033
2025-02-08 18:00:00,0.0,0.0,13.22,0.0,8.67,10.64,329.9,15.83,18,2,39,11.724270432927138
2025-02-08 19:00:00,0.0,0.0,12.53,0.0,8.24,10.28,340.3,15.64,19,2,39,11.327584591211556
2025-02-08 20:00:00,0.0,0.0,11.78,0.0,8.09,10.21,349.3,15.35,20,2,39,11.250451233100195
2025-02-08 21:00:00,0.0,0.0,11.05,0.0,7.96,10.0,356.4,14.89,21,2,39,11.019051158766107
2025-02-08 22:00:00,0.0,0.0,10.39,0.0,7.55,9.54,359.6,14.29,22,2,39,10.512174805462864
2025-02-08 23:00:00,0.0,0.0,9.82,0.0,7.15,9.13,0.8,13.85,23,2,39,10.060393707953455
2025-02-09 00:00:00,0.0,0.0,9.41,0.0,6.81,8.8,0.2,13.52,0,2,40,9.696765019714174
2025-02-09 01:00:00,0.0,0.0,9.22,0.0,6.65,8.62,357.7,13.25,1,2,40,9.498422098856382
2025-02-09 02:00:00,0.0,0.0,8.87,0.0,6.61,8.56,355.6,13.05,2,2,40,9.432307791903789
2025-02-09 03:00:00,0.0,0.0,8.43,0.0,6.48,8.4,355.0,12.87,3,2,40,9.25600297336353
2025-02-09 04:00:00,0.0,0.0,7.56,0.0,6.3,8.19,355.4,12.77,4,2,40,9.024602899029441
2025-02-09 05:00:00,0.0,0.0,7.04,0.0,6.15,7.98,354.9,12.71,5,2,40,8.793202824695353
2025-02-09 06:00:00,9.73,1.36,7.06,9.73,6.16,7.96,350.8,12.84,6,2,40,8.77116472237782
2025-02-09 07:00:00,152.93,239.34,9.01,153.93,6.91,8.0,347.4,13.96,7,2,40,8.815240927012885
2025-02-09 08:00:00,374.15,507.21,12.35,375.95,7.47,8.24,345.2,14.73,8,2,40,9.079698154823273
2025-02-09 09:00:00,578.12,658.74,15.56,579.92,7.77,8.45,341.4,15.49,9,2,40,9.31109822915736
2025-02-09 10:00:00,729.6,736.21,17.71,731.08,7.99,8.69,336.4,16.19,10,2,40,9.575555456967747
2025-02-09 11:00:00,807.08,736.42,19.42,807.53,8.04,8.75,334.8,16.64,11,2,40,9.641669763920344
2025-02-09 12:00:00,804.38,746.12,20.77,812.22,7.9,8.61,335.4,16.92,12,2,40,9.487403047697617
2025-02-09 13:00:00,742.05,719.25,21.64,743.9,7.78,8.53,336.9,17.14,13,2,40,9.399250638427489
2025-02-09 14:00:00,592.3,640.49,21.86,601.85,7.68,8.48,339.7,17.37,14,2,40,9.344155382633659
2025-02-09 15:00:00,393.7,499.72,21.37,406.67,7.56,8.4,343.5,17.42,15,2,40,9.25600297336353
2025-02-09 16:00:00,178.85,274.08,19.93,185.55,7.24,8.27,347.4,17.15,16,2,40,9.112755308299569
2025-02-09 17:00:00,17.7,9.19,17.09,17.77,6.61,8.4,350.3,16.55,17,2,40,9.25600297336353
2025-02-09 18:00:00,0.0,0.0,16.29,0.0,6.77,8.84,350.2,16.2,18,2,40,9.740841224349237
2025-02-09 19:00:00,0.0,0.0,15.85,0.0,6.79,8.93,348.8,15.91,19,2,40,9.840012684778133
2025-02-09 20:00:00,0.0,0.0,15.15,0.0,6.62,8.7,346.6,15.59,20,2,40,9.586574508126512
2025-02-09 21:00:00,0.0,0.0,14.27,0.0,6.27,8.25,343.4,15.24,21,2,40,9.090717205982038
2025-02-09 22:00:00,0.0,0.0,13.56,0.0,6.02,7.9,339.3,14.9,22,2,40,8.705050415425225
2025-02-09 23:00:00,0.0,0.0,13.12,0.0,6.03,7.91,336.3,14.63,23,2,40,8.71606946658399
2025-02-10 00:00:00,0.0,0.0,12.76,0.0,6.11,8.01,336.0,14.41,0,2,41,8.82625997817165
2025-02-10 01:00:00,0.0,0.0,12.57,0.0,6.05,7.95,338.6,14.18,1,2,41,8.760145671219055
2025-02-10 02:00:00,0.0,0.0,12.21,0.0,5.93,7.8,343.1,13.96,2,2,41,8.594859903837563
2025-02-10 03:00:00,0.0,0.0,11.68,0.0,5.81,7.61,348.1,13.77,3,2,41,8.385497931821007
2025-02-10 04:00:00,0.0,0.0,10.99,0.0,5.67,7.41,352.9,13.59,4,2,41,8.165116908645684
2025-02-10 05:00:00,0.0,0.0,10.25,0.0,5.48,7.13,355.0,13.4,5,2,41,7.856583476200234
2025-02-10 06:00:00,9.62,1.47,9.9,10.2,5.22,6.77,354.1,13.4,6,2,41,7.459897634484654
2025-02-10 07:00:00,143.43,176.85,11.42,157.6,5.46,6.44,352.9,14.8,7,2,41,7.096268946245373
2025-02-10 08:00:00,362.25,418.65,14.3,383.1,6.01,6.6,349.3,15.52,8,2,41,7.27257376478563
2025-02-10 09:00:00,575.15,610.63,16.81,589.85,6.26,6.81,343.6,16.16,9,2,41,7.503973839119718
2025-02-10 10:00:00,734.1,701.34,18.66,745.0,6.51,7.04,339.8,16.78,10,2,41,7.757412015771339
2025-02-10 11:00:00,808.8,733.45,20.03,832.22,6.74,7.28,337.9,17.2,11,2,41,8.021869243581726
2025-02-10 12:00:00,809.17,720.9,21.02,842.5,6.92,7.5,337.4,17.42,12,2,41,8.26428836907458
2025-02-10 13:00:00,733.58,713.15,21.55,775.5,7.12,7.73,338.7,17.55,13,2,41,8.517726545726202
2025-02-10 14:00:00,634.85,762.84,21.57,638.15,7.27,7.94,341.8,17.56,14,2,41,8.74912662006029
2025-02-10 15:00:00,435.35,653.23,20.98,439.02,7.33,8.07,345.5,17.48,15,2,41,8.892374285124248
2025-02-10 16:00:00,204.77,435.89,19.46,207.18,7.17,8.15,348.8,17.21,16,2,41,8.980526694394378
2025-02-10 17:00:00,20.83,25.74,15.4,21.0,6.4,8.26,351.4,16.35,17,2,41,9.101736257140804
2025-02-10 18:00:00,0.0,0.0,14.07,0.0,6.41,8.44,353.6,16.05,18,2,41,9.300079177998594
2025-02-10 19:00:00,0.0,0.0,13.43,0.0,6.3,8.32,355.4,15.83,19,2,41,9.167850564093401
2025-02-10 20:00:00,0.0,0.0,12.71,0.0,5.98,7.87,356.0,15.53,20,2,41,8.671993261948925
2025-02-10 21:00:00,0.0,0.0,11.9,0.0,5.69,7.45,356.6,15.21,21,2,41,8.20919311328075
2025-02-10 22:00:00,0.0,0.0,11.12,0.0,5.44,7.1,357.6,14.89,22,2,41,7.823526322723935
2025-02-10 23:00:00,0.0,0.0,10.37,0.0,5.29,6.88,357.7,14.64,23,2,41,7.5811071972310815
2025-02-11 00:00:00,0.0,0.0,9.65,0.0,5.34,6.94,357.0,14.44,0,2,42,7.647221504183679
2025-02-11 01:00:00,0.0,0.0,9.01,0.0,5.65,7.38,356.5,14.26,1,2,42,8.132059755169387
2025-02-11 02:00:00,0.0,0.0,8.41,0.0,6.06,7.98,355.5,14.1,2,2,42,8.793202824695353
2025-02-11 03:00:00,0.0,0.0,7.83,0.0,6.44,8.52,355.2,13.94,3,2,42,9.388231587268722
2025-02-11 04:00:00,0.0,0.0,7.25,0.0,6.67,8.83,355.1,13.76,4,2,42,9.729822173190472
2025-02-11 05:00:00,0.0,0.0,6.73,0.0,6.85,9.09,354.9,13.58,5,2,42,10.01631750331839
2025-02-11 06:00:00,12.15,12.99,6.73,12.18,7.05,9.25,355.3,13.62,6,2,42,10.192622321858648
2025-02-11 07:00:00,180.35,445.74,8.7,181.77,7.82,9.1,355.3,14.76,7,2,42,10.027336554477156
2025-02-11 08:00:00,413.73,698.57,12.07,417.2,8.27,9.21,352.8,15.44,8,2,42,10.148546117223585
2025-02-11 09:00:00,619.58,801.25,15.5,624.1,8.31,9.17,347.2,16.14,9,2,42,10.10446991258852
2025-02-11 10:00:00,769.9,850.35,17.51,775.2,8.5,9.32,342.1,16.8,10,2,42,10.269755679970011
2025-02-11 11:00:00,842.08,813.08,18.94,848.17,8.8,9.62,336.9,17.29,11,2,42,10.600327214732994
2025-02-11 12:00:00,846.78,821.8,19.99,853.8,9.05,9.91,333.3,17.61,12,2,42,10.919879698337212
2025-02-11 13:00:00,782.25,837.88,20.62,782.83,9.14,10.07,331.2,17.83,13,2,42,11.09618451687747
2025-02-11 14:00:00,638.88,772.36,20.7,639.9,9.17,10.16,331.0,17.89,14,2,42,11.195355977306365
2025-02-11 15:00:00,437.85,656.5,20.15,440.38,9.13,10.21,331.8,17.77,15,2,42,11.250451233100195
2025-02-11 16:00:00,205.45,416.65,18.69,207.93,8.85,10.17,332.7,17.41,16,2,42,11.20637502846513
2025-02-11 17:00:00,21.12,26.77,15.01,21.17,8.02,10.05,334.4,16.68,17,2,42,11.074146414559937
2025-02-11 18:00:00,0.0,0.0,13.82,0.0,7.57,9.81,338.7,16.38,18,2,42,10.809689186749551
2025-02-11 19:00:00,0.0,0.0,13.14,0.0,7.12,9.34,343.7,16.11,19,2,42,10.291793782287543
2025-02-11 20:00:00,0.0,0.0,12.33,0.0,6.74,8.9,348.5,15.77,20,2,42,9.806955531301835
2025-02-11 21:00:00,0.0,0.0,11.8,0.0,6.61,8.74,352.9,15.37,21,2,42,9.630650712761577
2025-02-11 22:00:00,0.0,0.0,11.36,0.0,6.71,8.85,357.1,15.03,22,2,42,9.751860275508005
2025-02-11 23:00:00,0.0,0.0,10.89,0.0,6.83,8.99,358.5,14.7,23,2,42,9.90612699173073
2025-02-12 00:00:00,0.0,0.0,10.47,0.0,6.98,9.16,358.6,14.39,0,2,43,10.093450861429753
2025-02-12 01:00:00,0.0,0.0,10.11,0.0,7.01,9.2,357.9,14.11,1,2,43,10.137527066064818
2025-02-12 02:00:00,0.0,0.0,9.72,0.0,7.02,9.17,356.2,13.88,2,2,43,10.10446991258852
2025-02-12 03:00:00,0.0,0.0,9.3,0.0,7.02,9.18,354.4,13.67,3,2,43,10.115488963747286
2025-02-12 04:00:00,0.0,0.0,8.61,0.0,7.12,9.34,353.2,13.52,4,2,43,10.291793782287543
2025-02-12 05:00:00,0.0,0.0,7.43,0.0,7.37,9.6,352.4,13.39,5,2,43,10.578289112415462
2025-02-12 06:00:00,13.68,30.98,6.94,13.73,7.79,9.95,351.2,13.42,6,2,43,10.963955902972275
2025-02-12 07:00:00,194.23,551.08,8.51,196.2,8.74,10.11,350.1,14.33,7,2,43,11.140260721512533
2025-02-12 08:00:00,433.95,801.68,11.77,436.52,9.48,10.66,350.2,15.09,8,2,43,11.746308535244669
2025-02-12 09:00:00,641.7,893.2,15.27,642.97,9.56,10.62,347.2,15.81,9,2,43,11.702232330609604
2025-02-12 10:00:00,795.35,941.57,17.63,796.17,9.44,10.41,343.0,16.5,10,2,43,11.470832256275518
2025-02-12 11:00:00,864.55,875.33,19.41,865.1,9.19,10.07,338.9,17.07,11,2,43,11.09618451687747
2025-02-12 12:00:00,871.42,882.42,20.84,871.72,8.9,9.77,336.2,17.52,12,2,43,10.765612982114487
2025-02-12 13:00:00,800.9,873.25,21.79,800.97,8.9,9.82,335.0,17.83,13,2,43,10.820708237908317
2025-02-12 14:00:00,657.22,819.83,22.14,657.95,9.03,10.05,336.5,17.98,14,2,43,11.074146414559937
2025-02-12 15:00:00,454.95,711.59,21.82,456.15,9.02,10.14,339.4,17.96,15,2,43,11.173317874988832
2025-02-12 16:00:00,219.3,500.13,20.11,220.45,8.67,10.0,342.4,17.67,16,2,43,11.019051158766107
2025-02-12 17:00:00,23.7,47.08,15.64,23.75,7.57,9.58,345.4,16.82,17,2,43,10.556251010097931
2025-02-12 18:00:00,0.0,0.0,14.85,0.0,7.0,9.19,349.4,16.36,18,2,43,10.126508014906051
2025-02-12 19:00:00,0.0,0.0,14.12,0.0,6.6,8.75,355.1,16.0,19,2,43,9.641669763920344
2025-02-12 20:00:00,0.0,0.0,12.8,0.0,6.38,8.43,1.3,15.53,20,2,43,9.289060126839827
2025-02-12 21:00:00,0.0,0.0,11.63,0.0,6.42,8.48,6.0,14.98,21,2,43,9.344155382633659
2025-02-12 22:00:00,0.0,0.0,10.7,0.0,6.62,8.71,6.9,14.48,22,2,43,9.59759355928528
2025-02-12 23:00:00,0.0,0.0,9.95,0.0,6.9,9.05,3.6,14.03,23,2,43,9.972241298683327
2025-02-13 00:00:00,0.0,0.0,9.31,0.0,7.45,9.69,358.9,13.71,0,2,44,10.677460572844357
2025-02-13 01:00:00,0.0,0.0,8.68,0.0,8.27,10.52,355.3,13.53,1,2,44,11.592041819021944
2025-02-13 02:00:00,0.0,0.0,8.0,0.0,8.96,11.23,353.0,13.36,2,2,44,12.374394451294338
2025-02-13 03:00:00,0.0,0.0,7.33,0.0,9.26,11.52,352.3,13.15,3,2,44,12.693946934898554
2025-02-13 04:00:00,0.0,0.0,6.72,0.0,9.28,11.53,352.2,12.92,4,2,44,12.70496598605732
2025-02-13 05:00:00,0.0,0.0,6.22,0.0,9.28,11.51,353.1,12.73,5,2,44,12.682927883739788
2025-02-13 06:00:00,14.95,66.3,6.18,14.98,9.38,11.46,354.1,12.7,6,2,44,12.62783262794596
2025-02-13 07:00:00,197.18,538.02,8.06,197.45,9.89,11.38,353.4,13.36,7,2,44,12.53968021867583
2025-02-13 08:00:00,433.77,716.16,11.44,434.23,10.49,11.85,351.0,14.16,8,2,44,13.057575623137836
2025-02-13 09:00:00,642.38,815.09,14.53,642.83,10.97,12.27,348.0,15.09,9,2,44,13.520375771806012
2025-02-13 10:00:00,796.95,857.44,17.17,797.4,11.2,12.46,344.8,16.1,10,2,44,13.72973774382257
2025-02-13 11:00:00,876.83,839.2,19.14,877.28,11.23,12.45,340.9,16.81,11,2,44,13.718718692663803
2025-02-13 12:00:00,882.75,846.34,20.53,883.25,11.19,12.4,337.0,17.31,12,2,44,13.663623436869972
2025-02-13 13:00:00,809.72,830.98,21.35,810.33,11.06,12.3,334.6,17.65,13,2,44,13.553432925282312
2025-02-13 14:00:00,663.83,765.14,21.54,664.53,10.81,12.08,334.1,17.81,14,2,44,13.311013799789457
2025-02-13 15:00:00,458.62,648.99,21.03,459.4,10.45,11.77,335.0,17.75,15,2,44,12.969423213867707
2025-02-13 16:00:00,219.6,409.28,19.25,220.2,9.92,11.43,335.7,17.33,16,2,44,12.59477547446966
2025-02-13 17:00:00,23.92,20.3,14.45,23.98,8.88,10.94,336.4,16.62,17,2,44,12.05484196769012
2025-02-13 18:00:00,0.0,0.0,13.01,0.0,8.5,10.77,343.7,16.31,18,2,44,11.867518097991097
2025-02-13 19:00:00,0.0,0.0,12.34,0.0,8.16,10.39,352.0,15.93,19,2,44,11.448794153957985
2025-02-13 20:00:00,0.0,0.0,11.63,0.0,7.46,9.63,357.3,15.26,20,2,44,10.611346265891761
2025-02-13 21:00:00,0.0,0.0,10.81,0.0,7.15,9.33,0.6,14.68,21,2,44,10.280774731128778
2025-02-13 22:00:00,0.0,0.0,9.98,0.0,6.82,8.9,0.3,14.17,22,2,44,9.806955531301835
2025-02-13 23:00:00,0.0,0.0,9.21,0.0,6.58,8.62,359.5,13.72,23,2,44,9.498422098856382
2025-02-14 00:00:00,0.0,0.0,8.53,0.0,6.36,8.34,358.6,13.35,0,2,45,9.189888666410933
2025-02-14 01:00:00,0.0,0.0,7.87,0.0,5.96,7.81,357.5,12.97,1,2,45,8.60587895499633
2025-02-14 02:00:00,0.0,0.0,7.29,0.0,5.45,7.14,353.7,12.76,2,2,45,7.867602527359
2025-02-14 03:00:00,0.0,0.0,6.82,0.0,4.99,6.44,351.4,12.51,3,2,45,7.096268946245373
2025-02-14 04:00:00,0.0,0.0,6.3,0.0,4.54,5.74,353.3,12.21,4,2,45,6.324935365131745
2025-02-14 05:00:00,0.0,0.0,5.79,0.0,4.2,5.23,358.7,11.96,5,2,45,5.762963756034674
2025-02-14 06:00:00,15.23,33.78,5.97,15.38,3.82,4.69,5.0,12.15,6,2,45,5.167934993461304
2025-02-14 07:00:00,201.55,533.78,8.57,204.3,3.28,3.81,357.7,13.84,7,2,45,4.198258491489887
2025-02-14 08:00:00,444.38,772.44,11.68,448.2,3.62,3.84,343.6,15.21,8,2,45,4.231315644966185
2025-02-14 09:00:00,654.22,909.07,15.06,658.53,3.94,4.14,333.0,16.69,9,2,45,4.561887179729168
2025-02-14 10:00:00,808.2,956.67,19.05,813.05,4.2,4.36,326.8,18.13,10,2,45,4.804306305222023
2025-02-14 11:00:00,878.4,908.31,21.19,883.97,4.29,4.61,323.7,19.07,11,2,45,5.079782584191175
2025-02-14 12:00:00,882.83,908.36,22.44,888.7,4.46,4.96,322.5,19.64,12,2,45,5.465449374747989
2025-02-14 13:00:00,812.17,869.95,23.19,815.2,4.71,5.4,319.6,20.03,13,2,45,5.950287625733698
2025-02-14 14:00:00,666.12,819.58,23.39,670.3,4.96,5.86,316.5,20.24,14,2,45,6.457163979036939
2025-02-14 15:00:00,462.85,713.18,22.97,465.67,5.31,6.42,313.1,20.03,15,2,45,7.0742308439278405
2025-02-14 16:00:00,224.68,480.57,20.76,225.98,5.51,7.04,309.9,19.36,16,2,45,7.757412015771339
2025-02-14 17:00:00,25.25,44.8,16.56,25.33,5.49,7.51,310.2,18.01,17,2,45,8.275307420233347
2025-02-14 18:00:00,0.0,0.0,14.78,0.0,5.39,7.02,319.0,17.27,18,2,45,7.735373913453806
2025-02-14 19:00:00,0.0,0.0,13.57,0.0,4.4,5.69,329.3,16.5,19,2,45,6.269840109337915
2025-02-14 20:00:00,0.0,0.0,12.49,0.0,3.78,4.81,336.8,15.69,20,2,45,5.300163607366497
2025-02-14 21:00:00,0.0,0.0,11.51,0.0,3.69,4.6,348.1,14.94,21,2,45,5.068763533032409
2025-02-14 22:00:00,0.0,0.0,10.65,0.0,3.33,4.1,357.5,14.49,22,2,45,4.517810975094103
2025-02-14 23:00:00,0.0,0.0,9.87,0.0,2.9,3.57,356.5,14.36,23,2,45,3.9338012636795
2025-02-15 00:00:00,0.0,0.0,9.18,0.0,2.88,3.5,349.6,14.5,0,2,46,3.856667905568137
2025-02-15 01:00:00,0.0,0.0,8.55,0.0,3.04,3.68,339.5,14.69,1,2,46,4.055010826425927
2025-02-15 02:00:00,0.0,0.0,7.96,0.0,3.5,4.38,319.4,14.62,2,2,46,4.826344407539555
2025-02-15 03:00:00,0.0,0.0,7.37,0.0,4.33,5.42,306.1,13.98,3,2,46,5.97232572805123
2025-02-15 04:00:00,0.0,0.0,6.79,0.0,4.55,5.7,302.7,13.43,4,2,46,6.280859160496681
2025-02-15 05:00:00,0.0,0.0,6.32,0.0,4.38,5.45,299.8,13.02,5,2,46,6.005382881527528
2025-02-15 06:00:00,15.1,24.69,6.64,15.25,4.06,5.01,296.1,12.94,6,2,46,5.520544630541819
2025-02-15 07:00:00,196.07,471.27,10.87,199.7,3.84,4.22,292.6,14.29,7,2,46,4.650039588999297
2025-02-15 08:00:00,437.85,714.27,14.2,443.35,2.98,2.99,291.8,15.59,8,2,46,3.294696296471066
2025-02-15 09:00:00,650.25,852.12,17.97,656.33,2.0,2.02,285.2,16.93,9,2,46,2.2258483340707538
2025-02-15 10:00:00,807.42,914.1,21.92,813.2,0.73,0.8,279.3,18.34,10,2,46,0.8815240927012886
2025-02-15 11:00:00,884.1,900.5,23.61,889.33,0.93,0.76,88.5,19.79,11,2,46,0.8374478880662242
2025-02-15 12:00:00,893.8,904.8,24.54,898.2,1.91,2.02,77.1,20.5,12,2,46,2.2258483340707538
2025-02-15 13:00:00,820.7,895.48,24.92,827.85,2.52,2.88,68.4,20.76,13,2,46,3.1734867337246384
2025-02-15 14:00:00,677.4,841.8,24.61,683.2,2.82,3.4,59.0,20.71,14,2,46,3.7464773939804763
2025-02-15 15:00:00,472.2,743.43,23.5,476.25,2.7,3.38,48.5,20.4,15,2,46,3.724439291662944
2025-02-15 16:00:00,231.95,514.94,21.0,233.93,2.25,3.18,34.5,19.75,16,2,46,3.504058268487622
2025-02-15 17:00:00,27.02,55.95,15.8,27.17,1.87,2.7,11.8,18.55,17,2,46,2.975143812866849
2025-02-15 18:00:00,0.0,0.0,14.01,0.0,1.88,2.58,328.5,18.26,18,2,46,2.8429151989616557
2025-02-15 19:00:00,0.0,0.0,12.97,0.0,2.83,3.65,297.8,17.56,19,2,46,4.021953672949629
2025-02-15 20:00:00,0.0,0.0,12.08,0.0,4.09,5.14,284.3,16.67,20,2,46,5.663792295605778
2025-02-15 21:00:00,0.0,0.0,11.35,0.0,5.03,6.39,280.0,15.71,21,2,46,7.041173690451542
2025-02-15 22:00:00,0.0,0.0,10.72,0.0,5.49,6.98,280.8,14.97,22,2,46,7.691297708818743
2025-02-15 23:00:00,0.0,0.0,10.14,0.0,5.76,7.31,283.0,14.47,23,2,46,8.054926397058024
2025-02-16 00:00:00,0.0,0.0,9.56,0.0,5.87,7.44,285.9,14.15,0,2,47,8.198174062121984
2025-02-16 01:00:00,0.0,0.0,9.02,0.0,5.77,7.3,289.1,13.96,1,2,47,8.043907345899258
2025-02-16 02:00:00,0.0,0.0,8.55,0.0,5.6,7.07,290.5,13.83,2,2,47,7.790469169247638
2025-02-16 03:00:00,0.0,0.0,8.16,0.0,5.45,6.89,291.7,13.77,3,2,47,7.592126248389847
2025-02-16 04:00:00,0.0,0.0,7.85,0.0,5.29,6.69,292.8,13.78,4,2,47,7.371745225214526
2025-02-16 05:00:00,0.0,0.0,7.53,0.0,5.07,6.45,295.9,13.73,5,2,47,7.107287997404139
2025-02-16 06:00:00,16.52,33.13,7.82,16.55,4.85,6.18,301.4,13.81,6,2,47,6.809773616117454
2025-02-16 07:00:00,205.55,542.36,12.09,206.0,4.85,5.47,315.1,15.31,7,2,47,6.02742098384506
2025-02-16 08:00:00,448.83,760.72,15.34,449.3,5.18,5.69,336.8,16.83,8,2,47,6.269840109337915
2025-02-16 09:00:00,660.33,880.87,19.5,660.65,5.67,6.13,343.2,17.85,9,2,47,6.754678360323624
2025-02-16 10:00:00,814.9,948.05,22.33,815.08,5.87,6.34,342.5,18.56,10,2,47,6.986078434657712
2025-02-16 11:00:00,889.53,915.04,23.88,889.65,5.72,6.18,338.7,19.06,11,2,47,6.809773616117454
2025-02-16 12:00:00,895.7,917.71,24.83,895.72,5.48,5.95,336.2,19.36,12,2,47,6.556335439465833
2025-02-16 13:00:00,822.42,896.17,25.27,823.2,5.33,5.84,339.1,19.54,13,2,47,6.435125876719406
2025-02-16 14:00:00,676.38,828.08,25.2,678.03,5.27,5.9,347.2,19.6,14,2,47,6.501240183672003
2025-02-16 15:00:00,470.77,729.74,24.51,473.33,5.3,6.07,356.3,19.45,15,2,47,6.688564053371027
2025-02-16 16:00:00,231.38,480.69,22.12,233.77,5.04,6.07,5.2,19.09,16,2,47,6.688564053371027
2025-02-16 17:00:00,27.42,47.14,17.04,27.7,4.29,5.84,10.6,17.78,17,2,47,6.435125876719406
2025-02-16 18:00:00,0.0,0.0,15.24,0.0,4.02,5.27,8.5,17.3,18,2,47,5.807039960669738
2025-02-16 19:00:00,0.0,0.0,14.15,0.0,3.73,4.7,5.0,17.07,19,2,47,5.17895404462007
2025-02-16 20:00:00,0.0,0.0,13.16,0.0,3.39,4.12,1.4,16.81,20,2,47,4.5398490774116365
2025-02-16 21:00:00,0.0,0.0,12.25,0.0,2.95,3.51,355.9,16.49,21,2,47,3.867686956726903
2025-02-16 22:00:00,0.0,0.0,11.42,0.0,2.56,3.03,346.5,16.1,22,2,47,3.33877250110613
2025-02-16 23:00:00,0.0,0.0,10.67,0.0,2.25,2.68,334.1,15.75,23,2,47,2.9531057105493166
2025-02-17 00:00:00,0.0,0.0,9.98,0.0,2.09,2.5,319.2,15.49,0,2,48,2.7547627896915268
2025-02-17 01:00:00,0.0,0.0,9.34,0.0,2.19,2.65,307.5,15.24,1,2,48,2.9200485570730184
2025-02-17 02:00:00,0.0,0.0,8.75,0.0,2.56,3.09,304.5,15.04,2,2,48,3.404886808058727
2025-02-17 03:00:00,0.0,0.0,8.15,0.0,2.78,3.34,302.8,14.91,3,2,48,3.6803630870278794
2025-02-17 04:00:00,0.0,0.0,7.66,0.0,2.78,3.31,300.7,14.83,4,2,48,3.647305933551581
2025-02-17 05:00:00,0.0,0.0,7.14,0.0,2.7,3.18,302.1,14.76,5,2,48,3.504058268487622
2025-02-17 06:00:00,16.75,23.16,7.38,17.2,2.46,2.9,306.2,14.96,6,2,48,3.195524836042171
2025-02-17 07:00:00,188.98,355.31,10.99,206.68,2.26,2.57,306.8,16.24,7,2,48,2.831896147802889
2025-02-17 08:00:00,408.75,478.62,14.18,449.67,1.82,1.84,311.0,17.59,8,2,48,2.0275054132129635
2025-02-17 09:00:00,597.25,606.75,18.3,660.42,1.07,1.09,289.8,19.06,9,2,48,1.2010765763055058
2025-02-17 10:00:00,770.65,662.38,21.46,814.25,0.5,0.68,254.7,19.89,10,2,48,0.7492954787960953
2025-02-17 11:00:00,845.85,640.06,23.35,887.25,0.37,0.26,133.5,20.35,11,2,48,0.2864953301279188
2025-02-17 12:00:00,877.97,850.28,24.63,892.4,1.28,1.27,78.7,20.88,12,2,48,1.3994194971632956
2025-02-17 13:00:00,811.58,837.34,25.36,818.35,1.96,2.13,63.8,21.3,13,2,48,2.3470578968171805
2025-02-17 14:00:00,659.7,741.51,25.52,672.15,2.33,2.67,48.5,21.5,14,2,48,2.9420866593905504
2025-02-17 15:00:00,457.35,639.73,25.08,467.15,2.49,3.03,30.8,21.47,15,2,48,3.33877250110613
2025-02-17 16:00:00,223.07,430.06,22.83,228.68,2.54,3.67,17.8,20.89,16,2,48,4.043991775267161
2025-02-17 17:00:00,27.17,38.75,18.95,27.48,2.55,4.03,13.2,19.34,17,2,48,4.440677616982741
2025-02-17 18:00:00,0.0,0.0,16.73,0.0,2.45,3.72,8.0,18.92,18,2,48,4.099087031060992
2025-02-17 19:00:00,0.0,0.0,15.12,0.0,2.1,3.09,359.8,18.8,19,2,48,3.404886808058727
2025-02-17 20:00:00,0.0,0.0,14.03,0.0,1.7,2.39,345.7,18.74,20,2,48,2.6335532269450996
2025-02-17 21:00:00,0.0,0.0,13.12,0.0,1.46,1.9,325.3,18.55,21,2,48,2.09361972016556
2025-02-17 22:00:00,0.0,0.0,12.26,0.0,1.49,1.76,304.3,18.18,22,2,48,1.9393530039428348
2025-02-17 23:00:00,0.0,0.0,11.44,0.0,1.84,2.18,287.6,17.58,23,2,48,2.4021531526110116
2025-02-18 00:00:00,0.0,0.0,10.76,0.0,2.27,2.72,281.9,17.02,0,2,49,2.997181915184381
2025-02-18 01:00:00,0.0,0.0,10.08,0.0,2.52,3.01,285.0,16.6,1,2,49,3.316734398788598
2025-02-18 02:00:00,0.0,0.0,9.36,0.0,2.62,3.12,293.6,16.28,2,2,49,3.4379439615350256
2025-02-18 03:00:00,0.0,0.0,8.64,0.0,2.51,2.93,307.9,16.11,3,2,49,3.2285819895184695
2025-02-18 04:00:00,0.0,0.0,8.04,0.0,2.3,2.65,325.6,16.09,4,2,49,2.9200485570730184
2025-02-18 05:00:00,0.0,0.0,7.57,0.0,2.28,2.65,328.6,15.92,5,2,49,2.9200485570730184
2025-02-18 06:00:00,18.5,40.16,7.97,18.52,2.28,2.66,328.0,15.86,6,2,49,2.9310676082317846
2025-02-18 07:00:00,213.07,546.99,11.76,213.75,2.17,2.51,329.3,17.02,7,2,49,2.7657818408502926
2025-02-18 08:00:00,458.52,790.22,14.75,459.65,2.2,2.34,347.2,18.4,8,2,49,2.578457971151269
2025-02-18 09:00:00,670.3,905.64,19.09,671.65,2.09,2.3,358.5,20.05,9,2,49,2.5343817665162045
2025-02-18 10:00:00,824.6,949.75,22.64,826.08,1.59,1.93,349.3,20.7,10,2,49,2.1266768736418586
2025-02-18 11:00:00,893.92,904.6,24.28,895.58,1.39,1.71,332.8,21.02,11,2,49,1.8842577481490042
2025-02-18 12:00:00,899.7,874.44,25.29,901.53,1.33,1.64,333.9,21.29,12,2,49,1.8071243900376415
2025-02-18 13:00:00,827.17,861.26,25.87,828.15,1.63,1.96,0.3,21.48,13,2,49,2.159734027118157
2025-02-18 14:00:00,680.35,816.01,25.89,681.5,2.41,2.99,19.1,21.52,14,2,49,3.294696296471066
2025-02-18 15:00:00,473.52,680.2,25.39,474.75,3.27,4.2,26.0,21.18,15,2,49,4.628001486681765
2025-02-18 16:00:00,232.55,472.44,22.92,233.52,3.77,4.96,28.7,20.46,16,2,49,5.465449374747989
2025-02-18 17:00:00,28.85,44.7,18.47,28.92,3.34,4.75,24.1,18.94,17,2,49,5.234049300413901
2025-02-18 18:00:00,0.0,0.0,16.52,0.0,2.95,4.02,6.3,18.49,18,2,49,4.429658565823974
2025-02-18 19:00:00,0.0,0.0,15.42,0.0,2.73,3.83,345.3,18.38,19,2,49,4.220296593807419
2025-02-18 20:00:00,0.0,0.0,14.55,0.0,2.91,4.08,332.6,18.09,20,2,49,4.495772872776572
2025-02-18 21:00:00,0.0,0.0,13.8,0.0,3.36,4.47,327.7,17.87,21,2,49,4.925515867968449
2025-02-18 22:00:00,0.0,0.0,13.06,0.0,3.81,4.85,327.9,17.65,22,2,49,5.344239812001561
2025-02-18 23:00:00,0.0,0.0,12.17,0.0,4.1,5.21,332.3,17.32,23,2,49,5.740925653717142
2025-02-19 00:00:00,0.0,0.0,11.26,0.0,4.27,5.42,336.0,17.01,0,2,50,5.97232572805123
2025-02-19 01:00:00,0.0,0.0,10.42,0.0,4.48,5.65,338.2,16.52,1,2,50,6.225763904702851
2025-02-19 02:00:00,0.0,0.0,9.69,0.0,4.77,6.02,337.2,16.12,2,2,50,6.633468797577196
2025-02-19 03:00:00,0.0,0.0,9.07,0.0,5.08,6.56,334.6,16.14,3,2,50,7.228497560150566
2025-02-19 04:00:00,0.0,0.0,8.56,0.0,5.41,7.05,332.6,15.86,4,2,50,7.768431066930105
2025-02-19 05:00:00,0.0,0.0,8.19,0.0,5.63,7.31,328.8,15.4,5,2,50,8.054926397058024
2025-02-19 06:00:00,18.38,19.15,8.72,18.4,5.75,7.37,325.3,15.21,6,2,50,8.121040704010621
2025-02-19 07:00:00,205.82,436.45,12.68,206.35,6.03,6.84,323.8,16.38,7,2,50,7.537030992596017
2025-02-19 08:00:00,446.65,664.76,16.08,447.3,6.02,6.59,328.9,17.71,8,2,50,7.2615547136268646
2025-02-19 09:00:00,657.4,787.32,20.4,657.92,6.01,6.62,327.0,19.35,9,2,50,7.294611867103162
2025-02-19 10:00:00,811.0,843.29,23.56,811.4,5.92,7.0,322.2,20.62,10,2,50,7.713335811136274
2025-02-19 11:00:00,883.08,802.53,25.08,883.38,5.9,7.21,323.5,21.05,11,2,50,7.9447358854703625
2025-02-19 12:00:00,885.72,797.59,25.98,885.92,5.91,7.31,328.9,21.13,12,2,50,8.054926397058024
2025-02-19 13:00:00,809.05,761.87,26.36,809.12,5.99,7.47,336.1,21.09,13,2,50,8.231231215598282
2025-02-19 14:00:00,658.65,679.64,26.14,658.85,6.11,7.68,343.1,20.97,14,2,50,8.46263128993237
2025-02-19 15:00:00,450.05,535.88,25.26,450.33,6.15,7.81,348.5,20.74,15,2,50,8.60587895499633
2025-02-19 16:00:00,215.38,314.85,23.26,215.55,5.73,7.52,352.7,20.35,16,2,50,8.286326471392112
2025-02-19 17:00:00,26.92,7.7,18.69,26.95,4.65,7.09,354.6,19.08,17,2,50,7.8125072715651696
2025-02-19 18:00:00,0.0,0.0,17.04,0.0,4.81,7.14,353.4,18.5,18,2,50,7.867602527359
2025-02-19 19:00:00,0.0,0.0,16.09,0.0,5.05,7.09,352.6,18.07,19,2,50,7.8125072715651696
2025-02-19 20:00:00,0.0,0.0,15.2,0.0,5.13,6.83,351.3,17.52,20,2,50,7.526011941437251
2025-02-19 21:00:00,0.0,0.0,14.38,0.0,5.09,6.61,350.2,16.87,21,2,50,7.283592815944397
2025-02-19 22:00:00,0.0,0.0,13.64,0.0,5.07,6.55,348.7,16.29,22,2,50,7.2174785089918
2025-02-19 23:00:00,0.0,0.0,13.01,0.0,5.18,6.69,347.7,15.83,23,2,50,7.371745225214526
2025-02-20 00:00:00,0.0,0.0,12.54,0.0,5.23,6.74,347.0,15.49,0,2,51,7.426840481008356
2025-02-20 01:00:00,0.0,0.0,12.13,0.0,5.18,6.7,346.4,15.21,1,2,51,7.382764276373291
2025-02-20 02:00:00,0.0,0.0,11.74,0.0,5.1,6.58,346.3,14.93,2,2,51,7.250535662468098
2025-02-20 03:00:00,0.0,0.0,11.33,0.0,5.02,6.52,347.2,14.67,3,2,51,7.184421355515501
2025-02-20 04:00:00,0.0,0.0,10.92,0.0,5.02,6.52,348.3,14.6,4,2,51,7.184421355515501
2025-02-20 05:00:00,0.0,0.0,10.45,0.0,4.83,6.23,345.8,14.49,5,2,51,6.864868871911285
2025-02-20 06:00:00,18.92,16.84,10.64,19.0,4.61,5.95,341.0,14.64,6,2,51,6.556335439465833
2025-02-20 07:00:00,207.5,450.03,13.04,208.43,5.1,5.8,337.9,16.04,7,2,51,6.391049672084342
2025-02-20 08:00:00,451.17,719.22,16.39,452.17,5.7,6.25,337.0,16.95,8,2,51,6.8869069742288165
2025-02-20 09:00:00,664.0,849.8,20.0,664.7,6.0,6.53,336.1,17.7,9,2,51,7.195440406674268
2025-02-20 10:00:00,819.72,920.69,21.94,820.15,6.19,6.74,333.9,18.34,10,2,51,7.426840481008356
2025-02-20 11:00:00,889.88,851.49,23.39,890.17,6.43,7.01,332.7,18.83,11,2,51,7.724354862295041
2025-02-20 12:00:00,896.75,859.8,24.48,896.85,6.64,7.28,336.7,19.18,12,2,51,8.021869243581726
2025-02-20 13:00:00,824.22,838.94,25.07,824.42,6.89,7.6,343.5,19.45,13,2,51,8.37447888066224
2025-02-20 14:00:00,679.28,783.24,25.05,679.53,7.19,8.01,348.8,19.62,14,2,51,8.82625997817165
2025-02-20 15:00:00,475.1,673.62,24.36,475.35,7.43,8.36,353.5,19.53,15,2,51,9.211926768728464
2025-02-20 16:00:00,236.98,482.54,22.68,237.18,7.54,8.59,357.7,19.01,16,2,51,9.465364945380086
2025-02-20 17:00:00,31.0,47.86,18.16,31.02,6.99,8.57,1.4,18.15,17,2,51,9.443326843062554
2025-02-20 18:00:00,0.0,0.0,16.47,0.0,6.7,8.54,0.7,17.63,18,2,51,9.410269689586254
2025-02-20 19:00:00,0.0,0.0,15.7,0.0,6.62,8.52,359.8,17.31,19,2,51,9.388231587268722
2025-02-20 20:00:00,0.0,0.0,14.96,0.0,6.83,8.8,1.3,16.99,20,2,51,9.696765019714174
2025-02-20 21:00:00,0.0,0.0,14.19,0.0,6.89,8.77,2.5,16.6,21,2,51,9.663707866237875
2025-02-20 22:00:00,0.0,0.0,13.41,0.0,6.99,8.81,0.8,16.23,22,2,51,9.70778407087294
2025-02-20 23:00:00,0.0,0.0,12.62,0.0,7.59,9.25,358.6,16.14,23,2,51,10.192622321858648
2025-02-21 00:00:00,0.0,0.0,11.82,0.0,8.39,9.93,358.1,15.95,0,2,52,10.941917800654744
2025-02-21 01:00:00,0.0,0.0,11.05,0.0,8.8,10.26,358.6,15.54,1,2,52,11.305546488894025
2025-02-21 02:00:00,0.0,0.0,10.39,0.0,8.74,10.18,359.6,14.94,2,2,52,11.217394079623896
2025-02-21 03:00:00,0.0,0.0,9.81,0.0,8.32,9.77,0.2,14.33,3,2,52,10.765612982114487
2025-02-21 04:00:00,0.0,0.0,9.36,0.0,7.66,9.14,0.1,13.87,4,2,52,10.071412759112222
2025-02-21 05:00:00,0.0,0.0,8.97,0.0,6.92,8.5,358.8,13.5,5,2,52,9.366193484951191
2025-02-21 06:00:00,21.33,51.5,9.34,21.88,6.43,7.88,356.7,13.39,6,2,52,8.683012313107692
2025-02-21 07:00:00,204.8,408.57,11.64,220.77,6.57,7.2,352.3,14.06,7,2,52,7.933716834311597
2025-02-21 08:00:00,430.23,483.29,15.16,462.15,6.32,6.81,345.4,14.58,8,2,52,7.503973839119718
2025-02-21 09:00:00,619.47,572.44,18.58,670.58,6.26,6.73,339.3,15.2,9,2,52,7.41582142984959
2025-02-21 10:00:00,764.1,613.85,20.71,821.97,6.47,6.92,338.2,15.77,10,2,52,7.6251834018661455
2025-02-21 11:00:00,822.0,553.32,22.08,887.62,6.89,7.37,341.4,16.1,11,2,52,8.121040704010621
2025-02-21 12:00:00,843.03,628.83,23.03,891.78,7.33,7.88,343.6,16.26,12,2,52,8.683012313107692
2025-02-21 13:00:00,785.2,704.53,23.49,817.62,7.4,8.03,344.4,16.39,13,2,52,8.848298080489183
2025-02-21 14:00:00,553.25,259.32,23.36,671.42,7.26,7.95,345.6,16.67,14,2,52,8.760145671219055
2025-02-21 15:00:00,361.38,232.38,22.51,466.4,7.09,7.84,346.2,16.86,15,2,52,8.638936108472627
2025-02-21 16:00:00,192.23,180.64,20.92,228.9,6.85,7.67,346.2,16.76,16,2,52,8.451612238773604
2025-02-21 17:00:00,29.25,16.98,17.79,30.08,5.98,7.64,346.5,15.98,17,2,52,8.418555085297305
2025-02-21 18:00:00,0.0,0.0,15.86,0.0,5.95,7.81,347.7,15.53,18,2,52,8.60587895499633
2025-02-21 19:00:00,0.0,0.0,14.59,0.0,5.87,7.69,348.2,15.29,19,2,52,8.473650341091137
2025-02-21 20:00:00,0.0,0.0,13.48,0.0,5.67,7.41,349.8,15.01,20,2,52,8.165116908645684
2025-02-21 21:00:00,0.0,0.0,12.48,0.0,5.42,7.05,354.1,14.67,21,2,52,7.768431066930105
2025-02-21 22:00:00,0.0,0.0,11.52,0.0,5.23,6.77,358.7,14.28,22,2,52,7.459897634484654
2025-02-21 23:00:00,0.0,0.0,10.7,0.0,5.29,6.87,1.2,13.93,23,2,52,7.570088146072315
2025-02-22 00:00:00,0.0,0.0,9.95,0.0,5.65,7.38,0.5,13.66,0,2,53,8.132059755169387
2025-02-22 01:00:00,0.0,0.0,9.25,0.0,6.16,8.09,358.4,13.45,1,2,53,8.91441238744178
2025-02-22 02:00:00,0.0,0.0,8.71,0.0,6.66,8.76,357.3,13.28,2,2,53,9.65268881507911
2025-02-22 03:00:00,0.0,0.0,8.67,0.0,7.04,9.24,357.3,13.13,3,2,53,10.181603270699883
2025-02-22 04:00:00,0.0,0.0,8.38,0.0,7.26,9.5,358.3,12.97,4,2,53,10.468098600827801
2025-02-22 05:00:00,0.0,0.0,7.98,0.0,7.16,9.4,358.6,12.78,5,2,53,10.35790808924014
2025-02-22 06:00:00,20.33,11.77,8.08,20.67,6.95,8.95,358.7,12.94,6,2,53,9.862050787095665
2025-02-22 07:00:00,191.9,277.78,9.66,209.4,7.28,8.24,358.3,13.98,7,2,53,9.079698154823273
2025-02-22 08:00:00,418.48,474.37,12.91,449.73,7.11,7.81,352.3,14.64,8,2,53,8.60587895499633
2025-02-22 09:00:00,627.4,634.09,15.72,660.35,6.97,7.58,344.9,15.22,9,2,53,8.35244077834471
2025-02-22 10:00:00,766.58,606.22,17.58,813.85,6.82,7.39,339.9,15.76,10,2,53,8.143078806328152
2025-02-22 11:00:00,860.17,657.73,19.22,874.05,6.96,7.53,336.6,16.14,11,2,53,8.297345522550879
2025-02-22 12:00:00,851.45,679.52,20.51,879.55,7.22,7.83,335.8,16.41,12,2,53,8.627917057313862
2025-02-22 13:00:00,775.4,633.74,21.38,804.53,7.55,8.24,338.1,16.73,13,2,53,9.079698154823273
2025-02-22 14:00:00,620.55,528.69,21.53,656.67,7.84,8.62,342.5,17.0,14,2,53,9.498422098856382
2025-02-22 15:00:00,414.95,362.97,20.99,451.12,8.07,8.95,345.0,17.12,15,2,53,9.862050787095665
2025-02-22 16:00:00,195.4,174.92,19.63,217.75,8.1,9.17,345.5,16.96,16,2,53,10.10446991258852
2025-02-22 17:00:00,26.88,5.24,16.42,28.65,7.33,9.18,346.6,16.26,17,2,53,10.115488963747286
2025-02-22 18:00:00,0.0,0.0,15.02,0.0,7.15,9.33,348.2,15.82,18,2,53,10.280774731128778
2025-02-22 19:00:00,0.0,0.0,14.2,0.0,7.27,9.54,351.4,15.56,19,2,53,10.512174805462864
2025-02-22 20:00:00,0.0,0.0,13.18,0.0,7.51,9.82,357.1,15.23,20,2,53,10.820708237908317
2025-02-22 21:00:00,0.0,0.0,12.25,0.0,7.82,10.08,2.2,14.78,21,2,53,11.107203568036235
2025-02-22 22:00:00,0.0,0.0,11.67,0.0,7.83,10.0,5.6,14.2,22,2,53,11.019051158766107
2025-02-22 23:00:00,0.0,0.0,11.49,0.0,7.75,9.9,6.3,13.7,23,2,53,10.908860647178447
2025-02-23 00:00:00,0.0,0.0,11.35,0.0,7.69,9.83,5.3,13.34,0,2,54,10.831727289067082
2025-02-23 01:00:00,0.0,0.0,10.43,0.0,7.58,9.71,4.6,13.03,1,2,54,10.699498675161891
2025-02-23 02:00:00,0.0,0.0,9.82,0.0,7.35,9.46,3.9,12.69,2,2,54,10.424022396192738
2025-02-23 03:00:00,0.0,0.0,9.51,0.0,7.14,9.24,1.9,12.41,3,2,54,10.181603270699883
2025-02-23 04:00:00,0.0,0.0,9.2,0.0,7.24,9.33,0.1,12.27,4,2,54,10.280774731128778
2025-02-23 05:00:00,0.0,0.0,8.87,0.0,7.58,9.43,2.2,12.55,5,2,54,10.390965242716439
2025-02-23 06:00:00,19.85,3.33,8.43,20.35,7.39,9.04,6.5,12.75,6,2,54,9.96122224752456
2025-02-23 07:00:00,180.25,201.38,9.7,197.27,7.83,8.79,4.3,13.51,7,2,54,9.685745968555407
2025-02-23 08:00:00,409.8,437.52,12.36,428.95,7.99,8.82,359.9,14.38,8,2,54,9.718803122031707
2025-02-23 09:00:00,631.92,628.54,15.15,637.58,8.31,9.14,354.4,15.33,9,2,54,10.071412759112222
2025-02-23 10:00:00,787.05,698.18,17.48,790.55,8.95,9.8,349.1,16.27,10,2,54,10.798670135590786
2025-02-23 11:00:00,866.92,699.94,19.36,868.85,9.62,10.52,344.1,17.03,11,2,54,11.592041819021944
2025-02-23 12:00:00,875.9,721.63,20.77,876.25,10.19,11.17,339.5,17.48,12,2,54,12.30828014434174
2025-02-23 13:00:00,797.3,688.86,21.67,804.78,10.5,11.56,334.3,17.67,13,2,54,12.73802313953362
2025-02-23 14:00:00,656.55,639.13,21.94,660.17,10.65,11.8,328.4,17.55,14,2,54,13.002480367344006
2025-02-23 15:00:00,442.08,481.35,21.51,455.1,10.7,11.98,327.5,17.19,15,2,54,13.200823288201796
2025-02-23 16:00:00,209.2,251.59,20.18,221.38,10.38,11.81,332.6,16.65,16,2,54,13.013499418502773
2025-02-23 17:00:00,29.25,8.3,16.84,30.25,9.77,11.58,333.8,16.06,17,2,54,12.760061241851151
2025-02-23 18:00:00,0.0,0.0,15.68,0.0,9.94,11.86,343.8,15.59,18,2,54,13.068594674296602
2025-02-23 19:00:00,0.0,0.0,14.74,0.0,10.04,11.95,354.4,15.0,19,2,54,13.167766134725497
2025-02-23 20:00:00,0.0,0.0,13.57,0.0,9.99,11.83,0.8,14.16,20,2,54,13.035537520820304
2025-02-23 21:00:00,0.0,0.0,12.58,0.0,9.69,11.45,3.8,13.29,21,2,54,12.616813576787191
2025-02-23 22:00:00,0.0,0.0,11.86,0.0,9.07,10.77,2.4,12.63,22,2,54,11.867518097991097
2025-02-23 23:00:00,0.0,0.0,11.31,0.0,8.8,10.58,0.5,12.29,23,2,54,11.658156125974541
2025-02-24 00:00:00,0.0,0.0,10.83,0.0,8.75,10.62,0.7,12.09,0,2,55,11.702232330609604
2025-02-24 01:00:00,0.0,0.0,10.29,0.0,8.81,10.77,1.4,11.92,1,2,55,11.867518097991097
2025-02-24 02:00:00,0.0,0.0,9.78,0.0,9.0,11.05,1.8,11.81,2,2,55,12.176051530436549
2025-02-24 03:00:00,0.0,0.0,9.29,0.0,9.21,11.32,3.3,11.69,3,2,55,12.473565911723233
2025-02-24 04:00:00,0.0,0.0,8.74,0.0,9.1,11.24,5.8,11.56,4,2,55,12.385413502453105
2025-02-24 05:00:00,0.0,0.0,8.23,0.0,8.98,11.12,8.8,11.44,5,2,55,12.25318488854791
2025-02-24 06:00:00,22.92,21.21,7.97,23.48,8.87,10.78,10.7,11.58,6,2,55,11.878537149149862
2025-02-24 07:00:00,201.38,292.61,9.45,214.68,8.9,10.13,9.7,12.46,7,2,55,11.162298823830067
2025-02-24 08:00:00,420.5,433.09,12.07,452.77,9.01,10.16,4.1,13.51,8,2,55,11.195355977306365
2025-02-24 09:00:00,621.88,504.54,14.69,663.17,9.59,10.73,357.6,14.47,9,2,55,11.823441893356033
2025-02-24 10:00:00,768.47,514.33,16.84,817.72,9.96,11.06,351.8,15.35,10,2,55,12.187070581595314
2025-02-24 11:00:00,815.1,379.33,18.68,876.05,9.98,11.03,346.6,15.95,11,2,55,12.154013428119015
2025-02-24 12:00:00,707.92,159.7,20.14,878.38,10.06,11.07,341.6,16.31,12,2,55,12.19808963275408
2025-02-24 13:00:00,743.38,462.1,20.98,809.3,10.37,11.44,338.9,16.47,13,2,55,12.605794525628426
2025-02-24 14:00:00,586.42,340.87,21.01,662.9,10.55,11.71,338.6,16.47,14,2,55,12.903308906915111
2025-02-24 15:00:00,392.17,255.87,20.31,458.17,10.47,11.72,340.3,16.32,15,2,55,12.914327958073878
2025-02-24 16:00:00,190.4,84.53,19.19,224.38,10.17,11.51,343.8,15.92,16,2,55,12.682927883739788
2025-02-24 17:00:00,28.33,2.54,16.7,31.23,9.61,11.34,348.9,15.22,17,2,55,12.495604014040765
2025-02-24 18:00:00,0.0,0.0,15.03,0.0,9.43,11.24,356.2,14.67,18,2,55,12.385413502453105
2025-02-24 19:00:00,0.0,0.0,14.3,0.0,8.95,10.73,2.8,14.05,19,2,55,11.823441893356033
2025-02-24 20:00:00,0.0,0.0,13.47,0.0,8.26,10.04,9.3,13.37,20,2,55,11.06312736340117
2025-02-24 21:00:00,0.0,0.0,12.79,0.0,7.28,9.13,13.4,12.72,21,2,55,10.060393707953455
2025-02-24 22:00:00,0.0,0.0,11.99,0.0,6.6,8.49,16.6,12.08,22,2,55,9.355174433792424
2025-02-24 23:00:00,0.0,0.0,11.5,0.0,6.04,7.77,16.8,11.51,23,2,55,8.561802750361265
2025-02-25 00:00:00,0.0,0.0,10.66,0.0,5.62,7.21,16.2,11.03,0,2,56,7.9447358854703625
2025-02-25 01:00:00,0.0,0.0,10.06,0.0,5.22,6.63,14.3,10.64,1,2,56,7.305630918261929
2025-02-25 02:00:00,0.0,0.0,9.37,0.0,4.71,5.87,14.2,10.29,2,2,56,6.468183030195704
2025-02-25 03:00:00,0.0,0.0,8.54,0.0,4.07,4.89,17.7,10.06,3,2,56,5.388316016636626
2025-02-25 04:00:00,0.0,0.0,7.83,0.0,3.12,3.59,16.7,10.0,4,2,56,3.9558393659970323
2025-02-25 05:00:00,0.0,0.0,7.25,0.0,2.42,2.74,9.7,10.13,5,2,56,3.0192200175019135
2025-02-25 06:00:00,24.1,56.72,7.44,27.8,1.92,2.17,359.7,10.52,6,2,56,2.391134101452245
2025-02-25 07:00:00,217.23,399.97,9.49,235.9,1.65,1.75,337.1,12.04,7,2,56,1.9283339527840686
2025-02-25 08:00:00,459.42,662.91,12.38,476.0,2.32,2.34,309.8,12.98,8,2,56,2.578457971151269
2025-02-25 09:00:00,671.78,803.16,15.81,678.62,3.11,3.11,307.9,13.93,9,2,56,3.426924910376259
2025-02-25 10:00:00,813.17,803.61,18.15,826.53,3.9,3.94,310.9,14.6,10,2,56,4.341506156553846
2025-02-25 11:00:00,786.7,511.75,19.74,900.03,4.33,4.44,315.9,15.07,11,2,56,4.892458714492152
2025-02-25 12:00:00,741.53,333.26,21.04,904.3,4.72,4.9,316.6,15.39,12,2,56,5.399335067795393
2025-02-25 13:00:00,571.1,302.47,21.89,825.08,5.46,5.77,315.7,15.56,13,2,56,6.357992518608043
2025-02-25 14:00:00,496.9,100.45,22.18,678.72,6.22,6.72,319.0,15.62,14,2,56,7.404802378690824
2025-02-25 15:00:00,337.38,64.91,21.91,472.75,6.67,7.36,322.5,15.8,15,2,56,8.110021652851854
2025-02-25 16:00:00,158.77,25.98,20.9,234.45,6.82,7.96,326.8,15.7,16,2,56,8.77116472237782
2025-02-25 17:00:00,25.15,4.66,18.23,32.6,6.85,8.58,330.6,15.32,17,2,56,9.45434589422132
2025-02-25 18:00:00,0.0,0.0,17.19,0.0,7.03,8.92,337.7,15.25,18,2,56,9.828993633619367
2025-02-25 19:00:00,0.0,0.0,16.57,0.0,7.06,8.97,347.2,15.1,19,2,56,9.884088889413198
2025-02-25 20:00:00,0.0,0.0,16.02,0.0,7.13,9.03,354.5,14.82,20,2,56,9.950203196365793
2025-02-25 21:00:00,0.0,0.0,15.31,0.0,7.31,9.08,356.5,14.39,21,2,56,10.005298452159625
2025-02-25 22:00:00,0.0,0.0,14.47,0.0,7.46,9.14,354.4,13.95,22,2,56,10.071412759112222
2025-02-25 23:00:00,0.0,0.0,13.71,0.0,7.59,9.18,348.7,13.54,23,2,56,10.115488963747286
2025-02-26 00:00:00,0.0,0.0,13.12,0.0,7.79,9.42,344.6,12.97,0,2,57,10.379946191557673
2025-02-26 01:00:00,0.0,0.0,12.68,0.0,7.88,9.46,342.6,12.62,1,2,57,10.424022396192738
2025-02-26 02:00:00,0.0,0.0,12.3,0.0,8.09,9.57,342.1,12.67,2,2,57,10.545231958939164
2025-02-26 03:00:00,0.0,0.0,11.83,0.0,8.4,9.87,337.6,12.66,3,2,57,10.875803493702147
2025-02-26 04:00:00,0.0,0.0,11.49,0.0,8.62,10.09,339.9,12.7,4,2,57,11.118222619195002
2025-02-26 05:00:00,0.0,0.0,11.08,0.0,8.44,9.88,343.6,12.85,5,2,57,10.886822544860914
2025-02-26 06:00:00,12.48,0.0,11.1,21.7,7.83,9.19,343.5,13.09,6,2,57,10.126508014906051
2025-02-26 07:00:00,104.65,0.0,12.51,191.93,7.75,8.8,338.8,13.71,7,2,57,9.696765019714174
2025-02-26 08:00:00,217.32,6.38,14.93,415.48,7.94,8.8,336.4,14.47,8,2,57,9.696765019714174
2025-02-26 09:00:00,333.55,21.14,17.4,616.03,7.52,8.26,333.2,15.65,9,2,57,9.101736257140804
2025-02-26 10:00:00,407.12,10.51,19.62,762.97,7.66,8.35,325.7,16.98,10,2,57,9.200907717569699
2025-02-26 11:00:00,549.25,174.25,20.95,836.2,8.32,9.14,318.9,17.63,11,2,57,10.071412759112222
2025-02-26 12:00:00,653.53,65.38,22.11,840.7,8.71,9.65,321.2,17.95,12,2,57,10.633384368209294
2025-02-26 13:00:00,517.28,121.54,23.0,770.08,8.69,9.72,318.3,18.24,13,2,57,10.710517726320656
2025-02-26 14:00:00,415.8,194.12,23.01,628.42,8.63,9.74,316.2,18.1,14,2,57,10.732555828638189
2025-02-26 15:00:00,243.95,82.77,22.29,433.62,8.23,9.31,316.9,17.89,15,2,57,10.258736628811246
2025-02-26 16:00:00,133.8,76.05,20.91,211.7,7.86,9.07,314.4,17.51,16,2,57,9.99427940100086
2025-02-26 17:00:00,24.0,4.85,18.85,30.08,7.29,8.91,311.6,16.78,17,2,57,9.817974582460602
2025-02-26 18:00:00,0.0,0.0,17.52,0.0,6.82,8.41,315.5,16.22,18,2,57,9.267022024522296
2025-02-26 19:00:00,0.0,0.0,16.72,0.0,6.1,7.61,323.0,15.66,19,2,57,8.385497931821007
2025-02-26 20:00:00,0.0,0.0,16.19,0.0,5.7,7.21,332.0,15.1,20,2,57,7.9447358854703625
2025-02-26 21:00:00,0.0,0.0,15.78,0.0,6.48,8.08,333.7,14.55,21,2,57,8.903393336283015
2025-02-26 22:00:00,0.0,0.0,15.19,0.0,7.0,8.6,342.5,14.16,22,2,57,9.476383996538852
2025-02-26 23:00:00,0.0,0.0,14.34,0.0,6.53,8.26,357.0,13.88,23,2,57,9.101736257140804
2025-02-27 00:00:00,0.0,0.0,13.55,0.0,5.78,7.42,359.7,13.56,0,2,58,8.176135959804451
2025-02-27 01:00:00,0.0,0.0,12.69,0.0,5.56,7.12,351.6,13.22,1,2,58,7.845564425041468
2025-02-27 02:00:00,0.0,0.0,11.85,0.0,5.84,7.45,347.1,12.86,2,2,58,8.20919311328075
2025-02-27 03:00:00,0.0,0.0,11.24,0.0,6.03,7.68,346.7,12.63,3,2,58,8.46263128993237
2025-02-27 04:00:00,0.0,0.0,10.89,0.0,6.03,7.7,345.9,12.5,4,2,58,8.484669392249902
2025-02-27 05:00:00,0.0,0.0,10.47,0.0,5.87,7.5,345.8,12.36,5,2,58,8.26428836907458
2025-02-27 06:00:00,23.95,2.88,10.33,24.0,5.58,7.02,348.5,12.66,6,2,58,7.735373913453806
2025-02-27 07:00:00,200.27,223.47,11.88,202.57,5.73,6.33,349.2,14.18,7,2,58,6.975059383498945
2025-02-27 08:00:00,440.42,459.55,14.99,443.75,5.26,5.59,346.0,15.74,8,2,58,6.159649597750254
2025-02-27 09:00:00,656.33,627.42,18.52,660.17,4.77,5.08,338.3,17.54,9,2,58,5.5976779886531824
2025-02-27 10:00:00,816.3,708.87,20.99,819.7,4.51,4.89,328.5,19.13,10,2,58,5.388316016636626
2025-02-27 11:00:00,901.35,741.86,22.87,904.17,4.4,5.06,324.6,20.23,11,2,58,5.575639886335649
2025-02-27 12:00:00,908.45,747.79,24.14,909.2,4.56,5.64,322.6,20.8,12,2,58,6.214744853544084
2025-02-27 13:00:00,818.28,659.9,24.88,835.33,4.89,6.33,321.7,21.13,13,2,58,6.975059383498945
2025-02-27 14:00:00,685.22,660.92,24.97,687.3,5.24,6.95,323.3,21.24,14,2,58,7.658240555342444
2025-02-27 15:00:00,476.83,548.01,24.4,478.27,5.53,7.49,324.8,21.14,15,2,58,8.253269317915814
2025-02-27 16:00:00,236.32,325.43,22.92,237.0,5.66,7.97,324.0,20.64,16,2,58,8.782183773536588
2025-02-27 17:00:00,35.1,16.51,18.59,35.15,5.49,8.36,328.0,19.04,17,2,58,9.211926768728464
2025-02-27 18:00:00,0.0,0.0,16.68,0.0,5.88,8.29,338.9,18.07,18,2,58,9.134793410617101
2025-02-27 19:00:00,0.0,0.0,15.84,0.0,5.96,7.9,344.6,17.04,19,2,58,8.705050415425225
2025-02-27 20:00:00,0.0,0.0,15.0,0.0,5.87,7.59,350.8,16.05,20,2,58,8.363459829503475
2025-02-27 21:00:00,0.0,0.0,14.04,0.0,5.68,7.27,355.1,15.28,21,2,58,8.010850192422959
2025-02-27 22:00:00,0.0,0.0,13.15,0.0,5.51,6.98,350.8,14.5,22,2,58,7.691297708818743
2025-02-27 23:00:00,0.0,0.0,12.39,0.0,5.4,6.76,341.5,13.97,23,2,58,7.448878583325888
2025-02-28 00:00:00,0.0,0.0,11.7,0.0,5.32,6.65,334.1,13.87,0,2,59,7.327669020579461
2025-02-28 01:00:00,0.0,0.0,11.02,0.0,5.58,6.95,325.5,13.81,1,2,59,7.658240555342444
2025-02-28 02:00:00,0.0,0.0,10.34,0.0,6.0,7.35,321.2,13.56,2,2,59,8.099002601693089
2025-02-28 03:00:00,0.0,0.0,9.75,0.0,6.31,7.69,319.5,13.38,3,2,59,8.473650341091137
2025-02-28 04:00:00,0.0,0.0,9.26,0.0,6.47,7.88,319.0,13.24,4,2,59,8.683012313107692
2025-02-28 05:00:00,0.0,0.0,8.85,0.0,6.48,7.9,319.0,13.08,5,2,59,8.705050415425225
2025-02-28 06:00:00,29.1,32.46,9.28,29.55,6.54,7.75,319.0,13.24,6,2,59,8.539764648043732
2025-02-28 07:00:00,234.27,427.55,11.43,238.62,6.72,7.38,319.7,14.47,7,2,59,8.132059755169387
2025-02-28 08:00:00,480.83,690.05,15.01,486.17,6.74,7.26,323.8,16.22,8,2,59,7.999831141264194
2025-02-28 09:00:00,696.1,836.06,19.23,699.42,6.93,7.54,324.8,18.09,9,2,59,8.308364573709644
2025-02-28 10:00:00,853.38,895.99,22.14,855.7,7.15,8.11,324.0,19.54,10,2,59,8.936450489759311
2025-02-28 11:00:00,919.22,826.14,23.76,920.7,7.44,8.74,324.1,20.47,11,2,59,9.630650712761577
2025-02-28 12:00:00,924.28,841.35,24.85,924.97,7.92,9.47,325.2,20.95,12,2,59,10.435041447351503
2025-02-28 13:00:00,850.53,822.99,25.43,850.53,8.46,10.18,325.3,21.07,13,2,59,11.217394079623896
2025-02-28 14:00:00,701.67,777.69,25.42,701.67,8.88,10.68,327.5,20.91,14,2,59,11.768346637562201
2025-02-28 15:00:00,494.33,671.17,24.71,494.35,8.86,10.73,329.3,20.57,15,2,59,11.823441893356033
2025-02-28 16:00:00,253.48,470.89,22.99,253.5,8.93,10.85,329.7,19.96,16,2,59,11.955670507261225
2025-02-28 17:00:00,38.55,67.9,18.3,38.55,8.23,10.61,330.3,18.73,17,2,59,11.691213279450839
2025-02-28 18:00:00,0.0,0.0,16.59,0.0,7.73,10.16,337.8,17.85,18,2,59,11.195355977306365
2025-02-28 19:00:00,0.0,0.0,15.93,0.0,7.14,9.6,348.9,17.32,19,2,59,10.578289112415462
2025-02-28 20:00:00,0.0,0.0,14.9,0.0,6.73,9.01,358.0,16.73,20,2,59,9.928165094048262
2025-02-28 21:00:00,0.0,0.0,14.01,0.0,6.12,8.07,5.1,15.97,21,2,59,8.892374285124248
2025-02-28 22:00:00,0.0,0.0,13.18,0.0,5.57,7.3,5.7,15.25,22,2,59,8.043907345899258
2025-02-28 23:00:00,0.0,0.0,12.39,0.0,5.03,6.51,4.2,14.72,23,2,59,7.173402304356735
2025-03-01 00:00:00,0.0,0.0,11.69,0.0,4.92,6.37,351.0,14.39,0,3,60,7.01913558813401
2025-03-01 01:00:00,0.0,0.0,11.05,0.0,4.99,6.44,341.5,14.17,1,3,60,7.096268946245373
2025-03-01 02:00:00,0.0,0.0,10.4,0.0,5.19,6.7,334.2,14.02,2,3,60,7.382764276373291
2025-03-01 03:00:00,0.0,0.0,9.73,0.0,5.6,7.25,332.6,13.96,3,3,60,7.988812090105427
2025-03-01 04:00:00,0.0,0.0,9.06,0.0,5.82,7.54,335.1,13.9,4,3,60,8.308364573709644
2025-03-01 05:00:00,0.0,0.0,8.46,0.0,5.83,7.55,338.7,13.81,5,3,60,8.31938362486841
2025-03-01 06:00:00,35.35,133.35,8.83,35.83,5.7,7.37,342.2,14.22,6,3,60,8.121040704010621
2025-03-01 07:00:00,258.45,663.08,11.18,262.17,6.17,7.05,345.4,15.87,7,3,60,7.768431066930105
2025-03-01 08:00:00,507.77,841.44,15.03,512.4,6.91,7.71,344.6,17.05,8,3,60,8.495688443408667
2025-03-01 09:00:00,719.9,943.26,18.55,724.1,7.45,8.25,341.3,17.78,9,3,60,9.090717205982038
2025-03-01 10:00:00,873.42,984.39,20.63,876.7,7.74,8.55,338.7,18.32,10,3,60,9.421288740745021
2025-03-01 11:00:00,937.15,906.23,22.2,939.4,7.96,8.79,336.5,18.75,11,3,60,9.685745968555407
2025-03-01 12:00:00,942.08,892.98,23.35,943.42,8.1,8.97,334.9,19.09,12,3,60,9.884088889413198
2025-03-01 13:00:00,867.95,882.68,24.06,868.2,8.22,9.2,334.2,19.34,13,3,60,10.137527066064818
2025-03-01 14:00:00,718.65,832.18,24.26,719.62,8.28,9.41,334.1,19.49,14,3,60,10.368927140398906
2025-03-01 15:00:00,510.25,728.21,23.86,511.4,8.38,9.72,334.1,19.51,15,3,60,10.710517726320656
2025-03-01 16:00:00,264.85,528.85,22.59,265.75,8.25,9.71,334.0,19.25,16,3,60,10.699498675161891
2025-03-01 17:00:00,41.95,90.41,17.99,42.08,7.24,9.27,331.6,18.32,17,3,60,10.21466042417618
2025-03-01 18:00:00,0.0,0.0,16.16,0.0,6.91,9.16,333.8,17.59,18,3,60,10.093450861429753
2025-03-01 19:00:00,0.0,0.0,15.61,0.0,6.54,8.7,340.3,17.13,19,3,60,9.586574508126512
2025-03-01 20:00:00,0.0,0.0,15.02,0.0,6.23,8.3,352.4,16.72,20,3,60,9.145812461775868
2025-03-01 21:00:00,0.0,0.0,14.21,0.0,5.66,7.47,5.4,16.06,21,3,60,8.231231215598282
2025-03-01 22:00:00,0.0,0.0,13.32,0.0,5.11,6.63,17.3,15.34,22,3,60,7.305630918261929
2025-03-01 23:00:00,0.0,0.0,12.52,0.0,4.76,6.05,23.5,14.74,23,3,60,6.666525951053495
2025-03-02 00:00:00,0.0,0.0,11.66,0.0,4.2,5.19,21.4,14.27,0,3,61,5.71888755139961
2025-03-02 01:00:00,0.0,0.0,10.59,0.0,3.56,4.31,12.2,13.8,1,3,61,4.749211049428191
2025-03-02 02:00:00,0.0,0.0,9.79,0.0,3.18,3.84,358.4,13.35,2,3,61,4.231315644966185
2025-03-02 03:00:00,0.0,0.0,9.3,0.0,3.1,3.77,349.9,12.94,3,3,61,4.154182286854822
2025-03-02 04:00:00,0.0,0.0,8.9,0.0,2.96,3.59,349.3,12.73,4,3,61,3.9558393659970323
2025-03-02 05:00:00,0.0,0.0,8.39,0.0,2.43,2.87,346.5,12.78,5,3,61,3.1624676825658726
2025-03-02 06:00:00,37.22,138.34,9.16,38.28,1.78,2.16,325.6,13.3,6,3,61,2.380115050293479
2025-03-02 07:00:00,260.12,620.22,11.87,265.67,1.72,1.83,304.3,14.94,7,3,61,2.0164863620541977
2025-03-02 08:00:00,506.17,836.99,15.31,511.45,1.94,1.89,276.4,16.2,8,3,61,2.082600669006794
2025-03-02 09:00:00,716.28,944.3,19.43,719.9,2.31,2.24,251.2,17.28,9,3,61,2.468267459563608
2025-03-02 10:00:00,869.0,962.85,22.54,871.17,2.14,2.17,234.6,18.49,10,3,61,2.391134101452245
2025-03-02 11:00:00,938.08,923.95,24.77,939.47,1.8,1.98,215.8,19.73,11,3,61,2.181772129435689
2025-03-02 12:00:00,942.28,921.19,26.34,943.03,1.45,1.76,204.5,20.68,12,3,61,1.9393530039428348
2025-03-02 13:00:00,866.33,918.4,27.31,866.4,0.69,1.08,199.4,21.29,13,3,61,1.1900575251467396
2025-03-02 14:00:00,717.55,866.36,27.65,717.7,0.24,0.21,138.8,21.42,14,3,61,0.23140007433408824
2025-03-02 15:00:00,509.98,762.86,27.38,510.15,0.93,0.97,45.4,21.23,15,3,61,1.0688479624003122
2025-03-02 16:00:00,266.17,570.42,25.75,266.33,1.56,1.93,36.2,20.54,16,3,61,2.1266768736418586
2025-03-02 17:00:00,43.12,125.86,21.66,43.15,1.98,3.14,28.0,18.93,17,3,61,3.4599820638525576
2025-03-02 18:00:00,0.0,0.0,19.4,0.0,2.5,3.81,21.4,18.14,18,3,61,4.198258491489887
2025-03-02 19:00:00,0.0,0.0,17.88,0.0,2.78,3.83,16.7,17.77,19,3,61,4.220296593807419
2025-03-02 20:00:00,0.0,0.0,16.62,0.0,2.68,3.38,8.3,17.55,20,3,61,3.724439291662944
2025-03-02 21:00:00,0.0,0.0,15.33,0.0,2.4,2.97,349.9,17.35,21,3,61,3.272658194153534
2025-03-02 22:00:00,0.0,0.0,14.06,0.0,2.46,3.02,328.9,17.1,22,3,61,3.327753449947364
2025-03-02 23:00:00,0.0,0.0,13.14,0.0,2.66,3.27,312.5,16.85,23,3,61,3.6032297289165167
2025-03-03 00:00:00,0.0,0.0,12.72,0.0,2.98,3.68,299.3,16.55,0,3,62,4.055010826425927
2025-03-03 01:00:00,0.0,0.0,12.56,0.0,3.58,4.42,292.2,16.1,1,3,62,4.870420612174619
2025-03-03 02:00:00,0.0,0.0,12.08,0.0,4.04,4.98,290.3,15.45,2,3,62,5.487487477065522
2025-03-03 03:00:00,0.0,0.0,11.3,0.0,3.94,4.81,290.1,14.92,3,3,62,5.300163607366497
2025-03-03 04:00:00,0.0,0.0,10.35,0.0,3.29,3.94,290.8,14.64,4,3,62,4.341506156553846
2025-03-03 05:00:00,0.0,0.0,9.59,0.0,2.15,2.45,292.6,14.88,5,3,62,2.6996675338976965
2025-03-03 06:00:00,35.45,65.97,9.72,36.9,1.0,1.07,270.0,15.73,6,3,62,1.1790384739879736
2025-03-03 07:00:00,246.15,456.38,12.25,258.9,0.94,0.98,212.9,16.99,7,3,62,1.0798670135590784
2025-03-03 08:00:00,493.12,704.99,14.93,507.3,1.75,2.05,170.7,18.53,8,3,62,2.2589054875470516
2025-03-03 09:00:00,707.17,838.2,17.94,717.92,2.27,2.98,167.4,20.03,9,3,62,3.2836772453122998
2025-03-03 10:00:00,865.7,898.6,21.98,871.5,2.21,3.06,163.5,20.88,10,3,62,3.3718296545824287
2025-03-03 11:00:00,945.92,913.46,25.4,946.3,1.81,2.43,167.9,21.74,11,3,62,2.677629431580164
2025-03-03 12:00:00,935.7,852.05,26.23,949.42,1.58,1.89,134.8,22.5,12,3,62,2.082600669006794
2025-03-03 13:00:00,859.92,837.17,26.64,871.85,2.33,2.74,94.0,22.25,13,3,62,3.0192200175019135
2025-03-03 14:00:00,684.4,659.84,27.24,721.5,2.73,3.33,76.8,22.02,14,3,62,3.6693440358691136
2025-03-03 15:00:00,331.7,167.12,26.57,511.65,2.8,3.6,63.3,21.72,15,3,62,3.9668584171557986
2025-03-03 16:00:00,160.9,82.68,24.74,265.42,2.31,3.53,41.6,21.02,16,3,62,3.8897250590444354
2025-03-03 17:00:00,28.23,11.02,21.87,42.78,2.35,3.66,14.6,19.92,17,3,62,4.0329727241083955
2025-03-03 18:00:00,0.0,0.0,20.14,0.0,2.75,4.36,352.4,19.53,18,3,62,4.804306305222023
2025-03-03 19:00:00,0.0,0.0,19.26,0.0,3.17,5.28,338.9,19.25,19,3,62,5.818059011828504
2025-03-03 20:00:00,0.0,0.0,18.17,0.0,3.7,6.19,333.8,18.96,20,3,62,6.82079266727622
2025-03-03 21:00:00,0.0,0.0,17.18,0.0,4.46,6.78,331.5,18.62,21,3,62,7.47091668564342
2025-03-03 22:00:00,0.0,0.0,16.71,0.0,5.07,6.92,325.9,18.06,22,3,62,7.6251834018661455
2025-03-03 23:00:00,0.0,0.0,16.37,0.0,5.76,7.17,316.9,17.48,23,3,62,7.9006596808352985
2025-03-04 00:00:00,0.0,0.0,15.47,0.0,6.25,7.51,313.8,16.98,0,3,63,8.275307420233347
2025-03-04 01:00:00,0.0,0.0,13.69,0.0,6.48,7.72,314.9,16.54,1,3,63,8.506707494567435
2025-03-04 02:00:00,0.0,0.0,12.66,0.0,6.43,7.79,316.9,16.01,2,3,63,8.583840852678797
2025-03-04 03:00:00,0.0,0.0,11.91,0.0,6.35,7.74,317.9,15.71,3,3,63,8.528745596884967
2025-03-04 04:00:00,0.0,0.0,11.27,0.0,6.25,7.63,316.9,15.49,4,3,63,8.40753603413854
2025-03-04 05:00:00,0.0,0.0,10.76,0.0,6.25,7.67,315.4,15.1,5,3,63,8.451612238773604
2025-03-04 06:00:00,34.55,54.9,11.65,35.22,6.36,7.6,316.1,14.99,6,3,63,8.37447888066224
2025-03-04 07:00:00,243.35,431.82,15.28,247.93,6.7,7.39,320.3,16.04,7,3,63,8.143078806328152
2025-03-04 08:00:00,483.42,639.23,18.91,488.58,6.88,7.51,323.1,17.52,8,3,63,8.275307420233347
2025-03-04 09:00:00,693.67,739.19,23.28,697.38,7.2,7.91,319.5,18.81,9,3,63,8.71606946658399
2025-03-04 10:00:00,845.78,774.09,25.64,847.92,7.36,8.25,314.6,19.63,10,3,63,9.090717205982038
2025-03-04 11:00:00,943.9,885.91,27.11,944.83,7.25,8.33,313.5,20.08,11,3,63,9.178869615252166
2025-03-04 12:00:00,942.88,868.96,27.98,942.88,7.05,8.3,317.6,20.32,12,3,63,9.145812461775868
2025-03-04 13:00:00,861.9,815.41,28.25,861.9,7.07,8.43,324.4,20.35,13,3,63,9.289060126839827
2025-03-04 14:00:00,705.72,727.36,27.93,705.75,7.33,8.79,330.8,20.16,14,3,63,9.685745968555407
2025-03-04 15:00:00,489.5,564.77,26.97,489.55,7.47,9.1,335.7,19.94,15,3,63,10.027336554477156
2025-03-04 16:00:00,243.3,324.8,25.24,243.35,7.26,9.14,336.7,19.86,16,3,63,10.071412759112222
2025-03-04 17:00:00,38.88,17.29,21.28,38.88,6.55,9.04,335.1,19.16,17,3,63,9.96122224752456
2025-03-04 18:00:00,0.0,0.0,19.07,0.0,6.63,9.25,332.7,18.5,18,3,63,10.192622321858648
2025-03-04 19:00:00,0.0,0.0,17.95,0.0,6.87,9.22,330.8,18.01,19,3,63,10.15956516838235
2025-03-04 20:00:00,0.0,0.0,16.76,0.0,7.01,9.09,328.2,17.45,20,3,63,10.01631750331839
2025-03-04 21:00:00,0.0,0.0,15.65,0.0,7.04,8.9,327.5,16.93,21,3,63,9.806955531301835
2025-03-04 22:00:00,0.0,0.0,14.52,0.0,6.94,8.69,331.2,16.44,22,3,63,9.575555456967747
2025-03-04 23:00:00,0.0,0.0,13.47,0.0,6.93,8.66,340.2,16.03,23,3,63,9.542498303491449
2025-03-05 00:00:00,0.0,0.0,12.86,0.0,6.58,8.31,344.5,15.55,0,3,64,9.156831512934636
2025-03-05 01:00:00,0.0,0.0,12.31,0.0,6.24,7.96,346.0,15.07,1,3,64,8.77116472237782
2025-03-05 02:00:00,0.0,0.0,11.62,0.0,6.04,7.8,347.9,14.67,2,3,64,8.594859903837563
2025-03-05 03:00:00,0.0,0.0,11.07,0.0,5.83,7.58,346.1,14.37,3,3,64,8.35244077834471
2025-03-05 04:00:00,0.0,0.0,10.5,0.0,5.66,7.36,347.1,14.07,4,3,64,8.110021652851854
2025-03-05 05:00:00,0.0,0.0,10.17,0.0,5.68,7.4,347.5,13.87,5,3,64,8.154097857486919
2025-03-05 06:00:00,31.65,3.23,10.58,32.78,5.82,7.31,348.2,14.19,6,3,64,8.054926397058024
2025-03-05 07:00:00,194.1,94.67,12.73,226.18,6.66,7.5,351.9,15.16,7,3,64,8.26428836907458
2025-03-05 08:00:00,398.62,220.7,16.48,463.6,7.09,7.8,348.8,16.01,8,3,64,8.594859903837563
2025-03-05 09:00:00,558.33,256.88,19.51,676.15,7.35,8.06,341.8,16.98,9,3,64,8.881355233965483
2025-03-05 10:00:00,592.28,113.38,21.55,830.1,7.54,8.25,335.2,18.06,10,3,64,9.090717205982038
2025-03-05 11:00:00,746.12,351.85,23.14,916.65,7.54,8.33,326.5,18.83,11,3,64,9.178869615252166
2025-03-05 12:00:00,800.55,424.94,24.04,919.3,7.57,8.47,317.9,19.24,12,3,64,9.333136331474893
2025-03-05 13:00:00,812.5,608.79,24.63,842.53,7.6,8.66,314.3,19.44,13,3,64,9.542498303491449
2025-03-05 14:00:00,655.22,565.71,24.8,691.92,7.5,8.7,316.4,19.53,14,3,64,9.586574508126512
2025-03-05 15:00:00,481.55,516.41,24.32,483.25,7.42,8.74,320.2,19.39,15,3,64,9.630650712761577
2025-03-05 16:00:00,241.12,308.44,23.08,242.18,7.35,8.8,321.5,19.05,16,3,64,9.696765019714174
2025-03-05 17:00:00,39.5,20.46,19.41,39.62,6.59,8.63,319.6,18.21,17,3,64,9.509441150015151
2025-03-05 18:00:00,0.0,0.0,17.51,0.0,6.56,8.89,316.7,17.55,18,3,64,9.79593648014307
2025-03-05 19:00:00,0.0,0.0,16.9,0.0,6.94,9.15,316.7,17.21,19,3,64,10.082431810270988
2025-03-05 20:00:00,0.0,0.0,16.07,0.0,7.21,9.21,318.5,16.82,20,3,64,10.148546117223585
2025-03-05 21:00:00,0.0,0.0,15.25,0.0,7.15,8.97,321.8,16.44,21,3,64,9.884088889413198
2025-03-05 22:00:00,0.0,0.0,14.43,0.0,7.12,8.87,325.5,16.1,22,3,64,9.773898377825535
2025-03-05 23:00:00,0.0,0.0,13.49,0.0,7.14,8.85,330.1,15.75,23,3,64,9.751860275508005
2025-03-06 00:00:00,0.0,0.0,12.76,0.0,7.04,8.66,333.2,15.36,0,3,65,9.542498303491449
2025-03-06 01:00:00,0.0,0.0,12.12,0.0,6.85,8.42,333.6,14.95,1,3,65,9.278041075681061
2025-03-06 02:00:00,0.0,0.0,11.54,0.0,6.85,8.46,335.1,14.74,2,3,65,9.322117280316126
2025-03-06 03:00:00,0.0,0.0,10.98,0.0,6.93,8.6,336.7,14.64,3,3,65,9.476383996538852
2025-03-06 04:00:00,0.0,0.0,10.56,0.0,7.05,8.71,336.0,14.51,4,3,65,9.59759355928528
2025-03-06 05:00:00,0.0,0.0,10.25,0.0,7.19,8.84,333.9,14.39,5,3,65,9.740841224349237
2025-03-06 06:00:00,36.78,38.19,10.65,36.8,7.54,9.0,332.8,14.65,6,3,65,9.917146042889495
2025-03-06 07:00:00,244.98,405.47,12.98,245.23,8.22,9.22,333.5,15.64,7,3,65,10.15956516838235
2025-03-06 08:00:00,487.38,624.49,16.68,487.7,8.58,9.51,336.0,16.75,8,3,65,10.479117651986567
2025-03-06 09:00:00,698.7,756.46,19.3,699.03,8.55,9.49,336.5,17.92,9,3,65,10.457079549669036
2025-03-06 10:00:00,852.42,814.43,20.89,852.75,8.23,9.45,334.7,19.11,10,3,65,10.41300334503397
2025-03-06 11:00:00,920.05,765.05,22.0,920.38,8.02,9.49,330.5,19.85,11,3,65,10.457079549669036
2025-03-06 12:00:00,924.2,772.68,22.82,924.5,8.2,9.86,325.7,20.25,12,3,65,10.86478444254338
2025-03-06 13:00:00,843.38,722.85,23.25,848.3,8.55,10.41,323.7,20.45,13,3,65,11.470832256275518
2025-03-06 14:00:00,698.47,699.18,23.21,699.95,8.88,10.93,323.9,20.48,14,3,65,12.043822916531354
2025-03-06 15:00:00,488.58,580.57,22.64,491.6,9.01,11.18,325.2,20.29,15,3,65,12.319299195500507
2025-03-06 16:00:00,248.9,379.97,21.46,251.5,8.58,10.75,328.3,19.81,16,3,65,11.845479995673564
2025-03-06 17:00:00,41.28,38.89,18.47,41.72,7.59,9.95,334.8,18.95,17,3,65,10.963955902972275
2025-03-06 18:00:00,0.0,0.0,16.34,0.0,7.16,9.32,342.8,18.22,18,3,65,10.269755679970011
2025-03-06 19:00:00,0.0,0.0,15.68,0.0,7.0,8.88,347.3,17.63,19,3,65,9.784917428984304
2025-03-06 20:00:00,0.0,0.0,15.07,0.0,6.7,8.41,347.2,17.02,20,3,65,9.267022024522296
2025-03-06 21:00:00,0.0,0.0,14.39,0.0,6.38,7.94,343.1,16.5,21,3,65,8.74912662006029
2025-03-06 22:00:00,0.0,0.0,13.66,0.0,6.26,7.74,336.6,16.06,22,3,65,8.528745596884967
2025-03-06 23:00:00,0.0,0.0,12.9,0.0,6.38,7.81,331.2,15.7,23,3,65,8.60587895499633
2025-03-07 00:00:00,0.0,0.0,12.2,0.0,6.61,8.08,327.0,15.42,0,3,66,8.903393336283015
2025-03-07 01:00:00,0.0,0.0,11.57,0.0,6.7,8.26,328.6,15.17,1,3,66,9.101736257140804
2025-03-07 02:00:00,0.0,0.0,10.98,0.0,6.76,8.38,331.8,14.98,2,3,66,9.233964871045998
2025-03-07 03:00:00,0.0,0.0,10.46,0.0,6.81,8.49,334.7,14.78,3,3,66,9.355174433792424
2025-03-07 04:00:00,0.0,0.0,10.02,0.0,6.77,8.51,337.2,14.61,4,3,66,9.377212536109957
2025-03-07 05:00:00,0.0,0.0,9.58,0.0,6.54,8.28,337.8,14.47,5,3,66,9.123774359458336
2025-03-07 06:00:00,37.97,32.78,10.32,37.97,6.36,7.81,335.8,14.75,6,3,66,8.60587895499633
2025-03-07 07:00:00,240.85,353.52,12.79,241.05,6.74,7.54,333.8,15.75,7,3,66,8.308364573709644
2025-03-07 08:00:00,480.98,560.54,17.12,481.42,7.21,8.03,335.8,16.89,8,3,66,8.848298080489183
2025-03-07 09:00:00,691.58,687.51,19.91,692.28,7.77,8.67,335.6,17.93,9,3,66,9.553517354650214
2025-03-07 10:00:00,844.95,743.63,21.64,845.88,8.22,9.25,336.6,18.67,10,3,66,10.192622321858648
2025-03-07 11:00:00,914.33,711.84,22.97,914.78,8.39,9.55,339.1,19.21,11,3,66,10.523193856621633
2025-03-07 12:00:00,857.58,527.51,23.8,914.75,8.29,9.58,340.0,19.55,12,3,66,10.556251010097931
2025-03-07 13:00:00,798.8,573.1,24.18,836.2,8.06,9.48,339.7,19.75,13,3,66,10.446060498510269
2025-03-07 14:00:00,664.85,551.53,24.05,684.55,7.59,9.04,338.9,19.76,14,3,66,9.96122224752456
2025-03-07 15:00:00,474.52,482.57,23.56,475.17,6.92,8.35,337.2,19.6,15,3,66,9.200907717569699
2025-03-07 16:00:00,235.38,279.59,22.61,237.07,6.09,7.48,336.2,19.25,16,3,66,8.242250266757049
2025-03-07 17:00:00,39.5,17.59,19.41,39.7,4.75,6.66,341.7,18.38,17,3,66,7.338688071738227
2025-03-07 18:00:00,0.0,0.0,17.28,0.0,4.55,6.54,351.3,17.73,18,3,66,7.206459457833033
2025-03-07 19:00:00,0.0,0.0,16.6,0.0,4.6,6.48,357.7,17.46,19,3,66,7.140345150880438
2025-03-07 20:00:00,0.0,0.0,16.03,0.0,4.37,5.93,359.2,17.17,20,3,66,6.534297337148301
2025-03-07 21:00:00,0.0,0.0,15.4,0.0,3.87,5.01,353.0,16.9,21,3,66,5.520544630541819
2025-03-07 22:00:00,0.0,0.0,14.72,0.0,3.5,4.33,343.1,16.66,22,3,66,4.7712491517457245
2025-03-07 23:00:00,0.0,0.0,14.03,0.0,3.42,4.16,336.0,16.29,23,3,66,4.5839252820467005
2025-03-08 00:00:00,0.0,0.0,13.33,0.0,3.45,4.19,333.3,15.86,0,3,67,4.616982435522999
2025-03-08 01:00:00,0.0,0.0,12.56,0.0,3.53,4.3,327.3,15.5,1,3,67,4.738191998269426
2025-03-08 02:00:00,0.0,0.0,11.85,0.0,3.82,4.7,324.5,15.18,2,3,67,5.17895404462007
2025-03-08 03:00:00,0.0,0.0,11.54,0.0,4.1,5.13,321.7,14.92,3,3,67,5.652773244447013
2025-03-08 04:00:00,0.0,0.0,10.67,0.0,4.13,5.18,328.1,14.77,4,3,67,5.707868500240843
2025-03-08 05:00:00,0.0,0.0,9.94,0.0,4.07,5.09,337.2,14.53,5,3,67,5.608697039811948
2025-03-08 06:00:00,39.15,30.87,10.74,39.4,3.94,5.04,342.8,14.87,6,3,67,5.5536017840181175
2025-03-08 07:00:00,244.52,348.89,13.36,246.77,4.33,4.84,347.1,16.19,7,3,67,5.333220760842796
2025-03-08 08:00:00,485.83,568.67,17.21,488.7,4.56,4.95,342.7,17.08,8,3,67,5.454430323589223
2025-03-08 09:00:00,697.8,687.41,20.6,700.38,4.74,5.13,336.0,17.99,9,3,67,5.652773244447013
2025-03-08 10:00:00,851.4,748.32,22.35,853.25,4.9,5.32,331.2,18.76,10,3,67,5.862135216463569
2025-03-08 11:00:00,930.97,776.39,23.76,931.95,5.12,5.61,329.2,19.33,11,3,67,6.181687700067786
2025-03-08 12:00:00,931.67,770.91,24.83,931.7,5.23,5.85,332.1,19.71,12,3,67,6.446144927878172
2025-03-08 13:00:00,851.88,728.86,25.46,852.03,5.32,6.16,335.8,19.97,13,3,67,6.787735513799922
2025-03-08 14:00:00,698.6,664.93,25.62,698.95,5.34,6.46,338.4,20.08,14,3,67,7.1183070485629045
2025-03-08 15:00:00,487.23,537.75,25.27,487.67,5.33,6.63,342.2,20.02,15,3,67,7.305630918261929
2025-03-08 16:00:00,247.23,338.81,24.24,247.6,5.14,6.54,345.2,19.76,16,3,67,7.206459457833033
2025-03-08 17:00:00,42.47,30.7,20.15,42.55,3.98,5.93,343.1,19.01,17,3,67,6.534297337148301
2025-03-08 18:00:00,0.0,0.0,17.94,0.0,3.7,5.81,335.2,18.58,18,3,67,6.402068723243108
2025-03-08 19:00:00,0.0,0.0,16.94,0.0,3.76,5.88,327.6,18.33,19,3,67,6.479202081354471
2025-03-08 20:00:00,0.0,0.0,16.07,0.0,4.06,6.16,323.5,18.09,20,3,67,6.787735513799922
2025-03-08 21:00:00,0.0,0.0,15.22,0.0,4.22,6.16,322.7,17.8,21,3,67,6.787735513799922
2025-03-08 22:00:00,0.0,0.0,14.42,0.0,4.47,6.26,323.1,17.51,22,3,67,6.897926025387583
2025-03-08 23:00:00,0.0,0.0,13.72,0.0,4.65,6.29,323.7,17.22,23,3,67,6.930983178863881
2025-03-09 00:00:00,0.0,0.0,13.15,0.0,4.73,6.24,324.1,16.92,0,3,68,6.875887923070051
2025-03-09 01:00:00,0.0,0.0,12.61,0.0,4.78,6.21,323.6,16.62,1,3,68,6.8428307695937525
2025-03-09 02:00:00,0.0,0.0,12.07,0.0,4.78,6.18,323.0,16.34,2,3,68,6.809773616117454
2025-03-09 03:00:00,0.0,0.0,11.56,0.0,4.75,6.12,322.2,16.09,3,3,68,6.743659309164857
2025-03-09 04:00:00,0.0,0.0,11.11,0.0,4.73,6.1,320.0,15.98,4,3,68,6.721621206847325
2025-03-09 05:00:00,0.0,0.0,10.71,0.0,4.91,6.31,316.0,15.7,5,3,68,6.953021281181413
2025-03-09 06:00:00,42.33,44.98,11.83,42.38,5.25,6.47,312.5,15.86,6,3,68,7.129326099721671
2025-03-09 07:00:00,252.77,399.35,15.09,253.02,5.55,6.06,311.6,17.02,7,3,68,6.67754500221226
2025-03-09 08:00:00,494.83,604.69,18.82,495.08,5.36,5.81,316.3,18.45,8,3,68,6.402068723243108
2025-03-09 09:00:00,706.05,728.53,22.55,706.2,4.72,5.41,321.1,19.82,9,3,68,5.961306676892463
2025-03-09 10:00:00,859.2,786.22,24.66,859.3,4.0,5.01,321.5,20.95,10,3,68,5.520544630541819
2025-03-09 11:00:00,942.05,837.52,26.28,942.1,3.58,4.75,321.9,21.66,11,3,68,5.234049300413901
2025-03-09 12:00:00,942.15,830.73,27.34,942.15,3.55,4.73,324.6,22.05,12,3,68,5.212011198096369
2025-03-09 13:00:00,863.4,793.03,27.93,864.03,3.74,5.01,329.3,22.17,13,3,68,5.520544630541819
2025-03-09 14:00:00,712.1,736.26,27.99,713.28,4.05,5.49,335.0,22.07,14,3,68,6.049459086162593
2025-03-09 15:00:00,502.6,617.42,27.53,504.0,4.35,5.97,339.5,21.79,15,3,68,6.578373541783366
2025-03-09 16:00:00,260.5,419.24,26.35,261.6,4.43,6.25,341.2,21.29,16,3,68,6.8869069742288165
2025-03-09 17:00:00,46.1,55.33,22.2,46.35,3.82,6.44,339.1,19.97,17,3,68,7.096268946245373
2025-03-09 18:00:00,0.0,0.0,19.93,0.0,4.11,6.89,336.9,19.29,18,3,68,7.592126248389847
2025-03-09 19:00:00,0.0,0.0,18.91,0.0,4.34,7.11,337.3,19.0,19,3,68,7.834545373882702
2025-03-09 20:00:00,0.0,0.0,17.93,0.0,4.52,7.03,339.3,18.63,20,3,68,7.746392964612573
2025-03-09 21:00:00,0.0,0.0,17.02,0.0,4.59,6.65,343.4,18.19,21,3,68,7.327669020579461
2025-03-09 22:00:00,0.0,0.0,16.2,0.0,4.56,6.25,345.1,17.73,22,3,68,6.8869069742288165
2025-03-09 23:00:00,0.0,0.0,15.48,0.0,4.57,6.05,344.5,17.26,23,3,68,6.666525951053495
2025-03-10 00:00:00,0.0,0.0,14.83,0.0,4.61,6.0,343.0,16.79,0,3,69,6.6114306952596635
2025-03-10 01:00:00,0.0,0.0,14.2,0.0,4.65,6.02,340.4,16.35,1,3,69,6.633468797577196
2025-03-10 02:00:00,0.0,0.0,13.53,0.0,4.69,6.06,339.1,15.97,2,3,69,6.67754500221226
2025-03-10 03:00:00,0.0,0.0,12.86,0.0,4.71,6.08,338.8,15.68,3,3,69,6.699583104529793
2025-03-10 04:00:00,0.0,0.0,12.23,0.0,4.71,6.08,335.9,15.44,4,3,69,6.699583104529793
2025-03-10 05:00:00,0.0,0.0,11.66,0.0,4.7,6.04,331.6,15.21,5,3,69,6.655506899894728
2025-03-10 06:00:00,48.88,82.24,12.74,49.6,4.81,5.93,328.2,15.65,6,3,69,6.534297337148301
2025-03-10 07:00:00,271.7,482.33,15.8,276.27,5.22,5.67,330.4,17.11,7,3,69,6.247802007020383
2025-03-10 08:00:00,516.8,679.38,19.6,521.95,5.75,6.47,339.3,18.94,8,3,69,7.129326099721671
2025-03-10 09:00:00,728.2,806.13,23.12,732.3,6.22,7.5,341.1,20.56,9,3,69,8.26428836907458
2025-03-10 10:00:00,881.47,856.8,24.83,884.12,6.64,8.32,338.3,21.37,10,3,69,9.167850564093401
2025-03-10 11:00:00,958.7,872.74,26.07,960.03,7.0,9.04,335.9,22.01,11,3,69,9.96122224752456
2025-03-10 12:00:00,960.75,886.18,26.99,960.8,7.36,9.65,334.5,22.45,12,3,69,10.633384368209294
2025-03-10 13:00:00,883.08,857.2,27.53,883.15,7.68,10.14,333.0,22.67,13,3,69,11.173317874988832
2025-03-10 14:00:00,732.83,812.69,27.63,732.92,7.87,10.44,332.4,22.69,14,3,69,11.503889409751816
2025-03-10 15:00:00,523.85,710.98,27.21,523.95,7.83,10.49,332.3,22.52,15,3,69,11.558984665545646
2025-03-10 16:00:00,278.9,530.27,26.07,278.98,7.52,10.17,331.2,22.08,16,3,69,11.20637502846513
2025-03-10 17:00:00,51.72,112.12,21.68,51.75,6.6,9.74,329.1,20.98,17,3,69,10.732555828638189
2025-03-10 18:00:00,0.0,0.0,19.42,0.0,6.51,9.7,332.7,20.09,18,3,69,10.688479624003122
2025-03-10 19:00:00,0.0,0.0,18.51,0.0,6.16,9.07,341.4,19.51,19,3,69,9.99427940100086
2025-03-10 20:00:00,0.0,0.0,17.72,0.0,5.58,8.07,352.0,18.84,20,3,69,8.892374285124248
2025-03-10 21:00:00,0.0,0.0,16.95,0.0,5.14,7.1,1.7,18.17,21,3,69,7.823526322723935
2025-03-10 22:00:00,0.0,0.0,16.12,0.0,4.75,6.24,6.4,17.46,22,3,69,6.875887923070051
2025-03-10 23:00:00,0.0,0.0,15.18,0.0,4.33,5.54,3.7,16.74,23,3,69,6.104554341956423
2025-03-11 00:00:00,0.0,0.0,14.19,0.0,3.99,5.04,352.5,16.12,0,3,70,5.5536017840181175
2025-03-11 01:00:00,0.0,0.0,13.29,0.0,3.93,5.02,336.1,15.69,1,3,70,5.531563681700585
2025-03-11 02:00:00,0.0,0.0,12.49,0.0,4.05,5.22,326.1,15.46,2,3,70,5.751944704875908
2025-03-11 03:00:00,0.0,0.0,11.82,0.0,4.15,5.35,322.4,15.33,3,3,70,5.895192369939867
2025-03-11 04:00:00,0.0,0.0,11.23,0.0,4.28,5.53,320.6,15.28,4,3,70,6.093535290797657
2025-03-11 05:00:00,0.0,0.0,10.65,0.0,4.47,5.76,319.4,15.23,5,3,70,6.346973467449277
2025-03-11 06:00:00,57.42,211.1,11.82,57.88,4.69,5.79,320.1,15.8,6,3,70,6.3800306209255755
2025-03-11 07:00:00,297.3,659.46,14.73,298.67,5.03,5.47,321.8,17.37,7,3,70,6.02742098384506
2025-03-11 08:00:00,545.45,838.29,18.52,546.62,4.76,5.14,323.5,19.03,8,3,70,5.663792295605778
2025-03-11 09:00:00,755.67,934.47,22.59,756.45,4.04,4.49,322.1,20.54,9,3,70,4.947553970285982
2025-03-11 10:00:00,906.3,968.89,25.25,906.78,3.27,4.03,317.3,21.71,10,3,70,4.440677616982741
2025-03-11 11:00:00,973.53,905.01,26.71,973.88,3.14,3.92,310.0,22.46,11,3,70,4.319468054236314
2025-03-11 12:00:00,974.12,916.2,27.75,974.38,3.3,4.15,304.8,22.92,12,3,70,4.572906230887934
2025-03-11 13:00:00,896.72,903.89,28.38,896.8,3.55,4.57,302.1,23.13,13,3,70,5.035706379556111
2025-03-11 14:00:00,746.28,860.66,28.54,746.53,3.74,4.95,300.6,23.14,14,3,70,5.454430323589223
2025-03-11 15:00:00,536.4,763.51,28.12,536.83,3.83,5.18,302.3,23.01,15,3,70,5.707868500240843
2025-03-11 16:00:00,289.17,600.42,26.9,289.55,3.73,5.23,306.6,22.66,16,3,70,5.762963756034674
2025-03-11 17:00:00,54.8,149.69,22.17,54.9,3.16,5.25,311.4,21.09,17,3,70,5.785001858352206
2025-03-11 18:00:00,0.0,0.0,19.85,0.0,3.33,5.48,315.4,20.16,18,3,70,6.038440035003827
2025-03-11 19:00:00,0.0,0.0,19.02,0.0,3.42,5.66,317.0,19.69,19,3,70,6.236782955861616
2025-03-11 20:00:00,0.0,0.0,18.15,0.0,3.55,5.78,314.4,19.24,20,3,70,6.36901156976681
2025-03-11 21:00:00,0.0,0.0,17.15,0.0,3.97,5.88,311.4,18.79,21,3,70,6.479202081354471
2025-03-11 22:00:00,0.0,0.0,16.12,0.0,4.3,5.9,312.1,18.23,22,3,70,6.501240183672003
2025-03-11 23:00:00,0.0,0.0,15.15,0.0,4.59,6.07,312.3,17.73,23,3,70,6.688564053371027
2025-03-12 00:00:00,0.0,0.0,14.23,0.0,4.87,6.29,311.4,17.35,0,3,71,6.930983178863881
2025-03-12 01:00:00,0.0,0.0,13.43,0.0,4.93,6.28,310.7,16.97,1,3,71,6.919964127705115
2025-03-12 02:00:00,0.0,0.0,12.76,0.0,4.85,6.13,308.0,16.65,2,3,71,6.754678360323624
2025-03-12 03:00:00,0.0,0.0,12.15,0.0,4.81,6.11,302.8,16.44,3,3,71,6.732640258006091
2025-03-12 04:00:00,0.0,0.0,11.55,0.0,4.83,6.15,297.6,16.3,4,3,71,6.776716462641156
2025-03-12 05:00:00,0.0,0.0,10.96,0.0,4.72,6.05,293.6,16.15,5,3,71,6.666525951053495
2025-03-12 06:00:00,61.92,233.74,12.07,62.03,4.73,5.67,288.0,16.58,6,3,71,6.247802007020383
2025-03-12 07:00:00,304.27,697.4,15.67,304.52,4.34,4.55,282.2,17.87,7,3,71,5.013668277238578
2025-03-12 08:00:00,552.85,847.19,19.16,553.03,3.18,3.18,270.2,19.42,8,3,71,3.504058268487622
2025-03-12 09:00:00,761.83,936.13,22.99,761.95,1.87,2.09,242.9,20.55,9,3,71,2.302981692182116
2025-03-12 10:00:00,910.55,974.1,26.83,910.6,1.45,1.91,210.9,21.58,10,3,71,2.104638771324326
2025-03-12 11:00:00,980.85,941.26,28.78,980.88,1.53,2.06,188.6,23.54,11,3,71,2.2699245387058182
2025-03-12 12:00:00,979.4,935.91,30.21,979.42,1.39,1.83,203.2,25.06,12,3,71,2.0164863620541977
2025-03-12 13:00:00,900.0,913.98,31.2,900.0,1.37,1.68,246.5,25.96,13,3,71,1.851200594672706
2025-03-12 14:00:00,747.92,860.6,31.65,748.3,1.62,1.92,290.7,26.23,14,3,71,2.1156578224830924
2025-03-12 15:00:00,536.22,751.3,31.47,536.85,1.83,2.15,334.6,25.94,15,3,71,2.369095999134713
2025-03-12 16:00:00,287.5,569.1,30.02,288.08,2.39,3.02,359.4,24.91,16,3,71,3.327753449947364
2025-03-12 17:00:00,54.67,124.45,25.65,54.8,2.81,4.35,356.4,22.52,17,3,71,4.793287254063256
2025-03-12 18:00:00,0.0,0.0,22.68,0.0,3.38,5.5,345.7,21.16,18,3,71,6.0604781373213585
2025-03-12 19:00:00,0.0,0.0,21.32,0.0,3.57,6.06,339.8,20.56,19,3,71,6.67754500221226
2025-03-12 20:00:00,0.0,0.0,20.25,0.0,3.61,6.1,336.4,20.11,20,3,71,6.721621206847325
2025-03-12 21:00:00,0.0,0.0,19.05,0.0,3.62,5.91,331.4,19.82,21,3,71,6.512259234830769
2025-03-12 22:00:00,0.0,0.0,17.79,0.0,3.7,5.78,324.7,19.65,22,3,71,6.36901156976681
2025-03-12 23:00:00,0.0,0.0,16.73,0.0,3.92,5.94,315.8,19.62,23,3,71,6.545316388307068
2025-03-13 00:00:00,0.0,0.0,15.95,0.0,4.13,6.13,307.8,19.54,0,3,72,6.754678360323624
2025-03-13 01:00:00,0.0,0.0,15.21,0.0,3.93,5.73,306.4,19.53,1,3,72,6.31391631397298
2025-03-13 02:00:00,0.0,0.0,14.55,0.0,3.24,4.6,311.5,19.54,2,3,72,5.068763533032409
2025-03-13 03:00:00,0.0,0.0,14.03,0.0,2.3,3.12,324.1,19.44,3,3,72,3.4379439615350256
2025-03-13 04:00:00,0.0,0.0,13.68,0.0,1.49,1.91,337.9,19.42,4,3,72,2.104638771324326
2025-03-13 05:00:00,0.0,0.0,13.35,0.0,0.95,1.13,317.1,19.66,5,3,72,1.24515278094057
2025-03-13 06:00:00,59.6,153.91,14.44,59.88,1.22,1.49,270.8,19.98,6,3,72,1.6418386226561499
2025-03-13 07:00:00,295.98,583.38,18.45,296.9,1.96,2.33,258.4,21.13,7,3,72,2.5674389199925027
2025-03-13 08:00:00,543.75,769.16,21.92,544.62,2.08,2.65,230.7,22.07,8,3,72,2.9200485570730184
2025-03-13 09:00:00,753.62,865.26,25.7,754.33,2.12,2.75,199.6,23.76,9,3,72,3.0302390686606793
2025-03-13 10:00:00,903.35,915.47,29.41,903.92,2.09,2.71,184.2,25.6,10,3,72,2.986162864025615
2025-03-13 11:00:00,966.42,833.18,31.51,966.92,2.02,2.61,172.1,27.07,11,3,72,2.875972352437954
2025-03-13 12:00:00,965.53,830.82,32.42,965.78,2.04,2.61,157.3,27.77,12,3,72,2.875972352437954
2025-03-13 13:00:00,884.67,803.9,32.94,884.97,2.0,2.5,144.6,27.95,13,3,72,2.7547627896915268
2025-03-13 14:00:00,730.5,742.26,33.05,730.88,1.83,2.2,129.8,28.03,14,3,72,2.4241912549285436
2025-03-13 15:00:00,517.8,624.08,32.61,518.2,1.72,1.98,105.2,27.87,15,3,72,2.181772129435689
2025-03-13 16:00:00,271.05,424.34,31.14,271.33,1.88,2.26,75.9,27.18,16,3,72,2.49030556188114
2025-03-13 17:00:00,50.17,55.08,26.71,50.2,1.89,2.7,53.7,25.41,17,3,72,2.975143812866849
2025-03-13 18:00:00,0.0,0.0,24.27,0.0,1.89,2.62,32.4,24.81,18,3,72,2.88699140359672
2025-03-13 19:00:00,0.0,0.0,22.73,0.0,1.91,2.65,10.9,24.37,19,3,72,2.9200485570730184
2025-03-13 20:00:00,0.0,0.0,21.46,0.0,2.05,2.89,350.0,23.46,20,3,72,3.184505784883405
2025-03-13 21:00:00,0.0,0.0,20.58,0.0,2.45,3.66,332.9,22.48,21,3,72,4.0329727241083955
2025-03-13 22:00:00,0.0,0.0,20.11,0.0,2.84,4.59,325.4,22.14,22,3,72,5.057744481873643
2025-03-13 23:00:00,0.0,0.0,19.71,0.0,3.15,5.36,321.4,21.99,23,3,72,5.906211421098633
2025-03-14 00:00:00,0.0,0.0,19.46,0.0,3.38,5.79,319.5,21.86,0,3,73,6.3800306209255755
2025-03-14 01:00:00,0.0,0.0,18.6,0.0,3.59,6.15,318.8,21.58,1,3,73,6.776716462641156
2025-03-14 02:00:00,0.0,0.0,17.46,0.0,3.99,6.76,318.0,21.25,2,3,73,7.448878583325888
2025-03-14 03:00:00,0.0,0.0,16.73,0.0,4.21,7.01,319.5,21.04,3,3,73,7.724354862295041
2025-03-14 04:00:00,0.0,0.0,16.13,0.0,4.11,6.71,321.9,20.87,4,3,73,7.3937833275320575
2025-03-14 05:00:00,0.0,0.0,15.61,0.0,3.94,6.29,319.9,20.71,5,3,73,6.930983178863881
2025-03-14 06:00:00,51.22,31.49,16.99,52.05,4.17,6.34,312.0,21.01,6,3,73,6.986078434657712
2025-03-14 07:00:00,259.1,291.54,21.02,263.85,4.94,6.39,307.7,22.3,7,3,73,7.041173690451542
2025-03-14 08:00:00,501.38,489.51,24.59,506.55,4.84,6.44,310.6,23.35,8,3,73,7.096268946245373
2025-03-14 09:00:00,713.35,631.98,28.71,717.12,4.87,6.62,319.5,25.03,9,3,73,7.294611867103162
2025-03-14 10:00:00,867.3,696.9,31.82,869.53,5.27,7.04,326.3,26.76,10,3,73,7.757412015771339
2025-03-14 11:00:00,965.38,824.74,33.27,966.33,5.68,7.59,326.6,27.81,11,3,73,8.363459829503475
2025-03-14 12:00:00,963.58,826.94,34.05,963.58,6.16,8.34,324.5,28.09,12,3,73,9.189888666410933
2025-03-14 13:00:00,881.9,797.14,34.43,882.0,6.61,9.12,323.5,28.16,13,3,73,10.049374656794688
2025-03-14 14:00:00,727.05,727.08,34.33,727.25,6.93,9.74,323.4,28.04,14,3,73,10.732555828638189
2025-03-14 15:00:00,513.8,611.31,33.71,514.05,7.1,10.16,324.0,27.73,15,3,73,11.195355977306365
2025-03-14 16:00:00,268.17,403.77,32.15,268.42,6.98,10.3,323.4,27.07,16,3,73,11.34962269352909
2025-03-14 17:00:00,50.88,54.65,26.97,50.9,6.64,10.9,322.7,25.67,17,3,73,12.010765763055057
2025-03-14 18:00:00,0.0,0.0,24.6,0.0,7.14,11.54,328.5,24.71,18,3,73,12.715985037216086
2025-03-14 19:00:00,0.0,0.0,23.93,0.0,7.19,11.11,339.1,23.9,19,3,73,12.242165837389145
2025-03-14 20:00:00,0.0,0.0,23.43,0.0,6.93,10.37,343.8,22.97,20,3,73,11.426756051640451
2025-03-14 21:00:00,0.0,0.0,22.91,0.0,6.77,9.66,341.8,22.12,21,3,73,10.644403419368059
2025-03-14 22:00:00,0.0,0.0,22.09,0.0,6.95,9.31,337.7,21.27,22,3,73,10.258736628811246
2025-03-14 23:00:00,0.0,0.0,21.24,0.0,7.1,9.05,333.7,20.47,23,3,73,9.972241298683327
2025-03-15 00:00:00,0.0,0.0,20.37,0.0,7.21,8.85,330.9,19.75,0,3,74,9.751860275508005
2025-03-15 01:00:00,0.0,0.0,19.52,0.0,7.19,8.66,328.7,19.13,1,3,74,9.542498303491449
2025-03-15 02:00:00,0.0,0.0,18.79,0.0,7.12,8.53,326.4,18.79,2,3,74,9.399250638427489
2025-03-15 03:00:00,0.0,0.0,17.94,0.0,7.16,8.53,323.1,18.51,3,3,74,9.399250638427489
2025-03-15 04:00:00,0.0,0.0,17.25,0.0,7.45,8.8,319.7,18.32,4,3,74,9.696765019714174
2025-03-15 05:00:00,0.0,0.0,16.8,0.0,7.77,9.14,318.1,18.22,5,3,74,10.071412759112222
2025-03-15 06:00:00,57.85,68.33,17.78,58.85,8.03,9.16,316.4,18.57,6,3,74,10.093450861429753
2025-03-15 07:00:00,281.4,408.13,20.37,285.7,8.35,9.2,313.2,19.77,7,3,74,10.137527066064818
2025-03-15 08:00:00,528.08,604.43,23.89,532.38,7.62,8.95,322.2,21.86,8,3,74,9.862050787095665
2025-03-15 09:00:00,738.65,733.23,27.54,741.78,6.56,8.23,329.9,24.13,9,3,74,9.068679103664506
2025-03-15 10:00:00,889.85,788.87,30.73,891.78,5.67,7.55,332.7,26.21,10,3,74,8.31938362486841
2025-03-15 11:00:00,976.97,868.08,32.92,977.97,5.29,6.96,334.4,27.83,11,3,74,7.66925960650121
2025-03-15 12:00:00,975.3,868.06,34.03,975.42,5.31,6.91,333.8,28.72,12,3,74,7.61416435070738
2025-03-15 13:00:00,894.35,835.15,34.62,894.9,5.5,7.16,333.9,29.16,13,3,74,7.889640629676532
2025-03-15 14:00:00,740.42,774.22,34.69,741.72,5.77,7.63,334.5,29.25,14,3,74,8.40753603413854
2025-03-15 15:00:00,526.92,662.59,34.18,529.03,6.12,8.36,336.4,29.03,15,3,74,9.211926768728464
2025-03-15 16:00:00,279.65,473.47,32.82,281.7,6.32,9.12,339.2,28.32,16,3,74,10.049374656794688
2025-03-15 17:00:00,54.42,80.92,27.79,54.92,6.04,10.06,343.9,26.75,17,3,74,11.085165465718704
2025-03-15 18:00:00,0.0,0.0,25.22,0.0,6.36,10.85,353.3,25.77,18,3,74,11.955670507261225
2025-03-15 19:00:00,0.0,0.0,24.4,0.0,6.46,10.72,357.9,25.0,19,3,74,11.812422842197266
2025-03-15 20:00:00,0.0,0.0,23.74,0.0,6.32,10.12,358.5,24.03,20,3,74,11.151279772671298
2025-03-15 21:00:00,0.0,0.0,22.92,0.0,6.09,9.16,350.7,23.01,21,3,74,10.093450861429753
2025-03-15 22:00:00,0.0,0.0,21.94,0.0,6.43,8.61,340.0,21.98,22,3,74,9.487403047697617
2025-03-15 23:00:00,0.0,0.0,21.2,0.0,6.53,8.16,333.0,21.07,23,3,74,8.991545745553143
2025-03-16 00:00:00,0.0,0.0,20.75,0.0,6.18,7.48,333.2,20.45,0,3,75,8.242250266757049
2025-03-16 01:00:00,0.0,0.0,20.4,0.0,5.37,6.56,337.5,20.12,1,3,75,7.228497560150566
2025-03-16 02:00:00,0.0,0.0,19.95,0.0,5.0,5.98,333.0,19.79,2,3,75,6.589392592942132
2025-03-16 03:00:00,0.0,0.0,19.15,0.0,4.37,5.23,328.4,19.74,3,3,75,5.762963756034674
2025-03-16 04:00:00,0.0,0.0,18.17,0.0,3.67,4.5,323.9,19.77,4,3,75,4.958573021444748
2025-03-16 05:00:00,0.0,0.0,17.35,0.0,3.16,3.89,317.6,19.86,5,3,75,4.286410900760016
2025-03-16 06:00:00,57.92,56.77,18.7,59.33,2.92,3.32,306.7,20.61,6,3,75,3.6583249847103474
2025-03-16 07:00:00,270.92,354.53,22.3,278.77,2.94,3.21,288.3,21.58,7,3,75,3.5371154219639203
2025-03-16 08:00:00,507.98,553.92,26.28,519.28,2.32,2.72,271.9,22.5,8,3,75,2.997181915184381
2025-03-16 09:00:00,714.85,675.27,30.21,725.97,1.86,2.36,231.5,23.87,9,3,75,2.600496073468801
2025-03-16 10:00:00,866.45,734.33,33.24,874.62,2.08,2.83,193.5,25.52,10,3,75,3.118391477930808
2025-03-16 11:00:00,930.6,670.63,35.03,935.35,2.6,3.42,173.3,27.48,11,3,75,3.7685154962980083
2025-03-16 12:00:00,930.28,664.46,35.95,932.22,2.53,3.23,172.7,28.89,12,3,75,3.5591535242814523
2025-03-16 13:00:00,848.55,634.5,36.3,848.62,2.08,2.56,187.6,29.96,13,3,75,2.8208770966441232
2025-03-16 14:00:00,690.88,553.88,36.1,691.08,1.57,1.91,213.4,30.65,14,3,75,2.104638771324326
2025-03-16 15:00:00,478.98,428.17,35.44,479.25,1.15,1.42,251.9,30.83,15,3,75,1.564705264544787
2025-03-16 16:00:00,242.6,239.15,34.14,242.82,1.19,1.54,296.2,30.36,16,3,75,1.6969338784499806
2025-03-16 17:00:00,46.85,14.09,30.11,46.88,1.48,2.05,318.6,28.96,17,3,75,2.2589054875470516
2025-03-16 18:00:00,0.0,0.0,27.75,0.0,1.8,2.47,334.4,27.83,18,3,75,2.7217056362152285
2025-03-16 19:00:00,0.0,0.0,26.84,0.0,2.12,2.94,347.6,26.71,19,3,75,3.2396010406772353
2025-03-16 20:00:00,0.0,0.0,25.71,0.0,2.3,3.25,348.7,25.65,20,3,75,3.5811916265989847
2025-03-16 21:00:00,0.0,0.0,24.37,0.0,2.37,3.42,339.7,24.74,21,3,75,3.7685154962980083
2025-03-16 22:00:00,0.0,0.0,23.01,0.0,2.4,3.57,329.0,23.95,22,3,75,3.9338012636795
2025-03-16 23:00:00,0.0,0.0,21.62,0.0,2.36,3.75,321.0,23.38,23,3,75,4.13214418453729
2025-03-17 00:00:00,0.0,0.0,20.27,0.0,2.42,4.13,311.0,23.08,0,3,76,4.550868128570402
2025-03-17 01:00:00,0.0,0.0,19.03,0.0,2.63,4.68,305.5,22.82,1,3,76,5.156915942302538
2025-03-17 02:00:00,0.0,0.0,17.99,0.0,2.79,4.94,303.3,22.5,2,3,76,5.443411272430457
2025-03-17 03:00:00,0.0,0.0,17.19,0.0,2.96,5.1,300.0,22.26,3,3,76,5.619716090970714
2025-03-17 04:00:00,0.0,0.0,16.68,0.0,3.06,5.11,295.8,22.05,4,3,76,5.630735142129481
2025-03-17 05:00:00,0.0,0.0,16.32,0.0,3.16,5.1,287.6,21.83,5,3,76,5.619716090970714
2025-03-17 06:00:00,66.5,106.96,17.82,67.72,3.16,5.09,276.9,22.0,6,3,76,5.608697039811948
2025-03-17 07:00:00,301.15,457.68,21.62,306.15,3.09,4.25,266.2,22.91,7,3,76,4.683096742475596
2025-03-17 08:00:00,549.97,663.91,25.13,554.97,1.98,2.48,242.6,24.6,8,3,76,2.7327246873739943
2025-03-17 09:00:00,762.15,786.5,29.66,765.8,1.58,2.07,188.1,26.67,9,3,76,2.280943589864584
2025-03-17 10:00:00,912.35,845.2,33.26,914.78,2.04,2.58,162.6,28.01,10,3,76,2.8429151989616557
2025-03-17 11:00:00,979.33,785.03,34.94,980.97,2.28,2.76,148.6,28.97,11,3,76,3.041258119819445
2025-03-17 12:00:00,977.0,792.85,35.89,978.03,2.51,2.91,131.0,29.56,12,3,76,3.206543887200937
2025-03-17 13:00:00,895.62,774.69,36.38,895.92,2.8,3.18,112.2,29.72,13,3,76,3.504058268487622
2025-03-17 14:00:00,739.78,711.6,36.38,740.35,3.12,3.58,96.4,29.5,14,3,76,3.944820314838266
2025-03-17 15:00:00,524.8,600.69,35.91,525.62,3.42,4.07,87.3,28.94,15,3,76,4.484753821617805
2025-03-17 16:00:00,276.88,407.09,34.39,277.6,3.39,4.33,83.5,28.17,16,3,76,4.7712491517457245
2025-03-17 17:00:00,54.0,54.62,29.29,54.15,2.84,4.34,82.3,26.52,17,3,76,4.78226820290449
2025-03-17 18:00:00,0.0,0.0,26.62,0.0,2.31,3.31,84.1,26.06,18,3,76,3.647305933551581
2025-03-17 19:00:00,0.0,0.0,25.49,0.0,1.52,2.06,93.6,26.67,19,3,76,2.2699245387058182
2025-03-17 20:00:00,0.0,0.0,24.47,0.0,0.76,1.0,119.4,26.77,20,3,76,1.1019051158766107
2025-03-17 21:00:00,0.0,0.0,23.38,0.0,0.37,0.49,253.4,26.29,21,3,76,0.5399335067795392
2025-03-17 22:00:00,0.0,0.0,22.23,0.0,0.99,1.38,294.0,25.34,22,3,76,1.5206290599097225
2025-03-17 23:00:00,0.0,0.0,21.23,0.0,1.26,1.81,302.8,24.65,23,3,76,1.9944482597366653
2025-03-18 00:00:00,0.0,0.0,20.55,0.0,1.56,2.28,306.3,24.11,0,3,77,2.512343664198672
2025-03-18 01:00:00,0.0,0.0,20.12,0.0,1.95,2.96,307.7,23.54,1,3,77,3.2616391429947673
2025-03-18 02:00:00,0.0,0.0,19.78,0.0,2.19,3.38,307.9,23.02,2,3,77,3.724439291662944
2025-03-18 03:00:00,0.0,0.0,19.6,0.0,2.19,3.42,308.9,22.62,3,3,77,3.7685154962980083
2025-03-18 04:00:00,0.0,0.0,19.46,0.0,2.2,3.44,305.3,22.44,4,3,77,3.7905535986155408
2025-03-18 05:00:00,0.0,0.0,19.26,0.0,2.37,3.67,302.3,21.98,5,3,77,4.043991775267161
2025-03-18 06:00:00,66.47,86.87,19.9,66.8,2.51,4.03,306.5,21.86,6,3,77,4.440677616982741
2025-03-18 07:00:00,294.75,448.11,23.05,296.1,2.82,3.98,323.7,23.13,7,3,77,4.38558236118891
2025-03-18 08:00:00,540.6,628.17,26.24,542.35,3.23,4.3,342.7,23.86,8,3,77,4.738191998269426
2025-03-18 09:00:00,752.08,738.23,30.34,753.6,3.33,4.22,338.7,24.6,9,3,77,4.650039588999297
2025-03-18 10:00:00,904.47,798.85,33.47,905.55,3.38,4.16,345.5,25.23,10,3,77,4.5839252820467005
2025-03-18 11:00:00,984.65,839.85,34.86,985.33,3.7,4.57,0.1,25.64,11,3,77,5.035706379556111
2025-03-18 12:00:00,982.28,839.37,35.75,982.62,4.1,5.17,10.1,26.09,12,3,77,5.696849449082077
2025-03-18 13:00:00,900.62,813.69,36.24,900.72,4.35,5.52,11.0,26.93,13,3,77,6.08251623963889
2025-03-18 14:00:00,745.47,749.74,36.31,746.0,4.6,5.9,8.0,27.82,14,3,77,6.501240183672003
2025-03-18 15:00:00,529.92,634.72,35.93,530.78,4.83,6.29,3.9,28.13,15,3,77,6.930983178863881
2025-03-18 16:00:00,280.8,431.78,34.61,281.6,4.94,6.72,0.1,27.75,16,3,77,7.404802378690824
2025-03-18 17:00:00,56.28,68.64,30.12,56.4,4.38,7.33,353.3,26.01,17,3,77,8.076964499375556
2025-03-18 18:00:00,0.0,0.0,27.94,0.0,4.62,8.18,343.9,24.74,18,3,77,9.013583847870676
2025-03-18 19:00:00,0.0,0.0,26.51,0.0,4.91,8.84,336.0,24.08,19,3,77,9.740841224349237
2025-03-18 20:00:00,0.0,0.0,25.84,0.0,5.33,9.23,330.5,23.47,20,3,77,10.170584219541118
2025-03-18 21:00:00,0.0,0.0,25.03,0.0,6.07,9.56,325.8,22.88,21,3,77,10.534212907780399
2025-03-18 22:00:00,0.0,0.0,23.95,0.0,7.3,10.05,323.8,22.2,22,3,77,11.074146414559937
2025-03-18 23:00:00,0.0,0.0,23.15,0.0,8.47,10.54,325.2,21.27,23,3,77,11.614079921339476
2025-03-19 00:00:00,0.0,0.0,22.47,0.0,8.51,10.15,327.5,20.24,0,3,78,11.184336926147598
2025-03-19 01:00:00,0.0,0.0,21.58,0.0,7.7,9.16,328.9,19.46,1,3,78,10.093450861429753
2025-03-19 02:00:00,0.0,0.0,20.52,0.0,7.21,8.57,326.3,18.92,2,3,78,9.443326843062554
2025-03-19 03:00:00,0.0,0.0,19.48,0.0,7.13,8.48,323.0,18.49,3,3,78,9.344155382633659
2025-03-19 04:00:00,0.0,0.0,18.61,0.0,6.94,8.27,322.6,18.15,4,3,78,9.112755308299569
2025-03-19 05:00:00,0.0,0.0,18.02,0.0,6.86,8.25,322.2,17.88,5,3,78,9.090717205982038
2025-03-19 06:00:00,65.07,58.67,18.73,65.25,7.29,8.34,323.4,18.19,6,3,78,9.189888666410933
2025-03-19 07:00:00,281.58,365.31,21.2,282.27,7.91,8.78,326.8,19.13,7,3,78,9.67472691739664
2025-03-19 08:00:00,521.62,540.57,25.05,522.45,8.5,9.42,328.9,20.25,8,3,78,10.379946191557673
2025-03-19 09:00:00,730.47,653.78,28.39,731.12,8.7,9.57,328.7,20.98,9,3,78,10.545231958939164
2025-03-19 10:00:00,881.12,712.42,30.82,881.5,8.58,9.48,327.4,21.58,10,3,78,10.446060498510269
2025-03-19 11:00:00,970.72,805.45,32.6,970.9,8.25,9.29,327.6,22.22,11,3,78,10.236698526493711
2025-03-19 12:00:00,965.03,779.67,33.73,965.05,7.94,9.27,331.2,22.88,12,3,78,10.21466042417618
2025-03-19 13:00:00,878.78,723.17,34.16,878.9,7.77,9.5,336.6,23.42,13,3,78,10.468098600827801
2025-03-19 14:00:00,718.17,626.94,33.89,718.38,7.63,9.74,341.6,23.86,14,3,78,10.732555828638189
2025-03-19 15:00:00,498.48,475.35,32.95,498.73,7.33,9.76,342.4,24.06,15,3,78,10.75459393095572
2025-03-19 16:00:00,251.25,254.68,31.28,251.45,6.72,9.24,340.9,23.8,16,3,78,10.181603270699883
2025-03-19 17:00:00,49.03,12.57,27.92,49.05,5.45,8.39,339.0,22.85,17,3,78,9.244983922204764
2025-03-19 18:00:00,0.0,0.0,24.97,0.0,4.93,8.16,335.8,21.78,18,3,78,8.991545745553143
2025-03-19 19:00:00,0.0,0.0,23.69,0.0,5.08,8.03,328.2,21.27,19,3,78,8.848298080489183
2025-03-19 20:00:00,0.0,0.0,22.48,0.0,5.95,8.47,323.6,20.74,20,3,78,9.333136331474893
2025-03-19 21:00:00,0.0,0.0,21.51,0.0,6.91,8.97,328.1,20.07,21,3,78,9.884088889413198
2025-03-19 22:00:00,0.0,0.0,20.62,0.0,7.71,9.53,337.3,19.37,22,3,78,10.501155754304099
2025-03-19 23:00:00,0.0,0.0,19.87,0.0,8.98,10.95,347.7,18.72,23,3,78,12.065861018848887
2025-03-20 00:00:00,0.0,0.0,19.42,0.0,9.78,11.65,351.4,18.04,0,3,79,12.837194599962515
2025-03-20 01:00:00,0.0,0.0,18.68,0.0,9.96,11.78,351.1,17.38,1,3,79,12.980442265026474
2025-03-20 02:00:00,0.0,0.0,17.97,0.0,9.92,11.69,349.6,16.79,2,3,79,12.881270804597579
2025-03-20 03:00:00,0.0,0.0,17.3,0.0,9.6,11.35,347.8,16.23,3,3,79,12.50662306519953
2025-03-20 04:00:00,0.0,0.0,16.61,0.0,9.15,10.91,345.4,15.71,4,3,79,12.021784814213822
2025-03-20 05:00:00,0.0,0.0,15.84,0.0,8.67,10.45,341.9,15.21,5,3,79,11.514908460910581
2025-03-20 06:00:00,65.18,40.07,15.71,65.45,8.71,10.12,338.2,15.19,6,3,79,11.151279772671298
2025-03-20 07:00:00,281.0,323.07,16.99,282.58,8.94,9.99,334.4,15.61,7,3,79,11.00803210760734
2025-03-20 08:00:00,523.78,526.55,19.05,525.67,8.78,9.69,331.5,16.19,8,3,79,10.677460572844357
2025-03-20 09:00:00,732.92,629.61,21.33,734.62,8.56,9.43,330.3,16.91,9,3,79,10.390965242716439
2025-03-20 10:00:00,881.55,659.69,23.53,882.83,8.37,9.26,329.9,17.84,10,3,79,10.203641373017415
2025-03-20 11:00:00,958.78,687.84,25.29,959.67,8.21,9.08,330.7,18.83,11,3,79,10.005298452159625
2025-03-20 12:00:00,949.62,630.77,26.38,949.88,8.1,9.0,331.7,19.71,12,3,79,9.917146042889495
2025-03-20 13:00:00,855.62,544.8,26.81,856.12,8.1,9.08,330.7,20.44,13,3,79,10.005298452159625
2025-03-20 14:00:00,684.12,421.28,26.57,684.53,8.19,9.28,328.2,20.91,14,3,79,10.225679475334946
2025-03-20 15:00:00,460.27,271.3,25.69,460.58,8.33,9.57,326.3,21.09,15,3,79,10.545231958939164
2025-03-20 16:00:00,224.75,108.22,24.03,224.9,8.58,9.96,325.9,20.84,16,3,79,10.974974954131044
2025-03-20 17:00:00,46.45,1.3,21.47,46.45,8.51,10.11,327.6,20.03,17,3,79,11.140260721512533
2025-03-20 18:00:00,0.0,0.0,18.8,0.0,8.68,10.56,328.4,19.12,18,3,79,11.636118023657009
2025-03-20 19:00:00,0.0,0.0,17.18,0.0,10.08,12.17,331.0,18.33,19,3,79,13.410185260218352
2025-03-20 20:00:00,0.0,0.0,15.89,0.0,10.74,12.81,335.4,17.41,20,3,79,14.115404534379383
2025-03-20 21:00:00,0.0,0.0,14.84,0.0,10.72,12.74,338.6,16.6,21,3,79,14.03827117626802
2025-03-20 22:00:00,0.0,0.0,13.99,0.0,10.49,12.43,341.0,15.79,22,3,79,13.69668059034627
2025-03-20 23:00:00,0.0,0.0,13.27,0.0,9.94,11.83,341.6,15.09,23,3,79,13.035537520820304
2025-03-21 00:00:00,0.0,0.0,12.63,0.0,9.28,11.1,340.3,14.51,0,3,80,12.231146786230378
2025-03-21 01:00:00,0.0,0.0,12.03,0.0,8.66,10.45,338.7,14.08,1,3,80,11.514908460910581
2025-03-21 02:00:00,0.0,0.0,11.44,0.0,8.07,9.84,337.1,13.75,2,3,80,10.84274634022585
2025-03-21 03:00:00,0.0,0.0,10.79,0.0,7.68,9.36,336.1,13.59,3,3,80,10.313831884605076
2025-03-21 04:00:00,0.0,0.0,10.1,0.0,7.34,8.98,335.6,13.45,4,3,80,9.895107940571965
2025-03-21 05:00:00,0.0,0.0,9.39,0.0,7.17,8.77,335.3,13.41,5,3,80,9.663707866237875
2025-03-21 06:00:00,65.35,9.3,9.57,65.35,7.35,8.56,335.9,13.76,6,3,80,9.432307791903789
2025-03-21 07:00:00,268.0,169.96,11.19,268.3,7.83,8.74,338.5,14.52,7,3,80,9.630650712761577
2025-03-21 08:00:00,513.58,348.87,13.23,513.97,7.82,8.61,338.2,15.27,8,3,80,9.487403047697617
2025-03-21 09:00:00,733.75,474.35,15.38,734.08,7.72,8.45,337.9,16.07,9,3,80,9.31109822915736
2025-03-21 10:00:00,892.47,536.35,17.48,892.7,7.68,8.38,337.0,16.8,10,3,80,9.233964871045998
2025-03-21 11:00:00,1022.35,865.78,19.31,1022.45,7.69,8.39,336.9,17.37,11,3,80,9.244983922204764
2025-03-21 12:00:00,1014.8,835.3,20.77,1014.8,7.72,8.44,337.4,17.84,12,3,80,9.300079177998594
2025-03-21 13:00:00,926.22,768.74,21.73,926.3,7.8,8.57,338.5,18.28,13,3,80,9.443326843062554
2025-03-21 14:00:00,760.97,670.42,22.09,761.22,7.98,8.79,340.5,18.63,14,3,80,9.685745968555407
2025-03-21 15:00:00,534.58,521.19,21.72,535.03,8.16,9.04,342.2,18.77,15,3,80,9.96122224752456
2025-03-21 16:00:00,277.6,303.02,20.61,278.0,8.16,9.13,343.4,18.59,16,3,80,10.060393707953455
2025-03-21 17:00:00,57.2,21.32,18.26,57.22,7.55,8.88,343.6,18.08,17,3,80,9.784917428984304
2025-03-21 18:00:00,0.0,0.0,15.74,0.0,6.81,8.65,342.8,17.5,18,3,80,9.531479252332682
2025-03-21 19:00:00,0.0,0.0,14.97,0.0,6.57,8.53,341.1,17.24,19,3,80,9.399250638427489
2025-03-21 20:00:00,0.0,0.0,14.21,0.0,6.72,8.7,340.9,17.15,20,3,80,9.586574508126512
2025-03-21 21:00:00,0.0,0.0,13.49,0.0,7.32,9.19,344.1,17.01,21,3,80,10.126508014906051
2025-03-21 22:00:00,0.0,0.0,12.81,0.0,8.06,9.89,350.5,16.56,22,3,80,10.89784159601968
2025-03-21 23:00:00,0.0,0.0,12.12,0.0,8.69,10.42,355.3,16.09,23,3,80,11.481851307434283
2025-03-22 00:00:00,0.0,0.0,11.43,0.0,8.64,10.45,356.5,15.47,0,3,81,11.514908460910581
2025-03-22 01:00:00,0.0,0.0,10.85,0.0,8.31,10.12,355.6,14.96,1,3,81,11.151279772671298
2025-03-22 02:00:00,0.0,0.0,10.33,0.0,7.73,9.57,354.2,14.61,2,3,81,10.545231958939164
2025-03-22 03:00:00,0.0,0.0,9.79,0.0,7.02,8.84,353.4,14.25,3,3,81,9.740841224349237
2025-03-22 04:00:00,0.0,0.0,9.23,0.0,6.26,8.07,352.7,13.88,4,3,81,8.892374285124248
2025-03-22 05:00:00,0.0,0.0,8.71,0.0,5.82,7.58,351.5,13.6,5,3,81,8.35244077834471
2025-03-22 06:00:00,82.9,126.37,9.63,83.78,6.13,7.29,349.9,14.2,6,3,81,8.032888294740491
2025-03-22 07:00:00,323.8,515.82,12.53,327.3,6.62,7.31,347.5,14.84,7,3,81,8.054926397058024
2025-03-22 08:00:00,575.5,712.68,15.46,579.53,6.69,7.29,344.2,15.56,8,3,81,8.032888294740491
2025-03-22 09:00:00,789.6,829.76,17.28,793.0,6.94,7.52,339.9,16.32,9,3,81,8.286326471392112
2025-03-22 10:00:00,941.3,893.95,18.88,943.83,7.4,8.03,335.6,16.95,10,3,81,8.848298080489183
2025-03-22 11:00:00,1000.4,836.17,20.23,1002.12,7.84,8.51,335.2,17.4,11,3,81,9.377212536109957
2025-03-22 12:00:00,997.42,835.6,21.2,998.3,8.12,8.86,336.0,17.72,12,3,81,9.76287932666677
2025-03-22 13:00:00,914.22,802.04,21.85,914.22,8.34,9.15,335.9,18.04,13,3,81,10.082431810270988
2025-03-22 14:00:00,754.97,725.07,21.88,755.03,8.61,9.5,336.1,18.32,14,3,81,10.468098600827801
2025-03-22 15:00:00,535.8,599.83,21.35,535.92,8.95,9.96,336.4,18.45,15,3,81,10.974974954131044
2025-03-22 16:00:00,284.8,405.11,20.26,284.95,9.01,10.12,337.4,18.27,16,3,81,11.151279772671298
2025-03-22 17:00:00,59.65,62.0,18.07,59.67,8.25,9.69,337.4,17.84,17,3,81,10.677460572844357
2025-03-22 18:00:00,0.0,0.0,15.32,0.0,7.45,9.38,337.3,17.36,18,3,81,10.335869986922608
2025-03-22 19:00:00,0.0,0.0,14.46,0.0,7.18,9.24,340.4,17.22,19,3,81,10.181603270699883
2025-03-22 20:00:00,0.0,0.0,13.78,0.0,6.9,9.02,346.4,17.02,20,3,81,9.939184145207028
2025-03-22 21:00:00,0.0,0.0,13.1,0.0,6.91,9.07,356.1,16.74,21,3,81,9.99427940100086
2025-03-22 22:00:00,0.0,0.0,12.53,0.0,6.82,8.95,4.9,16.2,22,3,81,9.862050787095665
2025-03-22 23:00:00,0.0,0.0,11.94,0.0,6.68,8.8,11.1,15.59,23,3,81,9.696765019714174
2025-03-23 00:00:00,0.0,0.0,11.33,0.0,6.3,8.28,13.3,14.95,0,3,82,9.123774359458336
2025-03-23 01:00:00,0.0,0.0,10.62,0.0,5.9,7.74,11.2,14.42,1,3,82,8.528745596884967
2025-03-23 02:00:00,0.0,0.0,9.91,0.0,5.66,7.39,7.3,14.0,2,3,82,8.143078806328152
2025-03-23 03:00:00,0.0,0.0,9.33,0.0,5.39,7.01,4.5,13.68,3,3,82,7.724354862295041
2025-03-23 04:00:00,0.0,0.0,8.78,0.0,5.08,6.58,3.6,13.48,4,3,82,7.250535662468098
2025-03-23 05:00:00,0.0,0.0,8.25,0.0,4.95,6.35,3.3,13.36,5,3,82,6.997097485816477
2025-03-23 06:00:00,92.25,198.86,9.31,93.68,4.73,5.69,5.9,14.24,6,3,82,6.269840109337915
2025-03-23 07:00:00,340.23,598.65,12.03,344.27,4.43,4.76,1.3,15.5,7,3,82,5.245068351572667
2025-03-23 08:00:00,591.08,772.75,16.13,595.65,4.09,4.29,346.9,17.0,8,3,82,4.72717294711066
2025-03-23 09:00:00,801.75,873.2,18.59,805.9,4.23,4.36,333.0,18.52,9,3,82,4.804306305222023
2025-03-23 10:00:00,950.2,921.56,20.53,953.83,4.53,4.71,324.4,19.77,10,3,82,5.189973095778837
2025-03-23 11:00:00,1011.17,878.44,22.24,1014.1,4.79,5.22,319.4,20.62,11,3,82,5.751944704875908
2025-03-23 12:00:00,1007.22,885.28,23.65,1009.47,5.14,5.81,316.5,21.2,12,3,82,6.402068723243108
2025-03-23 13:00:00,925.55,863.06,24.66,926.28,5.47,6.47,314.8,21.58,13,3,82,7.129326099721671
2025-03-23 14:00:00,769.95,819.51,25.19,771.12,5.8,7.18,313.7,21.83,14,3,82,7.911678731994065
2025-03-23 15:00:00,555.2,724.33,25.1,556.67,6.27,8.0,314.7,21.91,15,3,82,8.815240927012885
2025-03-23 16:00:00,304.95,562.86,24.28,306.2,6.92,8.93,317.7,21.75,16,3,82,9.840012684778133
2025-03-23 17:00:00,67.15,154.5,20.63,67.45,6.97,9.47,319.8,21.0,17,3,82,10.435041447351503
2025-03-23 18:00:00,0.0,0.0,17.66,0.0,6.99,9.61,324.9,19.95,18,3,82,10.589308163574227
2025-03-23 19:00:00,0.0,0.0,16.92,0.0,6.96,9.16,331.4,19.19,19,3,82,10.093450861429753
2025-03-23 20:00:00,0.0,0.0,16.24,0.0,6.44,8.33,341.2,18.34,20,3,82,9.178869615252166
2025-03-23 21:00:00,0.0,0.0,15.48,0.0,5.9,7.6,346.8,17.52,21,3,82,8.37447888066224
2025-03-23 22:00:00,0.0,0.0,14.56,0.0,5.51,7.04,345.9,16.79,22,3,82,7.757412015771339
2025-03-23 23:00:00,0.0,0.0,13.57,0.0,5.68,7.15,342.2,16.1,23,3,82,7.878621578517767
2025-03-24 00:00:00,0.0,0.0,12.72,0.0,5.89,7.28,341.8,15.58,0,3,83,8.021869243581726
2025-03-24 01:00:00,0.0,0.0,12.07,0.0,5.44,6.76,338.3,15.21,1,3,83,7.448878583325888
2025-03-24 02:00:00,0.0,0.0,11.52,0.0,5.05,6.38,330.7,14.95,2,3,83,7.030154639292776
2025-03-24 03:00:00,0.0,0.0,10.91,0.0,5.17,6.51,323.5,14.8,3,3,83,7.173402304356735
2025-03-24 04:00:00,0.0,0.0,10.17,0.0,5.66,6.96,320.0,14.72,4,3,83,7.66925960650121
2025-03-24 05:00:00,0.0,0.0,9.48,0.0,5.95,7.26,319.0,14.73,5,3,83,7.999831141264194
2025-03-24 06:00:00,101.2,273.36,11.3,103.68,6.29,7.14,316.4,15.37,6,3,83,7.867602527359
2025-03-24 07:00:00,351.6,629.54,14.33,356.27,6.36,6.87,311.3,16.84,7,3,83,7.570088146072315
2025-03-24 08:00:00,601.35,810.54,18.29,605.05,6.22,6.58,306.0,18.64,8,3,83,7.250535662468098
2025-03-24 09:00:00,807.92,869.3,22.36,810.22,5.9,6.2,304.8,19.82,9,3,83,6.831811718434986
2025-03-24 10:00:00,954.2,919.88,26.53,955.53,5.25,5.74,304.9,20.98,10,3,83,6.324935365131745
2025-03-24 11:00:00,1012.47,868.09,29.11,1013.35,4.01,5.11,303.9,22.07,11,3,83,5.630735142129481
2025-03-24 12:00:00,1005.72,852.55,30.74,1005.88,3.54,4.64,304.6,23.07,12,3,83,5.112839737667473
2025-03-24 13:00:00,919.05,804.76,31.69,919.58,3.63,4.79,305.2,23.8,13,3,83,5.2781255050489655
2025-03-24 14:00:00,759.53,740.31,31.91,760.58,3.97,5.27,306.6,24.28,14,3,83,5.807039960669738
2025-03-24 15:00:00,542.53,618.84,31.45,543.95,4.29,5.75,311.9,24.57,15,3,83,6.3359544162905115
2025-03-24 16:00:00,292.42,437.75,30.18,293.67,4.47,6.23,318.0,24.54,16,3,83,6.864868871911285
2025-03-24 17:00:00,63.45,75.87,25.57,63.7,3.98,6.76,323.9,22.98,17,3,83,7.448878583325888
2025-03-24 18:00:00,0.0,0.0,22.38,0.0,4.11,7.26,340.6,21.72,18,3,83,7.999831141264194
2025-03-24 19:00:00,0.0,0.0,21.2,0.0,4.1,7.22,356.8,21.16,19,3,83,7.955754936629129
2025-03-24 20:00:00,0.0,0.0,19.85,0.0,3.76,6.47,8.1,20.42,20,3,83,7.129326099721671
2025-03-24 21:00:00,0.0,0.0,18.37,0.0,3.17,5.2,13.4,19.73,21,3,83,5.729906602558375
2025-03-24 22:00:00,0.0,0.0,16.95,0.0,3.01,4.36,2.8,19.12,22,3,83,4.804306305222023
2025-03-24 23:00:00,0.0,0.0,15.73,0.0,3.8,4.91,334.2,18.33,23,3,83,5.410354118954158
2025-03-25 00:00:00,0.0,0.0,14.63,0.0,4.98,6.4,320.1,17.64,0,3,84,7.052192741610309
2025-03-25 01:00:00,0.0,0.0,13.64,0.0,5.67,7.05,317.4,17.3,1,3,84,7.768431066930105
2025-03-25 02:00:00,0.0,0.0,12.73,0.0,5.95,7.25,312.4,17.15,2,3,84,7.988812090105427
2025-03-25 03:00:00,0.0,0.0,11.96,0.0,6.32,7.62,306.9,16.97,3,3,84,8.396516982979774
2025-03-25 04:00:00,0.0,0.0,11.39,0.0,6.56,7.88,303.5,16.79,4,3,84,8.683012313107692
2025-03-25 05:00:00,0.0,0.0,10.95,0.0,6.65,7.99,300.7,16.65,5,3,84,8.80422187585412
2025-03-25 06:00:00,103.7,239.2,13.13,104.65,7.0,8.01,293.9,17.16,6,3,84,8.82625997817165
2025-03-25 07:00:00,352.65,610.06,16.82,354.6,7.07,7.44,284.1,18.61,7,3,84,8.198174062121984
2025-03-25 08:00:00,602.25,791.9,20.67,603.8,4.75,4.92,282.2,20.87,8,3,84,5.421373170112925
2025-03-25 09:00:00,810.17,869.87,24.55,811.12,3.07,3.57,275.3,22.77,9,3,84,3.9338012636795
2025-03-25 10:00:00,956.3,924.09,28.83,956.8,2.5,3.01,255.5,24.12,10,3,84,3.316734398788598
2025-03-25 11:00:00,1022.83,902.22,31.55,1023.05,2.43,2.87,241.3,25.21,11,3,84,3.1624676825658726
2025-03-25 12:00:00,1017.0,905.43,33.14,1017.0,2.26,2.63,239.9,26.56,12,3,84,2.898010454755486
2025-03-25 13:00:00,931.38,873.78,34.08,932.5,2.17,2.6,251.1,27.66,13,3,84,2.8649533012791877
2025-03-25 14:00:00,773.35,822.21,34.44,775.5,2.12,2.66,264.8,28.09,14,3,84,2.9310676082317846
2025-03-25 15:00:00,557.1,719.81,34.17,559.83,2.07,2.67,280.8,28.17,15,3,84,2.9420866593905504
2025-03-25 16:00:00,306.1,550.23,32.73,308.42,2.22,2.91,297.2,27.72,16,3,84,3.206543887200937
2025-03-25 17:00:00,69.53,143.01,27.39,70.2,2.38,3.53,313.5,25.89,17,3,84,3.8897250590444354
2025-03-25 18:00:00,0.0,0.0,24.28,0.0,3.17,4.76,326.1,24.15,18,3,84,5.245068351572667
2025-03-25 19:00:00,0.0,0.0,23.07,0.0,3.68,5.92,330.6,22.96,19,3,84,6.523278285989535
2025-03-25 20:00:00,0.0,0.0,21.79,0.0,3.79,6.61,334.9,22.12,20,3,84,7.283592815944397
2025-03-25 21:00:00,0.0,0.0,20.23,0.0,4.18,6.91,334.0,21.53,21,3,84,7.61416435070738
2025-03-25 22:00:00,0.0,0.0,18.84,0.0,4.52,6.76,331.9,20.99,22,3,84,7.448878583325888
2025-03-25 23:00:00,0.0,0.0,18.01,0.0,4.38,6.18,330.9,20.31,23,3,84,6.809773616117454
2025-03-26 00:00:00,0.0,0.0,17.68,0.0,4.22,5.71,329.6,19.66,0,3,85,6.291878211655447
2025-03-26 01:00:00,0.0,0.0,17.25,0.0,4.04,5.38,330.0,19.13,1,3,85,5.928249523416166
2025-03-26 02:00:00,0.0,0.0,16.56,0.0,3.84,5.07,325.4,19.02,2,3,85,5.586658937494416
2025-03-26 03:00:00,0.0,0.0,15.84,0.0,4.19,5.53,310.1,19.26,3,3,85,6.093535290797657
2025-03-26 04:00:00,0.0,0.0,15.28,0.0,4.58,6.14,301.3,18.53,4,3,85,6.765697411482389
2025-03-26 05:00:00,0.0,0.0,14.75,0.0,4.81,6.3,295.2,17.95,5,3,85,6.942002230022647
2025-03-26 06:00:00,106.35,270.17,15.67,107.62,4.63,5.66,291.6,18.63,6,3,85,6.236782955861616
2025-03-26 07:00:00,352.1,620.3,19.0,355.4,3.6,3.68,288.0,20.03,7,3,85,4.055010826425927
2025-03-26 08:00:00,600.45,795.5,22.59,604.28,1.81,1.97,259.5,21.51,8,3,85,2.170753078276923
2025-03-26 09:00:00,808.05,868.19,26.35,811.3,1.39,1.83,210.9,23.04,9,3,85,2.0164863620541977
2025-03-26 10:00:00,954.67,924.2,30.63,956.92,1.75,2.34,185.9,24.99,10,3,85,2.578457971151269
2025-03-26 11:00:00,1018.12,883.11,33.1,1019.25,1.88,2.47,176.8,26.98,11,3,85,2.7217056362152285
2025-03-26 12:00:00,1013.42,886.96,34.34,1013.42,1.71,2.2,163.4,28.2,12,3,85,2.4241912549285436
2025-03-26 13:00:00,928.83,858.59,35.0,928.85,1.79,2.16,136.1,29.06,13,3,85,2.380115050293479
2025-03-26 14:00:00,771.8,808.55,35.1,771.9,2.12,2.5,114.8,29.15,14,3,85,2.7547627896915268
2025-03-26 15:00:00,556.55,701.58,34.73,556.75,2.3,2.74,105.3,28.82,15,3,85,3.0192200175019135
2025-03-26 16:00:00,305.83,536.37,33.54,306.08,2.1,2.58,100.0,28.27,16,3,85,2.8429151989616557
2025-03-26 17:00:00,70.62,150.56,29.39,70.72,1.67,2.43,94.5,26.88,17,3,85,2.677629431580164
2025-03-26 18:00:00,0.0,0.0,26.16,0.0,1.52,2.11,93.3,26.11,18,3,85,2.3250197944996485
2025-03-26 19:00:00,0.0,0.0,24.54,0.0,1.31,1.77,89.0,25.9,19,3,85,1.9503720551016008
2025-03-26 20:00:00,0.0,0.0,23.28,0.0,0.97,1.29,75.6,25.59,20,3,85,1.4214575994808278
2025-03-26 21:00:00,0.0,0.0,22.13,0.0,0.47,0.64,23.0,25.16,21,3,85,0.7052192741610308
2025-03-26 22:00:00,0.0,0.0,21.24,0.0,0.98,1.34,315.0,24.06,22,3,85,1.4765528552746583
2025-03-26 23:00:00,0.0,0.0,20.61,0.0,1.6,2.29,306.8,22.91,23,3,85,2.5233627153574383
2025-03-27 00:00:00,0.0,0.0,20.29,0.0,1.93,2.86,303.3,22.21,0,3,86,3.1514486314071064
2025-03-27 01:00:00,0.0,0.0,20.51,0.0,2.01,3.08,297.1,21.93,1,3,86,3.393867756899961
2025-03-27 02:00:00,0.0,0.0,20.55,0.0,1.98,3.07,289.0,21.79,2,3,86,3.3828487057411945
2025-03-27 03:00:00,0.0,0.0,20.35,0.0,1.94,2.99,278.1,21.52,3,3,86,3.294696296471066
2025-03-27 04:00:00,0.0,0.0,20.01,0.0,1.57,2.31,258.0,21.48,4,3,86,2.5454008176749707
2025-03-27 05:00:00,0.0,0.0,19.51,0.0,1.34,1.91,216.7,21.57,5,3,86,2.104638771324326
2025-03-27 06:00:00,102.18,190.54,19.83,104.82,1.71,2.55,180.4,21.74,6,3,86,2.809858045485357
2025-03-27 07:00:00,339.95,518.35,22.19,346.45,2.41,3.5,166.0,22.73,7,3,86,3.856667905568137
2025-03-27 08:00:00,584.47,699.41,25.64,591.33,3.15,4.24,165.0,23.5,8,3,86,4.672077691316829
2025-03-27 09:00:00,790.2,789.88,29.62,796.1,3.85,5.2,160.3,24.73,9,3,86,5.729906602558375
2025-03-27 10:00:00,934.75,834.72,32.84,939.53,4.47,6.01,154.4,26.19,10,3,86,6.62244974641843
2025-03-27 11:00:00,980.38,724.76,34.74,984.2,4.9,6.51,147.5,27.21,11,3,86,7.173402304356735
2025-03-27 12:00:00,977.12,730.1,35.8,977.85,5.17,6.83,141.7,27.82,12,3,86,7.526011941437251
2025-03-27 13:00:00,886.0,653.7,36.31,889.65,5.33,7.0,136.4,28.04,13,3,86,7.713335811136274
2025-03-27 14:00:00,727.4,623.25,36.3,731.15,5.37,7.08,132.4,27.94,14,3,86,7.801488220406403
2025-03-27 15:00:00,511.85,502.01,35.8,515.08,5.27,7.02,131.2,27.62,15,3,86,7.735373913453806
2025-03-27 16:00:00,268.88,313.93,34.65,270.7,5.11,7.0,134.0,27.05,16,3,86,7.713335811136274
2025-03-27 17:00:00,59.55,43.08,31.41,59.78,4.53,7.21,144.2,25.66,17,3,86,7.9447358854703625
2025-03-27 18:00:00,0.0,0.0,29.54,0.0,4.51,7.77,155.5,24.35,18,3,86,8.561802750361265
2025-03-27 19:00:00,0.0,0.0,28.27,0.0,4.54,7.81,166.4,23.61,19,3,86,8.60587895499633
2025-03-27 20:00:00,0.0,0.0,26.68,0.0,4.27,7.34,173.0,23.13,20,3,86,8.087983550534322
2025-03-27 21:00:00,0.0,0.0,25.07,0.0,3.65,6.39,177.2,22.61,21,3,86,7.041173690451542
2025-03-27 22:00:00,0.0,0.0,23.78,0.0,3.03,5.14,174.8,22.3,22,3,86,5.663792295605778
2025-03-27 23:00:00,0.0,0.0,22.77,0.0,2.86,4.65,158.8,22.16,23,3,86,5.12385878882624
2025-03-28 00:00:00,0.0,0.0,22.22,0.0,3.14,5.18,143.9,21.98,0,3,87,5.707868500240843
2025-03-28 01:00:00,0.0,0.0,22.02,0.0,3.33,5.52,143.8,21.69,1,3,87,6.08251623963889
2025-03-28 02:00:00,0.0,0.0,22.31,0.0,3.3,5.34,154.8,21.59,2,3,87,5.884173318781101
2025-03-28 03:00:00,0.0,0.0,22.69,0.0,3.48,5.77,154.5,21.89,3,3,87,6.357992518608043
2025-03-28 04:00:00,0.0,0.0,22.53,0.0,3.79,6.45,155.1,22.16,4,3,87,7.107287997404139
2025-03-28 05:00:00,0.0,0.0,21.74,0.0,4.11,7.18,156.6,22.46,5,3,87,7.911678731994065
2025-03-28 06:00:00,88.5,65.37,22.11,90.1,4.37,7.84,154.7,23.2,6,3,87,8.638936108472627
2025-03-28 07:00:00,300.3,290.22,24.79,311.35,5.35,8.01,153.3,24.71,7,3,87,8.82625997817165
2025-03-28 08:00:00,525.2,476.73,28.07,551.35,6.19,8.98,156.0,25.74,8,3,87,9.895107940571965
2025-03-28 09:00:00,731.53,553.31,32.58,757.33,6.79,9.72,158.0,26.78,9,3,87,10.710517726320656
2025-03-28 10:00:00,866.0,535.43,34.99,903.85,6.88,9.68,155.1,27.77,10,3,87,10.666441521685591
2025-03-28 11:00:00,917.4,567.29,36.34,965.58,6.58,9.03,150.2,28.48,11,3,87,9.950203196365793
2025-03-28 12:00:00,937.42,575.01,37.2,959.35,6.04,8.02,144.9,28.92,12,3,87,8.837279029330418
2025-03-28 13:00:00,864.88,617.2,37.54,873.53,5.66,7.36,140.2,29.17,13,3,87,8.110021652851854
2025-03-28 14:00:00,709.08,566.35,37.36,716.03,5.57,7.25,136.1,29.0,14,3,87,7.988812090105427
2025-03-28 15:00:00,496.92,452.25,36.71,501.77,5.54,7.29,133.3,28.43,15,3,87,8.032888294740491
2025-03-28 16:00:00,258.38,249.19,35.42,260.67,5.33,7.23,132.1,27.47,16,3,87,7.966773987787896
2025-03-28 17:00:00,56.97,22.27,30.65,57.15,4.6,6.85,135.7,25.9,17,3,87,7.548050043754783
2025-03-28 18:00:00,0.0,0.0,27.5,0.0,3.94,6.27,144.9,24.43,18,3,87,6.908945076546348
2025-03-28 19:00:00,0.0,0.0,26.42,0.0,3.39,5.53,153.3,23.59,19,3,87,6.093535290797657
2025-03-28 20:00:00,0.0,0.0,25.41,0.0,2.14,3.42,169.2,23.1,20,3,87,3.7685154962980083
2025-03-28 21:00:00,0.0,0.0,24.54,0.0,1.43,2.16,280.7,22.71,21,3,87,2.380115050293479
2025-03-28 22:00:00,0.0,0.0,23.66,0.0,4.55,7.17,325.0,22.07,22,3,87,7.9006596808352985
2025-03-28 23:00:00,0.0,0.0,22.64,0.0,8.59,10.61,334.6,21.28,23,3,87,11.691213279450839
2025-03-29 00:00:00,0.0,0.0,21.27,0.0,10.47,12.21,330.8,19.85,0,3,88,13.454261464853417
2025-03-29 01:00:00,0.0,0.0,20.12,0.0,11.41,13.39,330.7,19.37,1,3,88,14.754509501587817
2025-03-29 02:00:00,0.0,0.0,19.14,0.0,11.44,13.42,331.4,19.09,2,3,88,14.787566655064115
2025-03-29 03:00:00,0.0,0.0,18.32,0.0,10.96,12.83,331.4,18.62,3,3,88,14.137442636696916
2025-03-29 04:00:00,0.0,0.0,17.6,0.0,10.3,12.02,330.0,18.18,4,3,88,13.24489949283686
2025-03-29 05:00:00,0.0,0.0,16.97,0.0,9.93,11.56,328.1,17.86,5,3,88,12.73802313953362
2025-03-29 06:00:00,75.8,4.48,17.47,75.9,10.08,11.49,327.2,17.97,6,3,88,12.660889781422258
2025-03-29 07:00:00,251.57,86.04,19.82,252.12,10.21,11.46,328.2,18.7,7,3,88,12.62783262794596
2025-03-29 08:00:00,473.95,198.05,22.96,474.67,9.98,11.11,329.5,19.73,8,3,88,12.242165837389145
2025-03-29 09:00:00,679.6,285.42,26.01,680.22,9.79,10.92,327.8,20.83,9,3,88,12.032803865372589
2025-03-29 10:00:00,831.38,347.56,28.88,831.83,9.61,10.84,324.6,21.83,10,3,88,11.94465145610246
2025-03-29 11:00:00,978.62,626.78,31.22,978.88,9.13,10.54,322.9,22.67,11,3,88,11.614079921339476
2025-03-29 12:00:00,971.0,613.4,32.95,971.05,8.35,9.91,323.3,23.2,12,3,88,10.919879698337212
2025-03-29 13:00:00,883.15,578.46,33.83,883.3,7.71,9.42,327.5,23.52,13,3,88,10.379946191557673
2025-03-29 14:00:00,722.05,506.18,34.03,722.28,7.7,9.51,333.7,23.53,14,3,88,10.479117651986567
2025-03-29 15:00:00,506.4,393.06,33.54,506.62,7.84,9.74,338.9,23.34,15,3,88,10.732555828638189
2025-03-29 16:00:00,266.3,220.84,32.2,266.42,7.92,9.93,340.8,23.0,16,3,88,10.941917800654744
2025-03-29 17:00:00,61.28,17.27,28.93,61.35,7.36,9.64,340.6,22.4,17,3,88,10.622365317050527
2025-03-29 18:00:00,0.0,0.0,26.1,0.0,6.72,9.34,338.5,21.57,18,3,88,10.291793782287543
2025-03-29 19:00:00,0.0,0.0,24.55,0.0,6.45,8.95,335.9,21.0,19,3,88,9.862050787095665
2025-03-29 20:00:00,0.0,0.0,23.01,0.0,6.11,8.42,335.3,20.41,20,3,88,9.278041075681061
2025-03-29 21:00:00,0.0,0.0,21.66,0.0,5.97,8.01,333.6,19.82,21,3,88,8.82625997817165
2025-03-29 22:00:00,0.0,0.0,20.27,0.0,6.07,7.94,332.9,19.22,22,3,88,8.74912662006029
2025-03-29 23:00:00,0.0,0.0,19.04,0.0,6.61,8.47,333.6,18.8,23,3,88,9.333136331474893
2025-03-30 00:00:00,0.0,0.0,18.15,0.0,7.06,8.83,338.3,18.46,0,3,89,9.729822173190472
2025-03-30 01:00:00,0.0,0.0,17.36,0.0,6.82,8.48,343.2,17.98,1,3,89,9.344155382633659
2025-03-30 02:00:00,0.0,0.0,16.66,0.0,6.17,7.73,343.2,17.47,2,3,89,8.517726545726202
2025-03-30 03:00:00,0.0,0.0,16.2,0.0,5.61,7.1,340.1,17.08,3,3,89,7.823526322723935
2025-03-30 04:00:00,0.0,0.0,15.92,0.0,4.99,6.37,337.3,16.75,4,3,89,7.01913558813401
2025-03-30 05:00:00,0.0,0.0,14.93,0.0,4.46,5.72,335.7,16.48,5,3,89,6.302897262814213
2025-03-30 06:00:00,115.32,197.38,16.07,117.93,4.73,5.35,331.2,17.25,6,3,89,5.895192369939867
2025-03-30 07:00:00,354.0,501.53,18.35,361.42,5.39,5.9,333.3,18.65,7,3,89,6.501240183672003
2025-03-30 08:00:00,600.88,675.1,21.03,609.33,6.29,7.01,338.7,20.58,8,3,89,7.724354862295041
2025-03-30 09:00:00,808.6,756.02,23.27,815.42,6.91,8.04,336.6,22.24,9,3,89,8.859317131647948
2025-03-30 10:00:00,956.65,820.07,24.82,960.75,7.07,8.53,333.6,23.22,10,3,89,9.399250638427489
2025-03-30 11:00:00,894.1,348.46,26.71,1023.47,7.09,8.77,331.0,23.73,11,3,89,9.663707866237875
2025-03-30 12:00:00,914.15,372.55,28.08,1014.3,7.0,8.84,330.0,23.98,12,3,89,9.740841224349237
2025-03-30 13:00:00,784.53,307.91,28.54,926.1,6.81,8.74,330.8,24.04,13,3,89,9.630650712761577
2025-03-30 14:00:00,673.15,277.35,28.73,765.92,6.47,8.52,334.3,24.01,14,3,89,9.388231587268722
2025-03-30 15:00:00,435.2,223.34,28.06,548.5,6.08,8.24,339.3,23.92,15,3,89,9.079698154823273
2025-03-30 16:00:00,235.48,135.81,27.08,298.92,5.69,7.91,343.6,23.68,16,3,89,8.71606946658399
2025-03-30 17:00:00,63.83,27.25,24.44,69.82,4.53,7.21,345.7,22.91,17,3,89,7.9447358854703625
2025-03-30 18:00:00,0.0,0.0,21.45,0.0,4.13,7.15,346.2,21.84,18,3,89,7.878621578517767
2025-03-30 19:00:00,0.0,0.0,20.51,0.0,4.09,6.99,352.5,21.62,19,3,89,7.702316759977509
2025-03-30 20:00:00,0.0,0.0,19.7,0.0,3.65,6.18,2.5,21.46,20,3,89,6.809773616117454
2025-03-30 21:00:00,0.0,0.0,18.93,0.0,3.1,5.18,13.2,21.31,21,3,89,5.707868500240843
2025-03-30 22:00:00,0.0,0.0,17.82,0.0,2.7,4.41,22.3,21.1,22,3,89,4.859401561015853
2025-03-30 23:00:00,0.0,0.0,17.04,0.0,2.17,3.44,28.7,20.99,23,3,89,3.7905535986155408
2025-03-31 00:00:00,0.0,0.0,16.46,0.0,1.61,2.41,24.2,20.94,0,3,90,2.6555913292626316
2025-03-31 01:00:00,0.0,0.0,16.31,0.0,1.36,1.97,17.4,20.84,1,3,90,2.170753078276923
2025-03-31 02:00:00,0.0,0.0,16.1,0.0,1.3,1.77,11.4,20.72,2,3,90,1.9503720551016008
2025-03-31 03:00:00,0.0,0.0,15.63,0.0,1.22,1.62,19.1,20.63,3,3,90,1.7850862877201095
2025-03-31 04:00:00,0.0,0.0,15.07,0.0,1.3,1.79,43.4,20.54,4,3,90,1.972410157419133
2025-03-31 05:00:00,0.0,0.0,14.39,0.0,1.21,1.65,60.2,20.43,5,3,90,1.8181434411964075
2025-03-31 06:00:00,99.43,65.13,16.34,106.22,1.32,1.79,78.4,20.71,6,3,90,1.972410157419133
2025-03-31 07:00:00,292.92,194.76,19.18,330.33,1.58,1.98,90.9,21.62,7,3,90,2.181772129435689
2025-03-31 08:00:00,508.67,357.36,22.86,571.35,2.0,2.74,117.4,22.72,8,3,90,3.0192200175019135
2025-03-31 09:00:00,744.55,521.64,26.84,776.5,2.44,3.21,156.9,24.09,9,3,90,3.5371154219639203
2025-03-31 10:00:00,875.22,485.06,29.16,920.78,3.13,4.15,176.5,24.64,10,3,90,4.572906230887934
2025-03-31 11:00:00,954.08,477.96,30.77,991.08,3.49,4.72,171.8,24.71,11,3,90,5.200992146937602
2025-03-31 12:00:00,950.6,575.27,31.93,982.1,3.71,5.06,161.9,24.71,12,3,90,5.575639886335649
2025-03-31 13:00:00,840.62,486.72,32.7,893.17,3.94,5.4,152.5,24.79,13,3,90,5.950287625733698
2025-03-31 14:00:00,711.58,511.1,33.0,731.05,4.09,5.57,147.5,24.98,14,3,90,6.137611495432722
2025-03-31 15:00:00,440.52,277.11,32.77,510.95,4.11,5.64,148.0,24.71,15,3,90,6.214744853544084
2025-03-31 16:00:00,231.43,143.75,31.87,265.55,4.19,6.09,136.7,23.98,16,3,90,6.710602155688559
2025-03-31 17:00:00,56.92,10.29,28.72,60.45,4.01,6.62,128.1,22.92,17,3,90,7.294611867103162
2025-03-31 18:00:00,0.0,0.0,26.15,0.0,4.0,6.71,130.4,22.27,18,3,90,7.3937833275320575
2025-03-31 19:00:00,0.0,0.0,25.0,0.0,3.68,6.17,135.5,22.06,19,3,90,6.798754564958688
2025-03-31 20:00:00,0.0,0.0,24.63,0.0,3.37,5.59,148.2,21.88,20,3,90,6.159649597750254
2025-03-31 21:00:00,0.0,0.0,24.11,0.0,3.31,5.39,162.6,21.64,21,3,90,5.939268574574931
2025-03-31 22:00:00,0.0,0.0,23.48,0.0,3.48,5.49,176.1,21.36,22,3,90,6.049459086162593
2025-03-31 23:00:00,0.0,0.0,22.69,0.0,3.29,5.13,189.9,21.04,23,3,90,5.652773244447013
2025-04-01 00:00:00,0.0,0.0,21.67,0.0,2.56,3.95,187.1,20.84,0,4,91,4.352525207712612
2025-04-01 01:00:00,0.0,0.0,20.28,0.0,2.1,3.36,166.6,20.75,1,4,91,3.702401189345412
2025-04-01 02:00:00,0.0,0.0,19.32,0.0,1.96,3.18,136.1,20.79,2,4,91,3.504058268487622
2025-04-01 03:00:00,0.0,0.0,18.71,0.0,2.25,3.61,122.3,20.82,3,4,91,3.9778774683145643
2025-04-01 04:00:00,0.0,0.0,18.5,0.0,2.94,4.73,151.5,20.95,4,4,91,5.212011198096369
2025-04-01 05:00:00,0.0,0.0,18.38,0.0,4.12,6.56,171.6,20.94,5,4,91,7.228497560150566
2025-04-01 06:00:00,92.88,13.27,19.97,100.1,5.29,7.95,172.6,21.26,6,4,91,8.760145671219055
2025-04-01 07:00:00,270.08,74.79,22.04,314.7,6.66,8.76,168.4,21.9,7,4,91,9.65268881507911
2025-04-01 08:00:00,480.25,173.42,24.79,552.8,6.84,8.9,164.0,22.56,8,4,91,9.806955531301835
2025-04-01 09:00:00,679.88,285.25,28.85,756.05,6.74,9.13,163.9,23.38,9,4,91,10.060393707953455
2025-04-01 10:00:00,741.03,123.08,32.94,890.4,6.93,9.86,161.1,24.41,10,4,91,10.86478444254338
2025-04-01 11:00:00,779.92,103.41,36.82,927.28,7.29,10.51,157.9,25.39,11,4,91,11.581022767863178
2025-04-01 12:00:00,698.08,101.55,38.67,914.55,7.04,10.14,154.2,26.01,12,4,91,11.173317874988832
2025-04-01 13:00:00,610.92,68.66,39.48,813.53,6.53,9.31,146.8,26.65,13,4,91,10.258736628811246
2025-04-01 14:00:00,449.08,14.74,39.36,646.88,5.77,7.99,144.3,27.25,14,4,91,8.80422187585412
2025-04-01 15:00:00,260.5,6.67,37.59,426.25,4.34,5.81,155.5,28.03,15,4,91,6.402068723243108
2025-04-01 16:00:00,136.05,0.9,34.72,202.65,2.86,4.25,204.0,28.13,16,4,91,4.683096742475596
2025-04-01 17:00:00,35.8,0.0,31.71,45.95,3.61,6.0,246.3,26.05,17,4,91,6.6114306952596635
2025-04-01 18:00:00,0.0,0.0,29.29,0.0,3.89,6.66,267.2,24.39,18,4,91,7.338688071738227
2025-04-01 19:00:00,0.0,0.0,27.78,0.0,3.62,6.13,286.0,23.28,19,4,91,6.754678360323624
2025-04-01 20:00:00,0.0,0.0,26.31,0.0,3.44,5.83,303.0,22.33,20,4,91,6.42410682556064
2025-04-01 21:00:00,0.0,0.0,24.72,0.0,3.44,5.9,313.5,21.64,21,4,91,6.501240183672003
2025-04-01 22:00:00,0.0,0.0,23.39,0.0,3.84,6.22,319.2,21.11,22,4,91,6.853849820752518
2025-04-01 23:00:00,0.0,0.0,22.4,0.0,4.43,6.52,320.8,20.57,23,4,91,7.184421355515501
2025-04-02 00:00:00,0.0,0.0,21.48,0.0,4.97,6.69,323.1,19.87,0,4,92,7.371745225214526
2025-04-02 01:00:00,0.0,0.0,20.57,0.0,5.13,6.66,324.7,18.95,1,4,92,7.338688071738227
2025-04-02 02:00:00,0.0,0.0,19.82,0.0,5.09,6.54,323.3,18.14,2,4,92,7.206459457833033
2025-04-02 03:00:00,0.0,0.0,19.02,0.0,5.0,6.41,321.1,17.55,3,4,92,7.063211792769074
2025-04-02 04:00:00,0.0,0.0,17.96,0.0,5.11,6.58,319.5,17.19,4,4,92,7.250535662468098
2025-04-02 05:00:00,0.0,0.0,17.22,0.0,5.25,6.73,321.4,17.02,5,4,92,7.41582142984959
2025-04-02 06:00:00,102.03,34.16,17.68,102.85,5.46,6.4,325.6,18.05,6,4,92,7.052192741610309
2025-04-02 07:00:00,323.12,246.35,19.84,327.35,5.9,6.56,336.8,19.64,7,4,92,7.228497560150566
2025-04-02 08:00:00,577.72,467.18,22.7,581.65,6.36,7.08,341.5,21.33,8,4,92,7.801488220406403
2025-04-02 09:00:00,793.65,600.71,25.1,797.85,6.24,7.04,340.6,22.35,9,4,92,7.757412015771339
2025-04-02 10:00:00,946.6,688.22,27.38,947.85,5.95,6.96,339.3,22.98,10,4,92,7.66925960650121
2025-04-02 11:00:00,1009.83,675.25,29.52,1014.72,5.77,7.02,338.1,23.43,11,4,92,7.735373913453806
2025-04-02 12:00:00,1000.75,671.23,31.21,1007.28,5.78,7.26,338.2,23.73,12,4,92,7.999831141264194
2025-04-02 13:00:00,910.6,620.89,32.27,918.85,5.85,7.5,340.5,23.96,13,4,92,8.26428836907458
2025-04-02 14:00:00,754.67,571.75,32.66,756.75,5.86,7.67,341.4,24.09,14,4,92,8.451612238773604
2025-04-02 15:00:00,531.3,462.17,32.36,537.42,5.77,7.75,341.2,24.11,15,4,92,8.539764648043732
2025-04-02 16:00:00,285.6,281.46,31.23,288.55,5.57,7.72,340.8,24.02,16,4,92,8.506707494567435
2025-04-02 17:00:00,67.93,32.24,27.43,68.35,4.65,7.48,339.7,23.32,17,4,92,8.242250266757049
2025-04-02 18:00:00,0.0,0.0,23.97,0.0,4.31,7.53,341.2,22.13,18,4,92,8.297345522550879
2025-04-02 19:00:00,0.0,0.0,23.06,0.0,4.28,7.38,344.4,21.83,19,4,92,8.132059755169387
2025-04-02 20:00:00,0.0,0.0,22.07,0.0,4.15,7.1,347.6,21.52,20,4,92,7.823526322723935
2025-04-02 21:00:00,0.0,0.0,21.0,0.0,4.11,6.95,349.5,21.2,21,4,92,7.658240555342444
2025-04-02 22:00:00,0.0,0.0,20.07,0.0,4.18,6.99,349.9,20.91,22,4,92,7.702316759977509
2025-04-02 23:00:00,0.0,0.0,19.23,0.0,4.49,7.17,349.3,20.63,23,4,92,7.9006596808352985
2025-04-03 00:00:00,0.0,0.0,18.36,0.0,4.88,7.37,347.2,20.3,0,4,93,8.121040704010621
2025-04-03 01:00:00,0.0,0.0,17.46,0.0,5.41,7.72,343.4,19.94,1,4,93,8.506707494567435
2025-04-03 02:00:00,0.0,0.0,16.66,0.0,5.87,8.06,338.8,19.52,2,4,93,8.881355233965483
2025-04-03 03:00:00,0.0,0.0,15.95,0.0,6.12,8.2,334.6,19.06,3,4,93,9.035621950188206
2025-04-03 04:00:00,0.0,0.0,15.3,0.0,6.12,8.04,331.5,18.65,4,4,93,8.859317131647948
2025-04-03 05:00:00,0.0,0.0,14.8,0.0,6.45,8.22,328.3,18.34,5,4,93,9.05766005250574
2025-04-03 06:00:00,136.27,246.86,15.97,140.05,7.02,8.18,326.8,18.95,6,4,93,9.013583847870676
2025-04-03 07:00:00,378.3,527.79,18.79,386.58,7.41,8.21,326.6,20.1,7,4,93,9.046641001346975
2025-04-03 08:00:00,626.33,703.48,22.92,635.12,7.59,8.72,329.3,21.76,8,4,93,9.608612610444046
2025-04-03 09:00:00,832.25,770.68,26.72,839.83,7.61,9.35,329.5,23.34,9,4,93,10.302812833446309
2025-04-03 10:00:00,975.38,817.58,28.8,981.38,7.77,10.01,328.2,24.41,10,4,93,11.030070209924872
2025-04-03 11:00:00,1038.8,792.2,30.33,1043.82,7.74,10.18,325.5,24.84,11,4,93,11.217394079623896
2025-04-03 12:00:00,1027.03,773.96,31.68,1031.47,7.54,10.12,323.1,25.12,12,4,93,11.151279772671298
2025-04-03 13:00:00,935.8,739.27,32.51,940.28,7.39,10.06,323.4,25.33,13,4,93,11.085165465718704
2025-04-03 14:00:00,779.08,692.71,32.73,780.42,7.35,10.11,325.8,25.31,14,4,93,11.140260721512533
2025-04-03 15:00:00,549.28,549.42,32.32,562.58,7.35,10.2,329.7,25.15,15,4,93,11.239432181941428
2025-04-03 16:00:00,302.85,380.47,31.16,309.73,7.23,10.14,334.5,24.8,16,4,93,11.173317874988832
2025-04-03 17:00:00,74.62,65.95,27.42,75.5,6.17,9.51,337.8,24.0,17,4,93,10.479117651986567
2025-04-03 18:00:00,0.0,0.0,24.7,0.0,5.54,9.55,338.2,22.85,18,4,93,10.523193856621633
2025-04-03 19:00:00,0.0,0.0,24.54,0.0,5.68,9.6,337.8,22.43,19,4,93,10.578289112415462
2025-04-03 20:00:00,0.0,0.0,23.75,0.0,5.77,9.38,336.9,21.93,20,4,93,10.335869986922608
2025-04-03 21:00:00,0.0,0.0,22.95,0.0,5.96,9.11,335.3,21.35,21,4,93,10.038355605635923
2025-04-03 22:00:00,0.0,0.0,21.88,0.0,6.58,9.35,335.3,20.82,22,4,93,10.302812833446309
2025-04-03 23:00:00,0.0,0.0,20.74,0.0,7.35,9.65,336.2,20.32,23,4,93,10.633384368209294
2025-04-04 00:00:00,0.0,0.0,19.6,0.0,7.65,9.59,334.7,19.62,0,4,94,10.567270061256696
2025-04-04 01:00:00,0.0,0.0,18.7,0.0,7.44,9.05,331.4,18.73,1,4,94,9.972241298683327
2025-04-04 02:00:00,0.0,0.0,17.89,0.0,7.31,8.79,330.5,18.0,2,4,94,9.685745968555407
2025-04-04 03:00:00,0.0,0.0,17.13,0.0,7.25,8.73,330.4,17.55,3,4,94,9.619631661602812
2025-04-04 04:00:00,0.0,0.0,16.39,0.0,7.22,8.71,330.5,17.25,4,4,94,9.59759355928528
2025-04-04 05:00:00,3.7,0.0,15.61,3.65,6.97,8.46,331.6,17.03,5,4,94,9.322117280316126
2025-04-04 06:00:00,118.12,116.38,16.55,124.8,7.07,8.03,332.1,17.73,6,4,94,8.848298080489183
2025-04-04 07:00:00,352.8,372.41,19.38,371.88,7.2,7.97,333.8,19.16,7,4,94,8.782183773536588
2025-04-04 08:00:00,600.12,581.02,23.83,622.58,7.23,8.0,333.6,20.78,8,4,94,8.815240927012885
2025-04-04 09:00:00,809.7,714.22,26.64,829.33,7.13,8.15,332.8,22.14,9,4,94,8.980526694394378
2025-04-04 10:00:00,958.45,744.82,28.55,972.3,7.09,8.37,331.8,22.86,10,4,94,9.222945819887231
2025-04-04 11:00:00,1033.62,807.92,30.15,1040.65,6.99,8.52,333.6,23.32,11,4,94,9.388231587268722
2025-04-04 12:00:00,991.75,728.04,31.33,1003.41,6.87,8.71,338.9,23.76,12,4,94,9.59759355928528
2025-04-04 13:00:00,936.55,775.35,31.98,936.95,6.87,9.0,345.0,24.14,13,4,94,9.917146042889495
2025-04-04 14:00:00,773.83,700.18,32.05,774.88,7.01,9.4,348.4,24.43,14,4,94,10.35790808924014
2025-04-04 15:00:00,553.97,598.28,31.52,555.8,7.06,9.62,348.7,24.41,15,4,94,10.600327214732994
2025-04-04 16:00:00,302.98,387.48,30.43,305.15,6.87,9.48,348.1,24.08,16,4,94,10.446060498510269
2025-04-04 17:00:00,74.72,74.33,27.62,75.47,5.92,8.72,349.2,23.23,17,4,94,9.608612610444046
2025-04-04 18:00:00,0.0,0.0,24.42,0.0,4.89,8.15,349.8,21.88,18,4,94,8.980526694394378
2025-04-04 19:00:00,0.0,0.0,23.58,0.0,4.6,7.54,348.5,21.27,19,4,94,8.308364573709644
2025-04-04 20:00:00,0.0,0.0,22.66,0.0,4.4,6.86,345.9,20.74,20,4,94,7.55906909491355
2025-04-04 21:00:00,0.0,0.0,21.72,0.0,4.12,5.98,339.5,20.24,21,4,94,6.589392592942132
2025-04-04 22:00:00,0.0,0.0,20.82,0.0,4.04,5.4,332.7,19.76,22,4,94,5.950287625733698
2025-04-04 23:00:00,0.0,0.0,19.95,0.0,3.99,5.15,329.8,19.29,23,4,94,5.674811346764545
2025-04-05 00:00:00,0.0,0.0,19.05,0.0,3.97,5.08,330.9,18.87,0,4,95,5.5976779886531824
2025-04-05 01:00:00,0.0,0.0,18.04,0.0,3.95,5.0,331.8,18.5,1,4,95,5.5095255793830535
2025-04-05 02:00:00,0.0,0.0,17.11,0.0,3.88,4.85,331.6,18.19,2,4,95,5.344239812001561
2025-04-05 03:00:00,0.0,0.0,16.27,0.0,3.74,4.65,329.8,17.92,3,4,95,5.12385878882624
2025-04-05 04:00:00,0.0,0.0,15.52,0.0,3.44,4.22,324.8,17.71,4,4,95,4.650039588999297
2025-04-05 05:00:00,3.95,0.0,14.97,4.05,3.22,3.92,314.7,17.49,5,4,95,4.319468054236314
2025-04-05 06:00:00,129.1,232.35,17.08,132.98,3.19,3.66,309.1,18.25,6,4,95,4.0329727241083955
2025-04-05 07:00:00,372.7,543.9,19.89,381.77,2.93,3.11,320.0,19.71,7,4,95,3.426924910376259
2025-04-05 08:00:00,615.92,696.46,24.08,626.83,2.45,2.62,326.9,21.32,8,4,95,2.88699140359672
2025-04-05 09:00:00,820.08,790.5,27.5,830.0,1.99,2.5,327.9,22.08,9,4,95,2.7547627896915268
2025-04-05 10:00:00,964.2,855.34,29.81,971.47,2.2,2.87,343.8,22.72,10,4,95,3.1624676825658726
2025-04-05 11:00:00,1033.2,848.64,31.62,1036.95,2.76,3.45,6.7,23.32,11,4,95,3.801572649774307
2025-04-05 12:00:00,994.33,728.77,32.82,1005.89,3.31,4.09,22.6,23.85,12,4,95,4.506791923935338
2025-04-05 13:00:00,939.0,836.42,33.49,940.08,3.64,4.52,30.7,24.13,13,4,95,4.98061112376228
2025-04-05 14:00:00,779.47,766.61,33.67,781.6,3.65,4.59,37.4,24.29,14,4,95,5.057744481873643
2025-04-05 15:00:00,562.7,666.17,33.34,565.53,3.41,4.32,45.3,24.28,15,4,95,4.760230100586958
2025-04-05 16:00:00,313.0,474.43,32.44,315.52,3.03,3.87,57.0,23.97,16,4,95,4.2643727984424835
2025-04-05 17:00:00,80.03,121.19,29.56,80.85,2.46,3.53,75.9,23.07,17,4,95,3.8897250590444354
2025-04-05 18:00:00,0.0,0.0,27.9,0.0,2.1,3.29,103.0,21.79,18,4,95,3.625267831234049
2025-04-05 19:00:00,0.0,0.0,27.4,0.0,2.23,3.5,135.8,21.46,19,4,95,3.856667905568137
2025-04-05 20:00:00,0.0,0.0,26.9,0.0,2.84,4.61,157.3,21.07,20,4,95,5.079782584191175
2025-04-05 21:00:00,0.0,0.0,26.14,0.0,3.61,5.97,164.0,20.73,21,4,95,6.578373541783366
2025-04-05 22:00:00,0.0,0.0,25.76,0.0,4.35,7.01,161.9,20.47,22,4,95,7.724354862295041
2025-04-05 23:00:00,0.0,0.0,25.19,0.0,4.95,7.53,159.7,20.15,23,4,95,8.297345522550879
2025-04-06 00:00:00,0.0,0.0,23.93,0.0,5.22,7.68,158.7,19.84,0,4,96,8.46263128993237
2025-04-06 01:00:00,0.0,0.0,22.38,0.0,5.26,7.68,157.5,19.63,1,4,96,8.46263128993237
2025-04-06 02:00:00,0.0,0.0,21.31,0.0,5.13,7.51,159.0,19.53,2,4,96,8.275307420233347
2025-04-06 03:00:00,0.0,0.0,20.58,0.0,5.06,7.51,162.6,19.53,3,4,96,8.275307420233347
2025-04-06 04:00:00,0.0,0.0,20.07,0.0,5.18,7.79,166.3,19.66,4,4,96,8.583840852678797
2025-04-06 05:00:00,4.55,0.69,19.68,4.62,5.33,8.06,168.4,19.86,5,4,96,8.881355233965483
2025-04-06 06:00:00,137.1,279.62,20.46,139.27,5.42,7.95,168.5,21.21,6,4,96,8.760145671219055
2025-04-06 07:00:00,384.48,581.23,23.6,389.67,5.42,7.49,163.2,22.58,7,4,96,8.253269317915814
2025-04-06 08:00:00,628.72,749.59,27.2,635.15,5.82,8.35,161.1,24.09,8,4,96,9.200907717569699
2025-04-06 09:00:00,832.0,829.54,31.89,838.12,6.1,8.63,163.4,25.8,9,4,96,9.509441150015151
2025-04-06 10:00:00,974.28,861.1,34.13,979.2,6.13,8.44,162.6,27.61,10,4,96,9.300079177998594
2025-04-06 11:00:00,1037.2,825.6,35.1,1040.47,6.07,8.19,162.8,28.98,11,4,96,9.024602899029441
2025-04-06 12:00:00,1029.5,834.46,35.67,1031.05,5.9,7.88,167.8,29.86,12,4,96,8.683012313107692
2025-04-06 13:00:00,946.15,825.05,35.85,946.22,5.68,7.6,178.6,30.32,13,4,96,8.37447888066224
2025-04-06 14:00:00,787.05,762.12,35.7,787.2,5.54,7.46,192.9,30.37,14,4,96,8.220212164439516
2025-04-06 15:00:00,570.33,655.68,35.15,570.6,5.33,7.23,205.6,30.18,15,4,96,7.966773987787896
2025-04-06 16:00:00,319.35,469.37,34.11,319.67,4.63,6.47,210.6,29.71,16,4,96,7.129326099721671
2025-04-06 17:00:00,82.45,120.06,30.95,82.57,3.56,5.58,212.9,28.06,17,4,96,6.1486305465914874
2025-04-06 18:00:00,0.0,0.0,28.21,0.0,3.23,4.85,220.1,26.77,18,4,96,5.344239812001561
2025-04-06 19:00:00,0.0,0.0,26.8,0.0,3.15,4.74,237.1,25.84,19,4,96,5.223030249255134
2025-04-06 20:00:00,0.0,0.0,25.52,0.0,3.36,5.24,258.3,24.73,20,4,96,5.77398280719344
2025-04-06 21:00:00,0.0,0.0,24.33,0.0,3.43,5.64,279.2,23.66,21,4,96,6.214744853544084
2025-04-06 22:00:00,0.0,0.0,23.2,0.0,3.42,5.9,299.6,22.73,22,4,96,6.501240183672003
2025-04-06 23:00:00,0.0,0.0,21.98,0.0,3.5,6.17,318.2,22.01,23,4,96,6.798754564958688
2025-04-07 00:00:00,0.0,0.0,20.8,0.0,3.7,6.45,332.2,21.45,0,4,97,7.107287997404139
2025-04-07 01:00:00,0.0,0.0,19.62,0.0,3.94,6.6,335.6,21.1,1,4,97,7.27257376478563
2025-04-07 02:00:00,0.0,0.0,18.52,0.0,4.21,6.76,330.3,20.82,2,4,97,7.448878583325888
2025-04-07 03:00:00,0.0,0.0,17.63,0.0,4.74,7.22,322.9,20.52,3,4,97,7.955754936629129
2025-04-07 04:00:00,0.0,0.0,16.97,0.0,5.26,7.66,320.2,20.18,4,4,97,8.440593187614837
2025-04-07 05:00:00,5.2,0.79,16.61,5.2,5.35,7.45,320.6,19.73,5,4,97,8.20919311328075
2025-04-07 06:00:00,141.93,278.09,19.13,142.07,5.66,6.75,320.3,20.13,6,4,97,7.437859532167122
2025-04-07 07:00:00,392.12,572.15,22.35,392.35,5.33,6.09,326.3,20.9,7,4,97,6.710602155688559
2025-04-07 08:00:00,638.17,731.38,26.25,638.35,4.52,5.71,329.6,21.97,8,4,97,6.291878211655447
2025-04-07 09:00:00,840.97,819.5,30.98,841.1,3.68,4.86,324.7,23.4,9,4,97,5.355258863160328
2025-04-07 10:00:00,981.4,862.2,34.06,981.45,2.98,3.72,330.7,24.88,10,4,97,4.099087031060992
2025-04-07 11:00:00,1046.12,872.96,35.3,1046.15,2.5,2.87,353.8,26.55,11,4,97,3.1624676825658726
2025-04-07 12:00:00,1034.22,867.05,36.05,1034.22,2.43,2.64,10.9,28.05,12,4,97,2.909029505914252
2025-04-07 13:00:00,944.35,824.68,36.44,944.35,2.61,3.03,20.3,28.22,13,4,97,3.33877250110613
2025-04-07 14:00:00,782.62,754.29,36.43,782.65,2.84,3.45,20.9,28.02,14,4,97,3.801572649774307
2025-04-07 15:00:00,562.92,631.84,36.04,562.95,2.89,3.58,18.9,27.87,15,4,97,3.944820314838266
2025-04-07 16:00:00,310.77,438.01,35.16,310.83,2.76,3.83,22.9,27.24,16,4,97,4.220296593807419
2025-04-07 17:00:00,79.57,96.54,32.32,79.6,2.71,4.19,27.3,25.9,17,4,97,4.616982435522999
2025-04-07 18:00:00,0.0,0.0,30.36,0.0,2.69,4.01,30.7,25.22,18,4,97,4.418639514665209
2025-04-07 19:00:00,0.0,0.0,29.39,0.0,2.49,3.63,33.2,25.13,19,4,97,3.999915570632097
2025-04-07 20:00:00,0.0,0.0,28.51,0.0,2.09,2.97,24.1,25.22,20,4,97,3.272658194153534
2025-04-07 21:00:00,0.0,0.0,27.76,0.0,1.65,2.3,346.9,25.15,21,4,97,2.5343817665162045
2025-04-07 22:00:00,0.0,0.0,26.94,0.0,0.98,1.32,353.0,25.46,22,4,97,1.454514752957126
2025-04-07 23:00:00,0.0,0.0,26.34,0.0,0.11,0.14,197.1,25.59,23,4,97,0.1542667162227255
2025-04-08 00:00:00,0.0,0.0,25.17,0.0,1.31,1.83,235.0,24.35,0,4,98,2.0164863620541977
2025-04-08 01:00:00,0.0,0.0,23.46,0.0,2.1,3.12,239.2,23.18,1,4,98,3.4379439615350256
2025-04-08 02:00:00,0.0,0.0,21.73,0.0,2.16,3.19,217.0,22.65,2,4,98,3.515077319646388
2025-04-08 03:00:00,0.0,0.0,20.52,0.0,2.71,4.17,174.5,22.18,3,4,98,4.594944333205467
2025-04-08 04:00:00,0.0,0.0,19.66,0.0,3.8,6.45,158.7,21.9,4,4,98,7.107287997404139
2025-04-08 05:00:00,5.28,0.0,19.32,5.32,4.55,8.11,157.2,22.0,5,4,98,8.936450489759311
2025-04-08 06:00:00,133.38,209.18,21.18,134.48,5.18,8.65,158.1,23.04,6,4,98,9.531479252332682
2025-04-08 07:00:00,371.67,479.54,24.55,374.25,5.87,8.44,154.4,24.31,7,4,98,9.300079177998594
2025-04-08 08:00:00,611.6,628.66,28.11,614.58,6.42,9.27,153.7,25.56,8,4,98,10.21466042417618
2025-04-08 09:00:00,815.15,718.34,33.57,817.75,7.12,10.23,154.3,27.09,9,4,98,11.272489335417728
2025-04-08 10:00:00,957.12,764.95,36.51,959.03,7.49,10.69,152.0,28.42,10,4,98,11.779365688720967
2025-04-08 11:00:00,1022.05,768.39,37.85,1023.28,8.06,11.45,147.3,29.45,11,4,98,12.616813576787191
2025-04-08 12:00:00,1013.53,772.58,38.86,1014.22,8.55,12.18,144.4,30.09,12,4,98,13.421204311377117
2025-04-08 13:00:00,927.05,745.66,39.41,927.35,8.6,12.23,142.8,30.35,13,4,98,13.47629956717095
2025-04-08 14:00:00,769.75,692.18,39.46,770.4,8.46,12.06,140.5,30.2,14,4,98,13.288975697471924
2025-04-08 15:00:00,555.2,589.76,39.08,556.12,8.24,11.81,139.3,29.67,15,4,98,13.013499418502773
2025-04-08 16:00:00,308.8,417.86,38.07,309.67,8.01,11.78,138.0,28.6,16,4,98,12.980442265026474
2025-04-08 17:00:00,80.88,96.59,35.16,81.15,8.02,12.22,138.2,27.06,17,4,98,13.465280516012182
2025-04-08 18:00:00,0.0,0.0,32.91,0.0,8.06,12.51,140.1,26.0,18,4,98,13.784832999616398
2025-04-08 19:00:00,0.0,0.0,31.33,0.0,7.87,12.27,142.0,25.49,19,4,98,13.520375771806012
2025-04-08 20:00:00,0.0,0.0,29.88,0.0,7.18,11.5,144.0,25.0,20,4,98,12.671908832581023
2025-04-08 21:00:00,0.0,0.0,28.51,0.0,6.16,10.42,145.6,24.55,21,4,98,11.481851307434283
2025-04-08 22:00:00,0.0,0.0,27.27,0.0,5.24,9.42,147.3,24.08,22,4,98,10.379946191557673
2025-04-08 23:00:00,0.0,0.0,26.4,0.0,4.55,8.12,150.8,23.71,23,4,98,8.947469540918078
2025-04-09 00:00:00,0.0,0.0,25.82,0.0,4.04,6.81,157.8,23.44,0,4,99,7.503973839119718
2025-04-09 01:00:00,0.0,0.0,25.37,0.0,3.48,5.56,170.2,23.26,1,4,99,6.126592444273955
2025-04-09 02:00:00,0.0,0.0,24.94,0.0,2.64,4.02,189.9,23.5,2,4,99,4.429658565823974
2025-04-09 03:00:00,0.0,0.0,24.39,0.0,1.89,2.78,233.3,23.44,3,4,99,3.0632962221369775
2025-04-09 04:00:00,0.0,0.0,23.7,0.0,2.25,3.39,288.4,22.13,4,4,99,3.73545834282171
2025-04-09 05:00:00,5.93,0.0,22.95,5.95,2.94,4.85,316.8,21.22,5,4,99,5.344239812001561
2025-04-09 06:00:00,136.25,194.19,24.04,137.12,4.22,5.94,331.9,21.74,6,4,99,6.545316388307068
2025-04-09 07:00:00,367.8,415.23,27.59,369.73,5.28,6.44,339.8,22.22,7,4,99,7.096268946245373
2025-04-09 08:00:00,605.03,548.93,30.92,607.3,5.27,6.72,338.9,22.95,8,4,99,7.404802378690824
2025-04-09 09:00:00,802.55,613.25,34.87,804.58,5.12,6.86,329.4,23.8,9,4,99,7.55906909491355
2025-04-09 10:00:00,936.53,624.56,38.16,937.95,5.41,7.44,322.6,24.62,10,4,99,8.198174062121984
2025-04-09 11:00:00,1021.67,762.06,40.01,1022.42,5.63,7.82,330.6,25.14,11,4,99,8.616898006155095
2025-04-09 12:00:00,1009.22,718.33,41.11,1009.22,6.14,8.46,345.8,25.42,12,4,99,9.322117280316126
2025-04-09 13:00:00,920.85,683.27,41.55,921.0,6.95,9.58,352.4,25.65,13,4,99,10.556251010097931
2025-04-09 14:00:00,757.55,604.55,41.28,757.88,7.55,10.62,350.3,26.21,14,4,99,11.702232330609604
2025-04-09 15:00:00,532.0,443.38,40.34,532.5,7.88,11.21,348.8,26.34,15,4,99,12.352356348976807
2025-04-09 16:00:00,277.2,228.76,38.45,278.45,7.57,10.84,347.5,25.94,16,4,99,11.94465145610246
2025-04-09 17:00:00,68.97,16.64,34.71,69.32,6.9,10.22,343.9,25.18,17,4,99,11.261470284258962
2025-04-09 18:00:00,0.0,0.0,31.13,0.0,6.3,9.84,339.5,24.24,18,4,99,10.84274634022585
2025-04-09 19:00:00,0.0,0.0,28.95,0.0,6.02,9.34,338.8,23.58,19,4,99,10.291793782287543
2025-04-09 20:00:00,0.0,0.0,27.3,0.0,6.08,9.13,338.7,22.99,20,4,99,10.060393707953455
2025-04-09 21:00:00,0.0,0.0,25.85,0.0,6.69,9.28,337.1,22.35,21,4,99,10.225679475334946
2025-04-09 22:00:00,0.0,0.0,24.68,0.0,7.97,10.06,336.9,21.58,22,4,99,11.085165465718704
2025-04-09 23:00:00,0.0,0.0,23.63,0.0,9.37,11.01,340.4,20.58,23,4,99,12.131975325801482
2025-04-10 00:00:00,0.0,0.0,22.57,0.0,9.88,11.46,346.4,19.79,0,4,100,12.62783262794596
2025-04-10 01:00:00,0.0,0.0,21.54,0.0,10.36,12.16,350.2,19.23,1,4,100,13.399166209059587
2025-04-10 02:00:00,0.0,0.0,20.61,0.0,10.47,12.25,352.1,18.61,2,4,100,13.49833766948848
2025-04-10 03:00:00,0.0,0.0,19.76,0.0,10.46,12.23,354.3,18.13,3,4,100,13.47629956717095
2025-04-10 04:00:00,0.0,0.0,18.97,0.0,10.53,12.3,354.4,17.84,4,4,100,13.553432925282312
2025-04-10 05:00:00,5.85,0.0,18.11,5.82,10.44,12.16,352.2,17.47,5,4,100,13.399166209059587
2025-04-10 06:00:00,120.8,72.28,18.15,120.97,10.53,12.08,349.6,17.57,6,4,100,13.311013799789457
2025-04-10 07:00:00,337.65,258.15,19.51,338.48,10.7,12.1,346.9,18.01,7,4,100,13.33305190210699
2025-04-10 08:00:00,571.38,395.05,21.32,572.67,10.79,12.07,342.5,18.66,8,4,100,13.299994748630692
2025-04-10 09:00:00,773.8,477.16,23.19,775.22,10.87,12.1,338.8,19.41,9,4,100,13.33305190210699
2025-04-10 10:00:00,917.72,522.21,25.06,918.95,10.83,12.03,336.1,20.07,10,4,100,13.255918543995625
2025-04-10 11:00:00,1031.43,766.75,26.73,1032.12,10.72,11.92,334.4,20.59,11,4,100,13.134708981249199
2025-04-10 12:00:00,1016.83,680.95,27.97,1016.88,10.62,11.82,333.8,20.95,12,4,100,13.024518469661539
2025-04-10 13:00:00,920.6,597.72,28.58,920.9,10.49,11.72,333.4,21.27,13,4,100,12.914327958073878
2025-04-10 14:00:00,750.3,495.63,28.58,750.72,10.47,11.78,333.2,21.5,14,4,100,12.980442265026474
2025-04-10 15:00:00,523.97,362.24,27.81,524.38,10.46,11.86,333.8,21.53,15,4,100,13.068594674296602
2025-04-10 16:00:00,278.35,195.56,26.25,278.6,10.28,11.75,335.0,21.33,16,4,100,12.947385111550176
2025-04-10 17:00:00,74.0,17.49,24.02,74.03,9.6,11.17,335.4,21.04,17,4,100,12.30828014434174
2025-04-10 18:00:00,0.0,0.0,21.49,0.0,8.41,10.4,336.3,20.54,18,4,100,11.45981320511675
2025-04-10 19:00:00,0.0,0.0,20.08,0.0,7.92,10.04,341.8,20.25,19,4,100,11.06312736340117
2025-04-10 20:00:00,0.0,0.0,18.96,0.0,7.69,9.79,350.2,19.91,20,4,100,10.787651084432017
2025-04-10 21:00:00,0.0,0.0,17.87,0.0,7.9,9.93,356.1,19.4,21,4,100,10.941917800654744
2025-04-10 22:00:00,0.0,0.0,16.91,0.0,8.65,10.55,358.3,18.75,22,4,100,11.625098972498243
2025-04-10 23:00:00,0.0,0.0,16.01,0.0,9.57,11.54,357.6,17.95,23,4,100,12.715985037216086
2025-04-11 00:00:00,0.0,0.0,15.22,0.0,10.18,12.1,354.3,17.03,0,4,101,13.33305190210699
2025-04-11 01:00:00,0.0,0.0,14.51,0.0,10.39,12.28,352.6,16.21,1,4,101,13.531394822964778
2025-04-11 02:00:00,0.0,0.0,13.89,0.0,10.17,12.05,352.2,15.66,2,4,101,13.277956646313159
2025-04-11 03:00:00,0.0,0.0,13.33,0.0,9.63,11.44,352.8,15.32,3,4,101,12.605794525628426
2025-04-11 04:00:00,0.0,0.0,12.82,0.0,8.91,10.66,352.5,15.05,4,4,101,11.746308535244669
2025-04-11 05:00:00,7.1,0.0,12.36,7.07,8.4,10.06,351.4,14.86,5,4,101,11.085165465718704
2025-04-11 06:00:00,145.3,180.37,13.43,145.98,8.5,9.64,348.6,15.23,6,4,101,10.622365317050527
2025-04-11 07:00:00,393.8,482.03,16.21,396.17,8.45,9.3,343.4,15.78,7,4,101,10.24771757765248
2025-04-11 08:00:00,643.08,662.62,18.88,645.33,8.32,9.04,338.5,16.48,8,4,101,9.96122224752456
2025-04-11 09:00:00,851.03,760.0,21.01,851.67,8.34,9.01,333.8,17.23,9,4,101,9.928165094048262
2025-04-11 10:00:00,991.55,801.2,22.92,991.9,8.48,9.18,330.1,18.04,10,4,101,10.115488963747286
2025-04-11 11:00:00,1059.97,853.3,24.65,1060.15,8.63,9.41,329.7,18.96,11,4,101,10.368927140398906
2025-04-11 12:00:00,1040.22,760.89,26.04,1040.22,8.86,9.75,332.9,19.86,12,4,101,10.743574879796954
2025-04-11 13:00:00,937.62,654.03,26.84,937.65,8.93,9.93,337.1,20.69,13,4,101,10.941917800654744
2025-04-11 14:00:00,760.78,531.1,26.94,760.83,8.84,9.96,339.8,21.45,14,4,101,10.974974954131044
2025-04-11 15:00:00,529.58,386.47,26.37,529.65,8.69,9.95,340.2,21.84,15,4,101,10.963955902972275
2025-04-11 16:00:00,280.52,211.98,25.11,280.6,8.51,9.94,338.7,21.85,16,4,101,10.95293685181351
2025-04-11 17:00:00,74.18,22.29,23.18,74.2,7.97,9.52,338.2,21.44,17,4,101,10.490136703145334
2025-04-11 18:00:00,0.0,0.0,20.4,0.0,7.18,9.27,336.1,20.56,18,4,101,10.21466042417618
2025-04-11 19:00:00,0.0,0.0,19.4,0.0,7.28,9.38,330.3,20.08,19,4,101,10.335869986922608
2025-04-11 20:00:00,0.0,0.0,18.65,0.0,7.48,9.53,326.1,19.65,20,4,101,10.501155754304099
2025-04-11 21:00:00,0.0,0.0,17.88,0.0,7.35,9.31,325.2,19.05,21,4,101,10.258736628811246
2025-04-11 22:00:00,0.0,0.0,17.09,0.0,7.3,9.33,325.7,18.49,22,4,101,10.280774731128778
2025-04-11 23:00:00,0.0,0.0,16.42,0.0,7.19,9.16,330.4,17.95,23,4,101,10.093450861429753
2025-04-12 00:00:00,0.0,0.0,15.83,0.0,6.72,8.7,340.6,17.39,0,4,102,9.586574508126512
2025-04-12 01:00:00,0.0,0.0,15.26,0.0,6.18,8.09,347.8,16.94,1,4,102,8.91441238744178
2025-04-12 02:00:00,0.0,0.0,14.64,0.0,5.6,7.38,351.0,16.56,2,4,102,8.132059755169387
2025-04-12 03:00:00,0.0,0.0,14.01,0.0,5.22,6.83,353.1,16.27,3,4,102,7.526011941437251
2025-04-12 04:00:00,0.0,0.0,13.36,0.0,4.95,6.41,354.7,16.02,4,4,102,7.063211792769074
2025-04-12 05:00:00,7.25,0.0,12.84,7.38,4.81,6.21,355.2,15.91,5,4,102,6.8428307695937525
2025-04-12 06:00:00,138.75,156.61,14.41,142.4,5.16,6.01,355.4,17.11,6,4,102,6.62244974641843
2025-04-12 07:00:00,378.3,410.49,17.78,387.98,5.37,5.84,352.1,17.9,7,4,102,6.435125876719406
2025-04-12 08:00:00,622.5,581.09,21.01,634.15,5.33,5.75,344.9,18.66,8,4,102,6.3359544162905115
2025-04-12 09:00:00,827.55,694.43,23.05,838.28,5.43,5.85,336.8,19.44,9,4,102,6.446144927878172
2025-04-12 10:00:00,970.78,748.34,24.75,979.62,5.78,6.24,331.7,20.15,10,4,102,6.875887923070051
2025-04-12 11:00:00,1041.78,797.73,26.15,1048.03,5.98,6.46,334.5,20.65,11,4,102,7.1183070485629045
2025-04-12 12:00:00,1033.85,781.21,27.15,1037.38,5.98,6.47,341.3,21.18,12,4,102,7.129326099721671
2025-04-12 13:00:00,948.03,766.65,27.78,948.42,6.03,6.57,346.6,21.74,13,4,102,7.239516611309332
2025-04-12 14:00:00,786.12,701.64,27.9,786.92,6.04,6.65,350.1,22.04,14,4,102,7.327669020579461
2025-04-12 15:00:00,567.05,597.47,27.47,568.12,5.87,6.54,352.6,22.11,15,4,102,7.206459457833033
2025-04-12 16:00:00,315.7,392.29,26.47,316.65,5.59,6.3,355.2,21.9,16,4,102,6.942002230022647
2025-04-12 17:00:00,84.47,79.8,24.52,84.72,4.97,5.84,2.7,21.34,17,4,102,6.435125876719406
2025-04-12 18:00:00,0.0,0.0,21.21,0.0,4.06,5.29,14.9,20.02,18,4,102,5.8290780629872705
2025-04-12 19:00:00,0.0,0.0,20.12,0.0,3.69,4.63,26.0,19.48,19,4,102,5.101820686508708
2025-04-12 20:00:00,0.0,0.0,19.2,0.0,3.35,4.08,40.7,19.13,20,4,102,4.495772872776572
2025-04-12 21:00:00,0.0,0.0,18.27,0.0,3.09,3.7,54.7,18.9,21,4,102,4.0770489287434595
2025-04-12 22:00:00,0.0,0.0,17.4,0.0,2.83,3.36,65.0,18.77,22,4,102,3.702401189345412
2025-04-12 23:00:00,0.0,0.0,16.68,0.0,2.46,2.88,70.6,18.77,23,4,102,3.1734867337246384
2025-04-13 00:00:00,0.0,0.0,16.03,0.0,1.93,2.23,70.3,18.78,0,4,103,2.457248408404842
2025-04-13 01:00:00,0.0,0.0,15.46,0.0,1.34,1.52,67.1,18.71,1,4,103,1.6748957761324483
2025-04-13 02:00:00,0.0,0.0,14.99,0.0,0.78,0.91,60.3,18.72,2,4,103,1.0027336554477158
2025-04-13 03:00:00,0.0,0.0,14.62,0.0,0.39,0.44,14.3,18.68,3,4,103,0.4848382509857087
2025-04-13 04:00:00,0.0,0.0,14.31,0.0,0.86,1.0,311.3,18.49,4,4,103,1.1019051158766107
2025-04-13 05:00:00,8.02,0.0,14.11,8.02,1.53,1.74,305.0,18.08,5,4,103,1.9173149016253026
2025-04-13 06:00:00,148.93,192.16,17.06,149.32,2.07,2.34,304.9,18.53,6,4,103,2.578457971151269
2025-04-13 07:00:00,389.23,430.55,20.47,389.83,2.41,2.45,304.5,19.61,7,4,103,2.6996675338976965
2025-04-13 08:00:00,633.58,601.62,24.87,634.12,2.81,2.98,302.3,21.02,8,4,103,3.2836772453122998
2025-04-13 09:00:00,836.65,686.63,27.26,837.08,3.09,3.44,319.4,22.02,9,4,103,3.7905535986155408
2025-04-13 10:00:00,976.45,737.82,28.73,976.8,3.49,4.24,338.4,22.72,10,4,103,4.672077691316829
2025-04-13 11:00:00,1043.65,790.21,29.71,1044.0,3.93,5.09,347.7,23.21,11,4,103,5.608697039811948
2025-04-13 12:00:00,1029.03,742.15,30.3,1029.35,4.3,5.68,350.7,23.54,12,4,103,6.258821058179148
2025-04-13 13:00:00,934.72,681.74,30.45,934.85,4.73,6.33,349.0,23.72,13,4,103,6.975059383498945
2025-04-13 14:00:00,763.95,570.73,30.16,764.38,5.1,6.94,345.1,23.8,14,4,103,7.647221504183679
2025-04-13 15:00:00,532.5,409.15,29.52,533.2,5.33,7.33,342.8,23.72,15,4,103,8.076964499375556
2025-04-13 16:00:00,277.85,193.85,28.42,278.5,5.76,7.88,342.5,23.4,16,4,103,8.683012313107692
2025-04-13 17:00:00,72.8,11.83,26.3,73.0,7.3,9.43,343.2,22.72,17,4,103,10.390965242716439
2025-04-13 18:00:00,0.0,0.0,22.61,0.0,8.95,10.94,343.5,21.44,18,4,103,12.05484196769012
2025-04-13 19:00:00,0.0,0.0,21.29,0.0,9.71,11.5,344.0,20.4,19,4,103,12.671908832581023
2025-04-13 20:00:00,0.0,0.0,20.29,0.0,9.18,10.84,345.0,19.73,20,4,103,11.94465145610246
2025-04-13 21:00:00,0.0,0.0,19.27,0.0,8.41,10.11,347.8,19.3,21,4,103,11.140260721512533
2025-04-13 22:00:00,0.0,0.0,18.35,0.0,7.86,9.6,350.0,18.96,22,4,103,10.578289112415462
2025-04-13 23:00:00,0.0,0.0,17.54,0.0,7.55,9.41,350.7,18.64,23,4,103,10.368927140398906
2025-04-14 00:00:00,0.0,0.0,16.75,0.0,7.63,9.58,349.7,18.29,0,4,104,10.556251010097931
2025-04-14 01:00:00,0.0,0.0,15.99,0.0,8.06,10.0,346.6,17.85,1,4,104,11.019051158766107
2025-04-14 02:00:00,0.0,0.0,15.29,0.0,8.45,10.34,344.4,17.29,2,4,104,11.393698898164153
2025-04-14 03:00:00,0.0,0.0,14.66,0.0,8.54,10.42,343.5,16.8,3,4,104,11.481851307434283
2025-04-14 04:00:00,0.0,0.0,14.43,0.0,8.27,10.16,343.9,16.45,4,4,104,11.195355977306365
2025-04-14 05:00:00,8.23,0.0,14.12,8.52,7.85,9.69,345.5,16.21,5,4,104,10.677460572844357
2025-04-14 06:00:00,143.3,150.92,15.36,149.85,7.84,8.99,346.6,16.59,6,4,104,9.90612699173073
2025-04-14 07:00:00,387.4,442.71,18.27,404.1,7.59,8.4,345.7,17.09,7,4,104,9.25600297336353
2025-04-14 08:00:00,634.75,644.02,21.02,656.85,7.13,7.79,342.6,17.72,8,4,104,8.583840852678797
2025-04-14 09:00:00,843.03,775.76,22.71,865.75,6.81,7.37,337.9,18.49,9,4,104,8.121040704010621
2025-04-14 10:00:00,989.45,843.9,24.23,1009.6,6.83,7.39,333.8,19.3,10,4,104,8.143078806328152
2025-04-14 11:00:00,1052.8,859.16,25.65,1068.7,6.99,7.58,331.6,20.02,11,4,104,8.35244077834471
2025-04-14 12:00:00,1053.88,851.42,26.78,1057.97,7.27,7.93,330.7,20.56,12,4,104,8.738107568901523
2025-04-14 13:00:00,959.78,821.16,27.55,969.83,7.6,8.37,331.4,21.0,13,4,104,9.222945819887231
2025-04-14 14:00:00,802.12,769.39,27.8,810.9,7.57,8.43,334.3,21.41,14,4,104,9.289060126839827
2025-04-14 15:00:00,587.1,685.73,27.48,593.75,7.41,8.32,338.0,21.59,15,4,104,9.167850564093401
2025-04-14 16:00:00,337.5,508.86,26.51,341.4,7.27,8.21,339.5,21.43,16,4,104,9.046641001346975
2025-04-14 17:00:00,97.47,178.89,23.68,98.32,6.77,7.86,340.5,21.03,17,4,104,8.66097421079016
2025-04-14 18:00:00,0.0,0.0,19.66,0.0,5.65,7.46,342.4,20.02,18,4,104,8.220212164439516
2025-04-14 19:00:00,0.0,0.0,18.69,0.0,5.49,7.33,345.1,19.65,19,4,104,8.076964499375556
2025-04-14 20:00:00,0.0,0.0,18.03,0.0,5.26,6.96,347.9,19.38,20,4,104,7.66925960650121
2025-04-14 21:00:00,0.0,0.0,17.43,0.0,5.02,6.57,349.6,19.08,21,4,104,7.239516611309332
2025-04-14 22:00:00,0.0,0.0,16.77,0.0,4.98,6.47,349.8,18.81,22,4,104,7.129326099721671
2025-04-14 23:00:00,0.0,0.0,16.01,0.0,5.17,6.72,349.7,18.39,23,4,104,7.404802378690824
2025-04-15 00:00:00,0.0,0.0,15.24,0.0,5.61,7.34,350.2,17.92,0,4,105,8.087983550534322
2025-04-15 01:00:00,0.0,0.0,14.48,0.0,5.88,7.68,351.8,17.45,1,4,105,8.46263128993237
2025-04-15 02:00:00,0.0,0.0,13.75,0.0,6.14,8.02,351.9,17.09,2,4,105,8.837279029330418
2025-04-15 03:00:00,0.0,0.0,13.05,0.0,6.09,7.99,353.4,16.81,3,4,105,8.80422187585412
2025-04-15 04:00:00,0.0,0.0,12.2,0.0,5.87,7.69,356.7,16.64,4,4,105,8.473650341091137
2025-04-15 05:00:00,10.43,13.07,11.55,10.5,5.36,7.01,0.2,16.65,5,4,105,7.724354862295041
2025-04-15 06:00:00,179.25,436.53,13.91,181.95,5.62,6.75,355.0,18.02,6,4,105,7.437859532167122
2025-04-15 07:00:00,433.48,708.11,16.9,436.98,6.39,7.07,342.1,18.76,7,4,105,7.790469169247638
2025-04-15 08:00:00,674.65,856.67,21.04,677.17,7.02,7.63,332.0,19.27,8,4,105,8.40753603413854
2025-04-15 09:00:00,871.4,918.91,23.85,872.9,7.27,7.85,324.5,19.87,9,4,105,8.649955159631393
2025-04-15 10:00:00,1006.03,977.26,25.72,1006.83,7.5,8.12,324.1,20.54,10,4,105,8.947469540918078
2025-04-15 11:00:00,1058.3,959.7,27.28,1058.68,7.44,8.12,329.0,21.29,11,4,105,8.947469540918078
2025-04-15 12:00:00,1015.09,770.22,28.52,1026.14,7.14,7.86,332.1,21.9,12,4,105,8.66097421079016
2025-04-15 13:00:00,954.75,903.59,29.39,954.83,6.87,7.76,332.3,22.34,13,4,105,8.550783699202498
2025-04-15 14:00:00,796.47,855.44,29.82,796.62,6.62,7.82,333.2,22.67,14,4,105,8.616898006155095
2025-04-15 15:00:00,583.35,776.02,29.7,583.58,6.34,7.88,335.4,22.83,15,4,105,8.683012313107692
2025-04-15 16:00:00,336.5,607.43,28.95,336.75,6.31,8.13,337.9,22.79,16,4,105,8.958488592076845
2025-04-15 17:00:00,99.2,270.4,25.79,99.32,5.94,8.02,340.5,22.35,17,4,105,8.837279029330418
2025-04-15 18:00:00,0.0,0.0,21.93,0.0,5.35,8.11,337.7,21.21,18,4,105,8.936450489759311
2025-04-15 19:00:00,0.0,0.0,20.92,0.0,5.71,8.4,336.9,20.85,19,4,105,9.25600297336353
2025-04-15 20:00:00,0.0,0.0,20.44,0.0,5.71,8.13,342.1,20.6,20,4,105,8.958488592076845
2025-04-15 21:00:00,0.0,0.0,20.08,0.0,5.38,7.45,349.5,20.14,21,4,105,8.20919311328075
2025-04-15 22:00:00,0.0,0.0,19.44,0.0,4.91,6.53,354.0,19.45,22,4,105,7.195440406674268
2025-04-15 23:00:00,0.0,0.0,18.71,0.0,4.67,6.09,355.1,18.76,23,4,105,6.710602155688559
2025-04-16 00:00:00,0.0,0.0,17.93,0.0,4.62,5.98,351.7,18.26,0,4,106,6.589392592942132
2025-04-16 01:00:00,0.0,0.0,17.32,0.0,4.83,6.23,345.3,17.76,1,4,106,6.864868871911285
2025-04-16 02:00:00,0.0,0.0,15.75,0.0,5.03,6.47,339.0,17.47,2,4,106,7.129326099721671
2025-04-16 03:00:00,0.0,0.0,14.85,0.0,5.42,6.84,330.8,17.21,3,4,106,7.537030992596017
2025-04-16 04:00:00,0.0,0.0,14.16,0.0,5.94,7.24,326.5,17.14,4,4,106,7.977793038946661
2025-04-16 05:00:00,10.62,12.9,13.63,10.62,6.03,7.43,323.4,16.77,5,4,106,8.187155010963217
2025-04-16 06:00:00,168.7,375.18,15.87,172.12,6.66,7.49,320.4,17.66,6,4,106,8.253269317915814
2025-04-16 07:00:00,408.65,627.54,18.81,417.85,6.62,7.19,319.8,19.07,7,4,106,7.922697783152831
2025-04-16 08:00:00,646.4,738.01,22.85,653.12,6.14,6.62,318.4,20.71,8,4,106,7.294611867103162
2025-04-16 09:00:00,845.38,827.07,25.89,847.72,5.72,6.36,312.9,22.02,9,4,106,7.008116536975244
2025-04-16 10:00:00,977.88,874.01,27.93,981.1,5.08,5.95,308.6,23.12,10,4,106,6.556335439465833
2025-04-16 11:00:00,1049.4,947.97,29.82,1051.62,4.05,5.22,307.2,23.83,11,4,106,5.751944704875908
2025-04-16 12:00:00,1029.85,873.73,31.34,1038.25,3.25,4.34,309.1,24.34,12,4,106,4.78226820290449
2025-04-16 13:00:00,904.78,651.2,32.34,950.15,3.0,4.0,307.9,24.73,13,4,106,4.407620463506443
2025-04-16 14:00:00,770.9,767.91,32.54,794.1,3.01,4.06,310.7,24.89,14,4,106,4.473734770459039
2025-04-16 15:00:00,577.75,749.14,32.69,583.42,3.17,4.3,319.9,24.82,15,4,106,4.738191998269426
2025-04-16 16:00:00,324.25,558.44,32.02,336.42,3.41,4.69,324.1,24.5,16,4,106,5.167934993461304
2025-04-16 17:00:00,95.05,212.85,28.7,99.78,3.33,5.27,322.5,23.63,17,4,106,5.807039960669738
2025-04-16 18:00:00,0.0,0.0,25.39,0.0,3.91,6.76,322.9,22.21,18,4,106,7.448878583325888
2025-04-16 19:00:00,0.0,0.0,24.7,0.0,5.03,8.33,325.0,21.84,19,4,106,9.178869615252166
2025-04-16 20:00:00,0.0,0.0,24.0,0.0,6.39,9.06,328.7,21.35,20,4,106,9.983260349842093
2025-04-16 21:00:00,0.0,0.0,22.98,0.0,7.3,9.21,332.5,20.61,21,4,106,10.148546117223585
2025-04-16 22:00:00,0.0,0.0,21.76,0.0,7.66,9.22,332.5,19.71,22,4,106,10.15956516838235
2025-04-16 23:00:00,0.0,0.0,20.72,0.0,7.76,9.17,331.7,18.83,23,4,106,10.10446991258852
2025-04-17 00:00:00,0.0,0.0,19.77,0.0,7.35,8.66,330.1,18.16,0,4,107,9.542498303491449
2025-04-17 01:00:00,0.0,0.0,18.9,0.0,6.99,8.23,325.2,17.62,1,4,107,9.068679103664506
2025-04-17 02:00:00,0.0,0.0,18.06,0.0,7.01,8.29,322.1,17.2,2,4,107,9.134793410617101
2025-04-17 03:00:00,0.0,0.0,17.21,0.0,7.02,8.29,321.9,16.92,3,4,107,9.134793410617101
2025-04-17 04:00:00,0.0,0.0,16.43,0.0,6.86,8.1,321.8,16.74,4,4,107,8.925431438600546
2025-04-17 05:00:00,11.23,6.72,15.96,11.4,6.57,7.74,321.4,16.71,5,4,107,8.528745596884967
2025-04-17 06:00:00,164.18,260.21,18.33,175.52,6.42,7.14,320.3,17.83,6,4,107,7.867602527359
2025-04-17 07:00:00,393.65,421.44,21.25,423.85,6.09,6.53,316.2,19.53,7,4,107,7.195440406674268
2025-04-17 08:00:00,616.5,535.33,24.81,661.15,5.22,5.53,310.5,21.65,8,4,107,6.093535290797657
2025-04-17 09:00:00,826.88,700.04,28.41,855.0,4.69,5.18,296.4,23.35,9,4,107,5.707868500240843
2025-04-17 10:00:00,985.17,871.75,31.55,987.7,4.08,5.25,288.7,24.2,10,4,107,5.785001858352206
2025-04-17 11:00:00,1033.55,780.17,33.47,1049.03,3.56,4.65,287.0,25.08,11,4,107,5.12385878882624
2025-04-17 12:00:00,1017.55,805.38,34.75,1033.55,3.0,3.84,289.5,26.54,12,4,107,4.231315644966185
2025-04-17 13:00:00,921.92,738.04,35.6,942.88,2.72,3.51,299.3,27.67,13,4,107,3.867686956726903
2025-04-17 14:00:00,738.55,581.61,35.88,784.08,3.01,3.91,312.9,27.81,14,4,107,4.3084490030775475
2025-04-17 15:00:00,543.17,571.55,35.65,569.65,3.6,4.71,321.4,27.45,15,4,107,5.189973095778837
2025-04-17 16:00:00,306.62,457.5,34.78,323.05,4.16,5.59,324.1,26.96,16,4,107,6.159649597750254
2025-04-17 17:00:00,89.85,158.96,31.33,92.7,3.94,6.31,323.3,25.92,17,4,107,6.953021281181413
2025-04-17 18:00:00,0.0,0.0,27.42,0.0,4.38,7.63,325.4,24.59,18,4,107,8.40753603413854
2025-04-17 19:00:00,0.0,0.0,26.58,0.0,4.9,8.72,328.6,24.31,19,4,107,9.608612610444046
2025-04-17 20:00:00,0.0,0.0,25.98,0.0,5.46,8.92,322.9,23.73,20,4,107,9.828993633619367
2025-04-17 21:00:00,0.0,0.0,24.88,0.0,6.39,8.87,321.7,22.86,21,4,107,9.773898377825535
2025-04-17 22:00:00,0.0,0.0,23.03,0.0,6.71,8.71,320.9,21.89,22,4,107,9.59759355928528
2025-04-17 23:00:00,0.0,0.0,21.83,0.0,7.53,9.3,317.4,21.0,23,4,107,10.24771757765248
2025-04-18 00:00:00,0.0,0.0,20.95,0.0,7.8,9.44,315.6,20.34,0,4,108,10.401984293875204
2025-04-18 01:00:00,0.0,0.0,20.09,0.0,8.39,9.89,311.4,19.67,1,4,108,10.89784159601968
2025-04-18 02:00:00,0.0,0.0,19.27,0.0,8.77,10.26,309.0,19.22,2,4,108,11.305546488894025
2025-04-18 03:00:00,0.0,0.0,18.43,0.0,9.04,10.55,308.2,18.9,3,4,108,11.625098972498243
2025-04-18 04:00:00,0.0,0.0,17.63,0.0,9.01,10.49,308.8,18.64,4,4,108,11.558984665545646
2025-04-18 05:00:00,11.3,3.56,17.06,11.45,8.65,10.17,309.0,18.56,5,4,108,11.20637502846513
2025-04-18 06:00:00,162.9,265.37,19.18,166.7,9.1,10.11,307.5,19.16,6,4,108,11.140260721512533
2025-04-18 07:00:00,403.4,510.61,22.06,410.9,8.31,9.13,310.2,20.52,7,4,108,10.060393707953455
2025-04-18 08:00:00,641.0,651.0,26.11,649.33,6.9,7.92,308.8,22.13,8,4,108,8.727088517742756
2025-04-18 09:00:00,838.5,717.31,30.02,846.17,5.92,7.23,308.1,23.16,9,4,108,7.966773987787896
2025-04-18 10:00:00,975.12,766.31,33.11,981.55,5.01,6.59,310.0,23.94,10,4,108,7.2615547136268646
2025-04-18 11:00:00,1051.3,874.58,34.84,1056.03,4.37,5.86,311.5,24.81,11,4,108,6.457163979036939
2025-04-18 12:00:00,1038.35,850.42,35.95,1041.35,4.06,5.35,317.4,25.6,12,4,108,5.895192369939867
2025-04-18 13:00:00,949.9,802.83,36.65,950.3,4.04,5.24,326.0,26.4,13,4,108,5.77398280719344
2025-04-18 14:00:00,788.55,732.16,36.81,789.2,4.28,5.56,332.6,27.16,14,4,108,6.126592444273955
2025-04-18 15:00:00,569.75,618.1,36.45,570.6,4.85,6.47,335.2,27.4,15,4,108,7.129326099721671
2025-04-18 16:00:00,319.2,411.46,35.44,319.95,5.6,7.79,333.6,27.16,16,4,108,8.583840852678797
2025-04-18 17:00:00,90.9,108.88,31.84,91.18,5.84,9.01,329.7,26.3,17,4,108,9.928165094048262
2025-04-18 18:00:00,0.0,0.0,27.77,0.0,6.67,11.0,326.8,25.07,18,4,108,12.120956274642717
2025-04-18 19:00:00,0.0,0.0,26.58,0.0,8.24,12.03,322.2,24.44,19,4,108,13.255918543995625
2025-04-18 20:00:00,0.0,0.0,25.41,0.0,9.35,12.41,318.1,23.55,20,4,108,13.674642488028738
2025-04-18 21:00:00,0.0,0.0,24.23,0.0,10.05,12.55,319.4,22.7,21,4,108,13.828909204251465
2025-04-18 22:00:00,0.0,0.0,23.22,0.0,9.64,11.7,324.0,21.78,22,4,108,12.892289855756344
2025-04-18 23:00:00,0.0,0.0,22.21,0.0,9.09,10.81,321.0,20.84,23,4,108,11.911594302626161
2025-04-19 00:00:00,0.0,0.0,21.27,0.0,9.33,10.9,314.1,20.05,0,4,109,12.010765763055057
2025-04-19 01:00:00,0.0,0.0,20.32,0.0,9.37,10.9,311.1,19.54,1,4,109,12.010765763055057
2025-04-19 02:00:00,0.0,0.0,19.33,0.0,8.99,10.48,311.6,19.19,2,4,109,11.54796561438688
2025-04-19 03:00:00,0.0,0.0,18.4,0.0,8.62,10.05,311.6,18.9,3,4,109,11.074146414559937
2025-04-19 04:00:00,0.0,0.0,17.53,0.0,8.64,10.07,308.4,18.67,4,4,109,11.09618451687747
2025-04-19 05:00:00,12.12,1.48,16.94,12.12,9.14,10.57,301.8,18.57,5,4,109,11.647137074815776
2025-04-19 06:00:00,167.93,253.2,18.94,168.23,9.95,10.94,295.8,19.34,6,4,109,12.05484196769012
2025-04-19 07:00:00,413.38,513.66,21.93,413.88,9.35,10.27,299.5,21.01,7,4,109,11.31656554005279
2025-04-19 08:00:00,655.55,669.04,26.01,656.05,8.13,9.53,303.8,22.9,8,4,109,10.501155754304099
2025-04-19 09:00:00,855.75,761.05,29.82,856.2,7.42,9.39,308.2,24.27,9,4,109,10.346889038081375
2025-04-19 10:00:00,993.05,813.03,32.99,993.5,6.8,9.14,312.8,25.24,10,4,109,10.071412759112222
2025-04-19 11:00:00,1050.38,831.47,35.12,1050.82,6.16,8.53,313.6,26.29,11,4,109,9.399250638427489
2025-04-19 12:00:00,1034.9,825.87,36.24,1035.35,5.69,7.79,313.0,27.52,12,4,109,8.583840852678797
2025-04-19 13:00:00,942.67,755.67,36.85,942.88,5.56,7.47,314.9,28.71,13,4,109,8.231231215598282
2025-04-19 14:00:00,779.92,685.07,37.01,781.42,5.81,7.84,319.0,29.11,14,4,109,8.638936108472627
2025-04-19 15:00:00,561.78,586.0,36.64,563.7,6.25,8.62,323.2,28.95,15,4,109,9.498422098856382
2025-04-19 16:00:00,314.33,392.76,35.7,315.92,6.62,9.41,325.7,28.39,16,4,109,10.368927140398906
2025-04-19 17:00:00,91.35,105.02,32.38,91.85,6.41,9.83,325.1,27.25,17,4,109,10.831727289067082
2025-04-19 18:00:00,0.0,0.0,28.77,0.0,6.35,10.75,322.9,25.77,18,4,109,11.845479995673564
2025-04-19 19:00:00,0.0,0.0,26.87,0.0,6.94,11.19,325.6,25.12,19,4,109,12.330318246659273
2025-04-19 20:00:00,0.0,0.0,25.7,0.0,6.81,10.6,331.4,24.34,20,4,109,11.680194228292073
2025-04-19 21:00:00,0.0,0.0,25.07,0.0,6.41,9.62,333.4,23.51,21,4,109,10.600327214732994
2025-04-19 22:00:00,0.0,0.0,24.36,0.0,6.56,9.14,328.2,22.7,22,4,109,10.071412759112222
2025-04-19 23:00:00,0.0,0.0,23.51,0.0,6.97,9.14,324.9,21.97,23,4,109,10.071412759112222
2025-04-20 00:00:00,0.0,0.0,22.56,0.0,7.13,9.06,322.6,21.38,0,4,110,9.983260349842093
2025-04-20 01:00:00,0.0,0.0,21.59,0.0,7.44,9.15,319.4,20.79,1,4,110,10.082431810270988
2025-04-20 02:00:00,0.0,0.0,20.67,0.0,7.82,9.43,316.0,20.32,2,4,110,10.390965242716439
2025-04-20 03:00:00,0.0,0.0,19.84,0.0,8.27,9.81,312.2,20.03,3,4,110,10.809689186749551
2025-04-20 04:00:00,0.0,0.0,19.13,0.0,8.69,10.18,308.1,19.71,4,4,110,11.217394079623896
2025-04-20 05:00:00,12.82,1.56,18.66,12.93,9.06,10.5,306.7,19.43,5,4,110,11.570003716704411
2025-04-20 06:00:00,167.48,224.64,20.53,169.5,9.16,10.16,308.0,20.11,6,4,110,11.195355977306365
2025-04-20 07:00:00,409.77,473.45,23.49,413.42,9.05,10.29,316.9,21.84,7,4,110,11.338603642370323
2025-04-20 08:00:00,649.9,634.85,27.86,653.35,8.68,10.5,322.0,23.81,8,4,110,11.570003716704411
2025-04-20 09:00:00,849.2,718.96,31.96,851.72,8.63,11.07,324.5,25.64,9,4,110,12.19808963275408
2025-04-20 10:00:00,986.75,781.71,34.85,988.28,8.56,11.56,325.3,27.08,10,4,110,12.73802313953362
2025-04-20 11:00:00,1060.03,876.28,36.46,1060.7,8.48,11.74,324.7,28.03,11,4,110,12.936366060391409
2025-04-20 12:00:00,1045.7,881.86,37.38,1045.75,8.29,11.61,324.3,28.63,12,4,110,12.793118395327449
2025-04-20 13:00:00,953.83,808.74,37.81,954.92,8.14,11.5,324.4,28.93,13,4,110,12.671908832581023
2025-04-20 14:00:00,792.83,749.21,37.72,794.88,8.04,11.45,326.0,28.97,14,4,110,12.616813576787191
2025-04-20 15:00:00,576.3,644.16,37.15,578.9,7.89,11.32,328.8,28.75,15,4,110,12.473565911723233
2025-04-20 16:00:00,328.35,464.31,36.03,330.67,7.55,10.9,331.0,28.28,16,4,110,12.010765763055057
2025-04-20 17:00:00,98.68,150.76,32.46,99.53,6.53,10.04,332.6,27.3,17,4,110,11.06312736340117
2025-04-20 18:00:00,0.0,0.0,28.25,0.0,5.73,10.09,334.2,25.81,18,4,110,11.118222619195002
2025-04-20 19:00:00,0.0,0.0,27.3,0.0,5.57,9.88,339.1,25.28,19,4,110,10.886822544860914
2025-04-20 20:00:00,0.0,0.0,26.53,0.0,5.14,9.21,345.9,24.65,20,4,110,10.148546117223585
2025-04-20 21:00:00,0.0,0.0,25.61,0.0,4.58,8.19,352.6,24.0,21,4,110,9.024602899029441
2025-04-20 22:00:00,0.0,0.0,24.58,0.0,4.0,7.06,352.5,23.46,22,4,110,7.779450118088871
2025-04-20 23:00:00,0.0,0.0,23.78,0.0,3.77,6.57,343.6,22.98,23,4,110,7.239516611309332
2025-04-21 00:00:00,0.0,0.0,23.12,0.0,4.53,7.25,329.7,22.54,0,4,111,7.988812090105427
2025-04-21 01:00:00,0.0,0.0,22.21,0.0,5.94,8.18,319.5,21.9,1,4,111,9.013583847870676
2025-04-21 02:00:00,0.0,0.0,21.32,0.0,6.07,8.06,317.3,21.13,2,4,111,8.881355233965483
2025-04-21 03:00:00,0.0,0.0,20.27,0.0,6.11,8.06,312.6,20.61,3,4,111,8.881355233965483
2025-04-21 04:00:00,0.0,0.0,19.21,0.0,6.59,8.54,314.2,20.35,4,4,111,9.410269689586254
2025-04-21 05:00:00,13.98,5.25,18.72,14.02,5.83,7.47,318.2,20.13,5,4,111,8.231231215598282
2025-04-21 06:00:00,180.05,320.63,21.83,181.07,4.83,5.52,317.6,20.93,6,4,111,6.08251623963889
2025-04-21 07:00:00,422.7,558.28,24.92,424.0,4.06,4.6,312.9,22.0,7,4,111,5.068763533032409
2025-04-21 08:00:00,658.12,693.83,28.81,659.08,3.27,4.28,312.2,23.64,8,4,111,4.716153895951894
2025-04-21 09:00:00,851.65,763.81,32.95,852.22,3.59,4.63,313.5,25.5,9,4,111,5.101820686508708
2025-04-21 10:00:00,983.7,808.06,35.77,984.0,3.65,4.65,318.2,26.88,10,4,111,5.12385878882624
2025-04-21 11:00:00,1042.62,844.42,37.32,1042.75,3.53,4.48,325.6,27.57,11,4,111,4.936534919127216
2025-04-21 12:00:00,1027.0,838.18,38.33,1027.0,3.58,4.55,335.0,27.97,12,4,111,5.013668277238578
2025-04-21 13:00:00,928.2,717.29,38.92,935.8,3.6,4.56,343.8,28.24,13,4,111,5.024687328397344
2025-04-21 14:00:00,760.03,619.29,39.01,776.4,3.39,4.26,351.8,28.51,14,4,111,4.694115793634361
2025-04-21 15:00:00,535.1,492.93,38.6,562.1,3.06,3.82,359.0,28.68,15,4,111,4.209277542648652
2025-04-21 16:00:00,305.12,346.78,37.66,317.23,2.62,3.26,7.6,28.61,16,4,111,3.5922106777577505
2025-04-21 17:00:00,93.0,95.55,33.97,94.35,1.85,2.5,27.4,27.91,17,4,111,2.7547627896915268
2025-04-21 18:00:00,0.0,0.0,30.8,0.0,1.12,1.51,66.7,27.05,18,4,111,1.663876724973682
2025-04-21 19:00:00,0.0,0.0,29.8,0.0,1.09,1.47,141.6,26.33,19,4,111,1.6198005203386177
2025-04-21 20:00:00,0.0,0.0,28.78,0.0,1.7,2.42,173.6,25.08,20,4,111,2.666610380421398
2025-04-21 21:00:00,0.0,0.0,27.62,0.0,2.02,2.91,177.4,24.7,21,4,111,3.206543887200937
2025-04-21 22:00:00,0.0,0.0,26.86,0.0,2.08,2.99,174.8,24.9,22,4,111,3.294696296471066
2025-04-21 23:00:00,0.0,0.0,26.48,0.0,2.1,3.02,171.4,25.27,23,4,111,3.327753449947364
2025-04-22 00:00:00,0.0,0.0,26.17,0.0,2.17,3.12,170.2,25.58,0,4,112,3.4379439615350256
2025-04-22 01:00:00,0.0,0.0,25.98,0.0,2.43,3.54,179.2,25.37,1,4,112,3.9007441102032017
2025-04-22 02:00:00,0.0,0.0,25.96,0.0,2.7,3.96,205.6,25.12,2,4,112,4.363544258871378
2025-04-22 03:00:00,0.0,0.0,25.76,0.0,2.3,3.33,229.5,26.01,3,4,112,3.6693440358691136
2025-04-22 04:00:00,0.0,0.0,25.34,0.0,1.74,2.47,177.2,26.36,4,4,112,2.7217056362152285
2025-04-22 05:00:00,14.6,1.8,25.2,14.6,2.83,4.32,166.6,25.14,5,4,112,4.760230100586958
2025-04-22 06:00:00,176.82,251.48,26.12,176.95,3.24,5.2,179.4,25.49,6,4,112,5.729906602558375
2025-04-22 07:00:00,419.17,491.89,28.44,419.42,3.64,5.06,182.4,27.08,7,4,112,5.575639886335649
2025-04-22 08:00:00,656.4,633.71,31.92,656.78,3.41,4.38,167.1,28.43,8,4,112,4.826344407539555
2025-04-22 09:00:00,852.05,714.86,36.26,852.5,3.35,4.25,159.3,29.95,9,4,112,4.683096742475596
2025-04-22 10:00:00,986.2,760.28,39.42,986.78,3.05,3.78,156.1,31.91,10,4,112,4.165201338013588
2025-04-22 11:00:00,1041.18,761.69,40.79,1041.82,2.76,3.18,146.4,34.15,11,4,112,3.504058268487622
2025-04-22 12:00:00,1029.9,774.9,41.6,1030.1,2.83,3.16,132.1,35.35,12,4,112,3.48202016617009
2025-04-22 13:00:00,940.58,730.58,41.98,941.03,3.14,3.64,124.3,35.15,13,4,112,4.010934621790863
2025-04-22 14:00:00,777.25,638.65,41.93,783.12,3.33,4.09,129.3,34.53,14,4,112,4.506791923935338
2025-04-22 15:00:00,558.97,573.95,41.44,569.38,3.4,4.2,146.0,34.35,15,4,112,4.628001486681765
2025-04-22 16:00:00,314.35,330.35,40.38,323.55,3.09,4.67,155.6,32.99,16,4,112,5.145896891143772
2025-04-22 17:00:00,94.25,81.17,36.75,97.9,3.4,5.26,159.3,30.53,17,4,112,5.796020909510972
2025-04-22 18:00:00,0.0,0.0,34.2,0.0,3.54,5.53,164.6,28.77,18,4,112,6.093535290797657
2025-04-22 19:00:00,0.0,0.0,33.16,0.0,3.55,5.65,165.6,27.69,19,4,112,6.225763904702851
2025-04-22 20:00:00,0.0,0.0,31.97,0.0,3.48,5.59,164.3,26.9,20,4,112,6.159649597750254
2025-04-22 21:00:00,0.0,0.0,30.36,0.0,3.42,5.49,163.3,26.27,21,4,112,6.049459086162593
2025-04-22 22:00:00,0.0,0.0,29.38,0.0,3.34,5.36,162.3,25.78,22,4,112,5.906211421098633
2025-04-22 23:00:00,0.0,0.0,28.77,0.0,3.22,5.07,165.5,25.46,23,4,112,5.586658937494416
2025-04-23 00:00:00,0.0,0.0,28.5,0.0,3.0,4.54,174.4,25.2,0,4,113,5.0026492260798125
2025-04-23 01:00:00,0.0,0.0,28.22,0.0,2.78,4.12,186.1,25.31,1,4,113,4.5398490774116365
2025-04-23 02:00:00,0.0,0.0,27.94,0.0,2.7,4.02,196.3,25.58,2,4,113,4.429658565823974
2025-04-23 03:00:00,0.0,0.0,27.86,0.0,2.82,4.22,200.4,25.59,3,4,113,4.650039588999297
2025-04-23 04:00:00,0.0,0.0,27.53,0.0,3.18,4.82,195.0,25.38,4,4,113,5.311182658525263
2025-04-23 05:00:00,15.7,4.33,27.1,15.8,3.39,5.19,190.9,25.37,5,4,113,5.71888755139961
2025-04-23 06:00:00,185.9,319.29,27.69,187.73,3.15,4.96,188.0,26.64,6,4,113,5.465449374747989
2025-04-23 07:00:00,432.08,559.45,29.8,435.15,3.33,4.43,174.6,28.65,7,4,113,4.881439663333385
2025-04-23 08:00:00,667.97,691.72,33.11,671.7,3.38,4.28,157.6,30.41,8,4,113,4.716153895951894
2025-04-23 09:00:00,860.67,762.6,37.19,864.2,2.68,3.29,162.5,33.19,9,4,113,3.625267831234049
2025-04-23 10:00:00,978.7,722.61,40.32,997.45,1.98,2.27,152.8,35.88,10,4,113,2.5013246130399063
2025-04-23 11:00:00,991.72,583.69,41.8,1043.78,1.91,1.96,128.8,37.15,11,4,113,2.159734027118157
2025-04-23 12:00:00,1003.0,664.71,42.64,1028.22,1.81,1.78,117.1,37.91,12,4,113,1.961391106260367
2025-04-23 13:00:00,927.38,656.94,43.05,936.42,1.7,1.69,116.7,38.49,13,4,113,1.862219645831472
2025-04-23 14:00:00,766.08,603.08,42.99,776.33,1.64,1.71,124.3,38.64,14,4,113,1.8842577481490042
2025-04-23 15:00:00,550.2,487.35,42.45,560.35,1.7,1.91,131.4,38.17,15,4,113,2.104638771324326
2025-04-23 16:00:00,307.8,335.22,41.45,315.15,1.83,2.19,129.6,37.12,16,4,113,2.4131722037697774
2025-04-23 17:00:00,92.72,73.87,39.31,94.32,1.67,2.57,112.4,34.78,17,4,113,2.831896147802889
2025-04-23 18:00:00,0.0,0.0,36.55,0.0,1.73,2.65,92.4,32.32,18,4,113,2.9200485570730184
2025-04-23 19:00:00,0.0,0.0,33.98,0.0,1.86,2.67,48.5,30.9,19,4,113,2.9420866593905504
2025-04-23 20:00:00,0.0,0.0,31.83,0.0,2.97,4.53,11.5,29.5,20,4,113,4.991630174921046
2025-04-23 21:00:00,0.0,0.0,30.34,0.0,4.02,6.49,356.7,27.64,21,4,113,7.151364202039203
2025-04-23 22:00:00,0.0,0.0,29.32,0.0,4.58,7.85,346.4,26.52,22,4,113,8.649955159631393
2025-04-23 23:00:00,0.0,0.0,28.4,0.0,5.33,8.69,333.8,25.82,23,4,113,9.575555456967747
2025-04-24 00:00:00,0.0,0.0,27.3,0.0,6.58,9.79,326.2,25.17,0,4,114,10.787651084432017
2025-04-24 01:00:00,0.0,0.0,26.05,0.0,7.56,10.5,323.8,24.64,1,4,114,11.570003716704411
2025-04-24 02:00:00,0.0,0.0,24.86,0.0,8.12,10.74,318.2,23.99,2,4,114,11.834460944514799
2025-04-24 03:00:00,0.0,0.0,23.9,0.0,8.27,10.41,314.0,23.21,3,4,114,11.470832256275518
2025-04-24 04:00:00,0.0,0.0,23.25,0.0,7.87,9.64,311.3,22.61,4,4,114,10.622365317050527
2025-04-24 05:00:00,14.75,0.94,23.06,14.95,7.76,9.22,310.2,22.25,5,4,114,10.15956516838235
2025-04-24 06:00:00,163.62,177.08,26.07,165.88,7.8,9.02,310.8,22.4,6,4,114,9.939184145207028
2025-04-24 07:00:00,385.45,374.83,29.02,388.85,7.11,8.45,316.8,23.01,7,4,114,9.31109822915736
2025-04-24 08:00:00,616.6,516.45,32.79,618.97,5.57,7.19,322.4,23.86,8,4,114,7.922697783152831
2025-04-24 09:00:00,812.75,596.9,36.73,813.4,4.55,6.25,319.1,24.84,9,4,114,6.8869069742288165
2025-04-24 10:00:00,921.88,553.34,39.64,939.28,4.56,6.26,317.4,25.64,10,4,114,6.897926025387583
2025-04-24 11:00:00,1005.88,660.6,41.48,1006.85,4.68,6.33,333.8,26.24,11,4,114,6.975059383498945
2025-04-24 12:00:00,983.55,626.05,42.61,984.78,5.33,7.19,355.1,26.51,12,4,114,7.922697783152831
2025-04-24 13:00:00,861.92,495.36,43.34,878.2,6.46,8.88,4.8,26.65,13,4,114,9.784917428984304
2025-04-24 14:00:00,565.33,141.65,43.57,706.25,7.15,10.01,3.1,27.16,14,4,114,11.030070209924872
2025-04-24 15:00:00,402.23,59.15,43.18,491.27,7.85,11.12,352.4,27.75,15,4,114,12.25318488854791
2025-04-24 16:00:00,215.35,11.72,42.22,249.88,8.1,11.53,350.5,27.22,16,4,114,12.70496598605732
2025-04-24 17:00:00,67.6,0.0,39.09,69.47,7.27,10.58,351.6,26.16,17,4,114,11.658156125974541
2025-04-24 18:00:00,0.0,0.0,35.18,0.0,6.89,10.07,344.9,25.37,18,4,114,11.09618451687747
2025-04-24 19:00:00,0.0,0.0,31.66,0.0,8.15,10.94,336.5,24.78,19,4,114,12.05484196769012
2025-04-24 20:00:00,0.0,0.0,29.74,0.0,9.51,11.75,335.3,23.9,20,4,114,12.947385111550176
2025-04-24 21:00:00,0.0,0.0,28.74,0.0,9.6,11.45,337.1,22.93,21,4,114,12.616813576787191
2025-04-24 22:00:00,0.0,0.0,27.73,0.0,9.0,10.65,341.8,22.27,22,4,114,11.735289484085904
2025-04-24 23:00:00,0.0,0.0,26.64,0.0,8.43,10.09,346.1,21.95,23,4,114,11.118222619195002
2025-04-25 00:00:00,0.0,0.0,25.65,0.0,7.63,9.23,348.7,21.7,0,4,115,10.170584219541118
2025-04-25 01:00:00,0.0,0.0,24.79,0.0,6.9,8.45,348.4,21.41,1,4,115,9.31109822915736
2025-04-25 02:00:00,0.0,0.0,24.06,0.0,6.51,8.03,345.0,21.04,2,4,115,8.848298080489183
2025-04-25 03:00:00,0.0,0.0,23.61,0.0,6.22,7.69,339.2,20.69,3,4,115,8.473650341091137
2025-04-25 04:00:00,0.0,0.0,23.28,0.0,6.22,7.63,334.3,20.39,4,4,115,8.40753603413854
2025-04-25 05:00:00,14.12,0.0,23.02,14.1,6.58,7.87,330.6,20.27,5,4,115,8.671993261948925
2025-04-25 06:00:00,138.68,39.31,23.38,144.32,7.43,8.38,334.0,21.05,6,4,115,9.233964871045998
2025-04-25 07:00:00,337.02,176.17,24.8,356.92,8.09,9.28,341.0,22.56,7,4,115,10.225679475334946
2025-04-25 08:00:00,558.92,290.9,27.32,585.92,8.44,10.1,340.8,24.05,8,4,115,11.129241670353768
2025-04-25 09:00:00,756.58,397.63,29.99,783.2,8.37,10.22,337.8,25.0,9,4,115,11.261470284258962
2025-04-25 10:00:00,899.42,438.78,32.33,920.35,7.78,9.7,332.6,25.53,10,4,115,10.688479624003122
2025-04-25 11:00:00,1008.53,605.8,34.09,1020.28,7.18,9.18,329.8,25.71,11,4,115,10.115488963747286
2025-04-25 12:00:00,1001.92,638.39,35.32,1002.0,6.79,8.79,330.9,25.75,12,4,115,9.685745968555407
2025-04-25 13:00:00,908.28,568.74,36.03,908.47,6.49,8.51,335.3,25.8,13,4,115,9.377212536109957
2025-04-25 14:00:00,745.6,492.37,36.14,746.0,6.27,8.37,340.9,25.88,14,4,115,9.222945819887231
2025-04-25 15:00:00,530.5,390.86,35.57,531.03,6.08,8.32,345.6,25.9,15,4,115,9.167850564093401
2025-04-25 16:00:00,293.42,231.33,34.26,293.88,5.99,8.33,347.9,25.7,16,4,115,9.178869615252166
2025-04-25 17:00:00,90.78,42.79,32.07,90.95,5.47,7.95,348.3,25.28,17,4,115,8.760145671219055
2025-04-25 18:00:00,0.0,0.0,28.85,0.0,4.39,7.63,347.6,24.15,18,4,115,8.40753603413854
2025-04-25 19:00:00,0.0,0.0,27.44,0.0,4.32,7.6,343.6,23.62,19,4,115,8.37447888066224
2025-04-25 20:00:00,0.0,0.0,25.95,0.0,4.4,7.65,339.1,23.25,20,4,115,8.429574136456072
2025-04-25 21:00:00,0.0,0.0,24.55,0.0,4.81,7.96,334.6,22.91,21,4,115,8.77116472237782
2025-04-25 22:00:00,0.0,0.0,23.36,0.0,5.53,8.41,331.9,22.55,22,4,115,9.267022024522296
2025-04-25 23:00:00,0.0,0.0,22.34,0.0,6.33,8.81,330.3,22.07,23,4,115,9.70778407087294
2025-04-26 00:00:00,0.0,0.0,21.43,0.0,7.12,9.19,331.0,21.55,0,4,116,10.126508014906051
2025-04-26 01:00:00,0.0,0.0,20.57,0.0,7.13,8.87,336.2,20.9,1,4,116,9.773898377825535
2025-04-26 02:00:00,0.0,0.0,19.8,0.0,6.64,8.21,338.0,20.39,2,4,116,9.046641001346975
2025-04-26 03:00:00,0.0,0.0,19.06,0.0,6.19,7.68,335.5,19.96,3,4,116,8.46263128993237
2025-04-26 04:00:00,0.0,0.0,18.39,0.0,5.88,7.29,331.9,19.53,4,4,116,8.032888294740491
2025-04-26 05:00:00,18.27,2.5,17.96,18.35,5.8,7.04,331.0,19.25,5,4,116,7.757412015771339
2025-04-26 06:00:00,191.9,258.6,19.21,193.98,6.31,7.07,334.5,19.96,6,4,116,7.790469169247638
2025-04-26 07:00:00,440.2,518.06,22.41,442.62,6.94,7.74,338.3,21.39,7,4,116,8.528745596884967
2025-04-26 08:00:00,680.45,662.87,25.75,681.3,7.56,8.72,340.2,23.03,8,4,116,9.608612610444046
2025-04-26 09:00:00,877.2,748.65,28.03,877.7,7.88,9.21,338.5,23.87,9,4,116,10.148546117223585
2025-04-26 10:00:00,1010.7,788.7,30.06,1010.97,7.97,9.4,335.3,24.31,10,4,116,10.35790808924014
2025-04-26 11:00:00,1075.85,875.46,31.78,1075.97,7.9,9.36,333.4,24.55,11,4,116,10.313831884605076
2025-04-26 12:00:00,1058.68,857.67,33.01,1058.68,7.54,9.07,333.1,24.7,12,4,116,9.99427940100086
2025-04-26 13:00:00,963.72,777.14,33.73,966.03,7.11,8.81,333.6,24.91,13,4,116,9.70778407087294
2025-04-26 14:00:00,801.08,696.09,33.87,805.78,6.91,8.82,335.0,25.09,14,4,116,9.718803122031707
2025-04-26 15:00:00,583.3,586.52,33.43,589.97,6.99,9.12,336.7,25.15,15,4,116,10.049374656794688
2025-04-26 16:00:00,335.17,410.85,32.31,341.83,7.07,9.38,339.2,25.06,16,4,116,10.335869986922608
2025-04-26 17:00:00,107.88,123.43,30.12,110.18,6.64,9.09,342.1,24.67,17,4,116,10.01631750331839
2025-04-26 18:00:00,0.0,0.0,26.61,0.0,5.56,8.58,343.4,23.87,18,4,116,9.45434589422132
2025-04-26 19:00:00,0.0,0.0,25.52,0.0,5.1,8.25,345.2,23.16,19,4,116,9.090717205982038
2025-04-26 20:00:00,0.0,0.0,24.42,0.0,4.82,7.78,348.3,22.92,20,4,116,8.572821801520032
2025-04-26 21:00:00,0.0,0.0,23.29,0.0,4.47,7.15,351.1,22.79,21,4,116,7.878621578517767
2025-04-26 22:00:00,0.0,0.0,22.26,0.0,4.32,6.7,354.1,22.48,22,4,116,7.382764276373291
2025-04-26 23:00:00,0.0,0.0,21.4,0.0,4.5,6.63,353.8,22.13,23,4,116,7.305630918261929
2025-04-27 00:00:00,0.0,0.0,20.61,0.0,4.95,6.75,347.9,21.84,0,4,117,7.437859532167122
2025-04-27 01:00:00,0.0,0.0,20.17,0.0,5.53,7.07,342.5,21.39,1,4,117,7.790469169247638
2025-04-27 02:00:00,0.0,0.0,19.72,0.0,5.9,7.28,339.9,20.83,2,4,117,8.021869243581726
2025-04-27 03:00:00,0.0,0.0,18.81,0.0,6.14,7.5,335.6,20.37,3,4,117,8.26428836907458
2025-04-27 04:00:00,0.0,0.0,18.25,0.0,6.39,7.84,333.0,19.86,4,4,117,8.638936108472627
2025-04-27 05:00:00,18.77,2.78,18.5,18.98,6.56,7.82,332.0,19.55,5,4,117,8.616898006155095
2025-04-27 06:00:00,179.62,175.89,19.42,193.4,6.79,7.55,331.2,20.17,6,4,117,8.31938362486841
2025-04-27 07:00:00,397.62,312.43,21.27,438.35,6.87,7.59,331.7,21.59,7,4,117,8.363459829503475
2025-04-27 08:00:00,603.58,373.97,25.45,672.33,7.27,8.28,329.5,23.08,8,4,117,9.123774359458336
2025-04-27 09:00:00,804.22,466.89,28.45,866.03,7.73,9.04,324.5,23.81,9,4,117,9.96122224752456
2025-04-27 10:00:00,953.22,564.34,30.18,997.8,7.67,9.2,319.9,24.45,10,4,117,10.137527066064818
2025-04-27 11:00:00,1023.72,607.9,31.23,1064.1,6.93,8.78,319.5,25.15,11,4,117,9.67472691739664
2025-04-27 12:00:00,993.25,584.86,32.19,1047.55,6.29,8.37,322.1,25.53,12,4,117,9.222945819887231
2025-04-27 13:00:00,824.7,367.43,32.99,956.22,6.09,8.24,327.1,25.64,13,4,117,9.079698154823273
2025-04-27 14:00:00,583.8,101.98,33.33,794.03,6.08,8.25,333.4,25.55,14,4,117,9.090717205982038
2025-04-27 15:00:00,387.95,35.45,32.92,580.2,6.05,8.21,338.7,25.39,15,4,117,9.046641001346975
2025-04-27 16:00:00,214.9,25.85,32.23,333.67,5.89,8.11,341.7,25.21,16,4,117,8.936450489759311
2025-04-27 17:00:00,76.35,7.94,30.44,105.5,5.27,7.72,342.1,25.1,17,4,117,8.506707494567435
2025-04-27 18:00:00,0.0,0.0,27.15,0.0,4.47,7.91,340.0,24.06,18,4,117,8.71606946658399
2025-04-27 19:00:00,0.0,0.0,25.65,0.0,5.05,8.85,337.8,23.74,19,4,117,9.751860275508005
2025-04-27 20:00:00,0.0,0.0,24.81,0.0,5.68,9.4,336.8,23.48,20,4,117,10.35790808924014
2025-04-27 21:00:00,0.0,0.0,24.16,0.0,6.26,9.49,336.9,23.06,21,4,117,10.457079549669036
2025-04-27 22:00:00,0.0,0.0,23.45,0.0,6.57,9.2,337.2,22.44,22,4,117,10.137527066064818
2025-04-27 23:00:00,0.0,0.0,22.63,0.0,7.18,9.23,338.0,21.71,23,4,117,10.170584219541118
2025-04-28 00:00:00,0.0,0.0,21.97,0.0,7.55,9.29,339.8,20.88,0,4,118,10.236698526493711
2025-04-28 01:00:00,0.0,0.0,21.26,0.0,7.39,8.94,338.3,20.17,1,4,118,9.851031735936898
2025-04-28 02:00:00,0.0,0.0,20.54,0.0,7.08,8.5,333.2,19.51,2,4,118,9.366193484951191
2025-04-28 03:00:00,0.0,0.0,19.8,0.0,7.0,8.35,328.9,18.96,3,4,118,9.200907717569699
2025-04-28 04:00:00,0.0,0.0,19.08,0.0,6.74,8.03,326.9,18.55,4,4,118,8.848298080489183
2025-04-28 05:00:00,19.02,2.79,18.59,19.65,6.44,7.62,325.7,18.41,5,4,118,8.396516982979774
2025-04-28 06:00:00,186.9,244.07,20.14,193.35,6.61,7.3,325.7,19.37,6,4,118,8.043907345899258
2025-04-28 07:00:00,430.15,490.39,23.31,441.58,6.97,7.68,327.2,20.92,7,4,118,8.46263128993237
2025-04-28 08:00:00,667.88,658.71,27.28,680.58,7.48,8.38,330.0,22.73,8,4,118,9.233964871045998
2025-04-28 09:00:00,865.3,744.15,29.55,876.05,7.76,8.91,329.5,23.79,9,4,118,9.817974582460602
2025-04-28 10:00:00,1001.15,789.53,31.45,1009.12,7.8,9.22,328.8,24.48,10,4,118,10.15956516838235
2025-04-28 11:00:00,1067.18,834.4,33.04,1072.1,7.72,9.48,330.8,25.11,11,4,118,10.446060498510269
2025-04-28 12:00:00,1052.97,876.89,34.23,1055.3,7.66,9.75,335.6,25.65,12,4,118,10.743574879796954
2025-04-28 13:00:00,964.65,822.17,34.9,964.75,7.79,10.22,340.1,26.09,13,4,118,11.261470284258962
2025-04-28 14:00:00,806.25,761.59,35.05,806.72,7.99,10.73,342.9,26.49,14,4,118,11.823441893356033
2025-04-28 15:00:00,592.53,674.55,34.61,593.47,8.24,11.24,343.8,26.71,15,4,118,12.385413502453105
2025-04-28 16:00:00,347.15,508.66,33.58,348.3,8.32,11.44,343.5,26.59,16,4,118,12.605794525628426
2025-04-28 17:00:00,116.4,213.94,31.6,117.0,7.57,10.72,343.4,25.96,17,4,118,11.812422842197266
2025-04-28 18:00:00,0.0,0.0,27.87,0.0,6.24,9.99,341.8,24.87,18,4,118,11.00803210760734
2025-04-28 19:00:00,0.0,0.0,26.66,0.0,5.86,9.63,340.8,24.27,19,4,118,10.611346265891761
2025-04-28 20:00:00,0.0,0.0,25.88,0.0,5.39,8.93,342.4,23.71,20,4,118,9.840012684778133
2025-04-28 21:00:00,0.0,0.0,24.88,0.0,4.91,8.16,345.8,23.16,21,4,118,8.991545745553143
2025-04-28 22:00:00,0.0,0.0,23.86,0.0,4.77,7.65,345.1,22.69,22,4,118,8.429574136456072
2025-04-28 23:00:00,0.0,0.0,22.99,0.0,5.23,7.73,341.7,22.25,23,4,118,8.517726545726202
2025-04-29 00:00:00,0.0,0.0,22.19,0.0,6.05,8.12,336.8,21.69,0,4,119,8.947469540918078
2025-04-29 01:00:00,0.0,0.0,21.45,0.0,6.67,8.36,332.4,21.05,1,4,119,9.211926768728464
2025-04-29 02:00:00,0.0,0.0,20.74,0.0,6.58,8.09,329.7,20.54,2,4,119,8.91441238744178
2025-04-29 03:00:00,0.0,0.0,19.99,0.0,6.19,7.56,324.4,20.17,3,4,119,8.330402676027177
2025-04-29 04:00:00,0.0,0.0,19.23,0.0,6.26,7.56,316.4,19.89,4,4,119,8.330402676027177
2025-04-29 05:00:00,21.17,9.53,18.83,21.7,6.99,8.22,310.9,19.8,5,4,119,9.05766005250574
2025-04-29 06:00:00,198.57,310.84,21.59,203.1,7.78,8.63,309.0,20.67,6,4,119,9.509441150015151
2025-04-29 07:00:00,441.12,547.05,24.57,449.55,7.86,8.75,315.8,22.13,7,4,119,9.641669763920344
2025-04-29 08:00:00,674.33,691.35,28.09,684.0,7.33,8.56,323.6,23.61,8,4,119,9.432307791903789
2025-04-29 09:00:00,866.12,771.25,31.7,874.78,6.62,8.24,327.4,24.84,9,4,119,9.079698154823273
2025-04-29 10:00:00,997.9,806.93,33.93,1004.53,6.0,7.95,326.7,26.02,10,4,119,8.760145671219055
2025-04-29 11:00:00,1054.65,822.98,35.58,1058.93,5.77,7.8,322.5,26.98,11,4,119,8.594859903837563
2025-04-29 12:00:00,1039.82,814.43,36.75,1041.95,5.88,8.01,317.9,27.55,12,4,119,8.82625997817165
2025-04-29 13:00:00,950.47,763.56,37.41,950.55,6.01,8.24,318.3,27.82,13,4,119,9.079698154823273
2025-04-29 14:00:00,790.62,695.98,37.53,791.55,6.1,8.42,321.3,27.9,14,4,119,9.278041075681061
2025-04-29 15:00:00,576.53,593.26,37.23,578.12,6.13,8.56,323.8,27.68,15,4,119,9.432307791903789
2025-04-29 16:00:00,332.5,417.46,36.43,334.12,6.05,8.55,324.8,27.18,16,4,119,9.421288740745021
2025-04-29 17:00:00,109.8,140.77,33.39,110.45,5.73,8.39,324.0,26.36,17,4,119,9.244983922204764
2025-04-29 18:00:00,0.0,0.0,29.77,0.0,5.18,8.77,324.0,25.16,18,4,119,9.663707866237875
2025-04-29 19:00:00,0.0,0.0,28.44,0.0,5.26,8.96,327.8,24.69,19,4,119,9.873069838254432
2025-04-29 20:00:00,0.0,0.0,27.17,0.0,4.86,8.29,332.9,24.35,20,4,119,9.134793410617101
2025-04-29 21:00:00,0.0,0.0,25.68,0.0,3.99,6.87,338.0,23.95,21,4,119,7.570088146072315
2025-04-29 22:00:00,0.0,0.0,24.31,0.0,3.12,5.42,336.4,23.48,22,4,119,5.97232572805123
2025-04-29 23:00:00,0.0,0.0,23.51,0.0,2.49,4.28,332.9,23.02,23,4,119,4.716153895951894
2025-04-30 00:00:00,0.0,0.0,23.65,0.0,1.98,3.35,319.1,22.82,0,4,120,3.6913821381866456
2025-04-30 01:00:00,0.0,0.0,23.97,0.0,1.79,2.87,296.5,23.05,1,4,120,3.1624676825658726
2025-04-30 02:00:00,0.0,0.0,23.91,0.0,1.71,2.66,273.7,23.02,2,4,120,2.9310676082317846
2025-04-30 03:00:00,0.0,0.0,23.65,0.0,1.65,2.58,250.1,22.56,3,4,120,2.8429151989616557
2025-04-30 04:00:00,0.0,0.0,23.26,0.0,1.64,2.49,221.3,22.37,4,4,120,2.743743738532761
2025-04-30 05:00:00,20.8,1.54,22.93,20.8,1.98,3.05,180.6,22.45,5,4,120,3.3608106034236624
2025-04-30 06:00:00,182.65,181.49,24.01,182.77,3.02,4.66,161.9,23.58,6,4,120,5.1348778399850055
2025-04-30 07:00:00,413.17,376.51,26.64,413.45,4.58,6.51,154.9,24.92,7,4,120,7.173402304356735
2025-04-30 08:00:00,645.38,526.31,30.36,645.8,6.21,8.95,157.0,26.61,8,4,120,9.862050787095665
2025-04-30 09:00:00,839.1,608.88,34.05,839.72,7.17,10.36,162.1,28.48,9,4,120,11.415737000481686
2025-04-30 10:00:00,972.15,667.4,36.72,972.92,7.25,10.33,164.3,30.28,10,4,120,11.382679847005388
2025-04-30 11:00:00,1041.8,786.29,38.03,1042.7,6.75,9.36,173.3,31.85,11,4,120,10.313831884605076
2025-04-30 12:00:00,1027.32,762.58,39.03,1027.65,6.37,8.87,195.4,32.73,12,4,120,9.773898377825535
2025-04-30 13:00:00,938.8,706.37,39.56,939.2,6.71,9.45,218.4,32.69,13,4,120,10.41300334503397
2025-04-30 14:00:00,749.33,558.02,39.54,778.75,6.64,9.27,228.5,32.1,14,4,120,10.21466042417618
2025-04-30 15:00:00,540.9,479.77,39.0,564.72,5.23,7.06,224.5,31.73,15,4,120,7.779450118088871
2025-04-30 16:00:00,298.67,296.64,37.82,321.33,4.41,5.87,238.0,31.57,16,4,120,6.468183030195704
2025-04-30 17:00:00,97.53,67.21,35.26,104.1,5.13,7.89,271.0,29.87,17,4,120,8.694031364266458
2025-04-30 18:00:00,0.0,0.0,31.92,0.0,7.7,11.9,289.9,28.11,18,4,120,13.112670878931667
2025-04-30 19:00:00,0.0,0.0,30.49,0.0,8.86,12.77,302.0,26.51,19,4,120,14.071328329744318
2025-04-30 20:00:00,0.0,0.0,28.75,0.0,7.73,11.12,319.4,25.22,20,4,120,12.25318488854791
2025-04-30 21:00:00,0.0,0.0,27.14,0.0,8.03,10.77,336.2,24.25,21,4,120,11.867518097991097
2025-04-30 22:00:00,0.0,0.0,25.76,0.0,9.09,11.06,341.6,22.95,22,4,120,12.187070581595314
2025-04-30 23:00:00,0.0,0.0,24.57,0.0,9.79,11.57,342.6,21.85,23,4,120,12.749042190692386
2025-05-01 00:00:00,0.0,0.0,23.41,0.0,9.67,11.31,346.3,21.28,0,5,121,12.462546860564467
2025-05-01 01:00:00,0.0,0.0,22.31,0.0,9.14,10.64,352.2,20.93,1,5,121,11.724270432927138
2025-05-01 02:00:00,0.0,0.0,21.38,0.0,8.37,9.82,354.5,20.79,2,5,121,10.820708237908317
2025-05-01 03:00:00,0.0,0.0,20.65,0.0,7.42,8.91,355.5,20.58,3,5,121,9.817974582460602
2025-05-01 04:00:00,0.0,0.0,20.01,0.0,6.57,8.07,354.9,20.3,4,5,121,8.892374285124248
2025-05-01 05:00:00,16.33,0.0,19.52,16.38,6.01,7.34,353.9,20.18,5,5,121,8.087983550534322
2025-05-01 06:00:00,130.05,6.63,20.57,130.98,6.54,7.42,352.9,20.87,6,5,121,8.176135959804451
2025-05-01 07:00:00,302.35,55.66,22.84,306.48,6.96,7.84,348.4,21.96,7,5,121,8.638936108472627
2025-05-01 08:00:00,507.5,122.42,25.25,515.2,7.07,8.23,342.5,23.05,8,5,121,9.068679103664506
2025-05-01 09:00:00,692.05,177.42,27.54,702.78,6.86,8.23,336.0,23.93,9,5,121,9.068679103664506
2025-05-01 10:00:00,823.3,215.94,29.66,835.97,6.4,7.94,331.4,24.46,10,5,121,8.74912662006029
2025-05-01 11:00:00,985.67,480.42,31.25,1001.7,5.69,7.34,332.3,24.82,11,5,121,8.087983550534322
2025-05-01 12:00:00,968.03,492.18,32.33,983.85,5.03,6.65,339.2,25.07,12,5,121,7.327669020579461
2025-05-01 13:00:00,884.25,433.26,32.91,891.1,4.81,6.34,350.7,25.21,13,5,121,6.986078434657712
2025-05-01 14:00:00,720.78,380.44,32.95,728.72,4.88,6.41,0.0,25.23,14,5,121,7.063211792769074
2025-05-01 15:00:00,507.35,287.33,32.51,515.38,4.82,6.39,3.6,25.18,15,5,121,7.041173690451542
2025-05-01 16:00:00,277.15,145.98,31.52,282.6,4.45,6.04,359.3,25.08,16,5,121,6.655506899894728
2025-05-01 17:00:00,91.25,20.03,29.68,92.97,3.97,5.62,354.4,24.84,17,5,121,6.192706751226552
2025-05-01 18:00:00,0.0,0.0,26.52,0.0,3.19,5.34,353.0,23.72,18,5,121,5.884173318781101
2025-05-01 19:00:00,0.0,0.0,25.35,0.0,3.13,5.14,347.0,23.21,19,5,121,5.663792295605778
2025-05-01 20:00:00,0.0,0.0,24.22,0.0,3.12,5.19,336.0,22.81,20,5,121,5.71888755139961
2025-05-01 21:00:00,0.0,0.0,23.03,0.0,3.28,5.54,324.5,22.39,21,5,121,6.104554341956423
2025-05-01 22:00:00,0.0,0.0,21.93,0.0,3.83,6.12,315.6,22.02,22,5,121,6.743659309164857
2025-05-01 23:00:00,0.0,0.0,20.83,0.0,4.83,6.83,310.2,21.6,23,5,121,7.526011941437251
2025-05-02 00:00:00,0.0,0.0,19.97,0.0,5.42,7.23,311.0,21.04,0,5,122,7.966773987787896
2025-05-02 01:00:00,0.0,0.0,19.23,0.0,5.5,7.25,315.8,20.49,1,5,122,7.988812090105427
2025-05-02 02:00:00,0.0,0.0,18.6,0.0,5.37,7.02,321.6,20.08,2,5,122,7.735373913453806
2025-05-02 03:00:00,0.0,0.0,17.99,0.0,5.01,6.52,326.9,19.76,3,5,122,7.184421355515501
2025-05-02 04:00:00,0.0,0.0,17.4,0.0,4.57,5.88,329.9,19.48,4,5,122,6.479202081354471
2025-05-02 05:00:00,23.77,12.26,17.01,24.05,4.21,5.4,330.3,19.47,5,5,122,5.950287625733698
2025-05-02 06:00:00,208.55,340.51,18.21,214.35,4.41,4.91,329.5,20.67,6,5,122,5.410354118954158
2025-05-02 07:00:00,452.1,568.79,21.35,461.52,4.37,4.73,326.4,21.78,7,5,122,5.212011198096369
2025-05-02 08:00:00,685.42,695.0,24.42,694.78,4.17,4.54,324.4,22.9,8,5,122,5.0026492260798125
2025-05-02 09:00:00,876.85,779.21,26.39,884.62,3.53,4.21,327.5,23.68,9,5,122,4.639020537840531
2025-05-02 10:00:00,1007.92,824.62,28.15,1013.28,2.98,3.93,334.7,24.16,10,5,122,4.33048710539508
2025-05-02 11:00:00,1063.65,834.62,29.55,1066.43,2.87,3.75,346.9,24.62,11,5,122,4.13214418453729
2025-05-02 12:00:00,1050.35,835.04,30.54,1050.43,2.91,3.66,357.7,25.02,12,5,122,4.0329727241083955
2025-05-02 13:00:00,957.35,752.51,30.99,960.58,2.9,3.55,1.1,25.4,13,5,122,3.9117631613619674
2025-05-02 14:00:00,795.92,678.63,30.87,802.33,2.78,3.37,0.3,25.77,14,5,122,3.713420240504178
2025-05-02 15:00:00,579.67,566.63,30.17,588.75,2.54,3.08,355.2,26.09,15,5,122,3.393867756899961
2025-05-02 16:00:00,333.0,384.71,28.88,342.08,2.2,2.72,344.4,26.24,16,5,122,2.997181915184381
2025-05-02 17:00:00,113.6,111.45,27.01,116.07,1.94,2.57,330.9,26.06,17,5,122,2.831896147802889
2025-05-02 18:00:00,0.0,0.0,23.42,0.0,1.88,2.76,318.7,24.8,18,5,122,3.041258119819445
2025-05-02 19:00:00,0.0,0.0,22.01,0.0,2.32,3.53,301.4,23.86,19,5,122,3.8897250590444354
2025-05-02 20:00:00,0.0,0.0,21.09,0.0,2.96,4.89,291.6,23.13,20,5,122,5.388316016636626
2025-05-02 21:00:00,0.0,0.0,20.34,0.0,3.84,6.43,289.0,22.66,21,5,122,7.085249895086606
2025-05-02 22:00:00,0.0,0.0,19.69,0.0,5.26,7.6,290.4,22.17,22,5,122,8.37447888066224
2025-05-02 23:00:00,0.0,0.0,18.95,0.0,5.75,7.65,292.6,21.43,23,5,122,8.429574136456072
2025-05-03 00:00:00,0.0,0.0,18.15,0.0,5.37,7.04,293.8,20.81,0,5,123,7.757412015771339
2025-05-03 01:00:00,0.0,0.0,17.43,0.0,4.77,6.16,294.7,20.29,1,5,123,6.787735513799922
2025-05-03 02:00:00,0.0,0.0,16.77,0.0,4.25,5.39,299.2,19.87,2,5,123,5.939268574574931
2025-05-03 03:00:00,0.0,0.0,16.16,0.0,3.77,4.69,306.2,19.61,3,5,123,5.167934993461304
2025-05-03 04:00:00,0.0,0.0,15.54,0.0,3.21,3.9,308.1,19.45,4,5,123,4.297429951918781
2025-05-03 05:00:00,22.98,1.09,15.27,23.4,2.86,3.46,304.1,19.51,5,5,123,3.8125917009330728
2025-05-03 06:00:00,190.0,154.02,17.12,194.38,3.04,3.33,296.4,20.81,6,5,123,3.6693440358691136
2025-05-03 07:00:00,423.58,369.54,20.62,433.0,2.94,3.07,297.2,22.17,7,5,123,3.3828487057411945
2025-05-03 08:00:00,659.55,513.62,24.44,670.35,2.19,2.48,294.8,23.63,8,5,123,2.7327246873739943
2025-05-03 09:00:00,854.88,585.32,26.3,864.9,1.42,1.83,301.6,24.4,9,5,123,2.0164863620541977
2025-05-03 10:00:00,990.08,623.39,27.84,997.85,1.29,1.52,327.9,25.1,10,5,123,1.6748957761324483
2025-05-03 11:00:00,1059.28,713.55,29.02,1064.38,1.77,1.98,3.2,25.58,11,5,123,2.181772129435689
2025-05-03 12:00:00,1041.4,677.93,29.89,1044.35,2.5,2.89,17.1,25.89,12,5,123,3.184505784883405
2025-05-03 13:00:00,948.33,632.64,30.36,948.88,3.12,3.76,18.3,26.03,13,5,123,4.143163235696056
2025-05-03 14:00:00,780.5,551.41,30.28,781.33,3.6,4.56,15.5,26.03,14,5,123,5.024687328397344
2025-05-03 15:00:00,556.97,416.54,29.69,558.05,3.89,5.12,10.2,25.88,15,5,123,5.6417541932882465
2025-05-03 16:00:00,308.8,231.46,28.57,309.73,4.01,5.43,0.9,25.64,16,5,123,5.983344779209996
2025-05-03 17:00:00,103.05,40.44,26.9,103.35,4.15,5.86,347.6,25.27,17,5,123,6.457163979036939
2025-05-03 18:00:00,0.0,0.0,24.07,0.0,3.98,6.88,335.5,24.36,18,5,123,7.5811071972310815
2025-05-03 19:00:00,0.0,0.0,22.78,0.0,5.05,8.3,324.5,23.93,19,5,123,9.145812461775868
2025-05-03 20:00:00,0.0,0.0,21.96,0.0,6.44,9.15,318.1,23.58,20,5,123,10.082431810270988
2025-05-03 21:00:00,0.0,0.0,21.15,0.0,7.06,9.21,317.2,22.92,21,5,123,10.148546117223585
2025-05-03 22:00:00,0.0,0.0,20.37,0.0,6.95,8.72,321.2,22.23,22,5,123,9.608612610444046
2025-05-03 23:00:00,0.0,0.0,19.64,0.0,6.46,8.09,328.8,21.57,23,5,123,8.91441238744178
2025-05-04 00:00:00,0.0,0.0,18.93,0.0,6.13,7.72,339.4,21.01,0,5,124,8.506707494567435
2025-05-04 01:00:00,0.0,0.0,18.24,0.0,5.74,7.31,350.4,20.54,1,5,124,8.054926397058024
2025-05-04 02:00:00,0.0,0.0,17.56,0.0,5.29,6.86,354.9,20.17,2,5,124,7.55906909491355
2025-05-04 03:00:00,0.0,0.0,16.9,0.0,4.83,6.3,354.4,19.83,3,5,124,6.942002230022647
2025-05-04 04:00:00,0.0,0.0,16.27,0.0,4.5,5.86,351.9,19.54,4,5,124,6.457163979036939
2025-05-04 05:00:00,21.83,0.36,15.87,22.3,4.37,5.55,347.5,19.56,5,5,124,6.115573393115189
2025-05-04 06:00:00,174.52,96.59,17.27,179.05,5.02,5.55,341.3,20.4,6,5,124,6.115573393115189
2025-05-04 07:00:00,401.08,290.4,20.82,411.02,5.22,5.61,333.7,21.16,7,5,124,6.181687700067786
2025-05-04 08:00:00,635.28,437.86,23.39,647.12,5.28,5.62,327.3,21.74,8,5,124,6.192706751226552
2025-05-04 09:00:00,834.4,520.51,25.1,844.65,5.28,5.6,326.3,22.18,9,5,124,6.170668648909019
2025-05-04 10:00:00,971.42,570.07,26.62,978.45,5.16,5.49,328.6,22.62,10,5,124,6.049459086162593
2025-05-04 11:00:00,1058.47,829.02,27.95,1058.93,5.24,5.59,333.0,22.99,11,5,124,6.159649597750254
2025-05-04 12:00:00,1038.1,750.98,28.97,1038.47,5.46,5.92,338.4,23.44,12,5,124,6.523278285989535
2025-05-04 13:00:00,940.78,652.79,29.61,941.05,5.61,6.31,343.3,23.83,13,5,124,6.953021281181413
2025-05-04 14:00:00,773.53,548.98,29.74,773.78,5.71,6.8,346.5,24.08,14,5,124,7.492954787960953
2025-05-04 15:00:00,550.9,408.55,29.4,551.12,5.95,7.33,347.7,24.16,15,5,124,8.076964499375556
2025-05-04 16:00:00,305.95,225.6,28.54,306.05,6.07,7.65,348.4,24.07,16,5,124,8.429574136456072
2025-05-04 17:00:00,101.55,39.74,27.09,101.57,5.96,7.66,348.4,23.79,17,5,124,8.440593187614837
2025-05-04 18:00:00,0.0,0.0,24.04,0.0,5.07,7.15,351.1,23.15,18,5,124,7.878621578517767
2025-05-04 19:00:00,0.0,0.0,22.8,0.0,4.63,6.83,353.3,22.65,19,5,124,7.526011941437251
2025-05-04 20:00:00,0.0,0.0,22.03,0.0,4.44,6.46,353.9,22.26,20,5,124,7.1183070485629045
2025-05-04 21:00:00,0.0,0.0,21.24,0.0,4.39,6.14,352.2,21.88,21,5,124,6.765697411482389
2025-05-04 22:00:00,0.0,0.0,20.41,0.0,4.57,6.16,349.1,21.49,22,5,124,6.787735513799922
2025-05-04 23:00:00,0.0,0.0,19.56,0.0,4.83,6.39,347.6,21.07,23,5,124,7.041173690451542
2025-05-05 00:00:00,0.0,0.0,18.77,0.0,5.02,6.6,348.3,20.67,0,5,125,7.27257376478563
2025-05-05 01:00:00,0.0,0.0,18.05,0.0,4.98,6.49,350.4,20.25,1,5,125,7.151364202039203
2025-05-05 02:00:00,0.0,0.0,17.4,0.0,4.88,6.39,349.8,19.83,2,5,125,7.041173690451542
2025-05-05 03:00:00,0.0,0.0,16.82,0.0,4.92,6.45,347.8,19.48,3,5,125,7.107287997404139
2025-05-05 04:00:00,0.0,0.0,16.29,0.0,4.78,6.22,345.0,19.24,4,5,125,6.853849820752518
2025-05-05 05:00:00,23.45,2.27,16.19,23.98,4.53,5.84,343.6,19.34,5,5,125,6.435125876719406
2025-05-05 06:00:00,193.88,220.69,18.08,199.1,4.84,5.4,345.4,20.46,6,5,125,5.950287625733698
2025-05-05 07:00:00,433.92,478.97,21.73,443.88,4.66,5.05,342.2,21.31,7,5,125,5.564620835176884
2025-05-05 08:00:00,668.25,653.2,24.88,679.92,4.54,4.87,338.7,22.23,8,5,125,5.366277914319094
2025-05-05 09:00:00,861.7,745.98,26.58,872.45,4.44,4.74,337.2,23.12,9,5,125,5.223030249255134
2025-05-05 10:00:00,995.0,804.58,28.07,1003.0,4.42,4.76,335.8,23.83,10,5,125,5.245068351572667
2025-05-05 11:00:00,1044.22,792.75,29.32,1049.47,4.39,4.85,334.5,24.27,11,5,125,5.344239812001561
2025-05-05 12:00:00,1031.15,791.81,30.33,1034.38,4.27,4.93,335.3,24.5,12,5,125,5.43239222127169
2025-05-05 13:00:00,944.55,753.2,31.09,945.4,4.1,4.94,340.7,24.62,13,5,125,5.443411272430457
2025-05-05 14:00:00,789.5,697.71,31.47,790.8,4.1,5.08,347.9,24.63,14,5,125,5.5976779886531824
2025-05-05 15:00:00,580.15,612.45,31.36,581.65,4.36,5.44,353.6,24.58,15,5,125,5.994363830368762
2025-05-05 16:00:00,341.12,447.77,30.68,342.38,4.52,5.63,358.9,24.39,16,5,125,6.203725802385318
2025-05-05 17:00:00,122.05,201.34,29.1,122.53,4.1,5.3,3.0,24.12,17,5,125,5.840097114146037
2025-05-05 18:00:00,0.0,0.0,25.16,0.0,2.96,4.65,5.1,23.19,18,5,125,5.12385878882624
2025-05-05 19:00:00,0.0,0.0,23.92,0.0,2.87,4.61,0.0,22.78,19,5,125,5.079782584191175
2025-05-05 20:00:00,0.0,0.0,23.26,0.0,3.04,4.95,353.6,22.71,20,5,125,5.454430323589223
2025-05-05 21:00:00,0.0,0.0,22.67,0.0,3.21,5.28,352.2,22.58,21,5,125,5.818059011828504
2025-05-05 22:00:00,0.0,0.0,21.95,0.0,3.07,5.03,359.7,22.38,22,5,125,5.542582732859352
2025-05-05 23:00:00,0.0,0.0,21.11,0.0,2.91,4.69,3.3,22.15,23,5,125,5.167934993461304
2025-05-06 00:00:00,0.0,0.0,20.17,0.0,3.06,4.66,358.3,21.89,0,5,126,5.1348778399850055
2025-05-06 01:00:00,0.0,0.0,19.16,0.0,3.52,4.9,352.1,21.62,1,5,126,5.399335067795393
2025-05-06 02:00:00,0.0,0.0,18.35,0.0,3.73,4.92,349.0,21.37,2,5,126,5.421373170112925
2025-05-06 03:00:00,0.0,0.0,17.71,0.0,3.73,4.79,344.6,21.11,3,5,126,5.2781255050489655
2025-05-06 04:00:00,0.0,0.0,17.06,0.0,3.39,4.23,340.1,20.85,4,5,126,4.661058640158063
2025-05-06 05:00:00,29.98,59.49,16.86,30.42,2.79,3.46,337.4,20.88,5,5,126,3.8125917009330728
2025-05-06 06:00:00,226.98,466.4,19.15,232.18,2.61,2.97,327.9,21.99,6,5,126,3.272658194153534
2025-05-06 07:00:00,470.12,662.08,22.16,476.33,2.76,3.08,332.4,23.19,7,5,126,3.393867756899961
2025-05-06 08:00:00,698.72,783.41,26.15,703.62,2.78,3.74,345.8,24.88,8,5,126,4.121125133378524
2025-05-06 09:00:00,885.4,849.45,28.85,888.67,3.18,4.3,346.4,25.97,9,5,126,4.738191998269426
2025-05-06 10:00:00,1013.2,869.48,30.66,1014.88,3.5,4.68,342.3,26.64,10,5,126,5.156915942302538
2025-05-06 11:00:00,1058.93,898.7,32.02,1059.78,3.87,5.17,333.7,27.08,11,5,126,5.696849449082077
2025-05-06 12:00:00,1042.95,893.09,33.1,1043.03,4.24,5.73,328.1,27.27,12,5,126,6.31391631397298
2025-05-06 13:00:00,952.4,832.81,33.77,953.12,4.48,6.11,325.6,27.38,13,5,126,6.732640258006091
2025-05-06 14:00:00,795.53,774.34,34.0,797.38,4.68,6.44,324.7,27.39,14,5,126,7.096268946245373
2025-05-06 15:00:00,586.12,684.11,33.76,588.95,4.89,6.83,324.1,27.22,15,5,126,7.526011941437251
2025-05-06 16:00:00,346.23,511.95,32.99,349.15,5.13,7.33,321.7,26.75,16,5,126,8.076964499375556
2025-05-06 17:00:00,116.68,234.73,30.74,117.85,5.06,7.7,319.1,26.25,17,5,126,8.484669392249902
2025-05-06 18:00:00,3.55,0.87,26.39,3.58,4.82,8.33,319.4,25.47,18,5,126,9.178869615252166
2025-05-06 19:00:00,0.0,0.0,25.02,0.0,5.09,8.8,325.3,24.91,19,5,126,9.696765019714174
2025-05-06 20:00:00,0.0,0.0,24.13,0.0,5.19,8.77,334.0,24.38,20,5,126,9.663707866237875
2025-05-06 21:00:00,0.0,0.0,23.28,0.0,5.24,8.55,343.9,23.87,21,5,126,9.421288740745021
2025-05-06 22:00:00,0.0,0.0,22.47,0.0,4.99,7.97,354.1,23.38,22,5,126,8.782183773536588
2025-05-06 23:00:00,0.0,0.0,21.63,0.0,4.7,7.19,359.0,22.86,23,5,126,7.922697783152831
2025-05-07 00:00:00,0.0,0.0,20.67,0.0,4.55,6.5,355.9,22.39,0,5,127,7.162383253197969
2025-05-07 01:00:00,0.0,0.0,19.64,0.0,4.62,6.25,346.8,21.95,1,5,127,6.8869069742288165
2025-05-07 02:00:00,0.0,0.0,18.68,0.0,4.88,6.46,335.7,21.52,2,5,127,7.1183070485629045
2025-05-07 03:00:00,0.0,0.0,17.82,0.0,5.32,6.91,327.4,21.18,3,5,127,7.61416435070738
2025-05-07 04:00:00,0.0,0.0,17.08,0.0,5.7,7.2,323.9,20.89,4,5,127,7.933716834311597
2025-05-07 05:00:00,29.9,46.89,16.89,30.35,5.98,7.23,322.9,20.95,5,5,127,7.966773987787896
2025-05-07 06:00:00,227.68,429.33,20.33,231.45,6.21,6.83,319.0,22.11,6,5,127,7.526011941437251
2025-05-07 07:00:00,474.02,670.22,23.43,478.3,6.18,6.95,319.6,23.66,7,5,127,7.658240555342444
2025-05-07 08:00:00,706.33,800.84,27.7,709.35,5.75,7.19,327.0,25.54,8,5,127,7.922697783152831
2025-05-07 09:00:00,895.58,868.92,31.34,897.33,5.58,7.6,331.6,27.42,9,5,127,8.37447888066224
2025-05-07 10:00:00,1023.85,879.01,33.36,1024.75,5.78,7.96,331.1,28.81,10,5,127,8.77116472237782
2025-05-07 11:00:00,1078.47,973.08,34.75,1078.88,6.0,8.24,329.5,29.6,11,5,127,9.079698154823273
2025-05-07 12:00:00,1062.57,938.99,35.72,1062.57,6.15,8.43,327.9,29.97,12,5,127,9.289060126839827
2025-05-07 13:00:00,973.08,884.98,36.3,973.15,6.29,8.66,325.5,30.07,13,5,127,9.542498303491449
2025-05-07 14:00:00,817.4,822.87,36.42,817.55,6.42,8.9,323.1,29.97,14,5,127,9.806955531301835
2025-05-07 15:00:00,606.92,733.93,36.02,607.2,6.56,9.23,321.3,29.72,15,5,127,10.170584219541118
2025-05-07 16:00:00,363.88,581.21,35.09,364.17,6.75,9.68,320.2,29.28,16,5,127,10.666441521685591
2025-05-07 17:00:00,126.28,286.09,32.04,126.43,6.61,9.81,317.9,28.59,17,5,127,10.809689186749551
2025-05-07 18:00:00,3.97,1.78,27.38,3.97,6.04,10.16,317.6,27.33,18,5,127,11.195355977306365
2025-05-07 19:00:00,0.0,0.0,25.84,0.0,6.33,10.46,324.1,26.61,19,5,127,11.525927512069348
2025-05-07 20:00:00,0.0,0.0,24.99,0.0,6.39,10.09,331.9,25.94,20,5,127,11.118222619195002
2025-05-07 21:00:00,0.0,0.0,24.39,0.0,6.92,10.0,334.4,25.25,21,5,127,11.019051158766107
2025-05-07 22:00:00,0.0,0.0,23.86,0.0,7.29,9.7,336.0,24.34,22,5,127,10.688479624003122
2025-05-07 23:00:00,0.0,0.0,23.24,0.0,7.48,9.28,334.1,23.33,23,5,127,10.225679475334946
2025-05-08 00:00:00,0.0,0.0,22.46,0.0,7.56,9.02,329.6,22.35,0,5,128,9.939184145207028
2025-05-08 01:00:00,0.0,0.0,21.63,0.0,7.46,8.8,325.1,21.69,1,5,128,9.696765019714174
2025-05-08 02:00:00,0.0,0.0,20.83,0.0,7.43,8.72,321.0,21.16,2,5,128,9.608612610444046
2025-05-08 03:00:00,0.0,0.0,20.13,0.0,7.48,8.73,317.3,20.72,3,5,128,9.619631661602812
2025-05-08 04:00:00,0.0,0.0,19.52,0.0,7.48,8.7,315.1,20.41,4,5,128,9.586574508126512
2025-05-08 05:00:00,30.48,40.05,19.5,31.02,7.43,8.55,314.6,20.39,5,5,128,9.421288740745021
2025-05-08 06:00:00,225.2,401.9,22.39,229.43,7.46,8.14,314.0,21.39,6,5,128,8.96950764323561
2025-05-08 07:00:00,466.75,623.38,25.52,472.25,6.44,7.04,319.7,23.27,7,5,128,7.757412015771339
2025-05-08 08:00:00,696.25,745.25,29.56,700.78,4.42,5.21,324.4,25.77,8,5,128,5.740925653717142
2025-05-08 09:00:00,883.47,828.0,33.16,886.62,3.49,4.44,310.2,28.06,9,5,128,4.892458714492152
2025-05-08 10:00:00,1011.35,848.97,35.25,1013.25,4.01,5.02,297.5,29.17,10,5,128,5.531563681700585
2025-05-08 11:00:00,1069.1,958.36,36.62,1070.03,4.52,5.69,299.4,30.4,11,5,128,6.269840109337915
2025-05-08 12:00:00,1054.18,928.44,37.59,1054.18,4.9,6.31,306.0,31.02,12,5,128,6.953021281181413
2025-05-08 13:00:00,970.5,876.14,38.24,970.78,5.22,6.82,311.1,31.24,13,5,128,7.514992890278485
2025-05-08 14:00:00,815.53,818.68,38.44,816.12,5.44,7.18,314.3,31.28,14,5,128,7.911678731994065
2025-05-08 15:00:00,607.05,732.77,38.17,607.53,5.66,7.59,316.5,31.22,15,5,128,8.363459829503475
2025-05-08 16:00:00,365.38,580.19,37.32,365.67,6.02,8.29,318.1,30.93,16,5,128,9.134793410617101
2025-05-08 17:00:00,126.68,286.12,34.25,126.78,5.97,8.84,317.7,30.17,17,5,128,9.740841224349237
2025-05-08 18:00:00,4.12,1.9,29.68,4.12,5.59,9.8,317.2,28.35,18,5,128,10.798670135590786
2025-05-08 19:00:00,0.0,0.0,28.04,0.0,6.44,10.76,322.6,27.47,19,5,128,11.856499046832331
2025-05-08 20:00:00,0.0,0.0,26.92,0.0,6.82,10.64,330.9,26.61,20,5,128,11.724270432927138
2025-05-08 21:00:00,0.0,0.0,25.91,0.0,6.77,10.06,334.9,25.8,21,5,128,11.085165465718704
2025-05-08 22:00:00,0.0,0.0,25.01,0.0,6.42,9.1,332.4,25.0,22,5,128,10.027336554477156
2025-05-08 23:00:00,0.0,0.0,24.18,0.0,6.31,8.47,326.1,24.17,23,5,128,9.333136331474893
2025-05-09 00:00:00,0.0,0.0,23.39,0.0,6.36,8.17,320.9,23.47,0,5,129,9.002564796711908
2025-05-09 01:00:00,0.0,0.0,22.61,0.0,6.27,7.87,318.9,22.95,1,5,129,8.671993261948925
2025-05-09 02:00:00,0.0,0.0,21.77,0.0,6.17,7.63,318.2,22.52,2,5,129,8.40753603413854
2025-05-09 03:00:00,0.0,0.0,20.95,0.0,6.14,7.48,318.0,22.09,3,5,129,8.242250266757049
2025-05-09 04:00:00,0.0,0.0,20.56,0.0,6.16,7.46,316.8,21.73,4,5,129,8.220212164439516
2025-05-09 05:00:00,32.1,47.29,21.25,32.25,6.37,7.51,314.6,21.67,5,5,129,8.275307420233347
2025-05-09 06:00:00,232.73,439.55,24.19,233.88,6.59,7.26,311.2,22.58,6,5,129,7.999831141264194
2025-05-09 07:00:00,479.62,670.7,27.28,481.23,5.98,6.83,314.4,24.08,7,5,129,7.526011941437251
2025-05-09 08:00:00,710.9,786.75,30.75,712.55,4.61,5.83,322.7,26.13,8,5,129,6.42410682556064
2025-05-09 09:00:00,898.4,840.31,34.84,899.95,3.74,4.86,321.4,28.45,9,5,129,5.355258863160328
2025-05-09 10:00:00,1025.7,876.47,37.22,1027.07,3.58,4.48,311.8,30.44,10,5,129,4.936534919127216
2025-05-09 11:00:00,1075.65,930.61,38.53,1076.82,3.65,4.51,308.7,32.06,11,5,129,4.969592072603514
2025-05-09 12:00:00,1059.47,893.56,39.46,1060.43,3.83,4.77,310.3,32.91,12,5,129,5.256087402731432
2025-05-09 13:00:00,970.05,842.78,40.01,970.3,4.14,5.22,314.4,33.08,13,5,129,5.751944704875908
2025-05-09 14:00:00,813.05,779.07,40.07,813.75,4.59,5.88,318.9,32.84,14,5,129,6.479202081354471
2025-05-09 15:00:00,602.4,692.83,39.64,603.4,5.12,6.71,321.9,32.39,15,5,129,7.3937833275320575
2025-05-09 16:00:00,359.55,528.31,38.68,360.58,5.69,7.7,323.2,31.68,16,5,129,8.484669392249902
2025-05-09 17:00:00,124.07,238.81,35.23,124.55,5.73,8.5,323.6,30.72,17,5,129,9.366193484951191
2025-05-09 18:00:00,4.3,0.81,30.49,4.3,5.7,9.85,327.7,29.21,18,5,129,10.853765391384615
2025-05-09 19:00:00,0.0,0.0,28.78,0.0,6.31,10.63,338.9,28.39,19,5,129,11.713251381768373
2025-05-09 20:00:00,0.0,0.0,27.68,0.0,6.37,10.41,350.2,27.54,20,5,129,11.470832256275518
2025-05-09 21:00:00,0.0,0.0,26.69,0.0,5.6,9.32,354.0,26.68,21,5,129,10.269755679970011
2025-05-09 22:00:00,0.0,0.0,25.76,0.0,4.81,7.99,344.8,25.8,22,5,129,8.80422187585412
2025-05-09 23:00:00,0.0,0.0,24.85,0.0,5.18,7.75,329.1,25.11,23,5,129,8.539764648043732
2025-05-10 00:00:00,0.0,0.0,23.99,0.0,5.86,7.96,319.0,24.48,0,5,130,8.77116472237782
2025-05-10 01:00:00,0.0,0.0,23.2,0.0,6.03,7.88,315.5,23.93,1,5,130,8.683012313107692
2025-05-10 02:00:00,0.0,0.0,22.53,0.0,5.62,7.24,316.2,23.49,2,5,130,7.977793038946661
2025-05-10 03:00:00,0.0,0.0,22.11,0.0,4.94,6.37,319.8,23.04,3,5,130,7.01913558813401
2025-05-10 04:00:00,0.0,0.0,22.03,0.0,4.32,5.68,323.5,22.67,4,5,130,6.258821058179148
2025-05-10 05:00:00,32.0,41.28,22.62,32.22,4.22,5.31,323.2,22.72,5,5,130,5.851116165304802
2025-05-10 06:00:00,228.5,412.09,24.88,230.35,4.32,4.77,318.4,23.84,6,5,130,5.256087402731432
2025-05-10 07:00:00,471.45,628.13,27.85,474.6,3.59,4.28,311.9,25.38,7,5,130,4.716153895951894
2025-05-10 08:00:00,699.97,743.28,31.79,703.47,2.97,3.86,305.0,26.83,8,5,130,4.253353747283717
2025-05-10 09:00:00,887.1,794.26,36.35,890.38,2.91,3.68,296.3,28.01,9,5,130,4.055010826425927
2025-05-10 10:00:00,1014.22,827.07,38.86,1016.97,2.64,3.31,301.7,29.86,10,5,130,3.647305933551581
2025-05-10 11:00:00,1064.5,877.34,40.29,1066.7,2.4,2.99,312.8,31.75,11,5,130,3.294696296471066
2025-05-10 12:00:00,1047.53,814.0,41.23,1049.32,2.6,3.13,331.6,32.49,12,5,130,3.4489630126937914
2025-05-10 13:00:00,957.25,780.41,41.68,958.65,3.32,3.99,350.2,32.4,13,5,130,4.396601412347676
2025-05-10 14:00:00,799.92,719.14,41.62,801.92,4.1,5.11,0.9,32.04,14,5,130,5.630735142129481
2025-05-10 15:00:00,589.83,624.28,41.03,592.08,4.63,6.0,4.9,31.52,15,5,130,6.6114306952596635
2025-05-10 16:00:00,348.62,455.54,39.88,350.58,4.83,6.42,3.7,31.02,16,5,130,7.0742308439278405
2025-05-10 17:00:00,119.18,184.79,36.31,119.95,4.34,6.06,358.8,30.46,17,5,130,6.67754500221226
2025-05-10 18:00:00,4.32,0.0,31.28,4.32,3.83,6.2,350.0,28.78,18,5,130,6.831811718434986
2025-05-10 19:00:00,0.0,0.0,29.64,0.0,4.37,7.42,344.0,27.93,19,5,130,8.176135959804451
2025-05-10 20:00:00,0.0,0.0,28.59,0.0,4.78,8.53,344.1,27.33,20,5,130,9.399250638427489
2025-05-10 21:00:00,0.0,0.0,27.77,0.0,4.81,8.59,345.6,26.69,21,5,130,9.465364945380086
2025-05-10 22:00:00,0.0,0.0,27.07,0.0,4.36,7.63,343.7,25.98,22,5,130,8.40753603413854
2025-05-10 23:00:00,0.0,0.0,26.44,0.0,4.51,7.34,335.1,25.39,23,5,130,8.087983550534322
2025-05-11 00:00:00,0.0,0.0,25.76,0.0,5.47,7.79,329.3,24.87,0,5,131,8.583840852678797
2025-05-11 01:00:00,0.0,0.0,24.99,0.0,6.0,7.99,328.6,24.2,1,5,131,8.80422187585412
2025-05-11 02:00:00,0.0,0.0,24.19,0.0,6.01,7.73,329.4,23.55,2,5,131,8.517726545726202
2025-05-11 03:00:00,0.0,0.0,23.49,0.0,5.89,7.59,330.3,23.27,3,5,131,8.363459829503475
2025-05-11 04:00:00,0.0,0.0,22.95,0.0,5.65,7.4,332.3,23.12,4,5,131,8.154097857486919
2025-05-11 05:00:00,30.0,18.49,23.05,30.4,5.29,6.86,332.4,23.28,5,5,131,7.55906909491355
2025-05-11 06:00:00,214.32,306.62,25.9,217.65,5.25,6.11,322.2,24.41,6,5,131,6.732640258006091
2025-05-11 07:00:00,451.7,536.54,29.01,456.7,5.32,6.63,314.6,25.72,7,5,131,7.305630918261929
2025-05-11 08:00:00,680.15,672.27,32.94,684.92,5.11,7.01,329.4,27.37,8,5,131,7.724354862295041
2025-05-11 09:00:00,868.97,740.5,36.35,872.78,5.25,7.22,342.0,29.57,9,5,131,7.955754936629129
2025-05-11 10:00:00,997.9,778.46,38.29,1000.67,5.42,7.32,345.4,31.69,10,5,131,8.065945448216791
2025-05-11 11:00:00,1050.12,838.62,39.56,1051.9,5.74,7.67,342.4,32.86,11,5,131,8.451612238773604
2025-05-11 12:00:00,1032.97,787.19,40.45,1033.38,6.2,8.35,338.7,33.25,12,5,131,9.200907717569699
2025-05-11 13:00:00,937.5,697.12,40.92,941.0,6.13,8.22,336.1,33.41,13,5,131,9.05766005250574
2025-05-11 14:00:00,774.35,610.99,40.87,781.05,6.01,8.03,330.6,33.34,14,5,131,8.848298080489183
2025-05-11 15:00:00,559.47,487.13,40.39,569.83,5.99,8.05,325.2,33.06,15,5,131,8.870336182806717
2025-05-11 16:00:00,321.9,323.3,39.42,331.12,5.59,7.51,321.7,32.67,16,5,131,8.275307420233347
2025-05-11 17:00:00,108.05,97.49,36.47,111.18,4.24,6.07,320.1,32.23,17,5,131,6.688564053371027
2025-05-11 18:00:00,4.3,0.0,32.17,4.32,2.86,4.28,324.2,31.5,18,5,131,4.716153895951894
2025-05-11 19:00:00,0.0,0.0,30.99,0.0,1.49,2.07,328.8,32.58,19,5,131,2.280943589864584
2025-05-11 20:00:00,0.0,0.0,30.51,0.0,0.49,0.64,262.8,32.8,20,5,131,0.7052192741610308
2025-05-11 21:00:00,0.0,0.0,29.85,0.0,1.42,1.94,216.6,31.52,21,5,131,2.1376959248006244
2025-05-11 22:00:00,0.0,0.0,28.83,0.0,2.41,3.49,223.6,29.92,22,5,131,3.8456488544093714
2025-05-11 23:00:00,0.0,0.0,27.67,0.0,3.45,5.39,241.3,28.62,23,5,131,5.939268574574931
2025-05-12 00:00:00,0.0,0.0,26.57,0.0,4.43,7.67,264.8,27.73,0,5,132,8.451612238773604
2025-05-12 01:00:00,0.0,0.0,25.65,0.0,4.96,8.74,285.7,27.02,1,5,132,9.630650712761577
2025-05-12 02:00:00,0.0,0.0,25.13,0.0,4.69,8.13,301.8,26.04,2,5,132,8.958488592076845
2025-05-12 03:00:00,0.0,0.0,24.8,0.0,4.24,7.33,314.1,25.13,3,5,132,8.076964499375556
2025-05-12 04:00:00,0.0,0.0,24.59,0.0,4.21,7.01,320.7,24.46,4,5,132,7.724354862295041
2025-05-12 05:00:00,28.65,3.52,25.15,28.67,4.89,7.18,324.1,24.23,5,5,132,7.911678731994065
2025-05-12 06:00:00,198.4,179.57,28.04,198.77,6.18,7.64,328.2,24.6,6,5,132,8.418555085297305
2025-05-12 07:00:00,425.48,365.11,30.66,426.05,6.9,8.39,336.7,24.91,7,5,132,9.244983922204764
2025-05-12 08:00:00,652.3,493.63,34.33,652.9,6.85,8.42,337.5,25.27,8,5,132,9.278041075681061
2025-05-12 09:00:00,840.05,563.26,37.36,840.62,7.16,9.02,332.7,25.98,9,5,132,9.939184145207028
2025-05-12 10:00:00,967.65,619.42,39.14,968.2,6.87,9.05,335.2,26.74,10,5,132,9.972241298683327
2025-05-12 11:00:00,1014.9,623.03,40.29,1015.45,6.76,9.12,336.7,27.2,11,5,132,10.049374656794688
2025-05-12 12:00:00,992.62,592.08,40.88,992.8,7.36,9.82,339.2,27.25,12,5,132,10.820708237908317
2025-05-12 13:00:00,898.05,540.77,41.04,899.17,7.42,9.83,343.4,27.18,13,5,132,10.831727289067082
2025-05-12 14:00:00,738.85,475.34,40.56,740.58,6.87,9.43,343.0,27.7,14,5,132,10.390965242716439
2025-05-12 15:00:00,531.67,379.31,39.45,533.53,6.88,9.71,341.3,28.22,15,5,132,10.699498675161891
2025-05-12 16:00:00,303.8,234.97,37.77,305.1,7.45,10.59,341.5,28.35,16,5,132,11.669175177133306
2025-05-12 17:00:00,102.32,55.12,35.73,102.7,6.95,10.02,345.7,27.86,17,5,132,11.041089261083638
2025-05-12 18:00:00,4.22,0.0,32.97,4.22,5.29,8.72,351.0,26.78,18,5,132,9.608612610444046
2025-05-12 19:00:00,0.0,0.0,30.9,0.0,4.69,8.15,351.8,26.25,19,5,132,8.980526694394378
2025-05-12 20:00:00,0.0,0.0,29.5,0.0,4.28,7.56,348.9,25.77,20,5,132,8.330402676027177
2025-05-12 21:00:00,0.0,0.0,28.39,0.0,3.98,7.01,343.6,25.2,21,5,132,7.724354862295041
2025-05-12 22:00:00,0.0,0.0,27.48,0.0,3.73,6.56,341.5,24.75,22,5,132,7.228497560150566
2025-05-12 23:00:00,0.0,0.0,26.6,0.0,3.82,6.59,334.1,24.44,23,5,132,7.2615547136268646
2025-05-13 00:00:00,0.0,0.0,25.63,0.0,4.32,7.25,328.1,24.26,0,5,133,7.988812090105427
2025-05-13 01:00:00,0.0,0.0,24.57,0.0,4.5,7.28,328.0,24.05,1,5,133,8.021869243581726
2025-05-13 02:00:00,0.0,0.0,23.77,0.0,4.41,6.96,329.1,23.8,2,5,133,7.66925960650121
2025-05-13 03:00:00,0.0,0.0,23.22,0.0,4.05,6.26,331.3,23.54,3,5,133,6.897926025387583
2025-05-13 04:00:00,0.0,0.0,22.68,0.0,3.27,4.94,333.5,23.36,4,5,133,5.443411272430457
2025-05-13 05:00:00,32.0,17.4,22.7,32.33,2.32,3.45,331.8,23.62,5,5,133,3.801572649774307
2025-05-13 06:00:00,215.0,299.04,25.0,219.3,1.69,2.25,321.1,24.86,6,5,133,2.479286510722374
2025-05-13 07:00:00,447.1,491.74,28.03,453.4,1.08,1.5,349.2,26.38,7,5,133,1.6528576738149159
2025-05-13 08:00:00,668.62,618.91,31.8,674.92,1.11,1.47,17.0,28.24,8,5,133,1.6198005203386177
2025-05-13 09:00:00,850.92,677.61,34.36,856.22,0.69,0.93,347.6,29.69,9,5,133,1.024771757765248
2025-05-13 10:00:00,974.88,683.38,36.43,978.92,0.96,1.07,0.0,30.83,10,5,133,1.1790384739879736
2025-05-13 11:00:00,1024.15,719.92,37.97,1027.0,1.64,1.61,23.1,31.94,11,5,133,1.7740672365613432
2025-05-13 12:00:00,1007.75,705.32,39.18,1008.2,1.58,1.64,358.6,33.32,12,5,133,1.8071243900376415
2025-05-13 13:00:00,915.9,645.74,40.18,917.12,1.86,2.57,309.3,34.4,13,5,133,2.831896147802889
2025-05-13 14:00:00,760.45,577.49,40.61,761.42,3.81,5.29,288.5,33.82,14,5,133,5.8290780629872705
2025-05-13 15:00:00,553.97,476.28,40.52,554.65,6.06,8.67,284.6,32.6,15,5,133,9.553517354650214
2025-05-13 16:00:00,321.85,317.18,39.87,322.23,6.85,9.89,285.7,32.0,16,5,133,10.89784159601968
2025-05-13 17:00:00,109.7,96.23,37.7,109.8,6.18,9.09,287.6,31.32,17,5,133,10.01631750331839
2025-05-13 18:00:00,4.62,0.0,33.84,4.62,4.81,7.98,287.1,30.27,18,5,133,8.793202824695353
2025-05-13 19:00:00,0.0,0.0,32.36,0.0,3.97,6.71,287.0,29.39,19,5,133,7.3937833275320575
2025-05-13 20:00:00,0.0,0.0,31.2,0.0,3.8,6.29,287.0,28.64,20,5,133,6.930983178863881
2025-05-13 21:00:00,0.0,0.0,30.16,0.0,4.02,6.89,290.4,27.83,21,5,133,7.592126248389847
2025-05-13 22:00:00,0.0,0.0,29.43,0.0,4.13,7.37,300.7,27.1,22,5,133,8.121040704010621
2025-05-13 23:00:00,0.0,0.0,28.89,0.0,4.35,7.73,319.6,26.39,23,5,133,8.517726545726202
2025-05-14 00:00:00,0.0,0.0,28.18,0.0,5.04,8.18,341.5,25.69,0,5,134,9.013583847870676
2025-05-14 01:00:00,0.0,0.0,27.2,0.0,6.19,8.83,351.5,25.05,1,5,134,9.729822173190472
2025-05-14 02:00:00,0.0,0.0,26.62,0.0,6.68,9.01,352.4,24.48,2,5,134,9.928165094048262
2025-05-14 03:00:00,0.0,0.0,26.03,0.0,6.83,8.9,348.7,24.02,3,5,134,9.806955531301835
2025-05-14 04:00:00,0.0,0.0,25.24,0.0,6.71,8.53,344.4,23.57,4,5,134,9.399250638427489
2025-05-14 05:00:00,29.6,3.39,25.04,29.58,6.78,8.2,341.2,23.26,5,5,134,9.035621950188206
2025-05-14 06:00:00,194.57,162.11,26.69,194.93,6.89,7.83,339.5,23.56,6,5,134,8.627917057313862
2025-05-14 07:00:00,410.73,311.76,29.55,411.67,6.72,7.83,336.4,24.45,7,5,134,8.627917057313862
2025-05-14 08:00:00,627.55,414.19,32.7,629.0,6.57,7.93,332.3,25.29,8,5,134,8.738107568901523
2025-05-14 09:00:00,810.85,474.94,35.29,812.7,6.41,8.12,330.0,26.04,9,5,134,8.947469540918078
2025-05-14 10:00:00,937.1,505.91,37.29,939.17,5.99,7.95,335.9,26.71,10,5,134,8.760145671219055
2025-05-14 11:00:00,1011.7,612.52,38.7,1013.85,5.57,7.59,343.6,27.26,11,5,134,8.363459829503475
2025-05-14 12:00:00,994.9,615.87,39.6,997.03,5.46,7.47,349.5,27.74,12,5,134,8.231231215598282
2025-05-14 13:00:00,906.5,575.78,40.03,908.47,5.51,7.6,351.4,28.09,13,5,134,8.37447888066224
2025-05-14 14:00:00,756.72,517.97,39.9,757.12,5.74,7.99,351.5,28.32,14,5,134,8.80422187585412
2025-05-14 15:00:00,551.25,428.83,39.22,551.6,5.98,8.4,350.5,28.29,15,5,134,9.25600297336353
2025-05-14 16:00:00,315.83,261.1,37.91,321.02,6.05,8.6,351.1,28.08,16,5,134,9.476383996538852
2025-05-14 17:00:00,107.7,57.69,35.93,110.2,5.72,8.27,351.7,27.61,17,5,134,9.112755308299569
2025-05-14 18:00:00,4.95,0.0,33.02,4.88,4.85,8.15,354.1,26.59,18,5,134,8.980526694394378
2025-05-14 19:00:00,0.0,0.0,31.15,0.0,4.54,8.03,353.8,25.85,19,5,134,8.848298080489183
2025-05-14 20:00:00,0.0,0.0,29.72,0.0,4.23,7.52,350.1,25.3,20,5,134,8.286326471392112
2025-05-14 21:00:00,0.0,0.0,28.21,0.0,4.74,8.18,341.2,24.94,21,5,134,9.013583847870676
2025-05-14 22:00:00,0.0,0.0,26.9,0.0,5.56,8.74,339.8,24.63,22,5,134,9.630650712761577
2025-05-14 23:00:00,0.0,0.0,25.72,0.0,6.71,9.34,339.9,24.18,23,5,134,10.291793782287543
2025-05-15 00:00:00,0.0,0.0,24.52,0.0,6.88,8.83,345.1,23.43,0,5,135,9.729822173190472
2025-05-15 01:00:00,0.0,0.0,23.48,0.0,6.85,8.43,344.0,22.59,1,5,135,9.289060126839827
2025-05-15 02:00:00,0.0,0.0,22.59,0.0,6.35,7.76,345.1,21.87,2,5,135,8.550783699202498
2025-05-15 03:00:00,0.0,0.0,22.0,0.0,6.05,7.36,341.4,21.28,3,5,135,8.110021652851854
2025-05-15 04:00:00,0.0,0.0,21.6,0.0,6.14,7.48,338.9,20.84,4,5,135,8.242250266757049
2025-05-15 05:00:00,33.95,18.08,21.39,34.12,6.8,8.02,341.0,20.85,5,5,135,8.837279029330418
2025-05-15 06:00:00,221.18,299.48,22.78,224.4,7.41,8.34,344.1,21.6,6,5,135,9.189888666410933
2025-05-15 07:00:00,458.15,522.89,25.83,461.12,7.42,8.25,342.6,22.91,7,5,135,9.090717205982038
2025-05-15 08:00:00,676.9,656.01,28.64,681.0,6.64,7.26,337.1,23.84,8,5,135,7.999831141264194
2025-05-15 09:00:00,861.53,703.25,30.53,864.7,6.7,7.35,327.2,24.67,9,5,135,8.099002601693089
2025-05-15 10:00:00,986.47,728.41,32.33,988.78,6.35,7.09,321.3,25.42,10,5,135,7.8125072715651696
2025-05-15 11:00:00,1042.93,768.29,34.03,1044.43,5.53,6.49,316.6,25.99,11,5,135,7.151364202039203
2025-05-15 12:00:00,1022.25,745.19,35.46,1022.9,5.45,6.73,316.1,26.36,12,5,135,7.41582142984959
2025-05-15 13:00:00,937.81,699.04,36.43,941.07,6.25,7.85,325.4,26.67,13,5,135,8.649955159631393
2025-05-15 14:00:00,770.45,601.41,36.86,770.45,6.79,8.53,338.5,26.68,14,5,135,9.399250638427489
2025-05-15 15:00:00,560.33,491.52,36.74,560.35,6.86,8.73,343.5,26.55,15,5,135,9.619631661602812
2025-05-15 16:00:00,325.33,325.15,35.97,325.35,6.42,8.53,343.2,26.58,16,5,135,9.399250638427489
2025-05-15 17:00:00,112.07,100.54,34.27,112.1,5.74,8.2,341.8,26.61,17,5,135,9.035621950188206
2025-05-15 18:00:00,5.07,0.0,30.67,5.07,4.44,7.54,341.0,25.71,18,5,135,8.308364573709644
2025-05-15 19:00:00,0.0,0.0,29.09,0.0,3.99,7.05,337.7,25.03,19,5,135,7.768431066930105
2025-05-15 20:00:00,0.0,0.0,28.1,0.0,5.09,8.29,329.4,24.89,20,5,135,9.134793410617101
2025-05-15 21:00:00,0.0,0.0,27.24,0.0,5.63,8.44,338.1,24.62,21,5,135,9.300079177998594
2025-05-15 22:00:00,0.0,0.0,26.41,0.0,5.28,7.65,343.1,24.19,22,5,135,8.429574136456072
2025-05-15 23:00:00,0.0,0.0,25.83,0.0,5.16,7.32,337.7,23.82,23,5,135,8.065945448216791
2025-05-16 00:00:00,0.0,0.0,25.37,0.0,4.33,6.15,337.2,23.41,0,5,136,6.776716462641156
2025-05-16 01:00:00,0.0,0.0,24.93,0.0,4.24,5.89,326.1,23.11,1,5,136,6.490221132513237
2025-05-16 02:00:00,0.0,0.0,24.46,0.0,4.81,6.49,323.6,22.87,2,5,136,7.151364202039203
2025-05-16 03:00:00,0.0,0.0,23.75,0.0,5.17,6.85,326.3,22.57,3,5,136,7.548050043754783
2025-05-16 04:00:00,0.0,0.0,22.94,0.0,5.54,7.21,326.6,22.33,4,5,136,7.9447358854703625
2025-05-16 05:00:00,30.83,4.15,22.87,30.98,5.43,6.81,325.7,22.46,5,5,136,7.503973839119718
2025-05-16 06:00:00,198.3,177.86,24.86,199.85,5.61,6.36,316.2,23.43,6,5,136,7.008116536975244
2025-05-16 07:00:00,426.0,369.96,27.66,429.25,5.87,6.92,316.5,24.83,7,5,136,7.6251834018661455
2025-05-16 08:00:00,649.28,516.21,31.25,652.65,5.36,6.89,323.5,26.59,8,5,136,7.592126248389847
2025-05-16 09:00:00,831.03,587.79,34.7,833.83,4.01,5.22,323.3,28.47,9,5,136,5.751944704875908
2025-05-16 10:00:00,960.97,625.38,37.39,964.35,2.63,3.01,308.9,30.57,10,5,136,3.316734398788598
2025-05-16 11:00:00,1001.83,490.69,39.29,1020.55,1.62,1.76,277.2,32.6,11,5,136,1.9393530039428348
2025-05-16 12:00:00,976.0,530.64,40.61,999.75,0.97,1.14,268.5,33.44,12,5,136,1.256171832099336
2025-05-16 13:00:00,888.47,502.23,41.48,907.47,0.6,0.78,311.9,33.91,13,5,136,0.8594859903837564
2025-05-16 14:00:00,740.12,478.61,41.84,751.2,1.2,1.49,346.1,33.73,14,5,136,1.6418386226561499
2025-05-16 15:00:00,540.83,413.97,41.72,544.53,1.98,2.47,349.7,33.18,15,5,136,2.7217056362152285
2025-05-16 16:00:00,312.58,260.27,41.02,315.5,2.78,3.53,343.9,32.24,16,5,136,3.8897250590444354
2025-05-16 17:00:00,107.4,69.81,38.28,108.47,3.43,4.64,333.1,30.87,17,5,136,5.112839737667473
2025-05-16 18:00:00,5.18,0.0,34.04,5.22,3.46,5.58,324.9,29.01,18,5,136,6.1486305465914874
2025-05-16 19:00:00,0.0,0.0,32.59,0.0,3.67,5.94,321.4,28.26,19,5,136,6.545316388307068
2025-05-16 20:00:00,0.0,0.0,31.61,0.0,3.6,5.92,318.6,28.04,20,5,136,6.523278285989535
2025-05-16 21:00:00,0.0,0.0,30.51,0.0,3.2,5.38,319.4,27.94,21,5,136,5.928249523416166
2025-05-16 22:00:00,0.0,0.0,29.08,0.0,2.66,4.55,317.9,27.74,22,5,136,5.013668277238578
2025-05-16 23:00:00,0.0,0.0,27.71,0.0,2.41,4.07,315.7,27.47,23,5,136,4.484753821617805
2025-05-17 00:00:00,0.0,0.0,26.71,0.0,2.26,3.79,314.8,27.14,0,5,137,4.176220389172355
2025-05-17 01:00:00,0.0,0.0,26.07,0.0,2.14,3.58,317.0,26.88,1,5,137,3.944820314838266
2025-05-17 02:00:00,0.0,0.0,25.53,0.0,2.01,3.32,322.5,26.73,2,5,137,3.6583249847103474
2025-05-17 03:00:00,0.0,0.0,25.0,0.0,1.97,3.24,324.5,26.87,3,5,137,3.570172575440219
2025-05-17 04:00:00,0.0,0.0,24.48,0.0,2.02,3.27,325.6,27.17,4,5,137,3.6032297289165167
2025-05-17 05:00:00,32.17,6.73,24.57,32.42,2.08,3.3,327.6,27.57,5,5,137,3.636286882392815
2025-05-17 06:00:00,204.5,209.26,27.49,206.4,2.24,3.27,328.6,28.8,6,5,137,3.6032297289165167
2025-05-17 07:00:00,425.9,388.12,30.29,429.15,2.27,2.73,326.9,29.98,7,5,137,3.0082009663431473
2025-05-17 08:00:00,650.58,521.61,34.14,654.12,1.73,2.0,317.8,31.34,8,5,137,2.2038102317532213
2025-05-17 09:00:00,838.4,597.58,38.47,841.47,1.32,1.49,315.8,32.58,9,5,137,1.6418386226561499
2025-05-17 10:00:00,967.8,661.36,41.98,969.97,1.35,1.53,301.6,33.68,10,5,137,1.6859148272912143
2025-05-17 11:00:00,1034.4,786.97,44.03,1035.53,1.92,2.23,288.0,34.52,11,5,137,2.457248408404842
2025-05-17 12:00:00,1026.23,750.09,45.08,1028.78,2.28,2.68,292.2,35.92,12,5,137,2.9531057105493166
2025-05-17 13:00:00,933.08,688.12,45.44,933.97,2.5,3.0,306.6,36.88,13,5,137,3.3057153476298318
2025-05-17 14:00:00,779.53,624.7,45.31,781.17,2.72,3.3,318.8,37.03,14,5,137,3.636286882392815
2025-05-17 15:00:00,573.12,528.19,44.75,575.17,2.88,3.54,324.4,36.75,15,5,137,3.9007441102032017
2025-05-17 16:00:00,338.92,371.31,43.67,340.67,3.12,3.9,325.5,35.97,16,5,137,4.297429951918781
2025-05-17 17:00:00,122.12,137.05,40.38,122.88,2.96,4.19,329.3,34.4,17,5,137,4.616982435522999
2025-05-17 18:00:00,5.82,0.0,35.49,5.85,3.04,4.6,333.5,31.99,18,5,137,5.068763533032409
2025-05-17 19:00:00,0.0,0.0,33.66,0.0,3.3,5.05,333.3,30.63,19,5,137,5.564620835176884
2025-05-17 20:00:00,0.0,0.0,32.24,0.0,3.73,6.03,325.8,29.6,20,5,137,6.644487848735962
2025-05-17 21:00:00,0.0,0.0,30.73,0.0,4.96,8.52,316.0,29.02,21,5,137,9.388231587268722
2025-05-17 22:00:00,0.0,0.0,29.25,0.0,7.74,11.76,313.3,28.67,22,5,137,12.958404162708941
2025-05-17 23:00:00,0.0,0.0,28.04,0.0,11.22,14.22,312.7,27.05,23,5,137,15.669090747765404
2025-05-18 00:00:00,0.0,0.0,27.16,0.0,13.06,15.61,314.3,25.57,0,5,138,17.20073885883389
2025-05-18 01:00:00,0.0,0.0,26.46,0.0,13.41,15.89,319.4,25.13,1,5,138,17.509272291279345
2025-05-18 02:00:00,0.0,0.0,25.76,0.0,12.52,14.92,325.5,24.78,2,5,138,16.440424328879033
2025-05-18 03:00:00,0.0,0.0,25.21,0.0,11.43,13.67,325.6,24.41,3,5,138,15.063042934033268
2025-05-18 04:00:00,0.0,0.0,25.03,0.0,10.58,12.65,321.5,24.06,4,5,138,13.939099715839125
2025-05-18 05:00:00,33.53,5.72,25.34,33.65,10.01,11.79,318.5,23.77,5,5,138,12.991461316185239
2025-05-18 06:00:00,205.7,190.29,27.93,206.75,10.01,11.63,313.3,24.21,6,5,138,12.815156497644983
2025-05-18 07:00:00,434.52,371.36,30.57,436.02,9.53,11.41,315.6,25.4,7,5,138,12.572737372152128
2025-05-18 08:00:00,658.6,493.22,33.98,660.1,8.84,11.2,316.5,26.85,8,5,138,12.341337297818038
2025-05-18 09:00:00,844.47,551.0,37.42,845.72,8.11,10.76,314.5,28.01,9,5,138,11.856499046832331
2025-05-18 10:00:00,970.67,586.84,41.33,971.62,7.29,10.01,313.1,29.0,10,5,138,11.030070209924872
2025-05-18 11:00:00,1045.03,767.42,43.79,1045.68,6.9,9.55,314.9,30.07,11,5,138,10.523193856621633
2025-05-18 12:00:00,1029.9,726.47,45.11,1030.05,7.65,10.74,316.7,30.78,12,5,138,11.834460944514799
2025-05-18 13:00:00,939.45,675.94,45.74,939.9,8.63,12.22,321.1,31.21,13,5,138,13.465280516012182
2025-05-18 14:00:00,783.75,613.36,45.84,784.12,9.0,12.86,326.3,31.51,14,5,138,14.170499790173212
2025-05-18 15:00:00,576.05,515.62,45.45,576.38,9.17,13.22,331.1,31.67,15,5,138,14.567185631888794
2025-05-18 16:00:00,340.52,356.86,44.54,340.75,9.46,13.64,332.5,31.11,16,5,138,15.02998578055697
2025-05-18 17:00:00,121.28,121.34,40.78,121.38,9.66,13.83,330.0,30.12,17,5,138,15.239347752573526
2025-05-18 18:00:00,6.0,0.0,36.52,6.0,9.89,14.03,326.9,29.28,18,5,138,15.459728775748847
2025-05-18 19:00:00,0.0,0.0,34.84,0.0,10.03,13.67,331.3,28.38,19,5,138,15.063042934033268
2025-05-18 20:00:00,0.0,0.0,33.58,0.0,9.45,12.59,333.7,27.38,20,5,138,13.872985408886528
2025-05-18 21:00:00,0.0,0.0,32.17,0.0,9.39,12.17,328.3,26.45,21,5,138,13.410185260218352
2025-05-18 22:00:00,0.0,0.0,30.79,0.0,10.29,12.84,321.8,25.45,22,5,138,14.148461687855681
2025-05-18 23:00:00,0.0,0.0,29.66,0.0,11.52,13.81,318.6,24.49,23,5,138,15.217309650255993
2025-05-19 00:00:00,0.0,0.0,28.82,0.0,12.36,14.43,319.5,23.68,0,5,139,15.900490822099492
2025-05-19 01:00:00,0.0,0.0,28.02,0.0,12.15,14.06,321.5,23.1,1,5,139,15.492785929225146
2025-05-19 02:00:00,0.0,0.0,27.21,0.0,11.73,13.54,320.9,22.77,2,5,139,14.919795268969308
2025-05-19 03:00:00,0.0,0.0,26.49,0.0,11.48,13.15,319.6,22.57,3,5,139,14.490052273777431
2025-05-19 04:00:00,0.0,0.0,26.04,0.0,11.25,12.8,317.2,22.24,4,5,139,14.104385483220618
2025-05-19 05:00:00,32.9,3.39,25.76,33.0,11.2,12.61,317.0,22.01,5,5,139,13.89502351120406
2025-05-19 06:00:00,197.35,164.65,26.88,197.9,11.17,12.62,321.0,22.72,6,5,139,13.906042562362826
2025-05-19 07:00:00,419.42,326.29,29.61,420.3,10.83,12.62,324.8,24.33,7,5,139,13.906042562362826
2025-05-19 08:00:00,640.25,443.03,32.62,641.1,10.96,13.27,327.1,26.17,8,5,139,14.622280887682622
2025-05-19 09:00:00,824.8,506.99,35.75,825.47,11.36,14.06,326.9,27.79,9,5,139,15.492785929225146
2025-05-19 10:00:00,951.15,548.13,38.94,951.6,11.67,14.66,324.0,29.05,10,5,139,16.153928998751113
2025-05-19 11:00:00,1032.2,730.19,41.8,1032.45,11.59,14.86,322.5,29.93,11,5,139,16.374310021926433
2025-05-19 12:00:00,1014.4,669.07,43.61,1014.58,11.42,14.85,321.9,30.41,12,5,139,16.363290970767668
2025-05-19 13:00:00,921.65,601.95,44.55,921.75,11.41,14.97,321.2,30.61,13,5,139,16.495519584672863
2025-05-19 14:00:00,761.92,524.07,44.7,762.55,11.38,14.98,320.6,30.5,14,5,139,16.506538635831628
2025-05-19 15:00:00,551.17,412.67,44.3,552.0,11.27,14.93,320.3,30.21,15,5,139,16.451443380037798
2025-05-19 16:00:00,317.48,250.97,43.38,318.23,11.18,14.75,320.4,29.6,16,5,139,16.253100459180008
2025-05-19 17:00:00,112.47,63.33,40.17,112.8,10.78,14.16,319.8,28.59,17,5,139,15.602976440812807
2025-05-19 18:00:00,5.9,0.0,36.17,5.9,10.69,13.93,319.3,27.39,18,5,139,15.349538264161186
2025-05-19 19:00:00,0.0,0.0,34.9,0.0,10.9,13.81,320.7,26.37,19,5,139,15.217309650255993
2025-05-19 20:00:00,0.0,0.0,33.23,0.0,10.73,13.26,322.5,25.49,20,5,139,14.611261836523857
2025-05-19 21:00:00,0.0,0.0,31.75,0.0,10.62,12.83,323.9,24.63,21,5,139,14.137442636696916
2025-05-19 22:00:00,0.0,0.0,30.29,0.0,10.93,12.86,324.6,23.79,22,5,139,14.170499790173212
2025-05-19 23:00:00,0.0,0.0,29.11,0.0,11.21,13.0,325.5,23.11,23,5,139,14.324766506395939
2025-05-20 00:00:00,0.0,0.0,28.34,0.0,11.14,12.98,325.5,22.53,0,5,140,14.302728404078406
2025-05-20 01:00:00,0.0,0.0,27.64,0.0,11.45,13.37,323.9,21.92,1,5,140,14.732471399270283
2025-05-20 02:00:00,0.0,0.0,26.9,0.0,11.39,13.24,322.5,21.41,2,5,140,14.589223734206325
2025-05-20 03:00:00,0.0,0.0,26.14,0.0,11.22,13.02,321.2,21.01,3,5,140,14.34680460871347
2025-05-20 04:00:00,0.0,0.0,25.39,0.0,11.2,12.99,320.6,20.69,4,5,140,14.313747455237174
2025-05-20 05:00:00,32.78,2.18,25.01,32.85,11.39,13.16,321.1,20.49,5,5,140,14.501071324936197
2025-05-20 06:00:00,193.68,132.98,26.28,194.35,11.81,13.46,323.0,20.92,6,5,140,14.83164285969918
2025-05-20 07:00:00,415.3,293.43,28.87,416.42,11.99,13.55,324.6,21.83,7,5,140,14.930814320128075
2025-05-20 08:00:00,636.0,405.27,31.66,637.12,12.24,13.81,325.5,23.08,8,5,140,15.217309650255993
2025-05-20 09:00:00,822.08,469.0,34.33,823.0,12.41,14.19,326.4,24.49,9,5,140,15.636033594289104
2025-05-20 10:00:00,950.15,507.76,36.76,950.83,12.47,14.53,327.4,25.87,10,5,140,16.010681333687153
2025-05-20 11:00:00,1030.8,692.62,38.83,1031.28,12.03,14.34,327.9,26.93,11,5,140,15.801319361670597
2025-05-20 12:00:00,1011.72,630.61,40.38,1012.05,11.37,13.97,326.9,27.8,12,5,140,15.393614468796251
2025-05-20 13:00:00,919.55,571.14,41.08,919.72,10.95,13.84,325.7,28.44,13,5,140,15.250366803732291
2025-05-20 14:00:00,757.62,494.7,41.02,761.35,10.72,13.81,324.8,28.72,14,5,140,15.217309650255993
2025-05-20 15:00:00,545.03,372.28,40.26,550.2,10.64,13.86,324.2,28.68,15,5,140,15.272404906049823
2025-05-20 16:00:00,310.92,207.25,38.68,314.7,10.6,13.85,324.1,28.33,16,5,140,15.261385854891058
2025-05-20 17:00:00,109.15,35.49,36.26,109.88,10.3,13.39,324.9,27.5,17,5,140,14.754509501587817
2025-05-20 18:00:00,6.07,0.0,33.26,6.03,9.79,12.75,326.2,26.26,18,5,140,14.049290227426786
2025-05-20 19:00:00,0.0,0.0,31.47,0.0,9.85,12.39,327.8,25.15,19,5,140,13.652604385711207
2025-05-20 20:00:00,0.0,0.0,30.08,0.0,9.83,11.96,334.0,24.26,20,5,140,13.178785185884264
2025-05-20 21:00:00,0.0,0.0,28.86,0.0,9.78,11.56,337.6,23.45,21,5,140,12.73802313953362
2025-05-20 22:00:00,0.0,0.0,27.72,0.0,9.86,11.47,336.8,22.64,22,5,140,12.638851679104725
2025-05-20 23:00:00,0.0,0.0,26.73,0.0,10.32,11.88,333.6,21.98,23,5,140,13.090632776614136
2025-05-21 00:00:00,0.0,0.0,25.87,0.0,11.35,13.26,333.7,21.43,0,5,141,14.611261836523857
2025-05-21 01:00:00,0.0,0.0,25.06,0.0,11.99,13.99,335.9,20.98,1,5,141,15.415652571113784
2025-05-21 02:00:00,0.0,0.0,24.31,0.0,11.78,13.71,336.2,20.59,2,5,141,15.107119138668333
2025-05-21 03:00:00,0.0,0.0,23.48,0.0,11.44,13.28,334.5,20.25,3,5,141,14.63329993884139
2025-05-21 04:00:00,0.0,0.0,22.63,0.0,11.46,13.28,332.5,19.93,4,5,141,14.63329993884139
2025-05-21 05:00:00,35.88,8.93,22.1,35.92,11.89,13.68,331.5,19.74,5,5,141,15.074061985192033
2025-05-21 06:00:00,221.52,251.68,23.2,224.43,12.53,14.19,333.0,20.36,6,5,141,15.636033594289104
2025-05-21 07:00:00,461.05,468.93,25.48,466.25,12.71,14.27,332.3,21.37,7,5,141,15.724186003559234
2025-05-21 08:00:00,688.85,613.91,28.1,694.85,12.76,14.31,329.3,22.55,8,5,141,15.7682622081943
2025-05-21 09:00:00,876.45,688.06,30.78,882.03,12.85,14.46,324.7,23.65,9,5,141,15.933547975575792
2025-05-21 10:00:00,1004.2,732.88,33.25,1009.03,12.76,14.49,321.6,24.81,10,5,141,15.96660512905209
2025-05-21 11:00:00,1045.85,669.22,35.54,1049.65,12.48,14.38,320.9,25.68,11,5,141,15.845395566305662
2025-05-21 12:00:00,1031.9,671.44,37.26,1034.12,11.65,13.81,322.4,26.59,12,5,141,15.217309650255993
2025-05-21 13:00:00,944.62,649.38,38.3,944.83,10.65,13.06,323.5,27.24,13,5,141,14.390880813348536
2025-05-21 14:00:00,789.72,588.23,38.65,791.22,9.73,12.36,323.9,27.68,14,5,141,13.619547232234908
2025-05-21 15:00:00,581.92,498.98,38.26,584.72,8.96,11.76,323.7,27.9,15,5,141,12.958404162708941
2025-05-21 16:00:00,347.65,368.67,37.09,350.9,8.39,11.35,323.3,27.81,16,5,141,12.50662306519953
2025-05-21 17:00:00,126.72,137.59,34.77,128.25,7.53,10.59,321.5,27.3,17,5,141,11.669175177133306
2025-05-21 18:00:00,6.78,0.0,30.84,6.82,6.64,10.3,321.0,26.31,18,5,141,11.34962269352909
2025-05-21 19:00:00,0.0,0.0,29.35,0.0,7.01,10.58,323.8,25.63,19,5,141,11.658156125974541
2025-05-21 20:00:00,0.0,0.0,28.18,0.0,7.28,10.35,327.4,25.01,20,5,141,11.40471794932292
2025-05-21 21:00:00,0.0,0.0,27.02,0.0,7.29,9.83,332.2,24.22,21,5,141,10.831727289067082
2025-05-21 22:00:00,0.0,0.0,25.96,0.0,7.21,9.22,332.5,23.38,22,5,141,10.15956516838235
2025-05-21 23:00:00,0.0,0.0,24.98,0.0,7.21,8.87,327.5,22.57,23,5,141,9.773898377825535
2025-05-22 00:00:00,0.0,0.0,24.09,0.0,7.6,9.14,322.6,21.87,0,5,142,10.071412759112222
2025-05-22 01:00:00,0.0,0.0,23.32,0.0,8.01,9.52,319.5,21.26,1,5,142,10.490136703145334
2025-05-22 02:00:00,0.0,0.0,22.63,0.0,8.34,9.81,317.1,20.74,2,5,142,10.809689186749551
2025-05-22 03:00:00,0.0,0.0,22.01,0.0,8.67,10.26,315.4,20.33,3,5,142,11.305546488894025
2025-05-22 04:00:00,0.0,0.0,21.35,0.0,9.22,10.89,314.6,20.15,4,5,142,11.999746711896291
2025-05-22 05:00:00,37.53,17.3,21.07,37.53,9.58,11.05,314.1,20.04,5,5,142,12.176051530436549
2025-05-22 06:00:00,224.32,271.74,22.32,225.32,9.7,10.83,317.7,20.64,6,5,142,11.933632404943694
2025-05-22 07:00:00,460.58,487.61,25.43,462.05,9.45,10.45,320.3,21.79,7,5,142,11.514908460910581
2025-05-22 08:00:00,685.33,614.44,28.88,686.67,9.34,10.35,319.2,23.11,8,5,142,11.40471794932292
2025-05-22 09:00:00,869.9,696.03,31.92,870.95,9.14,10.36,317.8,24.48,9,5,142,11.415737000481686
2025-05-22 10:00:00,995.97,734.17,34.5,996.67,8.71,10.36,317.5,25.7,10,5,142,11.415737000481686
2025-05-22 11:00:00,1042.07,719.7,36.61,1042.5,8.23,10.37,317.0,26.83,11,5,142,11.426756051640451
2025-05-22 12:00:00,1027.7,729.49,37.97,1027.8,7.71,10.3,317.0,27.7,12,5,142,11.34962269352909
2025-05-22 13:00:00,940.9,681.8,38.6,941.0,7.32,10.14,318.9,28.27,13,5,142,11.173317874988832
2025-05-22 14:00:00,789.03,631.99,38.47,789.12,7.13,10.02,320.8,28.55,14,5,142,11.041089261083638
2025-05-22 15:00:00,584.62,539.71,37.59,584.75,7.09,10.05,322.4,28.59,15,5,142,11.074146414559937
2025-05-22 16:00:00,350.77,386.67,36.07,350.88,7.11,10.15,323.3,28.44,16,5,142,11.184336926147598
2025-05-22 17:00:00,128.95,147.89,33.91,129.0,6.96,10.11,323.7,28.08,17,5,142,11.140260721512533
2025-05-22 18:00:00,7.0,0.0,30.22,7.0,6.63,10.56,325.0,27.12,18,5,142,11.636118023657009
2025-05-22 19:00:00,0.0,0.0,28.39,0.0,7.6,11.48,327.7,26.53,19,5,142,12.64987073026349
2025-05-22 20:00:00,0.0,0.0,27.23,0.0,8.19,11.49,332.0,25.84,20,5,142,12.660889781422258
2025-05-22 21:00:00,0.0,0.0,26.01,0.0,8.25,11.01,337.3,24.96,21,5,142,12.131975325801482
2025-05-22 22:00:00,0.0,0.0,24.84,0.0,8.07,10.36,341.3,24.11,22,5,142,11.415737000481686
2025-05-22 23:00:00,0.0,0.0,23.86,0.0,7.69,9.56,340.4,23.23,23,5,142,10.534212907780399
2025-05-23 00:00:00,0.0,0.0,22.96,0.0,7.42,9.05,336.5,22.35,0,5,143,9.972241298683327
2025-05-23 01:00:00,0.0,0.0,22.08,0.0,7.24,8.8,332.7,21.66,1,5,143,9.696765019714174
2025-05-23 02:00:00,0.0,0.0,21.23,0.0,7.21,8.73,329.7,21.11,2,5,143,9.619631661602812
2025-05-23 03:00:00,0.0,0.0,20.47,0.0,7.22,8.7,327.2,20.67,3,5,143,9.586574508126512
2025-05-23 04:00:00,0.0,0.0,19.76,0.0,7.09,8.53,325.7,20.29,4,5,143,9.399250638427489
2025-05-23 05:00:00,41.45,52.64,19.61,42.25,7.3,8.55,324.6,20.39,5,5,143,9.421288740745021
2025-05-23 06:00:00,242.75,411.19,21.4,248.35,8.09,9.07,325.2,21.5,6,5,143,9.99427940100086
2025-05-23 07:00:00,485.4,628.51,24.72,492.95,9.17,10.29,328.4,23.23,7,5,143,11.338603642370323
2025-05-23 08:00:00,712.1,781.93,28.26,719.38,9.6,11.2,332.2,25.11,8,5,143,12.341337297818038
2025-05-23 09:00:00,898.0,847.66,30.97,903.88,9.71,11.9,334.6,26.78,9,5,143,13.112670878931667
2025-05-23 10:00:00,1024.07,872.43,33.2,1028.75,9.64,12.23,335.0,28.01,10,5,143,13.47629956717095
2025-05-23 11:00:00,1075.3,903.18,35.1,1078.05,9.54,12.42,333.0,28.91,11,5,143,13.685661539187505
2025-05-23 12:00:00,1060.45,931.72,36.57,1060.75,9.53,12.65,330.2,29.54,12,5,143,13.939099715839125
2025-05-23 13:00:00,967.22,826.38,37.48,971.62,9.4,12.72,329.1,29.94,13,5,143,14.016233073950488
2025-05-23 14:00:00,810.58,764.03,37.75,817.28,9.4,12.89,328.5,30.09,14,5,143,14.203556943649511
2025-05-23 15:00:00,603.08,652.79,37.43,610.45,9.25,12.86,329.8,30.04,15,5,143,14.170499790173212
2025-05-23 16:00:00,366.42,485.86,36.41,372.08,8.78,12.41,331.3,29.77,16,5,143,13.674642488028738
2025-05-23 17:00:00,136.43,208.06,34.36,138.5,8.09,11.74,331.7,29.17,17,5,143,12.936366060391409
2025-05-23 18:00:00,7.7,0.56,30.12,7.72,6.9,11.16,333.8,28.08,18,5,143,12.297261093182975
2025-05-23 19:00:00,0.0,0.0,28.72,0.0,6.55,11.07,344.5,27.43,19,5,143,12.19808963275408
2025-05-23 20:00:00,0.0,0.0,27.95,0.0,6.24,10.56,355.6,26.83,20,5,143,11.636118023657009
2025-05-23 21:00:00,0.0,0.0,27.03,0.0,5.64,9.6,355.7,25.92,21,5,143,10.578289112415462
2025-05-23 22:00:00,0.0,0.0,26.22,0.0,5.77,9.19,348.0,25.15,22,5,143,10.126508014906051
2025-05-23 23:00:00,0.0,0.0,25.34,0.0,6.34,9.03,337.3,24.43,23,5,143,9.950203196365793
2025-05-24 00:00:00,0.0,0.0,23.92,0.0,7.12,9.27,330.0,23.78,0,5,144,10.21466042417618
2025-05-24 01:00:00,0.0,0.0,22.78,0.0,7.51,9.32,327.6,23.13,1,5,144,10.269755679970011
2025-05-24 02:00:00,0.0,0.0,22.2,0.0,7.56,9.23,324.5,22.57,2,5,144,10.170584219541118
2025-05-24 03:00:00,0.0,0.0,21.82,0.0,7.42,9.01,322.0,22.12,3,5,144,9.928165094048262
2025-05-24 04:00:00,0.0,0.0,21.44,0.0,7.14,8.67,321.6,21.76,4,5,144,9.553517354650214
2025-05-24 05:00:00,40.08,32.28,21.53,40.58,6.74,8.01,325.1,21.84,5,5,144,8.82625997817165
2025-05-24 06:00:00,234.62,352.89,23.6,238.1,6.66,7.37,324.3,22.85,6,5,144,8.121040704010621
2025-05-24 07:00:00,477.58,587.11,26.77,481.23,6.77,7.74,325.4,24.4,7,5,144,8.528745596884967
2025-05-24 08:00:00,705.9,724.6,30.31,708.53,6.62,8.22,328.3,26.17,8,5,144,9.05766005250574
2025-05-24 09:00:00,892.0,792.97,33.01,893.62,6.69,8.94,332.0,27.8,9,5,144,9.851031735936898
2025-05-24 10:00:00,1018.6,839.71,35.02,1019.62,6.92,9.6,334.3,29.27,10,5,144,10.578289112415462
2025-05-24 11:00:00,1074.97,890.99,36.61,1075.68,7.21,10.11,334.4,30.21,11,5,144,11.140260721512533
2025-05-24 12:00:00,1060.2,938.26,37.83,1060.35,7.49,10.57,333.3,30.76,12,5,144,11.647137074815776
2025-05-24 13:00:00,943.64,696.57,38.63,946.83,7.75,11.0,332.4,31.05,13,5,144,12.120956274642717
2025-05-24 14:00:00,826.22,810.21,38.94,826.22,7.95,11.36,332.4,31.17,14,5,144,12.517642116358296
2025-05-24 15:00:00,622.92,725.85,38.77,622.95,8.15,11.71,332.2,31.13,15,5,144,12.903308906915111
2025-05-24 16:00:00,386.12,578.2,38.04,386.17,8.07,11.66,331.9,30.82,16,5,144,12.84821365112128
2025-05-24 17:00:00,150.4,304.27,35.44,150.45,7.58,11.16,329.2,30.17,17,5,144,12.297261093182975
2025-05-24 18:00:00,8.52,2.21,30.73,8.52,6.61,10.81,327.9,28.93,18,5,144,11.911594302626161
2025-05-24 19:00:00,0.0,0.0,29.1,0.0,6.41,10.77,332.0,28.09,19,5,144,11.867518097991097
2025-05-24 20:00:00,0.0,0.0,28.3,0.0,6.39,10.61,339.4,27.46,20,5,144,11.691213279450839
2025-05-24 21:00:00,0.0,0.0,27.69,0.0,6.35,10.27,342.4,26.74,21,5,144,11.31656554005279
2025-05-24 22:00:00,0.0,0.0,27.08,0.0,6.26,9.71,338.0,25.96,22,5,144,10.699498675161891
2025-05-24 23:00:00,0.0,0.0,26.34,0.0,6.19,9.1,331.3,25.18,23,5,144,10.027336554477156
2025-05-25 00:00:00,0.0,0.0,25.54,0.0,6.13,8.63,326.1,24.55,0,5,145,9.509441150015151
2025-05-25 01:00:00,0.0,0.0,24.69,0.0,6.16,8.51,323.2,24.22,1,5,145,9.377212536109957
2025-05-25 02:00:00,0.0,0.0,23.85,0.0,6.22,8.52,323.3,23.99,2,5,145,9.388231587268722
2025-05-25 03:00:00,0.0,0.0,23.19,0.0,6.22,8.45,325.7,23.74,3,5,145,9.31109822915736
2025-05-25 04:00:00,0.0,0.0,22.73,0.0,6.15,8.3,326.8,23.48,4,5,145,9.145812461775868
2025-05-25 05:00:00,44.72,69.0,22.93,45.55,6.48,8.24,325.3,23.6,5,5,145,9.079698154823273
2025-05-25 06:00:00,251.93,444.29,25.94,255.8,6.98,8.2,320.5,24.43,6,5,145,9.035621950188206
2025-05-25 07:00:00,495.33,652.78,28.96,499.33,7.33,8.92,323.6,25.66,7,5,145,9.828993633619367
2025-05-25 08:00:00,720.97,781.57,32.32,723.97,7.15,9.18,332.3,27.31,8,5,145,10.115488963747286
2025-05-25 09:00:00,903.9,855.77,35.15,905.88,6.66,8.99,338.8,29.12,9,5,145,9.90612699173073
2025-05-25 10:00:00,1027.43,876.46,37.13,1028.68,6.39,8.78,339.9,30.83,10,5,145,9.67472691739664
2025-05-25 11:00:00,1074.8,857.28,38.59,1075.65,6.69,9.17,337.6,32.04,11,5,145,10.10446991258852
2025-05-25 12:00:00,1059.0,906.47,39.69,1059.43,6.81,9.36,340.9,32.72,12,5,145,10.313831884605076
2025-05-25 13:00:00,944.23,696.83,40.41,947.43,6.72,9.19,342.6,33.16,13,5,145,10.126508014906051
2025-05-25 14:00:00,821.72,768.61,40.67,822.15,6.91,9.52,340.9,33.31,14,5,145,10.490136703145334
2025-05-25 15:00:00,617.42,681.17,40.47,618.2,7.29,10.24,339.4,33.17,15,5,145,11.283508386576493
2025-05-25 16:00:00,380.85,531.47,39.75,381.73,7.55,10.83,338.1,32.75,16,5,145,11.933632404943694
2025-05-25 17:00:00,147.57,262.8,37.13,148.05,7.31,10.98,337.5,31.82,17,5,145,12.098918172325186
2025-05-25 18:00:00,8.7,1.46,32.5,8.7,6.79,11.18,341.6,30.51,18,5,145,12.319299195500507
2025-05-25 19:00:00,0.0,0.0,30.69,0.0,6.59,11.02,349.0,29.63,19,5,145,12.14299437696025
2025-05-25 20:00:00,0.0,0.0,29.65,0.0,5.97,10.01,355.9,28.99,20,5,145,11.030070209924872
2025-05-25 21:00:00,0.0,0.0,28.76,0.0,4.97,8.68,357.6,28.18,21,5,145,9.56453640580898
2025-05-25 22:00:00,0.0,0.0,27.82,0.0,4.21,7.41,346.6,26.92,22,5,145,8.165116908645684
2025-05-25 23:00:00,0.0,0.0,26.72,0.0,3.99,6.91,334.5,26.0,23,5,145,7.61416435070738
2025-05-26 00:00:00,0.0,0.0,25.53,0.0,4.03,6.62,326.5,25.36,0,5,146,7.294611867103162
2025-05-26 01:00:00,0.0,0.0,24.52,0.0,4.31,6.46,318.1,25.03,1,5,146,7.1183070485629045
2025-05-26 02:00:00,0.0,0.0,23.93,0.0,5.02,7.02,305.8,25.18,2,5,146,7.735373913453806
2025-05-26 03:00:00,0.0,0.0,23.61,0.0,5.98,8.05,298.1,24.76,3,5,146,8.870336182806717
2025-05-26 04:00:00,0.0,0.0,23.35,0.0,6.31,8.49,294.4,24.24,4,5,146,9.355174433792424
2025-05-26 05:00:00,44.1,56.28,23.54,44.17,6.03,8.38,291.9,24.49,5,5,146,9.233964871045998
2025-05-26 06:00:00,244.98,407.57,26.3,245.4,5.35,7.37,289.4,25.52,6,5,146,8.121040704010621
2025-05-26 07:00:00,483.92,607.49,29.06,484.45,4.1,5.67,289.6,26.69,7,5,146,6.247802007020383
2025-05-26 08:00:00,707.15,713.92,32.71,707.7,3.07,4.01,292.4,28.46,8,5,146,4.418639514665209
2025-05-26 09:00:00,887.38,774.87,36.71,887.95,1.91,2.43,300.4,30.81,9,5,146,2.677629431580164
2025-05-26 10:00:00,1008.4,816.44,39.53,1009.03,1.44,1.65,337.2,32.78,10,5,146,1.8181434411964075
2025-05-26 11:00:00,1057.03,870.4,41.04,1057.72,1.92,2.05,15.0,33.74,11,5,146,2.2589054875470516
2025-05-26 12:00:00,1037.28,817.49,42.1,1038.03,2.48,2.74,28.3,34.24,12,5,146,3.0192200175019135
2025-05-26 13:00:00,946.9,722.01,42.81,947.22,2.89,3.32,26.1,34.7,13,5,146,3.6583249847103474
2025-05-26 14:00:00,792.5,653.94,43.08,792.9,3.04,3.64,15.0,35.47,14,5,146,4.010934621790863
2025-05-26 15:00:00,585.72,545.3,42.9,586.12,2.97,3.66,2.5,35.96,15,5,146,4.0329727241083955
2025-05-26 16:00:00,349.55,370.14,42.14,349.85,2.75,3.45,348.3,36.28,16,5,146,3.801572649774307
2025-05-26 17:00:00,128.27,117.79,39.58,128.38,2.36,3.37,336.0,35.74,17,5,146,3.713420240504178
2025-05-26 18:00:00,7.9,0.0,35.19,7.9,2.98,4.43,320.3,33.55,18,5,146,4.881439663333385
2025-05-26 19:00:00,0.0,0.0,33.87,0.0,4.41,7.3,310.8,31.2,19,5,146,8.043907345899258
2025-05-26 20:00:00,0.0,0.0,33.46,0.0,6.4,10.81,316.6,30.18,20,5,146,11.911594302626161
2025-05-26 21:00:00,0.0,0.0,32.67,0.0,8.32,12.64,333.7,28.88,21,5,146,13.92808066468036
2025-05-26 22:00:00,0.0,0.0,31.5,0.0,8.63,12.26,342.2,27.16,22,5,146,13.509356720647247
2025-05-26 23:00:00,0.0,0.0,30.2,0.0,8.71,11.92,338.8,26.14,23,5,146,13.134708981249199
2025-05-27 00:00:00,0.0,0.0,29.06,0.0,9.02,11.78,338.2,25.46,0,5,147,12.980442265026474
2025-05-27 01:00:00,0.0,0.0,28.12,0.0,9.01,11.42,338.7,24.84,1,5,147,12.583756423310893
2025-05-27 02:00:00,0.0,0.0,27.25,0.0,8.96,11.05,338.2,24.3,2,5,147,12.176051530436549
2025-05-27 03:00:00,0.0,0.0,26.49,0.0,8.89,10.76,336.0,23.77,3,5,147,11.856499046832331
2025-05-27 04:00:00,0.0,0.0,25.79,0.0,8.77,10.39,333.2,23.23,4,5,147,11.448794153957985
2025-05-27 05:00:00,28.58,0.0,25.3,28.67,9.21,10.82,332.6,22.74,5,5,147,11.922613353784927
2025-05-27 06:00:00,155.57,19.37,25.9,156.48,10.28,11.83,334.3,22.76,6,5,147,13.035537520820304
2025-05-27 07:00:00,332.27,60.61,27.47,333.77,10.44,11.86,333.6,23.22,7,5,147,13.068594674296602
2025-05-27 08:00:00,550.33,155.24,29.57,552.33,10.26,11.7,333.3,23.99,8,5,147,12.892289855756344
2025-05-27 09:00:00,743.08,230.28,31.72,745.4,9.87,11.45,332.5,24.86,9,5,147,12.616813576787191
2025-05-27 10:00:00,881.42,286.32,33.85,883.47,9.33,11.22,331.7,25.82,10,5,147,12.363375400135572
2025-05-27 11:00:00,975.0,404.82,35.74,976.55,8.72,11.01,332.4,26.74,11,5,147,12.131975325801482
2025-05-27 12:00:00,962.38,420.8,37.12,963.22,8.15,10.79,334.1,27.48,12,5,147,11.889556200308627
2025-05-27 13:00:00,874.38,371.0,37.84,876.33,7.73,10.64,335.3,28.03,13,5,147,11.724270432927138
2025-05-27 14:00:00,722.75,322.28,37.73,724.45,7.57,10.63,336.3,28.42,14,5,147,11.713251381768373
2025-05-27 15:00:00,522.12,244.4,36.94,523.47,7.56,10.73,337.2,28.59,15,5,147,11.823441893356033
2025-05-27 16:00:00,304.02,139.42,35.47,304.8,7.54,10.81,338.2,28.45,16,5,147,11.911594302626161
2025-05-27 17:00:00,115.72,28.66,33.4,115.9,7.19,10.42,338.1,28.07,17,5,147,11.481851307434283
2025-05-27 18:00:00,7.95,0.0,30.28,7.93,6.38,10.1,336.9,27.31,18,5,147,11.129241670353768
2025-05-27 19:00:00,0.0,0.0,28.26,0.0,6.56,10.57,335.2,26.8,19,5,147,11.647137074815776
2025-05-27 20:00:00,0.0,0.0,26.88,0.0,7.82,11.67,335.4,26.55,20,5,147,12.859232702280046
2025-05-27 21:00:00,0.0,0.0,25.75,0.0,9.32,12.58,338.6,26.07,21,5,147,13.861966357727763
2025-05-27 22:00:00,0.0,0.0,24.83,0.0,9.65,12.21,341.8,25.11,22,5,147,13.454261464853417
2025-05-27 23:00:00,0.0,0.0,24.07,0.0,9.14,11.23,343.4,24.01,23,5,147,12.374394451294338
2025-05-28 00:00:00,0.0,0.0,23.37,0.0,8.74,10.5,345.2,23.21,0,5,148,11.570003716704411
2025-05-28 01:00:00,0.0,0.0,22.67,0.0,8.29,9.99,345.6,22.6,1,5,148,11.00803210760734
2025-05-28 02:00:00,0.0,0.0,21.94,0.0,8.25,10.0,344.8,22.1,2,5,148,11.019051158766107
2025-05-28 03:00:00,0.0,0.0,21.28,0.0,8.2,9.97,342.4,21.68,3,5,148,10.98599400528981
2025-05-28 04:00:00,0.0,0.0,20.69,0.0,8.2,10.0,338.5,21.31,4,5,148,11.019051158766107
2025-05-28 05:00:00,39.2,5.9,20.59,39.33,8.59,10.12,336.3,21.12,5,5,148,11.151279772671298
2025-05-28 06:00:00,221.23,212.95,22.26,222.2,9.38,10.65,336.0,21.42,6,5,148,11.735289484085904
2025-05-28 07:00:00,462.75,456.6,25.58,463.73,9.82,10.99,335.7,22.05,7,5,148,12.109937223483952
2025-05-28 08:00:00,694.95,617.77,27.92,695.55,10.01,11.17,333.9,22.99,8,5,148,12.30828014434174
2025-05-28 09:00:00,883.5,708.28,29.88,883.8,10.0,11.16,332.3,24.06,9,5,148,12.297261093182975
2025-05-28 10:00:00,1011.92,762.75,31.73,1012.03,9.81,11.14,330.6,25.15,10,5,148,12.275222990865444
2025-05-28 11:00:00,1077.43,877.67,33.35,1077.45,9.54,11.16,328.9,26.11,11,5,148,12.297261093182975
2025-05-28 12:00:00,1061.95,898.28,34.52,1061.95,9.3,11.24,327.8,26.85,12,5,148,12.385413502453105
2025-05-28 13:00:00,975.47,808.97,35.17,975.8,9.04,11.28,329.4,27.31,13,5,148,12.429489707088168
2025-05-28 14:00:00,823.67,751.78,35.22,824.28,8.69,11.24,333.3,27.61,14,5,148,12.385413502453105
2025-05-28 15:00:00,619.25,660.54,34.78,620.08,8.41,11.26,336.6,27.86,15,5,148,12.407451604770635
2025-05-28 16:00:00,382.55,499.48,33.75,383.3,8.11,11.12,338.0,27.82,16,5,148,12.25318488854791
2025-05-28 17:00:00,150.43,243.54,32.11,150.73,7.37,10.41,337.2,27.51,17,5,148,11.470832256275518
2025-05-28 18:00:00,9.43,0.9,28.63,9.43,5.96,9.6,334.5,26.68,18,5,148,10.578289112415462
2025-05-28 19:00:00,0.0,0.0,27.02,0.0,5.6,9.69,335.9,26.13,19,5,148,10.677460572844357
2025-05-28 20:00:00,0.0,0.0,26.27,0.0,5.85,9.95,342.7,25.92,20,5,148,10.963955902972275
2025-05-28 21:00:00,0.0,0.0,25.45,0.0,6.51,10.22,352.6,25.62,21,5,148,11.261470284258962
2025-05-28 22:00:00,0.0,0.0,24.64,0.0,6.94,10.01,356.5,25.03,22,5,148,11.030070209924872
2025-05-28 23:00:00,0.0,0.0,23.8,0.0,6.68,9.1,354.1,24.16,23,5,148,10.027336554477156
2025-05-29 00:00:00,0.0,0.0,22.9,0.0,6.33,8.16,348.3,23.25,0,5,149,8.991545745553143
2025-05-29 01:00:00,0.0,0.0,21.98,0.0,6.02,7.66,343.4,22.49,1,5,149,8.440593187614837
2025-05-29 02:00:00,0.0,0.0,21.19,0.0,5.55,7.07,340.9,22.01,2,5,149,7.790469169247638
2025-05-29 03:00:00,0.0,0.0,20.48,0.0,4.88,6.28,336.9,21.56,3,5,149,6.919964127705115
2025-05-29 04:00:00,0.0,0.0,19.84,0.0,4.53,5.86,332.0,21.23,4,5,149,6.457163979036939
2025-05-29 05:00:00,43.83,43.59,20.03,44.7,4.79,5.86,328.0,21.56,5,5,149,6.457163979036939
2025-05-29 06:00:00,240.2,381.4,22.27,245.98,5.24,5.76,327.4,22.75,6,5,149,6.346973467449277
2025-05-29 07:00:00,477.55,587.99,25.88,486.0,6.02,6.83,332.6,24.49,7,5,149,7.526011941437251
2025-05-29 08:00:00,700.85,739.88,29.51,709.28,6.57,8.06,334.7,25.95,8,5,149,8.881355233965483
2025-05-29 09:00:00,884.1,806.27,31.52,890.95,6.77,8.68,334.7,26.83,9,5,149,9.56453640580898
2025-05-29 10:00:00,1011.42,831.67,33.13,1015.75,6.56,8.78,334.1,27.51,10,5,149,9.67472691739664
2025-05-29 11:00:00,1067.45,886.04,34.45,1069.88,6.13,8.45,334.5,27.98,11,5,149,9.31109822915736
2025-05-29 12:00:00,1054.25,919.67,35.36,1054.5,5.79,8.04,336.0,28.25,12,5,149,8.859317131647948
2025-05-29 13:00:00,968.95,837.15,35.88,969.35,5.62,7.82,339.6,28.44,13,5,149,8.616898006155095
2025-05-29 14:00:00,820.15,788.19,35.92,820.72,5.58,7.77,345.9,28.53,14,5,149,8.561802750361265
2025-05-29 15:00:00,619.65,704.18,35.47,620.35,5.55,7.74,353.1,28.5,15,5,149,8.528745596884967
2025-05-29 16:00:00,386.17,554.33,34.52,386.77,5.38,7.52,358.2,28.33,16,5,149,8.286326471392112
2025-05-29 17:00:00,155.32,297.31,32.9,155.62,4.86,6.86,1.7,28.03,17,5,149,7.55906909491355
2025-05-29 18:00:00,9.9,2.35,28.96,9.93,3.69,6.12,5.3,26.89,18,5,149,6.743659309164857
2025-05-29 19:00:00,0.0,0.0,27.28,0.0,3.44,5.62,3.8,26.11,19,5,149,6.192706751226552
2025-05-29 20:00:00,0.0,0.0,26.37,0.0,3.29,5.26,359.7,25.77,20,5,149,5.796020909510972
2025-05-29 21:00:00,0.0,0.0,25.46,0.0,3.17,5.07,354.3,25.4,21,5,149,5.586658937494416
2025-05-29 22:00:00,0.0,0.0,24.61,0.0,3.17,5.16,349.2,24.97,22,5,149,5.685830397923311
2025-05-29 23:00:00,0.0,0.0,23.83,0.0,3.16,5.29,349.3,24.53,23,5,149,5.8290780629872705
2025-05-30 00:00:00,0.0,0.0,23.08,0.0,3.09,5.21,351.6,24.14,0,5,150,5.740925653717142
2025-05-30 01:00:00,0.0,0.0,22.37,0.0,2.93,4.78,349.1,23.85,1,5,150,5.267106453890199
2025-05-30 02:00:00,0.0,0.0,21.66,0.0,2.82,4.19,341.8,23.66,2,5,150,4.616982435522999
2025-05-30 03:00:00,0.0,0.0,20.99,0.0,2.84,3.73,330.1,23.44,3,5,150,4.110106082219758
2025-05-30 04:00:00,0.0,0.0,20.33,0.0,2.84,3.61,316.6,23.09,4,5,150,3.9778774683145643
2025-05-30 05:00:00,43.67,35.28,20.55,44.5,3.19,4.1,301.8,23.08,5,5,150,4.517810975094103
2025-05-30 06:00:00,241.62,346.23,23.18,246.43,4.04,4.56,297.0,23.88,6,5,150,5.024687328397344
2025-05-30 07:00:00,481.08,565.01,26.5,487.85,3.53,4.36,306.3,25.18,7,5,150,4.804306305222023
2025-05-30 08:00:00,706.1,702.16,30.89,713.0,2.76,3.61,314.7,26.5,8,5,150,3.9778774683145643
2025-05-30 09:00:00,890.85,764.61,32.87,896.58,2.35,2.91,325.2,27.79,9,5,150,3.206543887200937
2025-05-30 10:00:00,1016.1,784.51,34.23,1020.5,2.19,2.56,345.3,28.72,10,5,150,2.8208770966441232
2025-05-30 11:00:00,1076.12,854.1,35.35,1078.97,2.5,2.84,14.3,29.29,11,5,150,3.129410529089574
2025-05-30 12:00:00,1062.35,906.18,36.18,1063.93,3.08,3.61,32.5,29.59,12,5,150,3.9778774683145643
2025-05-30 13:00:00,978.78,822.88,36.63,979.0,3.56,4.35,39.5,29.64,13,5,150,4.793287254063256
2025-05-30 14:00:00,828.2,772.8,36.61,830.1,3.75,4.69,41.0,29.58,14,5,150,5.167934993461304
2025-05-30 15:00:00,625.85,689.88,36.09,628.5,3.63,4.57,40.7,29.51,15,5,150,5.035706379556111
2025-05-30 16:00:00,390.48,538.23,35.07,393.17,3.35,4.24,40.4,29.34,16,5,150,4.672077691316829
2025-05-30 17:00:00,155.32,272.54,33.43,156.73,2.89,3.72,42.0,29.12,17,5,150,4.099087031060992
2025-05-30 18:00:00,10.23,1.23,29.24,10.3,1.98,2.96,45.5,28.32,18,5,150,3.2616391429947673
2025-05-30 19:00:00,0.0,0.0,27.32,0.0,1.18,1.63,55.5,28.6,19,5,150,1.7961053388788752
2025-05-30 20:00:00,0.0,0.0,26.24,0.0,0.47,0.62,117.0,28.88,20,5,150,0.6831811718434986
2025-05-30 21:00:00,0.0,0.0,25.26,0.0,0.98,1.35,183.0,28.06,21,5,150,1.4875719064334245
2025-05-30 22:00:00,0.0,0.0,24.39,0.0,1.5,2.12,192.8,27.0,22,5,150,2.3360388456584147
2025-05-30 23:00:00,0.0,0.0,23.62,0.0,1.69,2.43,199.5,26.25,23,5,150,2.677629431580164
2025-05-31 00:00:00,0.0,0.0,22.92,0.0,1.77,2.58,204.3,25.63,0,5,151,2.8429151989616557
2025-05-31 01:00:00,0.0,0.0,22.29,0.0,1.8,2.67,209.9,25.13,1,5,151,2.9420866593905504
2025-05-31 02:00:00,0.0,0.0,21.7,0.0,2.03,3.13,217.6,24.62,2,5,151,3.4489630126937914
2025-05-31 03:00:00,0.0,0.0,21.15,0.0,2.52,4.13,224.8,24.21,3,5,151,4.550868128570402
2025-05-31 04:00:00,0.0,0.0,20.65,0.0,3.35,5.32,232.7,24.03,4,5,151,5.862135216463569
2025-05-31 05:00:00,43.25,32.73,21.08,44.4,3.99,5.89,240.6,24.33,5,5,151,6.490221132513237
2025-05-31 06:00:00,236.88,328.37,24.72,243.88,3.99,4.89,245.1,25.44,6,5,151,5.388316016636626
2025-05-31 07:00:00,472.77,536.35,27.87,483.45,2.62,3.62,242.4,26.68,7,5,151,3.9888965194733306
2025-05-31 08:00:00,695.5,657.22,32.05,707.1,2.34,3.25,237.2,29.02,8,5,151,3.5811916265989847
2025-05-31 09:00:00,878.58,724.18,33.94,888.85,2.0,2.81,228.0,30.75,9,5,151,3.096353375613276
2025-05-31 10:00:00,1004.42,744.37,35.39,1012.33,1.89,2.68,222.0,31.88,10,5,151,2.9531057105493166
2025-05-31 11:00:00,1060.95,782.08,36.53,1066.0,1.7,2.44,221.2,32.84,11,5,151,2.68864848273893
2025-05-31 12:00:00,1048.03,837.26,37.27,1050.53,1.6,2.32,228.7,33.52,12,5,151,2.5564198688337365
2025-05-31 13:00:00,964.38,759.01,37.58,964.45,1.92,2.61,246.5,33.67,13,5,151,2.875972352437954
2025-05-31 14:00:00,813.72,704.08,37.41,814.38,2.54,3.29,262.0,33.28,14,5,151,3.625267831234049
2025-05-31 15:00:00,610.92,610.45,36.74,612.1,3.17,4.03,271.8,32.6,15,5,151,4.440677616982741
2025-05-31 16:00:00,376.9,456.28,35.65,378.27,3.61,4.6,279.1,31.74,16,5,151,5.068763533032409
2025-05-31 17:00:00,148.57,210.84,34.03,149.3,3.92,5.14,285.6,30.83,17,5,151,5.663792295605778
2025-05-31 18:00:00,10.2,0.4,30.33,10.23,3.57,5.77,292.3,29.2,18,5,151,6.357992518608043
2025-05-31 19:00:00,0.0,0.0,28.44,0.0,3.71,6.3,293.5,28.02,19,5,151,6.942002230022647
2025-05-31 20:00:00,0.0,0.0,27.4,0.0,3.8,6.64,292.6,27.34,20,5,151,7.316649969420695
2025-05-31 21:00:00,0.0,0.0,26.45,0.0,3.78,6.67,293.8,26.73,21,5,151,7.3497071228969935
2025-05-31 22:00:00,0.0,0.0,25.57,0.0,3.67,6.51,298.2,26.15,22,5,151,7.173402304356735
2025-05-31 23:00:00,0.0,0.0,24.7,0.0,3.59,6.37,306.8,25.62,23,5,151,7.01913558813401
2025-06-01 00:00:00,0.0,0.0,23.86,0.0,3.59,6.24,319.5,25.11,0,6,152,6.875887923070051
2025-06-01 01:00:00,0.0,0.0,23.12,0.0,3.8,6.13,332.1,24.64,1,6,152,6.754678360323624
2025-06-01 02:00:00,0.0,0.0,22.45,0.0,4.12,6.04,338.0,24.2,2,6,152,6.655506899894728
2025-06-01 03:00:00,0.0,0.0,21.84,0.0,4.18,5.78,335.5,23.8,3,6,152,6.36901156976681
2025-06-01 04:00:00,0.0,0.0,21.26,0.0,4.17,5.57,327.9,23.43,4,6,152,6.137611495432722
2025-06-01 05:00:00,41.78,20.82,21.56,42.2,4.5,5.51,319.6,23.48,5,6,152,6.071497188480125
2025-06-01 06:00:00,230.48,280.11,24.28,233.25,4.74,5.19,317.6,24.14,6,6,152,5.71888755139961
2025-06-01 07:00:00,464.8,492.74,27.46,469.02,4.11,4.74,318.5,25.12,7,6,152,5.223030249255134
2025-06-01 08:00:00,686.88,635.63,31.56,691.6,3.03,3.99,319.0,26.09,8,6,152,4.396601412347676
2025-06-01 09:00:00,870.05,706.34,34.02,874.17,2.56,3.24,329.0,27.24,9,6,152,3.570172575440219
2025-06-01 10:00:00,995.47,748.81,35.81,998.7,2.31,2.64,346.0,28.65,10,6,152,2.909029505914252
2025-06-01 11:00:00,1048.68,765.53,37.09,1050.9,2.39,2.6,6.6,29.87,11,6,152,2.8649533012791877
2025-06-01 12:00:00,1035.75,790.11,37.97,1036.2,2.73,3.0,15.3,30.47,12,6,152,3.3057153476298318
2025-06-01 13:00:00,949.97,710.07,38.42,950.6,3.0,3.37,13.5,30.82,13,6,152,3.713420240504178
2025-06-01 14:00:00,800.42,655.56,38.4,801.2,3.21,3.72,10.7,30.9,14,6,152,4.099087031060992
2025-06-01 15:00:00,599.03,563.06,37.94,599.9,3.29,3.93,7.6,30.81,15,6,152,4.33048710539508
2025-06-01 16:00:00,367.42,412.7,36.98,368.15,3.31,4.06,6.4,30.46,16,6,152,4.473734770459039
2025-06-01 17:00:00,143.82,178.05,35.32,144.12,3.2,4.08,9.0,29.93,17,6,152,4.495772872776572
2025-06-01 18:00:00,10.05,0.43,31.38,10.07,2.67,4.09,15.0,28.62,18,6,152,4.506791923935338
2025-06-01 19:00:00,0.0,0.0,29.74,0.0,2.57,3.92,14.0,27.63,19,6,152,4.319468054236314
2025-06-01 20:00:00,0.0,0.0,28.78,0.0,2.54,3.86,2.8,27.14,20,6,152,4.253353747283717
2025-06-01 21:00:00,0.0,0.0,27.8,0.0,2.88,4.6,349.0,26.55,21,6,152,5.068763533032409
2025-06-01 22:00:00,0.0,0.0,26.82,0.0,3.55,6.18,343.0,26.06,22,6,152,6.809773616117454
2025-06-01 23:00:00,0.0,0.0,25.9,0.0,5.01,8.02,341.7,25.76,23,6,152,8.837279029330418
2025-06-02 00:00:00,0.0,0.0,24.98,0.0,7.11,9.26,340.6,25.16,0,6,153,10.203641373017415
2025-06-02 01:00:00,0.0,0.0,24.06,0.0,8.08,9.74,337.9,24.26,1,6,153,10.732555828638189
2025-06-02 02:00:00,0.0,0.0,23.23,0.0,8.17,9.67,334.4,23.68,2,6,153,10.655422470526824
2025-06-02 03:00:00,0.0,0.0,22.45,0.0,7.98,9.4,336.2,23.37,3,6,153,10.35790808924014
2025-06-02 04:00:00,0.0,0.0,21.73,0.0,7.64,9.05,339.0,23.17,4,6,153,9.972241298683327
2025-06-02 05:00:00,41.3,28.71,21.93,42.4,7.73,8.94,338.5,23.2,5,6,153,9.851031735936898
2025-06-02 06:00:00,224.93,306.92,24.22,232.0,8.12,9.18,338.1,23.86,6,6,153,10.115488963747286
2025-06-02 07:00:00,452.62,521.61,27.54,464.83,8.48,9.81,337.9,25.08,7,6,153,10.809689186749551
2025-06-02 08:00:00,670.5,645.9,31.42,684.4,8.81,10.64,336.8,26.37,8,6,153,11.724270432927138
2025-06-02 09:00:00,850.33,708.25,33.72,862.85,8.8,10.97,334.0,27.38,9,6,153,12.08789912116642
2025-06-02 10:00:00,974.12,738.28,35.39,983.35,8.54,10.9,330.2,27.99,10,6,153,12.010765763055057
2025-06-02 11:00:00,1035.45,798.05,36.64,1040.25,8.21,10.7,328.6,28.28,11,6,153,11.790384739879734
2025-06-02 12:00:00,1021.78,804.65,37.47,1021.78,7.91,10.46,330.1,28.36,12,6,153,11.525927512069348
2025-06-02 13:00:00,932.35,697.79,37.8,932.58,7.66,10.27,333.1,28.38,13,6,153,11.31656554005279
2025-06-02 14:00:00,777.45,614.04,37.62,777.9,7.48,10.15,336.2,28.41,14,6,153,11.184336926147598
2025-06-02 15:00:00,571.53,490.9,36.91,572.12,7.49,10.26,338.4,28.36,15,6,153,11.305546488894025
2025-06-02 16:00:00,339.4,315.83,35.68,339.95,7.56,10.45,338.2,28.21,16,6,153,11.514908460910581
2025-06-02 17:00:00,130.6,109.84,34.03,130.77,7.45,10.44,334.8,27.9,17,6,153,11.503889409751816
2025-06-02 18:00:00,9.62,0.0,31.61,9.6,6.76,10.18,331.3,27.17,18,6,153,11.217394079623896
2025-06-02 19:00:00,0.0,0.0,29.93,0.0,6.65,10.24,331.6,26.62,19,6,153,11.283508386576493
2025-06-02 20:00:00,0.0,0.0,28.74,0.0,6.73,10.17,336.2,26.23,20,6,153,11.20637502846513
2025-06-02 21:00:00,0.0,0.0,27.65,0.0,7.19,10.26,345.0,25.81,21,6,153,11.305546488894025
2025-06-02 22:00:00,0.0,0.0,26.52,0.0,8.14,10.7,350.9,25.22,22,6,153,11.790384739879734
2025-06-02 23:00:00,0.0,0.0,25.48,0.0,9.07,11.21,351.6,24.42,23,6,153,12.352356348976807
2025-06-03 00:00:00,0.0,0.0,24.57,0.0,8.99,10.67,346.7,23.57,0,6,154,11.757327586403436
2025-06-03 01:00:00,0.0,0.0,23.72,0.0,8.64,10.15,344.4,22.85,1,6,154,11.184336926147598
2025-06-03 02:00:00,0.0,0.0,22.89,0.0,8.56,10.17,347.0,22.4,2,6,154,11.20637502846513
2025-06-03 03:00:00,0.0,0.0,22.11,0.0,8.54,10.14,349.6,22.01,3,6,154,11.173317874988832
2025-06-03 04:00:00,0.0,0.0,21.41,0.0,8.29,9.86,349.7,21.62,4,6,154,10.86478444254338
2025-06-03 05:00:00,41.95,47.38,21.2,42.22,8.55,9.94,348.3,21.48,5,6,154,10.95293685181351
2025-06-03 06:00:00,234.05,377.75,22.78,235.75,9.24,10.43,346.6,21.89,6,6,154,11.492870358593049
2025-06-03 07:00:00,468.77,606.72,25.36,470.83,9.85,11.08,344.1,22.8,7,6,154,12.209108683912847
2025-06-03 08:00:00,689.38,731.53,27.64,691.15,10.23,11.57,341.7,24.01,8,6,154,12.749042190692386
2025-06-03 09:00:00,869.95,817.19,29.73,871.33,10.18,11.74,339.1,25.33,9,6,154,12.936366060391409
2025-06-03 10:00:00,994.0,852.72,31.55,995.0,10.07,11.95,336.3,26.52,10,6,154,13.167766134725497
2025-06-03 11:00:00,1041.93,930.56,33.06,1042.6,10.11,12.28,332.2,27.48,11,6,154,13.531394822964778
2025-06-03 12:00:00,1030.22,900.23,34.21,1030.32,10.17,12.6,328.7,28.18,12,6,154,13.884004460045293
2025-06-03 13:00:00,949.22,818.8,35.01,949.6,10.32,12.97,326.1,28.62,13,6,154,14.291709352919641
2025-06-03 14:00:00,805.17,772.67,35.22,806.05,10.41,13.28,325.0,28.83,14,6,154,14.63329993884139
2025-06-03 15:00:00,609.12,689.29,34.88,610.55,10.38,13.43,325.5,28.88,15,6,154,14.79858570622288
2025-06-03 16:00:00,380.65,544.93,33.96,382.27,10.18,13.33,326.6,28.69,16,6,154,14.68839519463522
2025-06-03 17:00:00,154.35,301.97,32.39,155.35,9.71,12.81,327.1,28.17,17,6,154,14.115404534379383
2025-06-03 18:00:00,11.25,6.37,29.09,11.32,9.0,12.22,327.5,27.31,18,6,154,13.465280516012182
2025-06-03 19:00:00,0.0,0.0,27.4,0.0,9.01,12.06,332.3,26.62,19,6,154,13.288975697471924
2025-06-03 20:00:00,0.0,0.0,26.45,0.0,8.73,11.65,343.3,26.06,20,6,154,12.837194599962515
2025-06-03 21:00:00,0.0,0.0,25.55,0.0,8.49,11.23,353.0,25.56,21,6,154,12.374394451294338
2025-06-03 22:00:00,0.0,0.0,24.77,0.0,8.12,10.18,351.3,24.6,22,6,154,11.217394079623896
2025-06-03 23:00:00,0.0,0.0,24.06,0.0,8.07,9.75,344.2,23.53,23,6,154,10.743574879796954
2025-06-04 00:00:00,0.0,0.0,23.48,0.0,8.38,9.91,336.1,22.64,0,6,155,10.919879698337212
2025-06-04 01:00:00,0.0,0.0,22.93,0.0,8.82,10.32,329.5,21.96,1,6,155,11.371660795846623
2025-06-04 02:00:00,0.0,0.0,22.14,0.0,9.08,10.57,326.9,21.49,2,6,155,11.647137074815776
2025-06-04 03:00:00,0.0,0.0,21.24,0.0,9.25,10.82,330.9,21.26,3,6,155,11.922613353784927
2025-06-04 04:00:00,0.0,0.0,20.53,0.0,8.87,10.43,335.1,21.01,4,6,155,11.492870358593049
2025-06-04 05:00:00,45.03,79.25,20.54,45.25,8.3,9.47,335.7,21.0,5,6,155,10.435041447351503
2025-06-04 06:00:00,240.1,415.35,22.26,241.2,7.97,8.7,338.9,22.17,6,6,155,9.586574508126512
2025-06-04 07:00:00,473.23,619.49,25.23,474.42,7.3,8.13,344.7,24.24,7,6,155,8.958488592076845
2025-06-04 08:00:00,692.9,727.11,28.15,693.88,6.68,8.01,347.2,26.16,8,6,155,8.82625997817165
2025-06-04 09:00:00,873.15,798.49,30.7,873.83,6.56,8.61,350.4,27.86,9,6,155,9.487403047697617
2025-06-04 10:00:00,997.28,819.14,32.8,997.78,6.77,9.42,352.9,29.25,10,6,155,10.379946191557673
2025-06-04 11:00:00,1054.5,864.54,34.49,1054.9,7.01,9.9,352.6,30.24,11,6,155,10.908860647178447
2025-06-04 12:00:00,1041.12,876.64,35.75,1041.53,7.32,10.35,349.9,30.78,12,6,155,11.40471794932292
2025-06-04 13:00:00,957.3,832.42,36.61,957.75,7.78,10.98,346.0,31.03,13,6,155,12.098918172325186
2025-06-04 14:00:00,810.03,768.22,36.98,810.55,8.33,11.75,342.2,31.02,14,6,155,12.947385111550176
2025-06-04 15:00:00,610.83,682.95,36.81,611.45,8.94,12.57,339.1,30.86,15,6,155,13.850947306568996
2025-06-04 16:00:00,380.0,530.17,36.12,380.58,9.43,13.14,337.9,30.46,16,6,155,14.479033222618664
2025-06-04 17:00:00,153.07,290.4,34.21,153.38,9.33,13.03,338.5,29.76,17,6,155,14.357823659872237
2025-06-04 18:00:00,11.3,6.73,29.54,11.32,8.98,12.92,342.0,28.79,18,6,155,14.236614097125809
2025-06-04 19:00:00,0.0,0.0,27.98,0.0,9.02,12.75,346.6,27.93,19,6,155,14.049290227426786
2025-06-04 20:00:00,0.0,0.0,27.46,0.0,9.25,12.74,353.3,27.27,20,6,155,14.03827117626802
2025-06-04 21:00:00,0.0,0.0,26.82,0.0,8.53,11.42,353.3,26.26,21,6,155,12.583756423310893
2025-06-04 22:00:00,0.0,0.0,25.86,0.0,7.89,10.24,349.3,25.24,22,6,155,11.283508386576493
2025-06-04 23:00:00,0.0,0.0,24.85,0.0,7.54,9.39,342.0,24.32,23,6,155,10.346889038081375
2025-06-05 00:00:00,0.0,0.0,23.87,0.0,7.45,9.0,336.3,23.45,0,6,156,9.917146042889495
2025-06-05 01:00:00,0.0,0.0,23.01,0.0,7.27,8.68,332.0,22.71,1,6,156,9.56453640580898
2025-06-05 02:00:00,0.0,0.0,22.3,0.0,7.29,8.63,326.8,22.18,2,6,156,9.509441150015151
2025-06-05 03:00:00,0.0,0.0,21.64,0.0,7.52,8.82,322.4,21.73,3,6,156,9.718803122031707
2025-06-05 04:00:00,0.0,0.0,21.04,0.0,7.56,8.84,320.6,21.34,4,6,156,9.740841224349237
2025-06-05 05:00:00,44.47,75.37,21.26,44.72,7.26,8.23,322.8,21.32,5,6,156,9.068679103664506
2025-06-05 06:00:00,239.65,412.18,23.42,240.8,7.01,7.63,327.4,22.38,6,6,156,8.40753603413854
2025-06-05 07:00:00,474.1,622.39,26.48,475.33,5.96,6.57,334.0,24.48,7,6,156,7.239516611309332
2025-06-05 08:00:00,694.88,733.16,29.91,695.85,4.85,5.66,327.5,26.58,8,6,156,6.236782955861616
2025-06-05 09:00:00,875.45,808.36,32.83,876.22,4.26,5.53,320.4,28.35,9,6,156,6.093535290797657
2025-06-05 10:00:00,999.15,833.87,35.02,999.83,4.0,5.11,317.5,29.92,10,6,156,5.630735142129481
2025-06-05 11:00:00,1047.78,853.73,36.73,1048.43,3.94,4.84,309.8,30.93,11,6,156,5.333220760842796
2025-06-05 12:00:00,1034.03,879.84,37.9,1034.65,4.17,5.2,305.5,31.33,12,6,156,5.729906602558375
2025-06-05 13:00:00,950.62,798.63,38.66,950.85,4.51,5.78,307.5,31.53,13,6,156,6.36901156976681
2025-06-05 14:00:00,803.17,746.84,38.98,803.85,4.84,6.36,311.4,31.5,14,6,156,7.008116536975244
2025-06-05 15:00:00,604.88,657.83,38.83,605.58,5.14,6.87,315.5,31.33,15,6,156,7.570088146072315
2025-06-05 16:00:00,375.77,515.4,38.11,376.42,5.44,7.42,319.3,31.04,16,6,156,8.176135959804451
2025-06-05 17:00:00,151.27,275.58,36.08,151.68,5.54,7.84,321.1,30.52,17,6,156,8.638936108472627
2025-06-05 18:00:00,11.43,6.06,31.43,11.43,5.04,8.61,321.1,29.07,18,6,156,9.487403047697617
2025-06-05 19:00:00,0.0,0.0,29.63,0.0,5.51,9.71,324.3,28.17,19,6,156,10.699498675161891
2025-06-05 20:00:00,0.0,0.0,28.68,0.0,5.69,9.49,329.4,27.47,20,6,156,10.457079549669036
2025-06-05 21:00:00,0.0,0.0,27.67,0.0,6.12,9.31,327.4,26.68,21,6,156,10.258736628811246
2025-06-05 22:00:00,0.0,0.0,26.69,0.0,7.26,9.8,324.0,25.84,22,6,156,10.798670135590786
2025-06-05 23:00:00,0.0,0.0,25.81,0.0,7.84,9.96,324.3,24.98,23,6,156,10.974974954131044
2025-06-06 00:00:00,0.0,0.0,24.98,0.0,7.9,9.62,324.0,24.21,0,6,157,10.600327214732994
2025-06-06 01:00:00,0.0,0.0,24.12,0.0,7.77,9.23,321.1,23.48,1,6,157,10.170584219541118
2025-06-06 02:00:00,0.0,0.0,23.22,0.0,7.88,9.31,316.8,22.98,2,6,157,10.258736628811246
2025-06-06 03:00:00,0.0,0.0,22.35,0.0,8.23,9.7,314.1,22.63,3,6,157,10.688479624003122
2025-06-06 04:00:00,0.0,0.0,21.58,0.0,8.39,9.9,313.2,22.51,4,6,157,10.908860647178447
2025-06-06 05:00:00,44.0,71.32,21.79,44.22,8.47,9.79,313.0,22.78,5,6,157,10.787651084432017
2025-06-06 06:00:00,236.12,396.12,24.51,237.3,8.69,9.79,314.4,23.78,6,6,157,10.787651084432017
2025-06-06 07:00:00,468.73,602.86,27.74,470.02,8.28,9.64,316.2,25.33,7,6,157,10.622365317050527
2025-06-06 08:00:00,688.22,712.05,31.7,689.35,7.85,9.7,316.5,26.84,8,6,157,10.688479624003122
2025-06-06 09:00:00,868.5,786.36,35.54,869.45,7.39,9.58,317.3,27.99,9,6,157,10.556251010097931
2025-06-06 10:00:00,991.42,810.63,38.22,992.3,6.59,9.01,316.2,29.08,10,6,157,9.928165094048262
2025-06-06 11:00:00,1027.4,782.85,39.79,1028.3,6.05,8.37,314.7,30.07,11,6,157,9.222945819887231
2025-06-06 12:00:00,1013.72,804.31,40.82,1014.62,5.75,7.89,315.6,30.79,12,6,157,8.694031364266458
2025-06-06 13:00:00,929.67,721.96,41.45,930.17,5.69,7.74,319.9,31.31,13,6,157,8.528745596884967
2025-06-06 14:00:00,781.85,661.19,41.64,782.55,5.79,7.86,325.3,31.63,14,6,157,8.66097421079016
2025-06-06 15:00:00,582.35,558.83,41.37,582.88,5.96,8.18,329.4,31.62,15,6,157,9.013583847870676
2025-06-06 16:00:00,354.05,404.15,40.56,354.38,6.19,8.63,330.6,31.31,16,6,157,9.509441150015151
2025-06-06 17:00:00,139.6,177.01,38.19,139.7,6.13,8.8,329.0,30.79,17,6,157,9.696765019714174
2025-06-06 18:00:00,10.95,1.05,33.56,10.95,5.65,9.53,327.1,29.56,18,6,157,10.501155754304099
2025-06-06 19:00:00,0.0,0.0,31.86,0.0,6.52,10.98,329.2,28.83,19,6,157,12.098918172325186
2025-06-06 20:00:00,0.0,0.0,30.94,0.0,7.14,11.27,334.8,28.23,20,6,157,12.418470655929402
2025-06-06 21:00:00,0.0,0.0,29.87,0.0,6.83,10.58,340.0,27.48,21,6,157,11.658156125974541
2025-06-06 22:00:00,0.0,0.0,28.81,0.0,6.72,9.96,337.0,26.81,22,6,157,10.974974954131044
2025-06-06 23:00:00,0.0,0.0,27.8,0.0,7.19,9.93,332.9,26.12,23,6,157,10.941917800654744
2025-06-07 00:00:00,0.0,0.0,26.74,0.0,7.7,10.03,330.3,25.32,0,6,158,11.052108312242405
2025-06-07 01:00:00,0.0,0.0,25.74,0.0,7.98,9.88,326.7,24.49,1,6,158,10.886822544860914
2025-06-07 02:00:00,0.0,0.0,24.79,0.0,8.19,9.87,321.7,23.83,2,6,158,10.875803493702147
2025-06-07 03:00:00,0.0,0.0,23.88,0.0,8.29,9.83,318.1,23.21,3,6,158,10.831727289067082
2025-06-07 04:00:00,0.0,0.0,23.06,0.0,8.32,9.8,315.7,22.76,4,6,158,10.798670135590786
2025-06-07 05:00:00,35.95,4.44,23.08,36.0,8.55,9.73,312.5,22.68,5,6,158,10.721536777479422
2025-06-07 06:00:00,195.23,147.48,25.14,196.12,8.72,9.65,310.5,23.51,6,6,158,10.633384368209294
2025-06-07 07:00:00,416.77,329.72,28.34,418.0,8.14,9.35,315.3,25.34,7,6,158,10.302812833446309
2025-06-07 08:00:00,639.25,461.33,32.26,640.28,7.33,9.14,316.5,27.28,8,6,158,10.071412759112222
2025-06-07 09:00:00,825.28,552.24,35.77,825.97,6.81,9.1,314.5,28.71,9,6,158,10.027336554477156
2025-06-07 10:00:00,953.35,592.47,38.44,953.75,6.55,9.05,311.0,29.72,10,6,158,9.972241298683327
2025-06-07 11:00:00,1047.0,851.32,40.11,1047.15,6.29,8.77,311.1,30.54,11,6,158,9.663707866237875
2025-06-07 12:00:00,1032.53,814.13,41.22,1032.53,6.21,8.66,314.7,31.09,12,6,158,9.542498303491449
2025-06-07 13:00:00,947.75,730.2,41.92,948.38,6.37,8.89,319.4,31.43,13,6,158,9.79593648014307
2025-06-07 14:00:00,799.38,672.75,42.12,800.72,6.66,9.37,322.5,31.7,14,6,158,10.324850935763841
2025-06-07 15:00:00,599.45,580.7,41.83,601.4,6.94,9.87,324.6,31.76,15,6,158,10.875803493702147
2025-06-07 16:00:00,369.33,425.38,40.97,371.3,7.09,10.21,325.3,31.52,16,6,158,11.250451233100195
2025-06-07 17:00:00,148.88,196.22,38.81,149.93,6.91,10.15,323.6,30.91,17,6,158,11.184336926147598
2025-06-07 18:00:00,11.7,0.96,34.21,11.77,6.34,10.43,322.6,29.66,18,6,158,11.492870358593049
2025-06-07 19:00:00,0.0,0.0,32.44,0.0,6.73,11.12,327.0,28.86,19,6,158,12.25318488854791
2025-06-07 20:00:00,0.0,0.0,31.51,0.0,6.9,11.01,336.4,28.24,20,6,158,12.131975325801482
2025-06-07 21:00:00,0.0,0.0,30.45,0.0,7.05,10.71,341.9,27.54,21,6,158,11.801403791038501
2025-06-07 22:00:00,0.0,0.0,29.31,0.0,7.45,10.55,341.2,26.75,22,6,158,11.625098972498243
2025-06-07 23:00:00,0.0,0.0,28.23,0.0,7.9,10.49,338.4,25.9,23,6,158,11.558984665545646
2025-06-08 00:00:00,0.0,0.0,27.22,0.0,8.09,10.27,335.2,25.11,0,6,159,11.31656554005279
2025-06-08 01:00:00,0.0,0.0,26.34,0.0,8.04,9.91,331.6,24.44,1,6,159,10.919879698337212
2025-06-08 02:00:00,0.0,0.0,25.53,0.0,7.93,9.6,326.4,23.89,2,6,159,10.578289112415462
2025-06-08 03:00:00,0.0,0.0,24.74,0.0,7.92,9.49,321.5,23.41,3,6,159,10.457079549669036
2025-06-08 04:00:00,0.0,0.0,23.95,0.0,7.98,9.51,317.8,23.01,4,6,159,10.479117651986567
2025-06-08 05:00:00,41.1,25.58,24.05,41.47,8.26,9.57,315.0,23.03,5,6,159,10.545231958939164
2025-06-08 06:00:00,224.77,291.88,26.21,227.5,8.78,9.85,316.3,23.93,6,6,159,10.853765391384615
2025-06-08 07:00:00,457.23,502.25,29.42,460.38,9.07,10.36,318.1,25.35,7,6,159,11.415737000481686
2025-06-08 08:00:00,679.65,635.01,33.64,682.05,9.06,10.83,320.2,26.8,8,6,159,11.933632404943694
2025-06-08 09:00:00,863.08,717.16,37.05,864.5,8.97,11.19,320.0,28.04,9,6,159,12.330318246659273
2025-06-08 10:00:00,988.6,764.12,39.26,989.38,8.65,11.28,319.2,29.17,10,6,159,12.429489707088168
2025-06-08 11:00:00,1050.97,840.97,40.86,1051.3,8.17,11.16,320.7,30.01,11,6,159,12.297261093182975
2025-06-08 12:00:00,1038.82,873.64,41.95,1038.82,7.97,11.1,323.1,30.57,12,6,159,12.231146786230378
2025-06-08 13:00:00,955.15,787.69,42.59,956.25,7.89,11.1,324.8,30.91,13,6,159,12.231146786230378
2025-06-08 14:00:00,808.08,732.41,42.65,810.2,7.78,11.05,325.8,31.12,14,6,159,12.176051530436549
2025-06-08 15:00:00,609.3,644.3,42.14,612.12,7.65,10.93,326.7,31.19,15,6,159,12.043822916531354
2025-06-08 16:00:00,379.35,491.67,40.99,382.05,7.47,10.75,327.5,30.99,16,6,159,11.845479995673564
2025-06-08 17:00:00,155.43,259.07,38.84,156.9,7.02,10.25,325.9,30.5,17,6,159,11.29452743773526
2025-06-08 18:00:00,12.32,2.35,34.74,12.45,6.07,10.02,325.7,29.43,18,6,159,11.041089261083638
2025-06-08 19:00:00,0.0,0.0,32.97,0.0,5.75,10.04,330.4,28.59,19,6,159,11.06312736340117
2025-06-08 20:00:00,0.0,0.0,31.71,0.0,5.47,9.65,339.2,28.04,20,6,159,10.633384368209294
2025-06-08 21:00:00,0.0,0.0,30.45,0.0,5.44,9.64,350.1,27.59,21,6,159,10.622365317050527
2025-06-08 22:00:00,0.0,0.0,29.25,0.0,5.61,9.57,352.2,27.08,22,6,159,10.545231958939164
2025-06-08 23:00:00,0.0,0.0,28.15,0.0,6.09,9.42,346.4,26.41,23,6,159,10.379946191557673
2025-06-09 00:00:00,0.0,0.0,27.16,0.0,6.55,9.04,336.4,25.54,0,6,160,9.96122224752456
2025-06-09 01:00:00,0.0,0.0,26.29,0.0,6.83,8.78,328.0,24.71,1,6,160,9.67472691739664
2025-06-09 02:00:00,0.0,0.0,25.46,0.0,6.99,8.64,324.3,24.12,2,6,160,9.520460201173917
2025-06-09 03:00:00,0.0,0.0,24.68,0.0,6.97,8.46,322.0,23.68,3,6,160,9.322117280316126
2025-06-09 04:00:00,0.0,0.0,23.92,0.0,6.95,8.39,319.7,23.28,4,6,160,9.244983922204764
2025-06-09 05:00:00,40.55,21.91,23.8,41.3,7.26,8.45,317.9,23.33,5,6,160,9.31109822915736
2025-06-09 06:00:00,220.38,275.66,25.45,225.6,7.74,8.7,320.2,24.2,6,6,160,9.586574508126512
2025-06-09 07:00:00,450.12,481.39,28.77,458.2,8.04,9.37,325.2,25.47,7,6,160,10.324850935763841
2025-06-09 08:00:00,672.28,613.5,32.82,680.38,8.08,9.75,323.6,26.57,8,6,160,10.743574879796954
2025-06-09 09:00:00,857.8,699.43,35.68,863.78,7.66,9.67,318.9,27.56,9,6,160,10.655422470526824
2025-06-09 10:00:00,986.55,752.11,37.55,990.15,7.0,9.46,317.0,28.55,10,6,160,10.424022396192738
2025-06-09 11:00:00,1051.88,833.79,38.98,1053.4,6.71,9.34,319.9,29.47,11,6,160,10.291793782287543
2025-06-09 12:00:00,1041.95,871.97,40.04,1042.0,6.73,9.43,323.8,30.15,12,6,160,10.390965242716439
2025-06-09 13:00:00,961.3,793.48,40.6,961.4,6.88,9.7,326.2,30.55,13,6,160,10.688479624003122
2025-06-09 14:00:00,815.47,743.29,40.63,816.55,7.02,9.93,326.0,30.8,14,6,160,10.941917800654744
2025-06-09 15:00:00,617.78,662.99,40.02,619.9,7.09,10.11,324.5,30.93,15,6,160,11.140260721512533
2025-06-09 16:00:00,388.08,518.81,38.84,390.58,7.13,10.24,324.0,30.84,16,6,160,11.283508386576493
2025-06-09 17:00:00,161.38,293.72,36.89,162.88,6.75,9.84,321.9,30.39,17,6,160,10.84274634022585
2025-06-09 18:00:00,13.12,4.26,32.85,13.25,5.77,9.62,318.8,29.24,18,6,160,10.600327214732994
2025-06-09 19:00:00,0.0,0.0,30.94,0.0,5.68,9.92,320.6,28.41,19,6,160,10.930898749495977
2025-06-09 20:00:00,0.0,0.0,29.89,0.0,5.33,9.35,330.1,27.91,20,6,160,10.302812833446309
2025-06-09 21:00:00,0.0,0.0,28.79,0.0,4.8,8.52,341.5,27.34,21,6,160,9.388231587268722
2025-06-09 22:00:00,0.0,0.0,27.76,0.0,4.28,7.62,348.8,26.76,22,6,160,8.396516982979774
2025-06-09 23:00:00,0.0,0.0,26.83,0.0,4.07,7.26,354.1,26.28,23,6,160,7.999831141264194
2025-06-10 00:00:00,0.0,0.0,25.98,0.0,4.31,7.34,345.9,25.78,0,6,161,8.087983550534322
2025-06-10 01:00:00,0.0,0.0,25.18,0.0,5.53,8.05,329.3,25.31,1,6,161,8.870336182806717
2025-06-10 02:00:00,0.0,0.0,24.45,0.0,6.84,8.86,321.1,24.6,2,6,161,9.76287932666677
2025-06-10 03:00:00,0.0,0.0,23.74,0.0,7.31,9.09,320.2,23.96,3,6,161,10.01631750331839
2025-06-10 04:00:00,0.0,0.0,23.07,0.0,7.29,8.89,319.4,23.5,4,6,161,9.79593648014307
2025-06-10 05:00:00,43.7,41.78,23.33,44.12,7.4,8.74,319.2,23.64,5,6,161,9.630650712761577
2025-06-10 06:00:00,235.62,341.5,25.65,238.27,7.68,8.77,319.7,24.6,6,6,161,9.663707866237875
2025-06-10 07:00:00,470.15,565.09,29.1,473.27,7.73,9.27,322.9,25.97,7,6,161,10.21466042417618
2025-06-10 08:00:00,691.7,691.09,33.67,694.1,7.64,9.6,324.4,27.44,8,6,161,10.578289112415462
2025-06-10 09:00:00,873.33,757.0,35.89,874.9,7.41,9.73,324.0,28.61,9,6,161,10.721536777479422
2025-06-10 10:00:00,997.85,795.39,37.46,998.8,7.13,9.74,323.2,29.64,10,6,161,10.732555828638189
2025-06-10 11:00:00,1047.0,801.93,38.75,1047.6,6.95,9.66,321.8,30.47,11,6,161,10.644403419368059
2025-06-10 12:00:00,1034.35,831.82,39.74,1034.68,6.93,9.72,320.3,31.08,12,6,161,10.710517726320656
2025-06-10 13:00:00,952.45,759.81,40.35,952.45,7.01,9.9,320.7,31.52,13,6,161,10.908860647178447
2025-06-10 14:00:00,805.5,705.75,40.52,806.9,7.08,10.05,322.1,31.64,14,6,161,11.074146414559937
2025-06-10 15:00:00,606.4,619.8,40.15,608.92,7.06,10.08,323.8,31.6,15,6,161,11.107203568036235
2025-06-10 16:00:00,377.38,473.2,39.25,380.15,6.94,9.96,324.5,31.42,16,6,161,10.974974954131044
2025-06-10 17:00:00,155.48,256.49,37.57,157.0,6.51,9.48,323.5,30.97,17,6,161,10.446060498510269
2025-06-10 18:00:00,12.88,2.78,33.55,12.95,5.56,9.4,320.8,29.75,18,6,161,10.35790808924014
2025-06-10 19:00:00,0.0,0.0,31.85,0.0,5.58,9.92,323.0,28.95,19,6,161,10.930898749495977
2025-06-10 20:00:00,0.0,0.0,30.96,0.0,5.64,9.92,333.0,28.49,20,6,161,10.930898749495977
2025-06-10 21:00:00,0.0,0.0,29.99,0.0,5.81,9.83,343.7,27.9,21,6,161,10.831727289067082
2025-06-10 22:00:00,0.0,0.0,29.04,0.0,6.28,9.74,344.3,27.25,22,6,161,10.732555828638189
2025-06-10 23:00:00,0.0,0.0,28.16,0.0,6.82,9.63,337.4,26.43,23,6,161,10.611346265891761
2025-06-11 00:00:00,0.0,0.0,27.33,0.0,7.36,9.69,331.4,25.62,0,6,162,10.677460572844357
2025-06-11 01:00:00,0.0,0.0,26.55,0.0,7.44,9.43,328.8,24.92,1,6,162,10.390965242716439
2025-06-11 02:00:00,0.0,0.0,25.83,0.0,7.23,8.95,326.5,24.34,2,6,162,9.862050787095665
2025-06-11 03:00:00,0.0,0.0,25.13,0.0,7.09,8.64,324.4,23.92,3,6,162,9.520460201173917
2025-06-11 04:00:00,0.0,0.0,24.48,0.0,7.1,8.6,322.6,23.59,4,6,162,9.476383996538852
2025-06-11 05:00:00,42.2,54.26,24.69,43.47,7.25,8.51,321.1,23.76,5,6,162,9.377212536109957
2025-06-11 06:00:00,228.68,372.31,26.84,236.05,7.74,8.78,320.2,24.74,6,6,162,9.67472691739664
2025-06-11 07:00:00,457.17,579.53,30.02,468.3,7.92,9.37,322.9,26.05,7,6,162,10.324850935763841
2025-06-11 08:00:00,676.03,711.04,33.99,686.88,7.89,9.76,323.2,27.3,8,6,162,10.75459393095572
2025-06-11 09:00:00,856.25,772.4,36.71,865.4,7.59,9.91,323.3,28.62,9,6,162,10.919879698337212
2025-06-11 10:00:00,981.65,796.18,38.38,988.38,7.13,9.82,322.9,29.69,10,6,162,10.820708237908317
2025-06-11 11:00:00,1018.4,751.2,39.63,1023.0,7.07,9.89,323.2,30.53,11,6,162,10.89784159601968
2025-06-11 12:00:00,1008.3,798.27,40.52,1010.67,7.11,10.02,324.3,31.13,12,6,162,11.041089261083638
2025-06-11 13:00:00,928.42,720.05,41.05,928.83,7.15,10.11,325.6,31.47,13,6,162,11.140260721512533
2025-06-11 14:00:00,781.5,658.69,41.13,784.15,7.09,10.06,326.8,31.65,14,6,162,11.085165465718704
2025-06-11 15:00:00,584.17,576.64,40.76,588.0,6.94,9.85,327.6,31.67,15,6,162,10.853765391384615
2025-06-11 16:00:00,359.42,420.32,39.82,363.15,6.71,9.57,327.0,31.48,16,6,162,10.545231958939164
2025-06-11 17:00:00,146.35,216.29,38.11,148.35,6.28,9.07,323.6,31.0,17,6,162,9.99427940100086
2025-06-11 18:00:00,12.55,2.37,34.07,12.73,5.28,9.01,320.0,29.66,18,6,162,9.928165094048262
2025-06-11 19:00:00,0.0,0.0,32.53,0.0,5.16,9.26,321.7,28.72,19,6,162,10.203641373017415
2025-06-11 20:00:00,0.0,0.0,31.71,0.0,4.92,8.86,328.9,28.25,20,6,162,9.76287932666677
2025-06-11 21:00:00,0.0,0.0,30.64,0.0,4.5,8.11,339.8,27.69,21,6,162,8.936450489759311
2025-06-11 22:00:00,0.0,0.0,29.64,0.0,4.15,7.49,347.3,27.17,22,6,162,8.253269317915814
2025-06-11 23:00:00,0.0,0.0,28.71,0.0,4.12,7.38,346.0,26.72,23,6,162,8.132059755169387
2025-06-12 00:00:00,0.0,0.0,27.85,0.0,4.76,7.96,338.9,26.34,0,6,163,8.77116472237782
2025-06-12 01:00:00,0.0,0.0,26.96,0.0,6.04,8.64,333.5,25.85,1,6,163,9.520460201173917
2025-06-12 02:00:00,0.0,0.0,26.09,0.0,6.64,8.75,329.6,25.11,2,6,163,9.641669763920344
2025-06-12 03:00:00,0.0,0.0,25.25,0.0,6.59,8.47,327.0,24.56,3,6,163,9.333136331474893
2025-06-12 04:00:00,0.0,0.0,24.48,0.0,6.34,8.1,322.1,24.26,4,6,163,8.925431438600546
2025-06-12 05:00:00,41.8,41.76,24.62,42.3,6.6,8.09,317.7,24.45,5,6,163,8.91441238744178
2025-06-12 06:00:00,228.7,340.83,26.95,233.3,6.77,7.97,316.8,25.54,6,6,163,8.782183773536588
2025-06-12 07:00:00,460.6,545.94,30.24,467.9,6.82,8.46,320.6,27.02,7,6,163,9.322117280316126
2025-06-12 08:00:00,682.22,684.71,34.74,689.9,6.66,8.77,323.2,28.48,8,6,163,9.663707866237875
2025-06-12 09:00:00,864.78,744.29,37.44,871.4,6.26,8.57,322.0,29.77,9,6,163,9.443326843062554
2025-06-12 10:00:00,991.35,777.51,39.12,996.42,6.06,8.31,318.5,30.82,10,6,163,9.156831512934636
2025-06-12 11:00:00,1044.75,799.33,40.42,1048.3,5.89,8.01,317.6,31.43,11,6,163,8.82625997817165
2025-06-12 12:00:00,1034.95,849.98,41.34,1037.05,5.6,7.53,321.9,31.75,12,6,163,8.297345522550879
2025-06-12 13:00:00,953.5,762.48,41.85,956.25,5.34,7.1,329.9,31.95,13,6,163,7.823526322723935
2025-06-12 14:00:00,808.95,709.6,41.93,812.3,5.14,6.81,339.5,32.07,14,6,163,7.503973839119718
2025-06-12 15:00:00,612.38,639.49,41.5,616.08,5.04,6.7,348.0,32.11,15,6,163,7.382764276373291
2025-06-12 16:00:00,384.65,488.81,40.51,387.88,4.99,6.67,352.4,32.15,16,6,163,7.3497071228969935
2025-06-12 17:00:00,160.23,270.68,38.51,161.9,4.81,6.62,352.2,31.93,17,6,163,7.294611867103162
2025-06-12 18:00:00,13.7,3.47,33.89,13.85,4.25,7.06,348.2,30.39,18,6,163,7.779450118088871
2025-06-12 19:00:00,0.0,0.0,32.11,0.0,4.6,7.93,344.0,29.49,19,6,163,8.738107568901523
2025-06-12 20:00:00,0.0,0.0,31.16,0.0,4.71,8.31,342.7,28.97,20,6,163,9.156831512934636
2025-06-12 21:00:00,0.0,0.0,30.21,0.0,4.67,8.33,342.6,28.41,21,6,163,9.178869615252166
2025-06-12 22:00:00,0.0,0.0,29.27,0.0,4.69,8.4,341.8,27.88,22,6,163,9.25600297336353
2025-06-12 23:00:00,0.0,0.0,28.33,0.0,5.24,8.95,337.4,27.45,23,6,163,9.862050787095665
2025-06-13 00:00:00,0.0,0.0,27.4,0.0,6.64,9.71,330.8,26.94,0,6,164,10.699498675161891
2025-06-13 01:00:00,0.0,0.0,26.52,0.0,7.68,10.12,324.9,25.86,1,6,164,11.151279772671298
2025-06-13 02:00:00,0.0,0.0,25.68,0.0,8.13,10.15,323.8,24.98,2,6,164,11.184336926147598
2025-06-13 03:00:00,0.0,0.0,24.89,0.0,8.02,9.82,324.5,24.39,3,6,164,10.820708237908317
2025-06-13 04:00:00,0.0,0.0,24.19,0.0,7.84,9.5,324.6,23.98,4,6,164,10.468098600827801
2025-06-13 05:00:00,43.12,47.41,24.45,44.1,7.72,9.07,323.2,24.09,5,6,164,9.99427940100086
2025-06-13 06:00:00,233.68,360.41,26.78,239.05,7.88,9.01,320.8,24.94,6,6,164,9.928165094048262
2025-06-13 07:00:00,467.62,563.43,29.98,474.42,7.92,9.47,321.3,26.42,7,6,164,10.435041447351503
2025-06-13 08:00:00,690.62,701.49,34.16,696.15,8.02,10.13,323.7,28.22,8,6,164,11.162298823830067
2025-06-13 09:00:00,874.78,763.67,37.65,878.65,8.03,10.77,322.4,29.89,9,6,164,11.867518097991097
2025-06-13 10:00:00,1000.92,809.04,39.54,1003.78,8.23,11.41,318.6,31.04,10,6,164,12.572737372152128
2025-06-13 11:00:00,1063.53,884.99,40.71,1065.22,8.29,11.6,316.9,31.69,11,6,164,12.782099344168683
2025-06-13 12:00:00,1052.38,921.24,41.5,1052.38,8.06,11.36,318.1,32.02,12,6,164,12.517642116358296
2025-06-13 13:00:00,970.42,839.31,41.94,970.45,7.72,10.95,320.9,32.14,13,6,164,12.065861018848887
2025-06-13 14:00:00,825.4,792.86,41.97,825.53,7.37,10.47,324.2,32.14,14,6,164,11.536946563228115
2025-06-13 15:00:00,628.58,715.79,41.55,628.83,7.2,10.3,325.6,32.05,15,6,164,11.34962269352909
2025-06-13 16:00:00,399.17,585.35,40.59,399.48,7.21,10.4,326.0,31.82,16,6,164,11.45981320511675
2025-06-13 17:00:00,169.75,357.51,38.53,169.95,7.07,10.37,324.7,31.32,17,6,164,11.426756051640451
2025-06-13 18:00:00,14.68,14.05,33.95,14.7,6.65,10.76,322.9,30.24,18,6,164,11.856499046832331
2025-06-13 19:00:00,0.0,0.0,32.31,0.0,7.29,11.7,326.5,29.54,19,6,164,12.892289855756344
2025-06-13 20:00:00,0.0,0.0,31.53,0.0,7.79,11.85,334.3,28.96,20,6,164,13.057575623137836
2025-06-13 21:00:00,0.0,0.0,30.6,0.0,8.22,11.78,339.9,28.3,21,6,164,12.980442265026474
2025-06-13 22:00:00,0.0,0.0,29.6,0.0,8.59,11.63,337.3,27.49,22,6,164,12.815156497644983
2025-06-13 23:00:00,0.0,0.0,28.69,0.0,8.73,11.32,329.8,26.64,23,6,164,12.473565911723233
2025-06-14 00:00:00,0.0,0.0,27.85,0.0,8.93,11.23,324.0,25.95,0,6,165,12.374394451294338
2025-06-14 01:00:00,0.0,0.0,26.99,0.0,8.98,10.99,320.7,25.23,1,6,165,12.109937223483952
2025-06-14 02:00:00,0.0,0.0,26.11,0.0,8.91,10.73,317.9,24.6,2,6,165,11.823441893356033
2025-06-14 03:00:00,0.0,0.0,25.27,0.0,8.83,10.55,315.9,24.13,3,6,165,11.625098972498243
2025-06-14 04:00:00,0.0,0.0,24.48,0.0,8.77,10.43,313.6,23.77,4,6,165,11.492870358593049
2025-06-14 05:00:00,42.67,57.91,24.42,43.05,9.02,10.39,310.9,23.83,5,6,165,11.448794153957985
2025-06-14 06:00:00,231.0,368.47,26.32,233.32,9.6,10.85,313.1,24.63,6,6,165,11.955670507261225
2025-06-14 07:00:00,461.35,569.06,29.86,464.62,9.86,11.43,319.0,26.04,7,6,165,12.59477547446966
2025-06-14 08:00:00,680.22,703.62,33.67,683.5,10.13,12.26,323.2,27.6,8,6,165,13.509356720647247
2025-06-14 09:00:00,861.45,764.01,36.85,864.2,10.7,13.31,323.1,29.14,9,6,165,14.66635709231769
2025-06-14 10:00:00,987.08,791.65,38.94,989.0,11.03,14.03,322.4,30.41,10,6,165,15.459728775748847
2025-06-14 11:00:00,1051.1,926.57,40.3,1052.1,10.8,14.19,322.8,31.32,11,6,165,15.636033594289104
2025-06-14 12:00:00,1024.69,820.2,41.16,1027.37,10.39,14.08,323.2,31.93,12,6,165,15.514824031542679
2025-06-14 13:00:00,958.8,801.8,41.6,960.28,10.08,13.96,323.2,32.31,13,6,165,15.382595417637486
2025-06-14 14:00:00,813.4,742.43,41.58,815.95,9.8,13.8,323.3,32.52,14,6,165,15.206290599097228
2025-06-14 15:00:00,617.2,666.08,40.99,620.25,9.56,13.64,323.8,32.58,15,6,165,15.02998578055697
2025-06-14 16:00:00,389.3,512.39,39.86,391.98,9.26,13.32,324.5,32.39,16,6,165,14.677376143476454
2025-06-14 17:00:00,165.35,282.26,37.93,166.77,8.47,12.37,324.7,31.73,17,6,165,13.630566283393673
2025-06-14 18:00:00,14.7,3.77,33.87,14.82,7.64,12.0,325.5,30.7,18,6,165,13.222861390519327
2025-06-14 19:00:00,0.0,0.0,32.09,0.0,7.96,12.45,331.1,30.02,19,6,165,13.718718692663803
2025-06-14 20:00:00,0.0,0.0,31.17,0.0,8.3,12.32,338.5,29.28,20,6,165,13.575471027599844
2025-06-14 21:00:00,0.0,0.0,30.13,0.0,8.67,12.18,339.8,28.44,21,6,165,13.421204311377117
2025-06-14 22:00:00,0.0,0.0,29.02,0.0,8.75,11.73,336.5,27.42,22,6,165,12.925347009232643
2025-06-14 23:00:00,0.0,0.0,27.96,0.0,8.5,11.1,332.9,26.46,23,6,165,12.231146786230378
2025-06-15 00:00:00,0.0,0.0,27.0,0.0,8.23,10.5,332.1,25.72,0,6,166,11.570003716704411
2025-06-15 01:00:00,0.0,0.0,26.17,0.0,8.17,10.2,332.8,25.13,1,6,166,11.239432181941428
2025-06-15 02:00:00,0.0,0.0,25.48,0.0,8.2,10.04,332.7,24.63,2,6,166,11.06312736340117
2025-06-15 03:00:00,0.0,0.0,24.86,0.0,8.21,9.95,331.3,24.17,3,6,166,10.963955902972275
2025-06-15 04:00:00,0.0,0.0,24.26,0.0,8.18,9.87,329.8,23.76,4,6,166,10.875803493702147
2025-06-15 05:00:00,42.4,35.88,24.33,42.75,8.46,9.82,328.3,23.66,5,6,166,10.820708237908317
2025-06-15 06:00:00,231.18,329.02,26.33,233.35,9.23,10.44,329.8,24.31,6,6,166,11.503889409751816
2025-06-15 07:00:00,463.85,532.77,29.89,467.58,9.81,11.25,330.3,25.59,7,6,166,12.39643255361187
2025-06-15 08:00:00,685.7,657.54,33.41,689.95,10.07,11.82,328.2,26.82,8,6,166,13.024518469661539
2025-06-15 09:00:00,869.58,719.56,35.84,873.8,10.02,12.05,325.3,27.91,9,6,166,13.277956646313159
2025-06-15 10:00:00,996.83,756.51,37.55,1000.35,9.86,12.23,324.7,28.9,10,6,166,13.47629956717095
2025-06-15 11:00:00,1052.72,829.58,38.79,1055.15,9.41,12.1,327.0,29.64,11,6,166,13.33305190210699
2025-06-15 12:00:00,1042.68,792.61,39.61,1044.05,8.9,11.83,330.2,30.14,12,6,166,13.035537520820304
2025-06-15 13:00:00,961.25,707.63,40.02,961.67,8.51,11.59,332.5,30.49,13,6,166,12.771080293009918
2025-06-15 14:00:00,812.3,641.09,39.95,813.42,8.07,11.27,334.2,30.74,14,6,166,12.418470655929402
2025-06-15 15:00:00,610.47,548.32,39.35,612.0,7.6,10.84,335.5,30.91,15,6,166,11.94465145610246
2025-06-15 16:00:00,377.92,385.37,38.14,379.33,7.16,10.33,336.7,30.83,16,6,166,11.382679847005388
2025-06-15 17:00:00,155.38,167.96,36.33,156.0,6.47,9.47,338.7,30.42,17,6,166,10.435041447351503
2025-06-15 18:00:00,14.43,0.42,32.98,14.43,5.08,8.65,339.8,29.22,18,6,166,9.531479252332682
2025-06-15 19:00:00,0.0,0.0,31.22,0.0,4.71,8.45,339.0,28.3,19,6,166,9.31109822915736
2025-06-15 20:00:00,0.0,0.0,30.23,0.0,5.03,9.08,338.6,27.98,20,6,166,10.005298452159625
2025-06-15 21:00:00,0.0,0.0,29.18,0.0,6.1,10.32,341.2,27.76,21,6,166,11.371660795846623
2025-06-15 22:00:00,0.0,0.0,28.21,0.0,7.46,10.95,342.1,27.4,22,6,166,12.065861018848887
2025-06-15 23:00:00,0.0,0.0,27.28,0.0,8.22,11.06,339.2,26.61,23,6,166,12.187070581595314
2025-06-16 00:00:00,0.0,0.0,26.37,0.0,8.66,10.94,337.0,25.73,0,6,167,12.05484196769012
2025-06-16 01:00:00,0.0,0.0,25.59,0.0,8.49,10.36,336.9,24.89,1,6,167,11.415737000481686
2025-06-16 02:00:00,0.0,0.0,24.83,0.0,8.02,9.71,337.7,24.19,2,6,167,10.699498675161891
2025-06-16 03:00:00,0.0,0.0,24.1,0.0,7.55,9.16,337.1,23.6,3,6,167,10.093450861429753
2025-06-16 04:00:00,0.0,0.0,23.44,0.0,7.69,9.5,336.6,23.09,4,6,167,10.468098600827801
2025-06-16 05:00:00,40.03,12.07,23.29,40.05,8.6,10.16,337.2,22.91,5,6,167,11.195355977306365
2025-06-16 06:00:00,218.35,229.6,24.92,221.18,9.15,10.4,334.7,23.21,6,6,167,11.45981320511675
2025-06-16 07:00:00,449.35,441.6,28.14,454.55,9.62,10.77,331.4,23.9,7,6,167,11.867518097991097
2025-06-16 08:00:00,673.62,573.02,31.2,679.33,9.84,10.95,327.6,24.76,8,6,167,12.065861018848887
2025-06-16 09:00:00,862.05,665.58,33.32,866.88,9.69,10.84,325.1,25.87,9,6,167,11.94465145610246
2025-06-16 10:00:00,992.85,697.35,34.87,996.42,9.22,10.6,322.3,26.97,10,6,167,11.680194228292073
2025-06-16 11:00:00,1057.2,750.51,36.14,1059.65,8.66,10.37,322.2,27.83,11,6,167,11.426756051640451
2025-06-16 12:00:00,1049.32,791.91,37.1,1050.95,8.11,10.25,326.8,28.55,12,6,167,11.29452743773526
2025-06-16 13:00:00,969.92,748.81,37.63,970.88,7.61,10.15,332.7,29.13,13,6,167,11.184336926147598
2025-06-16 14:00:00,824.47,700.26,37.62,826.35,7.26,10.02,337.0,29.56,14,6,167,11.041089261083638
2025-06-16 15:00:00,626.53,627.11,37.05,628.0,6.95,9.8,339.5,29.83,15,6,167,10.798670135590786
2025-06-16 16:00:00,395.3,471.81,35.94,396.38,6.59,9.42,341.2,30.02,16,6,167,10.379946191557673
2025-06-16 17:00:00,166.1,233.06,34.19,166.62,6.07,8.83,342.0,29.91,17,6,167,9.729822173190472
2025-06-16 18:00:00,15.35,1.62,30.55,15.38,4.97,8.58,340.0,28.73,18,6,167,9.45434589422132
2025-06-16 19:00:00,0.0,0.0,28.56,0.0,4.89,8.78,337.8,27.91,19,6,167,9.67472691739664
2025-06-16 20:00:00,0.0,0.0,27.55,0.0,4.83,8.67,336.9,27.52,20,6,167,9.553517354650214
2025-06-16 21:00:00,0.0,0.0,26.59,0.0,4.99,8.92,336.9,27.14,21,6,167,9.828993633619367
2025-06-16 22:00:00,0.0,0.0,25.75,0.0,6.17,10.08,337.0,26.92,22,6,167,11.107203568036235
2025-06-16 23:00:00,0.0,0.0,25.01,0.0,7.73,10.93,334.4,26.55,23,6,167,12.043822916531354
2025-06-17 00:00:00,0.0,0.0,24.33,0.0,8.73,11.28,330.5,25.71,0,6,168,12.429489707088168
2025-06-17 01:00:00,0.0,0.0,23.7,0.0,8.91,10.76,327.2,24.75,1,6,168,11.856499046832331
2025-06-17 02:00:00,0.0,0.0,23.05,0.0,8.6,10.24,327.5,24.08,2,6,168,11.283508386576493
2025-06-17 03:00:00,0.0,0.0,22.41,0.0,8.12,9.66,329.6,23.67,3,6,168,10.644403419368059
2025-06-17 04:00:00,0.0,0.0,21.8,0.0,7.61,9.11,331.9,23.3,4,6,168,10.038355605635923
2025-06-17 05:00:00,38.92,10.29,21.78,39.05,7.6,8.82,333.0,23.32,5,6,168,9.718803122031707
2025-06-17 06:00:00,211.35,206.63,23.49,212.18,8.21,9.28,333.0,24.03,6,6,168,10.225679475334946
2025-06-17 07:00:00,438.17,400.37,26.88,439.5,8.78,9.95,332.4,25.05,7,6,168,10.963955902972275
2025-06-17 08:00:00,660.85,533.08,30.38,662.47,8.98,10.27,328.3,25.98,8,6,168,11.31656554005279
2025-06-17 09:00:00,846.72,606.68,32.76,848.42,8.78,10.28,323.3,26.86,9,6,168,11.327584591211556
2025-06-17 10:00:00,975.8,654.04,34.27,977.35,8.29,10.08,321.1,27.71,10,6,168,11.107203568036235
2025-06-17 11:00:00,1047.2,809.08,35.51,1048.5,7.79,9.9,323.0,28.33,11,6,168,10.908860647178447
2025-06-17 12:00:00,1037.95,774.04,36.46,1038.22,7.43,9.79,326.0,28.73,12,6,168,10.787651084432017
2025-06-17 13:00:00,955.78,691.26,37.02,957.0,7.17,9.73,328.6,29.07,13,6,168,10.721536777479422
2025-06-17 14:00:00,809.6,630.13,37.15,810.95,7.02,9.74,330.7,29.39,14,6,168,10.732555828638189
2025-06-17 15:00:00,609.88,541.72,36.76,611.2,6.98,9.83,331.2,29.68,15,6,168,10.831727289067082
2025-06-17 16:00:00,378.3,379.07,35.76,379.38,7.0,10.04,331.0,29.89,16,6,168,11.06312736340117
2025-06-17 17:00:00,157.0,160.01,34.09,157.5,6.8,9.9,329.7,29.74,17,6,168,10.908860647178447
2025-06-17 18:00:00,14.55,0.45,30.12,14.6,6.05,9.9,327.0,28.8,18,6,168,10.908860647178447
2025-06-17 19:00:00,0.0,0.0,28.27,0.0,6.23,10.41,327.8,28.05,19,6,168,11.470832256275518
2025-06-17 20:00:00,0.0,0.0,27.43,0.0,6.36,10.16,335.1,27.56,20,6,168,11.195355977306365
2025-06-17 21:00:00,0.0,0.0,26.65,0.0,6.23,9.62,344.6,26.93,21,6,168,10.600327214732994
2025-06-17 22:00:00,0.0,0.0,25.91,0.0,6.06,9.04,349.2,26.23,22,6,168,9.96122224752456
2025-06-17 23:00:00,0.0,0.0,25.18,0.0,6.03,8.5,348.3,25.5,23,6,168,9.366193484951191
2025-06-18 00:00:00,0.0,0.0,24.46,0.0,6.31,8.18,341.5,24.73,0,6,169,9.013583847870676
2025-06-18 01:00:00,0.0,0.0,23.76,0.0,6.84,8.39,332.5,23.93,1,6,169,9.244983922204764
2025-06-18 02:00:00,0.0,0.0,23.08,0.0,7.44,8.93,327.9,23.27,2,6,169,9.840012684778133
2025-06-18 03:00:00,0.0,0.0,22.44,0.0,7.92,9.42,326.3,22.76,3,6,169,10.379946191557673
2025-06-18 04:00:00,0.0,0.0,21.82,0.0,8.31,9.81,325.3,22.35,4,6,169,10.809689186749551
2025-06-18 05:00:00,36.03,6.83,21.83,36.58,8.66,9.97,326.7,22.58,5,6,169,10.98599400528981
2025-06-18 06:00:00,199.05,185.46,23.69,203.1,9.17,10.33,329.8,23.76,6,6,169,11.382679847005388
2025-06-18 07:00:00,421.42,378.97,27.33,428.08,9.16,10.64,331.1,25.38,7,6,169,11.724270432927138
2025-06-18 08:00:00,642.42,527.17,31.51,649.0,8.78,10.65,331.1,27.07,8,6,169,11.735289484085904
2025-06-18 09:00:00,829.6,610.25,33.86,834.33,8.29,10.43,326.9,28.54,9,6,169,11.492870358593049
2025-06-18 10:00:00,960.38,667.2,35.5,963.4,7.77,10.25,320.9,29.61,10,6,169,11.29452743773526
2025-06-18 11:00:00,1038.53,797.92,36.8,1039.95,7.22,9.89,316.1,30.33,11,6,169,10.89784159601968
2025-06-18 12:00:00,1028.05,829.35,37.78,1028.05,6.88,9.55,314.5,30.82,12,6,169,10.523193856621633
2025-06-18 13:00:00,946.88,747.84,38.42,946.9,6.65,9.3,316.0,31.15,13,6,169,10.24771757765248
2025-06-18 14:00:00,802.92,694.81,38.59,802.97,6.54,9.18,318.6,31.42,14,6,169,10.115488963747286
2025-06-18 15:00:00,607.55,607.89,38.29,607.65,6.61,9.36,321.2,31.52,15,6,169,10.313831884605076
2025-06-18 16:00:00,381.0,471.11,37.4,381.15,6.84,9.85,323.0,31.3,16,6,169,10.853765391384615
2025-06-18 17:00:00,161.18,248.3,35.81,161.27,6.96,10.21,322.7,30.8,17,6,169,11.250451233100195
2025-06-18 18:00:00,14.73,4.19,32.04,14.73,6.87,10.94,322.4,29.77,18,6,169,12.05484196769012
2025-06-18 19:00:00,0.0,0.0,30.34,0.0,7.75,11.88,327.6,29.01,19,6,169,13.090632776614136
2025-06-18 20:00:00,0.0,0.0,29.46,0.0,7.94,11.41,334.4,28.13,20,6,169,12.572737372152128
2025-06-18 21:00:00,0.0,0.0,28.42,0.0,8.12,11.05,336.8,27.28,21,6,169,12.176051530436549
2025-06-18 22:00:00,0.0,0.0,27.45,0.0,8.34,10.84,337.1,26.53,22,6,169,11.94465145610246
2025-06-18 23:00:00,0.0,0.0,26.54,0.0,8.48,10.65,336.4,25.86,23,6,169,11.735289484085904
2025-06-19 00:00:00,0.0,0.0,25.68,0.0,8.57,10.47,335.6,25.21,0,6,170,11.536946563228115
2025-06-19 01:00:00,0.0,0.0,24.89,0.0,8.59,10.3,334.3,24.54,1,6,170,11.34962269352909
2025-06-19 02:00:00,0.0,0.0,24.17,0.0,8.62,10.22,331.6,23.95,2,6,170,11.261470284258962
2025-06-19 03:00:00,0.0,0.0,23.52,0.0,8.72,10.28,328.3,23.5,3,6,170,11.327584591211556
2025-06-19 04:00:00,0.0,0.0,22.87,0.0,8.77,10.28,325.5,23.03,4,6,170,11.327584591211556
2025-06-19 05:00:00,38.92,46.11,22.86,39.35,8.9,10.09,324.2,22.93,5,6,170,11.118222619195002
2025-06-19 06:00:00,219.2,334.18,24.68,222.3,9.31,10.44,326.3,23.85,6,6,170,11.503889409751816
2025-06-19 07:00:00,446.92,541.19,27.99,451.62,9.69,11.16,330.0,25.73,7,6,170,12.297261093182975
2025-06-19 08:00:00,666.92,675.95,32.98,671.8,9.72,11.84,331.6,27.84,8,6,170,13.04655657197907
2025-06-19 09:00:00,851.45,745.0,35.73,855.33,9.39,11.89,329.8,29.59,9,6,170,13.101651827772901
2025-06-19 10:00:00,979.95,780.81,37.21,982.53,8.94,11.67,324.7,30.63,10,6,170,12.859232702280046
2025-06-19 11:00:00,1053.57,952.4,38.31,1054.85,8.68,11.64,317.5,31.15,11,6,170,12.826175548803748
2025-06-19 12:00:00,1044.57,923.07,39.1,1044.68,8.35,11.43,312.5,31.36,12,6,170,12.59477547446966
2025-06-19 13:00:00,964.08,840.2,39.55,965.47,8.19,11.4,312.4,31.46,13,6,170,12.561718320993362
2025-06-19 14:00:00,821.12,793.51,39.59,823.62,8.07,11.37,316.2,31.48,14,6,170,12.528661167517063
2025-06-19 15:00:00,627.17,734.19,39.12,630.4,7.93,11.3,321.6,31.43,15,6,170,12.451527809405702
2025-06-19 16:00:00,400.58,595.54,38.12,403.73,7.86,11.31,325.1,31.2,16,6,170,12.462546860564467
2025-06-19 17:00:00,174.15,369.73,36.32,175.9,7.51,10.91,325.6,30.68,17,6,170,12.021784814213822
2025-06-19 18:00:00,15.88,23.21,32.01,16.05,6.81,10.8,324.7,29.65,18,6,170,11.900575251467396
2025-06-19 19:00:00,0.0,0.0,30.16,0.0,7.21,11.38,325.8,28.9,19,6,170,12.53968021867583
2025-06-19 20:00:00,0.0,0.0,29.26,0.0,7.3,10.98,332.7,28.26,20,6,170,12.098918172325186
2025-06-19 21:00:00,0.0,0.0,28.34,0.0,7.06,10.26,339.5,27.49,21,6,170,11.305546488894025
2025-06-19 22:00:00,0.0,0.0,27.36,0.0,6.92,9.76,341.3,26.8,22,6,170,10.75459393095572
2025-06-19 23:00:00,0.0,0.0,26.45,0.0,7.1,9.48,339.6,26.14,23,6,170,10.446060498510269
2025-06-20 00:00:00,0.0,0.0,25.64,0.0,7.37,9.23,334.2,25.27,0,6,171,10.170584219541118
2025-06-20 01:00:00,0.0,0.0,24.83,0.0,7.69,9.3,328.4,24.44,1,6,171,10.24771757765248
2025-06-20 02:00:00,0.0,0.0,23.97,0.0,8.11,9.66,324.1,23.78,2,6,171,10.644403419368059
2025-06-20 03:00:00,0.0,0.0,23.06,0.0,8.37,9.9,321.6,23.28,3,6,171,10.908860647178447
2025-06-20 04:00:00,0.0,0.0,22.22,0.0,8.36,9.86,319.3,22.8,4,6,171,10.86478444254338
2025-06-20 05:00:00,42.97,85.7,22.2,43.42,8.56,9.74,315.2,22.81,5,6,171,10.732555828638189
2025-06-20 06:00:00,239.15,451.4,24.07,240.75,8.95,9.92,316.0,23.89,6,6,171,10.930898749495977
2025-06-20 07:00:00,475.45,660.1,27.36,475.9,8.86,10.02,320.5,25.69,7,6,171,11.041089261083638
2025-06-20 08:00:00,697.45,773.28,31.58,698.05,8.65,10.4,323.3,27.48,8,6,171,11.45981320511675
2025-06-20 09:00:00,877.28,819.47,33.81,879.0,8.68,10.87,322.4,28.93,9,6,171,11.977708609578757
2025-06-20 10:00:00,1002.2,851.36,35.35,1003.88,8.74,11.34,320.2,29.88,10,6,171,12.495604014040765
2025-06-20 11:00:00,1048.5,858.94,36.59,1048.97,8.57,11.44,318.9,30.39,11,6,171,12.605794525628426
2025-06-20 12:00:00,1035.88,845.6,37.52,1038.32,8.14,11.17,319.5,30.74,12,6,171,12.30828014434174
2025-06-20 13:00:00,955.65,777.44,38.1,958.03,7.7,10.78,322.3,30.99,13,6,171,11.878537149149862
2025-06-20 14:00:00,811.95,741.85,38.2,813.45,7.35,10.41,326.0,31.09,14,6,171,11.470832256275518
2025-06-20 15:00:00,618.03,662.01,37.81,618.5,7.07,10.1,329.0,31.09,15,6,171,11.129241670353768
2025-06-20 16:00:00,387.98,514.5,36.87,388.55,6.93,9.99,331.6,30.93,16,6,171,11.00803210760734
2025-06-20 17:00:00,166.48,301.22,35.19,166.93,6.68,9.75,334.0,30.48,17,6,171,10.743574879796954
2025-06-20 18:00:00,15.6,13.04,31.31,15.62,5.89,9.77,332.6,29.39,18,6,171,10.765612982114487
2025-06-20 19:00:00,0.0,0.0,29.38,0.0,6.06,10.4,329.6,28.68,19,6,171,11.45981320511675
2025-06-20 20:00:00,0.0,0.0,28.33,0.0,6.08,10.22,332.1,28.3,20,6,171,11.261470284258962
2025-06-20 21:00:00,0.0,0.0,27.28,0.0,5.81,9.66,340.6,27.75,21,6,171,10.644403419368059
2025-06-20 22:00:00,0.0,0.0,26.31,0.0,5.92,9.41,344.5,27.22,22,6,171,10.368927140398906
2025-06-20 23:00:00,0.0,0.0,25.35,0.0,6.68,9.59,341.6,26.66,23,6,171,10.567270061256696
2025-06-21 00:00:00,0.0,0.0,24.51,0.0,7.42,9.73,336.3,25.9,0,6,172,10.721536777479422
2025-06-21 01:00:00,0.0,0.0,23.8,0.0,7.61,9.47,332.5,25.15,1,6,172,10.435041447351503
2025-06-21 02:00:00,0.0,0.0,23.16,0.0,7.46,9.1,329.6,24.54,2,6,172,10.027336554477156
2025-06-21 03:00:00,0.0,0.0,22.57,0.0,7.35,8.9,328.0,24.04,3,6,172,9.806955531301835
2025-06-21 04:00:00,0.0,0.0,22.03,0.0,7.33,8.84,326.8,23.6,4,6,172,9.740841224349237
2025-06-21 05:00:00,42.03,80.19,22.39,42.22,7.38,8.59,326.0,23.68,5,6,172,9.465364945380086
2025-06-21 06:00:00,234.68,435.24,24.62,235.88,8.02,9.03,327.8,24.57,6,6,172,9.950203196365793
2025-06-21 07:00:00,467.75,637.3,27.81,469.02,8.82,10.22,331.9,26.1,7,6,172,11.261470284258962
2025-06-21 08:00:00,687.9,761.15,31.61,688.88,9.05,11.06,332.2,27.63,8,6,172,12.187070581595314
2025-06-21 09:00:00,869.33,825.17,34.31,869.97,9.0,11.45,329.8,29.03,9,6,172,12.616813576787191
2025-06-21 10:00:00,995.38,852.3,36.07,995.83,8.74,11.48,327.0,30.01,10,6,172,12.64987073026349
2025-06-21 11:00:00,1035.68,827.76,37.29,1036.07,8.36,11.31,325.3,30.54,11,6,172,12.462546860564467
2025-06-21 12:00:00,1026.6,857.42,38.15,1026.9,8.04,11.1,324.7,30.87,12,6,172,12.231146786230378
2025-06-21 13:00:00,948.45,781.94,38.67,948.53,7.81,10.94,325.3,31.07,13,6,172,12.05484196769012
2025-06-21 14:00:00,806.67,731.09,38.71,807.88,7.6,10.75,327.2,31.18,14,6,172,11.845479995673564
2025-06-21 15:00:00,613.67,663.19,38.3,615.67,7.4,10.57,329.5,31.21,15,6,172,11.647137074815776
2025-06-21 16:00:00,389.05,521.57,37.33,391.33,7.2,10.37,330.9,31.06,16,6,172,11.426756051640451
2025-06-21 17:00:00,167.5,302.58,35.65,168.98,6.79,9.89,330.2,30.71,17,6,172,10.89784159601968
2025-06-21 18:00:00,15.93,11.68,31.99,16.02,5.7,9.56,327.0,29.61,18,6,172,10.534212907780399
2025-06-21 19:00:00,0.0,0.0,30.38,0.0,5.5,9.76,328.3,28.79,19,6,172,10.75459393095572
2025-06-21 20:00:00,0.0,0.0,29.41,0.0,5.36,9.55,335.4,28.39,20,6,172,10.523193856621633
2025-06-21 21:00:00,0.0,0.0,28.4,0.0,5.47,9.71,345.5,27.97,21,6,172,10.699498675161891
2025-06-21 22:00:00,0.0,0.0,27.51,0.0,6.27,10.29,349.8,27.61,22,6,172,11.338603642370323
2025-06-21 23:00:00,0.0,0.0,26.67,0.0,7.72,10.98,346.5,27.09,23,6,172,12.098918172325186
2025-06-22 00:00:00,0.0,0.0,25.89,0.0,8.32,10.71,339.7,26.12,0,6,173,11.801403791038501
2025-06-22 01:00:00,0.0,0.0,25.18,0.0,8.18,10.07,335.0,25.15,1,6,173,11.09618451687747
2025-06-22 02:00:00,0.0,0.0,24.53,0.0,7.76,9.41,333.8,24.48,2,6,173,10.368927140398906
2025-06-22 03:00:00,0.0,0.0,23.89,0.0,7.09,8.6,333.6,24.0,3,6,173,9.476383996538852
2025-06-22 04:00:00,0.0,0.0,23.27,0.0,6.46,7.9,332.7,23.61,4,6,173,8.705050415425225
2025-06-22 05:00:00,40.58,54.66,23.11,41.25,6.27,7.34,331.2,23.75,5,6,173,8.087983550534322
2025-06-22 06:00:00,230.38,376.56,24.68,234.8,6.92,7.8,331.8,24.61,6,6,173,8.594859903837563
2025-06-22 07:00:00,461.77,597.97,27.85,468.62,7.8,8.96,334.8,25.88,7,6,173,9.873069838254432
2025-06-22 08:00:00,681.22,717.42,31.2,688.85,8.01,9.7,333.8,27.12,8,6,173,10.688479624003122
2025-06-22 09:00:00,864.3,780.79,33.86,871.03,7.82,10.02,332.1,28.34,9,6,173,11.041089261083638
2025-06-22 10:00:00,992.58,817.74,35.69,997.78,7.56,10.16,331.0,29.36,10,6,173,11.195355977306365
2025-06-22 11:00:00,1031.32,754.86,36.99,1034.78,7.38,10.21,330.7,30.1,11,6,173,11.250451233100195
2025-06-22 12:00:00,1023.5,782.89,37.82,1025.4,7.41,10.38,331.9,30.64,12,6,173,11.43777510279922
2025-06-22 13:00:00,944.6,693.02,38.26,944.88,7.51,10.63,333.6,31.05,13,6,173,11.713251381768373
2025-06-22 14:00:00,799.17,625.92,38.26,799.72,7.67,10.94,334.9,31.3,14,6,173,12.05484196769012
2025-06-22 15:00:00,600.5,523.2,37.73,601.25,7.78,11.17,336.2,31.37,15,6,173,12.30828014434174
2025-06-22 16:00:00,371.9,373.35,36.76,372.65,7.76,11.25,336.5,31.34,16,6,173,12.39643255361187
2025-06-22 17:00:00,156.23,162.44,35.2,156.62,7.58,11.08,335.0,31.01,17,6,173,12.209108683912847
2025-06-22 18:00:00,15.5,0.44,30.97,15.52,7.29,11.42,334.1,30.2,18,6,173,12.583756423310893
2025-06-22 19:00:00,0.0,0.0,29.17,0.0,9.04,13.47,341.8,29.84,19,6,173,14.842661910857947
2025-06-22 20:00:00,0.0,0.0,28.55,0.0,11.04,14.79,350.2,29.23,20,6,173,16.29717666381507
2025-06-22 21:00:00,0.0,0.0,28.12,0.0,10.62,13.68,351.6,27.85,21,6,173,15.074061985192033
2025-06-22 22:00:00,0.0,0.0,27.69,0.0,9.59,12.29,350.0,26.89,22,6,173,13.542413874123545
2025-06-22 23:00:00,0.0,0.0,27.12,0.0,8.86,11.31,347.1,26.28,23,6,173,12.462546860564467
2025-06-23 00:00:00,0.0,0.0,26.56,0.0,8.22,10.46,343.9,25.78,0,6,174,11.525927512069348
2025-06-23 01:00:00,0.0,0.0,26.06,0.0,7.71,9.76,340.9,25.31,1,6,174,10.75459393095572
2025-06-23 02:00:00,0.0,0.0,25.56,0.0,7.19,9.09,338.8,24.9,2,6,174,10.01631750331839
2025-06-23 03:00:00,0.0,0.0,24.95,0.0,6.56,8.35,337.4,24.54,3,6,174,9.200907717569699
2025-06-23 04:00:00,0.0,0.0,24.33,0.0,5.91,7.66,336.7,24.21,4,6,174,8.440593187614837
2025-06-23 05:00:00,36.38,12.43,24.5,36.53,5.87,7.09,335.9,24.36,5,6,174,7.8125072715651696
2025-06-23 06:00:00,210.5,252.8,26.46,211.48,6.49,7.36,333.1,25.07,6,6,174,8.110021652851854
2025-06-23 07:00:00,442.08,480.52,29.88,443.48,7.5,8.67,332.5,26.11,7,6,174,9.553517354650214
2025-06-23 08:00:00,667.33,632.72,33.29,668.58,8.07,9.63,330.8,27.16,8,6,174,10.611346265891761
2025-06-23 09:00:00,853.75,724.09,35.59,854.55,8.18,10.16,328.8,28.17,9,6,174,11.195355977306365
2025-06-23 10:00:00,982.62,792.99,37.0,983.05,8.17,10.52,328.7,28.99,10,6,174,11.592041819021944
2025-06-23 11:00:00,1026.75,798.07,38.12,1026.95,7.94,10.6,329.8,29.59,11,6,174,11.680194228292073
2025-06-23 12:00:00,1017.6,774.73,38.95,1017.7,7.72,10.61,332.4,30.08,12,6,174,11.691213279450839
2025-06-23 13:00:00,938.58,703.79,39.49,938.83,7.69,10.73,335.8,30.47,13,6,174,11.823441893356033
2025-06-23 14:00:00,796.53,656.49,39.55,797.0,7.68,10.83,338.8,30.74,14,6,174,11.933632404943694
2025-06-23 15:00:00,601.62,570.28,39.14,602.42,7.54,10.73,340.7,30.83,15,6,174,11.823441893356033
2025-06-23 16:00:00,376.08,431.65,38.18,377.02,7.25,10.42,341.5,30.77,16,6,174,11.481851307434283
2025-06-23 17:00:00,159.18,211.2,36.55,159.75,6.66,9.65,342.4,30.43,17,6,174,10.633384368209294
2025-06-23 18:00:00,15.75,2.51,33.52,15.8,5.36,8.9,341.5,29.32,18,6,174,9.806955531301835
2025-06-23 19:00:00,0.0,0.0,31.78,0.0,5.08,9.02,338.1,28.49,19,6,174,9.939184145207028
2025-06-23 20:00:00,0.0,0.0,30.71,0.0,5.3,9.4,337.3,28.14,20,6,174,10.35790808924014
2025-06-23 21:00:00,0.0,0.0,29.65,0.0,5.9,9.91,340.5,27.74,21,6,174,10.919879698337212
2025-06-23 22:00:00,0.0,0.0,28.61,0.0,6.68,10.03,341.5,27.23,22,6,174,11.052108312242405
2025-06-23 23:00:00,0.0,0.0,27.62,0.0,6.92,9.52,335.1,26.42,23,6,174,10.490136703145334
2025-06-24 00:00:00,0.0,0.0,26.7,0.0,7.34,9.42,330.5,25.62,0,6,175,10.379946191557673
2025-06-24 01:00:00,0.0,0.0,25.84,0.0,7.36,9.08,331.3,24.93,1,6,175,10.005298452159625
2025-06-24 02:00:00,0.0,0.0,25.09,0.0,6.87,8.42,331.0,24.39,2,6,175,9.278041075681061
2025-06-24 03:00:00,0.0,0.0,24.45,0.0,6.38,7.84,329.5,23.99,3,6,175,8.638936108472627
2025-06-24 04:00:00,0.0,0.0,23.89,0.0,6.07,7.49,326.8,23.66,4,6,175,8.253269317915814
2025-06-24 05:00:00,37.83,32.89,24.16,38.35,6.24,7.31,325.2,23.8,5,6,175,8.054926397058024
2025-06-24 06:00:00,219.77,333.51,26.31,222.95,6.89,7.7,324.0,24.68,6,6,175,8.484669392249902
2025-06-24 07:00:00,450.52,552.09,29.62,455.52,7.52,8.53,324.4,25.92,7,6,175,9.399250638427489
2025-06-24 08:00:00,672.25,685.88,33.52,677.62,7.67,9.03,321.7,26.97,8,6,175,9.950203196365793
2025-06-24 09:00:00,855.47,759.66,35.68,859.95,7.45,9.16,319.0,27.87,9,6,175,10.093450861429753
2025-06-24 10:00:00,983.25,794.13,37.2,986.33,7.06,9.18,318.0,28.66,10,6,175,10.115488963747286
2025-06-24 11:00:00,1041.38,886.67,38.28,1042.97,6.71,9.13,319.2,29.35,11,6,175,10.060393707953455
2025-06-24 12:00:00,1033.3,854.77,39.04,1033.43,6.51,9.05,321.2,29.93,12,6,175,9.972241298683327
2025-06-24 13:00:00,953.92,769.95,39.38,954.17,6.42,9.01,322.5,30.35,13,6,175,9.928165094048262
2025-06-24 14:00:00,811.65,714.84,39.28,812.08,6.38,8.99,323.2,30.7,14,6,175,9.90612699173073
2025-06-24 15:00:00,618.0,624.93,38.68,618.55,6.36,9.02,323.3,30.93,15,6,175,9.939184145207028
2025-06-24 16:00:00,391.95,485.81,37.55,392.5,6.4,9.14,322.8,30.94,16,6,175,10.071412759112222
2025-06-24 17:00:00,168.23,251.71,35.92,168.55,6.35,9.24,321.4,30.67,17,6,175,10.181603270699883
2025-06-24 18:00:00,16.58,3.05,32.99,16.6,5.74,9.55,321.1,29.65,18,6,175,10.523193856621633
2025-06-24 19:00:00,0.0,0.0,31.05,0.0,6.31,10.55,326.3,28.94,19,6,175,11.625098972498243
2025-06-24 20:00:00,0.0,0.0,29.68,0.0,7.12,10.96,335.7,28.52,20,6,175,12.076880070007654
2025-06-24 21:00:00,0.0,0.0,28.3,0.0,7.52,10.88,344.0,27.92,21,6,175,11.988727660737524
2025-06-24 22:00:00,0.0,0.0,27.09,0.0,7.58,10.49,346.0,27.23,22,6,175,11.558984665545646
2025-06-24 23:00:00,0.0,0.0,26.03,0.0,7.4,9.88,343.1,26.46,23,6,175,10.886822544860914
2025-06-25 00:00:00,0.0,0.0,25.14,0.0,7.38,9.36,338.6,25.66,0,6,176,10.313831884605076
2025-06-25 01:00:00,0.0,0.0,24.44,0.0,7.37,9.04,334.6,24.89,1,6,176,9.96122224752456
2025-06-25 02:00:00,0.0,0.0,23.79,0.0,7.34,8.92,331.8,24.31,2,6,176,9.828993633619367
2025-06-25 03:00:00,0.0,0.0,23.15,0.0,7.43,8.97,330.3,23.87,3,6,176,9.884088889413198
2025-06-25 04:00:00,0.0,0.0,22.52,0.0,7.52,9.06,330.1,23.58,4,6,176,9.983260349842093
2025-06-25 05:00:00,37.65,28.66,22.85,38.3,7.78,8.96,328.4,23.66,5,6,176,9.873069838254432
2025-06-25 06:00:00,222.18,314.15,25.24,226.68,8.29,9.28,327.3,24.56,6,6,176,10.225679475334946
2025-06-25 07:00:00,451.95,531.81,28.15,457.77,8.64,10.01,330.3,26.33,7,6,176,11.030070209924872
2025-06-25 08:00:00,675.7,674.76,32.6,680.25,8.84,10.89,332.8,28.07,8,6,176,11.999746711896291
2025-06-25 09:00:00,860.95,751.9,34.68,863.85,9.23,11.77,333.1,29.62,9,6,176,12.969423213867707
2025-06-25 10:00:00,990.58,785.68,36.16,992.17,9.49,12.48,330.4,30.81,10,6,176,13.751775846140102
2025-06-25 11:00:00,1048.43,837.49,37.32,1049.2,9.47,12.71,326.2,31.4,11,6,176,14.005214022791723
2025-06-25 12:00:00,1039.85,874.7,38.2,1039.9,9.08,12.4,323.0,31.61,12,6,176,13.663623436869972
2025-06-25 13:00:00,963.62,792.38,38.77,963.7,8.58,11.93,322.0,31.68,13,6,176,13.145728032407964
2025-06-25 14:00:00,820.28,738.38,38.88,821.33,8.23,11.58,322.9,31.66,14,6,176,12.760061241851151
2025-06-25 15:00:00,625.35,662.51,38.51,627.28,8.03,11.42,324.6,31.51,15,6,176,12.583756423310893
2025-06-25 16:00:00,398.02,527.92,37.57,400.3,7.81,11.18,324.6,31.17,16,6,176,12.319299195500507
2025-06-25 17:00:00,171.75,301.62,35.92,173.25,7.31,10.59,323.7,30.59,17,6,176,11.669175177133306
2025-06-25 18:00:00,16.67,9.85,32.21,16.8,6.45,10.24,322.5,29.64,18,6,176,11.283508386576493
2025-06-25 19:00:00,0.0,0.0,30.4,0.0,6.29,10.41,324.2,29.01,19,6,176,11.470832256275518
2025-06-25 20:00:00,0.0,0.0,29.6,0.0,5.93,9.86,330.1,28.54,20,6,176,10.86478444254338
2025-06-25 21:00:00,0.0,0.0,28.78,0.0,5.34,9.03,337.9,27.97,21,6,176,9.950203196365793
2025-06-25 22:00:00,0.0,0.0,27.95,0.0,4.97,8.42,342.2,27.42,22,6,176,9.278041075681061
2025-06-25 23:00:00,0.0,0.0,27.04,0.0,5.31,8.34,340.0,26.94,23,6,176,9.189888666410933
2025-06-26 00:00:00,0.0,0.0,26.11,0.0,6.27,8.61,335.5,26.27,0,6,177,9.487403047697617
2025-06-26 01:00:00,0.0,0.0,25.27,0.0,7.24,9.11,333.0,25.42,1,6,177,10.038355605635923
2025-06-26 02:00:00,0.0,0.0,24.46,0.0,7.93,9.69,333.5,24.79,2,6,177,10.677460572844357
2025-06-26 03:00:00,0.0,0.0,23.71,0.0,8.24,9.97,335.7,24.35,3,6,177,10.98599400528981
2025-06-26 04:00:00,0.0,0.0,22.99,0.0,8.13,9.81,337.8,24.02,4,6,177,10.809689186749551
2025-06-26 05:00:00,37.47,61.23,22.96,38.33,7.9,9.21,337.3,24.07,5,6,177,10.148546117223585
2025-06-26 06:00:00,222.98,395.15,24.81,227.82,8.06,9.13,335.6,25.03,6,6,177,10.060393707953455
2025-06-26 07:00:00,448.17,588.35,28.19,457.25,8.28,9.7,334.1,26.62,7,6,177,10.688479624003122
2025-06-26 08:00:00,666.45,721.13,32.4,675.8,8.49,10.46,331.9,28.19,8,6,177,11.525927512069348
2025-06-26 09:00:00,848.75,783.67,35.0,856.78,8.28,10.63,326.2,29.45,9,6,177,11.713251381768373
2025-06-26 10:00:00,977.15,810.07,36.67,983.0,7.92,10.55,318.7,30.16,10,6,177,11.625098972498243
2025-06-26 11:00:00,1028.85,819.97,37.91,1032.4,7.38,10.06,314.6,30.5,11,6,177,11.085165465718704
2025-06-26 12:00:00,1023.47,874.94,38.75,1025.07,6.58,9.1,315.7,30.63,12,6,177,10.027336554477156
2025-06-26 13:00:00,948.05,795.21,39.23,948.15,5.85,8.12,323.4,30.67,13,6,177,8.947469540918078
2025-06-26 14:00:00,808.65,748.78,39.33,808.92,5.4,7.44,334.1,30.67,14,6,177,8.198174062121984
2025-06-26 15:00:00,617.47,669.47,38.99,617.97,5.2,7.13,342.7,30.64,15,6,177,7.856583476200234
2025-06-26 16:00:00,391.35,540.04,38.13,392.35,5.09,7.04,347.7,30.55,16,6,177,7.757412015771339
2025-06-26 17:00:00,168.3,310.85,36.48,169.1,4.95,6.96,346.9,30.33,17,6,177,7.66925960650121
2025-06-26 18:00:00,16.38,14.28,32.52,16.48,4.19,7.04,342.2,29.29,18,6,177,7.757412015771339
2025-06-26 19:00:00,0.0,0.0,31.14,0.0,4.42,7.83,333.8,28.53,19,6,177,8.627917057313862
2025-06-26 20:00:00,0.0,0.0,30.1,0.0,4.77,8.59,327.3,28.21,20,6,177,9.465364945380086
2025-06-26 21:00:00,0.0,0.0,28.81,0.0,5.08,8.98,322.7,27.75,21,6,177,9.895107940571965
2025-06-26 22:00:00,0.0,0.0,27.73,0.0,5.33,8.96,320.0,27.23,22,6,177,9.873069838254432
2025-06-26 23:00:00,0.0,0.0,26.79,0.0,5.45,8.66,317.6,26.71,23,6,177,9.542498303491449
2025-06-27 00:00:00,0.0,0.0,25.98,0.0,5.54,8.47,314.9,26.23,0,6,178,9.333136331474893
2025-06-27 01:00:00,0.0,0.0,25.25,0.0,5.75,8.42,314.0,25.8,1,6,178,9.278041075681061
2025-06-27 02:00:00,0.0,0.0,24.51,0.0,5.99,8.32,313.2,25.36,2,6,178,9.167850564093401
2025-06-27 03:00:00,0.0,0.0,23.75,0.0,6.28,8.28,311.3,24.87,3,6,178,9.123774359458336
2025-06-27 04:00:00,0.0,0.0,23.0,0.0,6.46,8.32,309.7,24.38,4,6,178,9.167850564093401
2025-06-27 05:00:00,35.95,42.89,23.04,36.35,6.85,8.27,308.8,24.49,5,6,178,9.112755308299569
2025-06-27 06:00:00,218.68,345.27,24.99,221.45,7.16,7.98,311.4,25.38,6,6,178,8.793202824695353
2025-06-27 07:00:00,448.42,547.54,28.21,451.98,7.0,7.99,318.6,26.59,7,6,178,8.80422187585412
2025-06-27 08:00:00,669.95,685.12,32.74,672.92,6.5,8.11,319.4,27.88,8,6,178,8.936450489759311
2025-06-27 09:00:00,853.7,743.59,34.95,855.85,5.87,7.92,317.9,29.06,9,6,178,8.727088517742756
2025-06-27 10:00:00,981.97,774.9,36.45,983.5,5.3,7.27,319.0,30.04,10,6,178,8.010850192422959
2025-06-27 11:00:00,1031.12,772.63,37.59,1032.32,4.75,6.39,327.1,30.7,11,6,178,7.041173690451542
2025-06-27 12:00:00,1023.35,817.89,38.32,1024.28,4.42,5.77,338.9,31.13,12,6,178,6.357992518608043
2025-06-27 13:00:00,945.75,734.87,38.67,946.1,4.27,5.57,348.8,31.45,13,6,178,6.137611495432722
2025-06-27 14:00:00,803.5,680.63,38.58,804.2,4.23,5.54,352.7,31.69,14,6,178,6.104554341956423
2025-06-27 15:00:00,608.88,596.26,37.99,609.47,4.25,5.62,350.2,31.82,15,6,178,6.192706751226552
2025-06-27 16:00:00,382.95,455.15,36.93,383.4,4.41,5.9,344.5,31.68,16,6,178,6.501240183672003
2025-06-27 17:00:00,162.82,234.35,35.26,163.07,4.42,6.07,339.3,31.29,17,6,178,6.688564053371027
2025-06-27 18:00:00,15.98,4.05,31.16,15.98,3.84,6.36,333.8,29.88,18,6,178,7.008116536975244
2025-06-27 19:00:00,0.0,0.0,29.2,0.0,4.14,7.1,326.3,29.04,19,6,178,7.823526322723935
2025-06-27 20:00:00,0.0,0.0,28.14,0.0,4.3,7.55,322.6,28.66,20,6,178,8.31938362486841
2025-06-27 21:00:00,0.0,0.0,27.15,0.0,4.23,7.51,322.6,28.19,21,6,178,8.275307420233347
2025-06-27 22:00:00,0.0,0.0,26.25,0.0,4.07,7.19,322.8,27.69,22,6,178,7.922697783152831
2025-06-27 23:00:00,0.0,0.0,25.51,0.0,4.1,7.17,320.8,27.34,23,6,178,7.9006596808352985
2025-06-28 00:00:00,0.0,0.0,24.85,0.0,4.43,7.45,318.9,27.09,0,6,179,8.20919311328075
2025-06-28 01:00:00,0.0,0.0,24.25,0.0,5.06,7.88,317.4,26.77,1,6,179,8.683012313107692
2025-06-28 02:00:00,0.0,0.0,23.71,0.0,5.87,8.37,316.5,26.34,2,6,179,9.222945819887231
2025-06-28 03:00:00,0.0,0.0,23.19,0.0,6.65,8.86,315.0,25.89,3,6,179,9.76287932666677
2025-06-28 04:00:00,0.0,0.0,22.69,0.0,7.21,9.2,313.0,25.44,4,6,179,10.137527066064818
2025-06-28 05:00:00,34.3,16.01,23.16,34.2,7.63,9.21,311.2,25.38,5,6,179,10.148546117223585
2025-06-28 06:00:00,208.3,267.7,26.98,211.73,7.63,8.67,310.6,26.13,6,6,179,9.553517354650214
2025-06-28 07:00:00,433.8,470.66,29.93,440.08,7.05,8.45,316.7,27.38,7,6,179,9.31109822915736
2025-06-28 08:00:00,654.25,606.09,33.82,661.58,6.23,8.11,319.0,28.76,8,6,179,8.936450489759311
2025-06-28 09:00:00,837.88,687.87,35.31,845.2,5.7,7.84,316.3,29.93,9,6,179,8.638936108472627
2025-06-28 10:00:00,966.3,728.49,36.44,973.1,5.37,7.42,315.1,30.94,10,6,179,8.176135959804451
2025-06-28 11:00:00,1028.53,764.09,37.37,1034.45,4.93,6.66,316.4,31.66,11,6,179,7.338688071738227
2025-06-28 12:00:00,1023.35,817.61,38.07,1025.5,4.27,5.63,322.6,32.18,12,6,179,6.203725802385318
2025-06-28 13:00:00,941.58,726.4,38.42,947.0,3.65,4.66,337.1,32.58,13,6,179,5.1348778399850055
2025-06-28 14:00:00,800.5,691.56,38.43,805.6,3.32,4.14,353.6,32.98,14,6,179,4.561887179729168
2025-06-28 15:00:00,606.9,611.73,38.01,611.22,3.22,3.98,5.6,33.15,15,6,179,4.38558236118891
2025-06-28 16:00:00,382.0,452.34,37.21,385.15,3.11,3.88,13.1,33.15,16,6,179,4.275391849601249
2025-06-28 17:00:00,160.85,216.38,35.76,162.18,2.74,3.53,17.7,32.91,17,6,179,3.8897250590444354
2025-06-28 18:00:00,16.05,3.11,31.76,16.02,1.86,2.69,16.2,31.98,18,6,179,2.964124761708083
2025-06-28 19:00:00,0.0,0.0,29.98,0.0,1.18,1.57,350.5,32.17,19,6,179,1.7299910319262788
2025-06-28 20:00:00,0.0,0.0,28.96,0.0,1.24,1.66,299.2,31.7,20,6,179,1.8291624923551737
2025-06-28 21:00:00,0.0,0.0,28.0,0.0,1.92,2.74,289.4,30.2,21,6,179,3.0192200175019135
2025-06-28 22:00:00,0.0,0.0,27.17,0.0,2.61,4.03,293.7,28.84,22,6,179,4.440677616982741
2025-06-28 23:00:00,0.0,0.0,26.49,0.0,3.25,5.49,303.4,27.96,23,6,179,6.049459086162593
2025-06-29 00:00:00,0.0,0.0,25.92,0.0,4.0,6.87,314.5,27.42,0,6,180,7.570088146072315
2025-06-29 01:00:00,0.0,0.0,25.4,0.0,4.79,7.69,318.7,27.14,1,6,180,8.473650341091137
2025-06-29 02:00:00,0.0,0.0,24.9,0.0,5.36,8.12,319.7,26.81,2,6,180,8.947469540918078
2025-06-29 03:00:00,0.0,0.0,24.44,0.0,5.64,8.21,322.6,26.52,3,6,180,9.046641001346975
2025-06-29 04:00:00,0.0,0.0,23.96,0.0,5.57,7.83,323.5,26.2,4,6,180,8.627917057313862
2025-06-29 05:00:00,32.92,8.68,24.41,32.65,5.5,7.17,322.9,26.37,5,6,180,7.9006596808352985
2025-06-29 06:00:00,195.48,189.81,27.56,203.15,5.41,6.49,317.3,27.25,6,6,180,7.151364202039203
2025-06-29 07:00:00,416.02,382.62,30.39,425.1,5.2,6.63,316.0,28.41,7,6,180,7.305630918261929
2025-06-29 08:00:00,635.45,515.09,35.18,642.5,4.95,6.68,318.6,29.52,8,6,180,7.360726174055759
2025-06-29 09:00:00,806.42,551.79,36.95,824.45,4.91,6.69,321.9,30.58,9,6,180,7.371745225214526
2025-06-29 10:00:00,928.75,560.4,38.13,951.15,4.96,6.69,324.9,31.77,10,6,180,7.371745225214526
2025-06-29 11:00:00,983.2,528.73,39.03,1006.62,4.97,6.65,327.5,32.7,11,6,180,7.327669020579461
2025-06-29 12:00:00,960.78,607.27,39.68,997.47,4.77,6.33,332.5,33.26,12,6,180,6.975059383498945
2025-06-29 13:00:00,862.8,464.47,40.0,919.22,4.5,5.89,341.4,33.66,13,6,180,6.490221132513237
2025-06-29 14:00:00,739.1,491.73,39.93,778.25,4.34,5.64,351.2,34.0,14,6,180,6.214744853544084
2025-06-29 15:00:00,561.3,427.88,39.39,587.53,4.31,5.58,358.0,34.12,15,6,180,6.1486305465914874
2025-06-29 16:00:00,352.17,312.24,38.4,367.35,4.25,5.53,0.7,34.0,16,6,180,6.093535290797657
2025-06-29 17:00:00,150.35,140.84,36.89,154.93,3.79,5.08,3.0,33.63,17,6,180,5.5976779886531824
2025-06-29 18:00:00,16.02,0.9,33.38,16.0,2.83,4.29,2.4,32.17,18,6,180,4.72717294711066
2025-06-29 19:00:00,0.0,0.0,31.42,0.0,2.46,3.55,352.7,31.72,19,6,180,3.9117631613619674
2025-06-29 20:00:00,0.0,0.0,30.39,0.0,2.2,3.16,337.3,31.37,20,6,180,3.48202016617009
2025-06-29 21:00:00,0.0,0.0,29.46,0.0,2.6,3.87,326.1,30.07,21,6,180,4.2643727984424835
2025-06-29 22:00:00,0.0,0.0,28.66,0.0,3.57,5.95,327.8,28.77,22,6,180,6.556335439465833
2025-06-29 23:00:00,0.0,0.0,27.96,0.0,4.5,8.04,328.1,28.24,23,6,180,8.859317131647948
2025-06-30 00:00:00,0.0,0.0,27.33,0.0,5.75,9.1,321.7,27.91,0,6,181,10.027336554477156
2025-06-30 01:00:00,0.0,0.0,26.82,0.0,6.88,9.52,317.9,27.45,1,6,181,10.490136703145334
2025-06-30 02:00:00,0.0,0.0,26.29,0.0,7.33,9.65,318.9,27.01,2,6,181,10.633384368209294
2025-06-30 03:00:00,0.0,0.0,25.74,0.0,7.4,9.58,321.8,26.71,3,6,181,10.556251010097931
2025-06-30 04:00:00,0.0,0.0,25.13,0.0,7.17,9.22,325.3,26.44,4,6,181,10.15956516838235
2025-06-30 05:00:00,33.15,12.85,25.22,33.17,7.12,8.69,325.7,26.52,5,6,181,9.575555456967747
2025-06-30 06:00:00,206.73,254.5,27.05,206.8,7.16,8.46,326.7,27.19,6,6,181,9.322117280316126
2025-06-30 07:00:00,427.95,451.49,30.18,428.05,7.22,8.95,330.3,28.18,7,6,181,9.862050787095665
2025-06-30 08:00:00,647.75,588.29,34.67,647.83,7.25,9.28,331.8,29.05,8,6,181,10.225679475334946
2025-06-30 09:00:00,831.47,668.77,37.38,831.53,7.03,9.41,331.6,30.01,9,6,181,10.368927140398906
2025-06-30 10:00:00,959.53,721.11,38.74,959.55,6.74,9.33,331.7,30.95,10,6,181,10.280774731128778
2025-06-30 11:00:00,1027.95,857.02,39.64,1027.95,6.21,8.7,333.7,31.9,11,6,181,9.586574508126512
2025-06-30 12:00:00,1018.88,819.32,40.24,1018.88,5.8,8.0,339.4,32.85,12,6,181,8.815240927012885
2025-06-30 13:00:00,942.1,733.27,40.53,942.22,5.62,7.61,345.5,33.45,13,6,181,8.385497931821007
2025-06-30 14:00:00,804.5,674.02,40.48,804.83,5.53,7.46,350.7,33.76,14,6,181,8.220212164439516
2025-06-30 15:00:00,608.9,581.85,40.04,609.67,5.49,7.4,354.0,33.82,15,6,181,8.154097857486919
2025-06-30 16:00:00,382.4,407.84,39.19,383.05,5.34,7.24,355.0,33.7,16,6,181,7.977793038946661
2025-06-30 17:00:00,163.68,195.93,37.78,164.0,4.87,6.7,354.9,33.33,17,6,181,7.382764276373291
2025-06-30 18:00:00,16.77,1.2,34.33,16.77,3.78,6.11,352.7,31.91,18,6,181,6.732640258006091
2025-06-30 19:00:00,0.0,0.0,32.78,0.0,3.63,5.76,345.4,31.03,19,6,181,6.346973467449277
2025-06-30 20:00:00,0.0,0.0,31.86,0.0,3.55,5.6,336.0,30.5,20,6,181,6.170668648909019
2025-06-30 21:00:00,0.0,0.0,30.79,0.0,3.61,5.81,328.3,29.82,21,6,181,6.402068723243108
2025-06-30 22:00:00,0.0,0.0,29.86,0.0,3.71,6.24,325.2,29.16,22,6,181,6.875887923070051
2025-06-30 23:00:00,0.0,0.0,29.04,0.0,3.88,6.83,326.1,28.65,23,6,181,7.526011941437251
2025-07-01 00:00:00,0.0,0.0,28.31,0.0,4.09,7.3,329.1,28.29,0,7,182,8.043907345899258
2025-07-01 01:00:00,0.0,0.0,27.6,0.0,4.2,7.37,331.7,27.98,1,7,182,8.121040704010621
2025-07-01 02:00:00,0.0,0.0,26.93,0.0,4.08,7.11,333.1,27.68,2,7,182,7.834545373882702
2025-07-01 03:00:00,0.0,0.0,26.29,0.0,3.85,6.68,332.4,27.4,3,7,182,7.360726174055759
2025-07-01 04:00:00,0.0,0.0,25.7,0.0,3.62,6.2,330.0,27.14,4,7,182,6.831811718434986
2025-07-01 05:00:00,31.25,2.98,26.02,31.4,3.55,5.83,326.1,27.41,5,7,182,6.42410682556064
2025-07-01 06:00:00,193.02,154.23,28.83,194.12,3.81,5.32,323.9,28.22,6,7,182,5.862135216463569
2025-07-01 07:00:00,407.6,318.06,32.01,409.25,3.8,5.24,325.3,29.32,7,7,182,5.77398280719344
2025-07-01 08:00:00,625.92,430.87,36.46,627.47,3.94,5.26,324.5,31.13,8,7,182,5.796020909510972
2025-07-01 09:00:00,811.4,513.85,38.05,812.55,3.76,4.89,323.6,32.79,9,7,182,5.388316016636626
2025-07-01 10:00:00,940.7,539.27,39.12,941.47,3.35,4.26,325.0,34.21,10,7,182,4.694115793634361
2025-07-01 11:00:00,1030.65,736.26,39.9,1031.05,2.87,3.54,328.1,35.37,11,7,182,3.9007441102032017
2025-07-01 12:00:00,1021.22,753.67,40.43,1021.5,2.53,3.05,332.0,36.26,12,7,182,3.3608106034236624
2025-07-01 13:00:00,944.15,688.5,40.62,944.38,2.47,2.94,335.1,36.73,13,7,182,3.2396010406772353
2025-07-01 14:00:00,803.38,643.98,40.41,803.75,2.58,3.11,334.7,36.91,14,7,182,3.426924910376259
2025-07-01 15:00:00,610.17,560.57,39.82,610.72,2.74,3.37,329.9,36.62,15,7,182,3.713420240504178
2025-07-01 16:00:00,385.58,419.16,38.9,386.23,2.93,3.66,323.1,36.18,16,7,182,4.0329727241083955
2025-07-01 17:00:00,164.6,201.46,37.53,165.0,3.11,4.0,317.5,35.52,17,7,182,4.407620463506443
2025-07-01 18:00:00,16.8,1.2,34.07,16.83,2.92,4.52,312.2,33.84,18,7,182,4.98061112376228
2025-07-01 19:00:00,0.0,0.0,32.35,0.0,3.38,5.41,303.4,32.35,19,7,182,5.961306676892463
2025-07-01 20:00:00,0.0,0.0,31.46,0.0,3.86,6.49,295.4,31.37,20,7,182,7.151364202039203
2025-07-01 21:00:00,0.0,0.0,30.66,0.0,4.32,7.57,291.6,30.72,21,7,182,8.341421727185944
2025-07-01 22:00:00,0.0,0.0,29.89,0.0,4.77,8.35,292.8,30.17,22,7,182,9.200907717569699
2025-07-01 23:00:00,0.0,0.0,29.14,0.0,5.08,8.61,299.4,29.63,23,7,182,9.487403047697617
2025-07-02 00:00:00,0.0,0.0,28.47,0.0,5.25,8.56,312.7,28.98,0,7,183,9.432307791903789
2025-07-02 01:00:00,0.0,0.0,27.9,0.0,5.7,8.62,327.5,28.33,1,7,183,9.498422098856382
2025-07-02 02:00:00,0.0,0.0,27.46,0.0,5.93,8.43,336.6,27.71,2,7,183,9.289060126839827
2025-07-02 03:00:00,0.0,0.0,27.1,0.0,5.83,8.0,338.1,27.21,3,7,183,8.815240927012885
2025-07-02 04:00:00,0.0,0.0,26.77,0.0,5.68,7.54,335.4,26.78,4,7,183,8.308364573709644
2025-07-02 05:00:00,29.98,3.3,27.1,30.02,5.62,6.91,331.4,26.65,5,7,183,7.61416435070738
2025-07-02 06:00:00,189.05,160.13,29.24,189.32,5.1,6.23,327.7,27.1,6,7,183,6.864868871911285
2025-07-02 07:00:00,400.58,323.09,32.15,401.1,4.29,5.68,323.0,27.84,7,7,183,6.258821058179148
2025-07-02 08:00:00,616.45,442.55,36.06,617.15,3.56,4.85,316.5,28.81,8,7,183,5.344239812001561
2025-07-02 09:00:00,800.83,515.77,37.84,801.6,3.05,3.98,319.1,30.17,9,7,183,4.38558236118891
2025-07-02 10:00:00,931.05,561.97,39.13,931.78,2.69,3.35,331.1,31.98,10,7,183,3.6913821381866456
2025-07-02 11:00:00,998.88,652.28,40.06,999.53,2.75,3.32,343.9,33.35,11,7,183,3.6583249847103474
2025-07-02 12:00:00,991.97,624.81,40.6,992.53,3.25,3.96,351.6,33.86,12,7,183,4.363544258871378
2025-07-02 13:00:00,914.53,558.04,40.73,914.97,3.83,4.81,353.8,33.89,13,7,183,5.300163607366497
2025-07-02 14:00:00,772.53,505.11,40.43,773.1,4.29,5.54,352.6,33.78,14,7,183,6.104554341956423
2025-07-02 15:00:00,577.95,415.31,39.74,578.53,4.56,6.01,350.2,33.5,15,7,183,6.62244974641843
2025-07-02 16:00:00,356.12,278.9,38.68,356.6,4.66,6.24,348.0,33.09,16,7,183,6.875887923070051
2025-07-02 17:00:00,149.85,107.13,37.21,150.05,4.56,6.17,347.5,32.57,17,7,183,6.798754564958688
2025-07-02 18:00:00,15.68,0.0,33.93,15.7,3.69,5.74,348.6,31.57,18,7,183,6.324935365131745
2025-07-02 19:00:00,0.0,0.0,32.17,0.0,3.38,5.65,344.5,30.64,19,7,183,6.225763904702851
2025-07-02 20:00:00,0.0,0.0,31.25,0.0,3.45,5.82,338.0,30.12,20,7,183,6.413087774401874
2025-07-02 21:00:00,0.0,0.0,30.37,0.0,3.63,6.29,332.3,29.64,21,7,183,6.930983178863881
2025-07-02 22:00:00,0.0,0.0,29.48,0.0,4.0,7.15,328.2,29.17,22,7,183,7.878621578517767
2025-07-02 23:00:00,0.0,0.0,28.65,0.0,5.05,8.39,327.1,28.84,23,7,183,9.244983922204764
2025-07-03 00:00:00,0.0,0.0,27.85,0.0,6.5,9.3,327.6,28.42,0,7,184,10.24771757765248
2025-07-03 01:00:00,0.0,0.0,27.16,0.0,7.08,9.38,328.2,27.73,1,7,184,10.335869986922608
2025-07-03 02:00:00,0.0,0.0,26.51,0.0,6.92,8.91,327.2,27.12,2,7,184,9.817974582460602
2025-07-03 03:00:00,0.0,0.0,25.89,0.0,6.73,8.52,325.1,26.72,3,7,184,9.388231587268722
2025-07-03 04:00:00,0.0,0.0,25.31,0.0,6.5,8.17,324.1,26.46,4,7,184,9.002564796711908
2025-07-03 05:00:00,30.52,3.34,25.6,30.52,6.37,7.63,324.2,26.6,5,7,184,8.40753603413854
2025-07-03 06:00:00,196.9,180.09,27.99,197.0,6.11,7.15,325.2,27.32,6,7,184,7.878621578517767
2025-07-03 07:00:00,418.62,373.33,31.19,418.77,5.79,7.28,326.6,28.47,7,7,184,8.021869243581726
2025-07-03 08:00:00,643.15,516.45,34.83,643.38,5.42,7.31,327.7,29.69,8,7,184,8.054926397058024
2025-07-03 09:00:00,830.83,601.88,36.37,831.08,5.21,7.18,326.2,30.65,9,7,184,7.911678731994065
2025-07-03 10:00:00,961.4,655.99,37.65,961.7,5.1,6.99,324.1,31.28,10,7,184,7.702316759977509
2025-07-03 11:00:00,1029.32,768.96,38.74,1029.65,5.1,6.99,323.9,31.65,11,7,184,7.702316759977509
2025-07-03 12:00:00,1022.0,740.2,39.52,1022.1,5.24,7.22,327.8,31.85,12,7,184,7.955754936629129
2025-07-03 13:00:00,943.4,663.85,39.96,943.67,5.45,7.57,334.5,31.97,13,7,184,8.341421727185944
2025-07-03 14:00:00,800.78,611.1,40.04,801.22,5.74,8.0,339.6,32.07,14,7,184,8.815240927012885
2025-07-03 15:00:00,605.3,521.73,39.67,605.9,5.92,8.34,340.8,32.09,15,7,184,9.189888666410933
2025-07-03 16:00:00,379.08,377.65,38.77,379.67,6.01,8.57,338.4,32.07,16,7,184,9.443326843062554
2025-07-03 17:00:00,161.5,172.48,37.27,161.82,5.79,8.37,334.1,31.98,17,7,184,9.222945819887231
2025-07-03 18:00:00,16.45,0.84,33.91,16.48,4.86,8.27,328.1,31.01,18,7,184,9.112755308299569
2025-07-03 19:00:00,0.0,0.0,32.14,0.0,5.01,8.99,326.2,30.29,19,7,184,9.90612699173073
2025-07-03 20:00:00,0.0,0.0,31.17,0.0,5.26,9.3,331.3,29.98,20,7,184,10.24771757765248
2025-07-03 21:00:00,0.0,0.0,30.2,0.0,5.28,9.14,342.9,29.53,21,7,184,10.071412759112222
2025-07-03 22:00:00,0.0,0.0,29.3,0.0,5.35,9.02,354.7,29.08,22,7,184,9.939184145207028
2025-07-03 23:00:00,0.0,0.0,28.49,0.0,5.21,8.74,6.7,28.61,23,7,184,9.630650712761577
2025-07-04 00:00:00,0.0,0.0,27.76,0.0,4.88,8.06,11.5,28.07,0,7,185,8.881355233965483
2025-07-04 01:00:00,0.0,0.0,27.06,0.0,4.38,6.98,8.5,27.5,1,7,185,7.691297708818743
2025-07-04 02:00:00,0.0,0.0,26.4,0.0,3.92,5.82,356.9,26.93,2,7,185,6.413087774401874
2025-07-04 03:00:00,0.0,0.0,25.77,0.0,3.93,5.43,339.0,26.38,3,7,185,5.983344779209996
2025-07-04 04:00:00,0.0,0.0,25.17,0.0,4.24,5.63,326.5,25.92,4,7,185,6.203725802385318
2025-07-04 05:00:00,31.33,17.39,25.43,31.38,4.78,5.74,322.2,26.08,5,7,185,6.324935365131745
2025-07-04 06:00:00,203.55,280.27,27.79,204.25,5.1,5.71,322.5,27.07,6,7,185,6.291878211655447
2025-07-04 07:00:00,426.35,485.16,31.0,427.25,5.33,6.39,326.5,28.42,7,7,185,7.041173690451542
2025-07-04 08:00:00,647.3,620.52,35.24,648.03,5.42,7.07,332.5,29.82,8,7,185,7.790469169247638
2025-07-04 09:00:00,832.1,701.86,37.18,832.6,5.32,7.29,334.1,31.19,9,7,185,8.032888294740491
2025-07-04 10:00:00,961.7,745.31,38.46,961.97,5.42,7.42,330.5,32.22,10,7,185,8.176135959804451
2025-07-04 11:00:00,1030.28,885.35,39.45,1030.4,5.58,7.67,326.6,32.75,11,7,185,8.451612238773604
2025-07-04 12:00:00,1023.45,853.95,40.21,1023.45,5.73,7.91,325.0,32.92,12,7,185,8.71606946658399
2025-07-04 13:00:00,946.65,770.62,40.71,946.8,5.85,8.14,326.3,32.93,13,7,185,8.96950764323561
2025-07-04 14:00:00,806.92,719.98,40.86,807.25,5.96,8.36,329.5,32.85,14,7,185,9.211926768728464
2025-07-04 15:00:00,613.92,637.78,40.56,614.4,6.06,8.58,333.1,32.7,15,7,185,9.45434589422132
2025-07-04 16:00:00,388.9,499.03,39.78,389.38,6.15,8.8,335.3,32.5,16,7,185,9.696765019714174
2025-07-04 17:00:00,167.93,279.66,38.27,168.2,6.15,8.87,335.1,32.16,17,7,185,9.773898377825535
2025-07-04 18:00:00,16.58,8.7,34.25,16.52,5.44,8.84,332.6,31.22,18,7,185,9.740841224349237
2025-07-04 19:00:00,0.0,0.0,32.65,0.0,5.51,9.45,333.1,30.51,19,7,185,10.41300334503397
2025-07-04 20:00:00,0.0,0.0,31.97,0.0,6.16,10.02,339.5,30.25,20,7,185,11.041089261083638
2025-07-04 21:00:00,0.0,0.0,31.35,0.0,6.92,10.43,349.2,29.88,21,7,185,11.492870358593049
2025-07-04 22:00:00,0.0,0.0,30.53,0.0,6.98,10.02,354.1,29.25,22,7,185,11.041089261083638
2025-07-04 23:00:00,0.0,0.0,29.73,0.0,6.6,9.07,346.6,28.32,23,7,185,9.99427940100086
2025-07-05 00:00:00,0.0,0.0,28.98,0.0,6.79,8.68,337.2,27.42,0,7,186,9.56453640580898
2025-07-05 01:00:00,0.0,0.0,28.27,0.0,7.04,8.61,333.0,26.61,1,7,186,9.487403047697617
2025-07-05 02:00:00,0.0,0.0,27.58,0.0,6.96,8.4,332.3,25.94,2,7,186,9.25600297336353
2025-07-05 03:00:00,0.0,0.0,26.93,0.0,6.6,7.98,332.1,25.41,3,7,186,8.793202824695353
2025-07-05 04:00:00,0.0,0.0,26.27,0.0,6.35,7.68,330.3,24.91,4,7,186,8.46263128993237
2025-07-05 05:00:00,31.27,42.59,26.13,31.3,6.42,7.4,329.2,24.92,5,7,186,8.154097857486919
2025-07-05 06:00:00,209.3,364.8,27.85,209.68,6.69,7.35,330.5,25.85,6,7,186,8.099002601693089
2025-07-05 07:00:00,434.23,575.54,31.18,434.8,6.67,7.64,336.8,27.72,7,7,186,8.418555085297305
2025-07-05 08:00:00,652.35,703.72,34.49,652.97,6.5,8.23,339.5,29.69,8,7,186,9.068679103664506
2025-07-05 09:00:00,833.95,769.97,36.94,834.55,6.68,9.07,337.5,31.26,9,7,186,9.99427940100086
2025-07-05 10:00:00,961.53,817.45,38.72,962.08,7.05,9.77,332.0,32.33,10,7,186,10.765612982114487
2025-07-05 11:00:00,1023.65,911.36,39.93,1024.15,7.44,10.33,326.7,32.83,11,7,186,11.382679847005388
2025-07-05 12:00:00,1018.5,879.64,40.73,1018.65,7.78,10.78,323.8,32.97,12,7,186,11.878537149149862
2025-07-05 13:00:00,943.0,797.06,41.16,944.25,8.0,11.09,324.8,32.89,13,7,186,12.220127735071612
2025-07-05 14:00:00,804.9,750.02,41.24,807.28,8.17,11.34,328.1,32.71,14,7,186,12.495604014040765
2025-07-05 15:00:00,614.7,674.8,40.9,618.0,8.17,11.37,331.0,32.46,15,7,186,12.528661167517063
2025-07-05 16:00:00,392.3,544.97,40.09,395.6,7.99,11.23,331.1,32.17,16,7,186,12.374394451294338
2025-07-05 17:00:00,171.0,326.01,38.68,172.93,7.65,10.92,327.5,31.76,17,7,186,12.032803865372589
2025-07-05 18:00:00,16.77,15.35,34.96,16.98,7.26,11.13,324.3,30.93,18,7,186,12.264203939706677
2025-07-05 19:00:00,0.0,0.0,33.55,0.0,7.81,11.64,328.8,30.33,19,7,186,12.826175548803748
2025-07-05 20:00:00,0.0,0.0,32.82,0.0,7.92,11.27,338.4,29.73,20,7,186,12.418470655929402
2025-07-05 21:00:00,0.0,0.0,31.82,0.0,7.56,10.49,345.9,28.89,21,7,186,11.558984665545646
2025-07-05 22:00:00,0.0,0.0,30.79,0.0,7.17,9.57,347.6,27.96,22,7,186,10.545231958939164
2025-07-05 23:00:00,0.0,0.0,29.66,0.0,6.99,8.84,343.0,27.05,23,7,186,9.740841224349237
2025-07-06 00:00:00,0.0,0.0,28.46,0.0,6.85,8.36,336.4,26.12,0,7,187,9.211926768728464
2025-07-06 01:00:00,0.0,0.0,27.42,0.0,6.71,8.07,330.2,25.32,1,7,187,8.892374285124248
2025-07-06 02:00:00,0.0,0.0,26.52,0.0,6.74,8.08,326.2,24.82,2,7,187,8.903393336283015
2025-07-06 03:00:00,0.0,0.0,25.73,0.0,7.1,8.42,323.2,24.41,3,7,187,9.278041075681061
2025-07-06 04:00:00,0.0,0.0,25.01,0.0,7.36,8.69,321.9,24.04,4,7,187,9.575555456967747
2025-07-06 05:00:00,31.58,53.4,25.23,32.22,7.46,8.48,321.1,24.06,5,7,187,9.344155382633659
2025-07-06 06:00:00,212.45,407.02,27.55,216.7,7.44,8.15,320.4,25.09,6,7,187,8.980526694394378
2025-07-06 07:00:00,437.88,588.22,30.89,446.75,6.87,7.64,323.8,27.05,7,7,187,8.418555085297305
2025-07-06 08:00:00,655.53,715.65,34.81,666.97,6.22,7.46,323.5,29.03,8,7,187,8.220212164439516
2025-07-06 09:00:00,837.8,779.32,37.2,850.03,5.67,7.4,319.4,30.58,9,7,187,8.154097857486919
2025-07-06 10:00:00,966.42,801.53,38.91,978.05,5.54,7.5,314.7,31.7,10,7,187,8.26428836907458
2025-07-06 11:00:00,1026.05,809.73,40.17,1036.72,5.58,7.59,313.0,32.53,11,7,187,8.363459829503475
2025-07-06 12:00:00,1020.88,844.49,41.05,1030.2,5.72,7.82,314.6,33.1,12,7,187,8.616898006155095
2025-07-06 13:00:00,947.28,789.55,41.54,955.05,5.98,8.23,317.8,33.44,13,7,187,9.068679103664506
2025-07-06 14:00:00,810.33,754.2,41.62,816.45,6.36,8.86,321.0,33.6,14,7,187,9.76287932666677
2025-07-06 15:00:00,620.9,696.48,41.3,625.38,6.77,9.58,323.1,33.57,15,7,187,10.556251010097931
2025-07-06 16:00:00,398.15,562.6,40.53,400.88,7.13,10.25,324.3,33.28,16,7,187,11.29452743773526
2025-07-06 17:00:00,174.38,347.3,38.64,175.4,7.2,10.54,325.1,32.69,17,7,187,11.614079921339476
2025-07-06 18:00:00,17.08,21.18,34.26,17.12,6.93,10.92,325.8,31.57,18,7,187,12.032803865372589
2025-07-06 19:00:00,0.0,0.0,32.54,0.0,7.3,11.29,331.6,30.63,19,7,187,12.440508758246933
2025-07-06 20:00:00,0.0,0.0,31.65,0.0,7.39,10.88,339.7,29.85,20,7,187,11.988727660737524
2025-07-06 21:00:00,0.0,0.0,30.79,0.0,7.5,10.47,340.9,29.01,21,7,187,11.536946563228115
2025-07-06 22:00:00,0.0,0.0,29.91,0.0,7.66,10.16,339.5,28.13,22,7,187,11.195355977306365
2025-07-06 23:00:00,0.0,0.0,29.07,0.0,7.83,9.87,337.7,27.29,23,7,187,10.875803493702147
2025-07-07 00:00:00,0.0,0.0,28.28,0.0,7.83,9.48,334.8,26.4,0,7,188,10.446060498510269
2025-07-07 01:00:00,0.0,0.0,27.46,0.0,7.91,9.43,331.0,25.61,1,7,188,10.390965242716439
2025-07-07 02:00:00,0.0,0.0,26.55,0.0,8.34,9.83,328.5,25.05,2,7,188,10.831727289067082
2025-07-07 03:00:00,0.0,0.0,25.65,0.0,8.66,10.12,327.1,24.59,3,7,188,11.151279772671298
2025-07-07 04:00:00,0.0,0.0,24.93,0.0,8.73,10.16,326.4,24.19,4,7,188,11.195355977306365
2025-07-07 05:00:00,30.1,40.27,25.14,30.15,8.6,9.7,326.2,24.14,5,7,188,10.688479624003122
2025-07-07 06:00:00,209.02,359.56,27.49,209.4,8.59,9.56,327.8,25.3,6,7,188,10.534212907780399
2025-07-07 07:00:00,437.2,560.81,30.9,437.73,8.52,9.79,328.5,27.36,7,7,188,10.787651084432017
2025-07-07 08:00:00,657.95,684.27,35.27,658.47,8.57,10.54,328.8,29.46,8,7,188,11.614079921339476
2025-07-07 09:00:00,842.25,750.5,38.16,842.65,8.67,11.16,328.6,31.09,9,7,188,12.297261093182975
2025-07-07 10:00:00,971.38,793.24,40.08,971.62,8.51,11.38,327.0,32.23,10,7,188,12.53968021867583
2025-07-07 11:00:00,1028.55,854.22,41.33,1028.7,8.16,11.2,323.5,32.91,11,7,188,12.341337297818038
2025-07-07 12:00:00,1021.65,819.38,42.12,1021.72,7.94,11.04,321.0,33.28,12,7,188,12.16503247927778
2025-07-07 13:00:00,941.33,706.35,42.5,945.2,7.84,11.0,321.3,33.51,13,7,188,12.120956274642717
2025-07-07 14:00:00,805.03,689.24,42.45,805.33,7.79,11.01,323.2,33.62,14,7,188,12.131975325801482
2025-07-07 15:00:00,612.4,605.0,41.95,612.95,7.78,11.1,325.4,33.59,15,7,188,12.231146786230378
2025-07-07 16:00:00,387.62,465.05,40.92,388.2,7.76,11.19,326.7,33.36,16,7,188,12.330318246659273
2025-07-07 17:00:00,166.1,249.16,39.13,166.45,7.54,11.06,325.6,32.77,17,7,188,12.187070581595314
2025-07-07 18:00:00,16.3,5.05,35.03,16.33,6.94,11.15,324.7,31.6,18,7,188,12.28624204202421
2025-07-07 19:00:00,0.0,0.0,33.45,0.0,6.95,11.28,330.0,30.72,19,7,188,12.429489707088168
2025-07-07 20:00:00,0.0,0.0,32.52,0.0,6.72,10.74,341.4,30.04,20,7,188,11.834460944514799
2025-07-07 21:00:00,0.0,0.0,31.51,0.0,6.34,10.24,351.0,29.42,21,7,188,11.283508386576493
2025-07-07 22:00:00,0.0,0.0,30.56,0.0,5.93,9.63,355.4,28.79,22,7,188,10.611346265891761
2025-07-07 23:00:00,0.0,0.0,29.64,0.0,5.81,8.85,346.2,27.98,23,7,188,9.751860275508005
2025-07-08 00:00:00,0.0,0.0,28.78,0.0,6.71,8.89,333.7,27.13,0,7,189,9.79593648014307
2025-07-08 01:00:00,0.0,0.0,27.95,0.0,7.38,9.13,328.1,26.32,1,7,189,10.060393707953455
2025-07-08 02:00:00,0.0,0.0,27.1,0.0,7.51,9.09,326.5,25.72,2,7,189,10.01631750331839
2025-07-08 03:00:00,0.0,0.0,26.22,0.0,7.31,8.82,326.2,25.29,3,7,189,9.718803122031707
2025-07-08 04:00:00,0.0,0.0,25.42,0.0,7.05,8.5,325.5,24.96,4,7,189,9.366193484951191
2025-07-08 05:00:00,29.88,20.9,25.37,30.1,7.1,8.31,324.7,25.2,5,7,189,9.156831512934636
2025-07-08 06:00:00,205.9,301.63,27.1,210.9,7.6,8.55,325.2,26.32,6,7,189,9.421288740745021
2025-07-08 07:00:00,438.2,537.65,30.34,444.55,7.81,9.12,327.2,27.85,7,7,189,10.049374656794688
2025-07-08 08:00:00,658.47,637.34,34.48,666.78,8.04,9.89,328.7,29.53,8,7,189,10.89784159601968
2025-07-08 09:00:00,836.6,671.86,37.84,852.38,8.17,10.5,328.4,31.07,9,7,189,11.570003716704411
2025-07-08 10:00:00,965.0,692.2,39.89,981.85,8.09,10.86,326.6,32.28,10,7,189,11.966689558419992
2025-07-08 11:00:00,991.33,699.12,41.19,1021.95,7.91,10.92,324.8,33.07,11,7,189,12.032803865372589
2025-07-08 12:00:00,997.88,664.61,42.01,1014.95,7.81,10.92,322.7,33.51,12,7,189,12.032803865372589
2025-07-08 13:00:00,927.12,649.31,42.36,936.22,7.74,10.91,322.0,33.67,13,7,189,12.021784814213822
2025-07-08 14:00:00,792.45,621.39,42.22,792.83,7.67,10.92,323.7,33.67,14,7,189,12.032803865372589
2025-07-08 15:00:00,599.6,535.95,41.59,600.22,7.56,10.85,326.4,33.62,15,7,189,11.955670507261225
2025-07-08 16:00:00,375.73,399.33,40.47,376.38,7.37,10.67,328.6,33.44,16,7,189,11.757327586403436
2025-07-08 17:00:00,157.68,193.18,38.7,158.02,6.74,9.87,329.7,32.89,17,7,189,10.875803493702147
2025-07-08 18:00:00,15.77,2.53,35.0,15.8,5.53,9.53,329.2,31.45,18,7,189,10.501155754304099
2025-07-08 19:00:00,0.0,0.0,33.32,0.0,5.39,9.71,330.2,30.52,19,7,189,10.699498675161891
2025-07-08 20:00:00,0.0,0.0,32.32,0.0,5.16,9.27,333.0,29.96,20,7,189,10.21466042417618
2025-07-08 21:00:00,0.0,0.0,31.14,0.0,4.79,8.54,336.3,29.33,21,7,189,9.410269689586254
2025-07-08 22:00:00,0.0,0.0,30.02,0.0,4.73,8.16,335.0,28.75,22,7,189,8.991545745553143
2025-07-08 23:00:00,0.0,0.0,29.05,0.0,5.5,8.55,331.2,28.29,23,7,189,9.421288740745021
2025-07-09 00:00:00,0.0,0.0,28.19,0.0,6.73,9.26,327.5,27.69,0,7,190,10.203641373017415
2025-07-09 01:00:00,0.0,0.0,27.4,0.0,7.6,9.56,325.8,26.82,1,7,190,10.534212907780399
2025-07-09 02:00:00,0.0,0.0,26.55,0.0,7.69,9.29,323.9,26.02,2,7,190,10.236698526493711
2025-07-09 03:00:00,0.0,0.0,25.61,0.0,7.49,9.01,324.4,25.61,3,7,190,9.928165094048262
2025-07-09 04:00:00,0.0,0.0,24.7,0.0,7.12,8.59,325.1,25.38,4,7,190,9.465364945380086
2025-07-09 05:00:00,29.77,33.38,24.46,30.15,6.95,8.11,323.8,25.52,5,7,190,8.936450489759311
2025-07-09 06:00:00,208.4,366.82,26.19,211.88,7.23,8.07,323.2,26.36,6,7,190,8.892374285124248
2025-07-09 07:00:00,436.17,569.27,29.69,442.45,7.59,8.67,325.9,27.58,7,7,190,9.553517354650214
2025-07-09 08:00:00,658.42,693.43,34.0,664.8,7.68,9.03,325.8,28.57,8,7,190,9.950203196365793
2025-07-09 09:00:00,844.97,763.59,36.52,850.3,7.51,9.13,323.6,29.44,9,7,190,10.060393707953455
2025-07-09 10:00:00,976.78,812.32,38.21,980.42,7.11,9.08,323.7,30.21,10,7,190,10.005298452159625
2025-07-09 11:00:00,1033.95,820.63,39.42,1035.82,6.69,8.93,327.0,30.82,11,7,190,9.840012684778133
2025-07-09 12:00:00,1031.47,856.2,40.22,1031.47,6.49,8.86,331.5,31.22,12,7,190,9.76287932666677
2025-07-09 13:00:00,956.35,778.43,40.56,956.53,6.4,8.86,335.9,31.53,13,7,190,9.76287932666677
2025-07-09 14:00:00,817.33,735.7,40.4,817.7,6.34,8.87,339.1,31.76,14,7,190,9.773898377825535
2025-07-09 15:00:00,625.62,659.07,39.81,626.12,6.3,8.91,340.0,31.89,15,7,190,9.817974582460602
2025-07-09 16:00:00,400.2,525.95,38.78,400.73,6.24,8.92,339.1,31.88,16,7,190,9.828993633619367
2025-07-09 17:00:00,175.55,307.98,37.03,175.85,5.83,8.52,337.2,31.62,17,7,190,9.388231587268722
2025-07-09 18:00:00,17.3,10.18,32.87,17.33,4.74,8.25,334.7,30.29,18,7,190,9.090717205982038
2025-07-09 19:00:00,0.0,0.0,31.06,0.0,4.66,8.31,332.9,29.45,19,7,190,9.156831512934636
2025-07-09 20:00:00,0.0,0.0,30.04,0.0,4.46,7.91,331.9,28.99,20,7,190,8.71606946658399
2025-07-09 21:00:00,0.0,0.0,29.05,0.0,4.22,7.43,332.5,28.56,21,7,190,8.187155010963217
2025-07-09 22:00:00,0.0,0.0,28.12,0.0,4.11,7.17,336.0,28.13,22,7,190,7.9006596808352985
2025-07-09 23:00:00,0.0,0.0,27.33,0.0,4.35,7.4,340.3,27.81,23,7,190,8.154097857486919
2025-07-10 00:00:00,0.0,0.0,26.6,0.0,5.07,8.0,340.9,27.56,0,7,191,8.815240927012885
2025-07-10 01:00:00,0.0,0.0,25.91,0.0,5.89,8.56,338.8,27.16,1,7,191,9.432307791903789
2025-07-10 02:00:00,0.0,0.0,25.21,0.0,6.32,8.56,335.3,26.7,2,7,191,9.432307791903789
2025-07-10 03:00:00,0.0,0.0,24.51,0.0,6.28,8.12,331.8,26.18,3,7,191,8.947469540918078
2025-07-10 04:00:00,0.0,0.0,23.81,0.0,5.92,7.57,328.6,25.77,4,7,191,8.341421727185944
2025-07-10 05:00:00,30.5,29.87,23.9,31.0,6.01,7.28,324.5,25.88,5,7,191,8.021869243581726
2025-07-10 06:00:00,214.25,355.29,26.22,218.6,6.42,7.16,319.7,26.8,6,7,191,7.889640629676532
2025-07-10 07:00:00,446.55,587.3,29.17,452.7,6.69,7.53,319.1,27.84,7,7,191,8.297345522550879
2025-07-10 08:00:00,672.15,721.24,34.09,677.3,6.52,7.72,318.9,28.86,8,7,191,8.506707494567435
2025-07-10 09:00:00,858.88,785.28,36.75,862.42,5.97,7.62,317.4,29.8,9,7,191,8.396516982979774
2025-07-10 10:00:00,990.08,833.99,38.22,992.12,5.36,7.3,317.8,30.54,10,7,191,8.043907345899258
2025-07-10 11:00:00,1052.43,872.67,39.36,1053.4,5.04,6.96,320.5,31.11,11,7,191,7.66925960650121
2025-07-10 12:00:00,1047.07,913.25,40.1,1047.07,4.95,6.85,323.7,31.54,12,7,191,7.548050043754783
2025-07-10 13:00:00,971.35,834.42,40.44,971.58,5.02,6.97,326.4,31.89,13,7,191,7.680278657659976
2025-07-10 14:00:00,832.05,795.57,40.38,832.42,5.16,7.18,327.2,32.21,14,7,191,7.911678731994065
2025-07-10 15:00:00,639.8,723.58,39.88,640.28,5.31,7.4,326.2,32.44,15,7,191,8.154097857486919
2025-07-10 16:00:00,412.7,593.96,38.89,413.15,5.4,7.6,324.4,32.38,16,7,191,8.37447888066224
2025-07-10 17:00:00,182.88,369.17,37.22,183.12,5.28,7.57,322.4,31.99,17,7,191,8.341421727185944
2025-07-10 18:00:00,17.8,17.08,33.01,17.83,4.47,7.78,318.9,30.7,18,7,191,8.572821801520032
2025-07-10 19:00:00,0.0,0.0,31.26,0.0,4.66,8.44,320.7,30.04,19,7,191,9.300079177998594
2025-07-10 20:00:00,0.0,0.0,30.28,0.0,4.88,8.77,328.0,29.78,20,7,191,9.663707866237875
2025-07-10 21:00:00,0.0,0.0,29.33,0.0,4.88,8.57,338.5,29.39,21,7,191,9.443326843062554
2025-07-10 22:00:00,0.0,0.0,28.44,0.0,4.95,8.24,344.2,28.9,22,7,191,9.079698154823273
2025-07-10 23:00:00,0.0,0.0,27.63,0.0,5.49,8.22,341.2,28.39,23,7,191,9.05766005250574
2025-07-11 00:00:00,0.0,0.0,26.86,0.0,6.39,8.48,332.6,27.74,0,7,192,9.344155382633659
2025-07-11 01:00:00,0.0,0.0,26.13,0.0,6.98,8.66,326.6,26.98,1,7,192,9.542498303491449
2025-07-11 02:00:00,0.0,0.0,25.44,0.0,7.07,8.55,322.6,26.4,2,7,192,9.421288740745021
2025-07-11 03:00:00,0.0,0.0,24.78,0.0,7.02,8.43,319.5,26.05,3,7,192,9.289060126839827
2025-07-11 04:00:00,0.0,0.0,24.12,0.0,6.85,8.22,317.5,25.76,4,7,192,9.05766005250574
2025-07-11 05:00:00,29.05,34.44,24.33,29.55,6.59,7.72,315.3,25.91,5,7,192,8.506707494567435
2025-07-11 06:00:00,209.27,366.28,27.71,212.95,6.53,7.26,311.6,26.9,6,7,192,7.999831141264194
2025-07-11 07:00:00,438.95,576.05,30.49,445.3,6.3,7.19,309.7,28.26,7,7,192,7.922697783152831
2025-07-11 08:00:00,662.1,714.45,35.2,668.62,5.3,6.59,309.3,29.49,8,7,192,7.2615547136268646
2025-07-11 09:00:00,848.88,795.93,37.36,854.03,4.25,5.79,307.8,30.4,9,7,192,6.3800306209255755
2025-07-11 10:00:00,979.78,824.55,38.7,983.38,3.45,4.55,313.5,31.34,10,7,192,5.013668277238578
2025-07-11 11:00:00,1040.7,853.5,39.77,1042.55,2.84,3.5,330.9,32.17,11,7,192,3.856667905568137
2025-07-11 12:00:00,1036.55,885.77,40.55,1036.55,2.78,3.29,355.3,32.89,12,7,192,3.625267831234049
2025-07-11 13:00:00,962.85,801.6,41.0,962.92,3.05,3.67,11.0,33.68,13,7,192,4.043991775267161
2025-07-11 14:00:00,821.5,753.82,41.12,821.67,3.28,4.05,16.5,34.01,14,7,192,4.462715719300273
2025-07-11 15:00:00,627.0,671.38,40.83,627.3,3.32,4.17,13.7,34.16,15,7,192,4.594944333205467
2025-07-11 16:00:00,398.88,530.75,40.07,399.27,3.3,4.21,3.4,34.04,16,7,192,4.639020537840531
2025-07-11 17:00:00,171.5,300.68,38.2,171.77,3.28,4.34,346.8,33.57,17,7,192,4.78226820290449
2025-07-11 18:00:00,16.45,9.46,33.92,16.48,3.13,4.92,329.7,31.89,18,7,192,5.421373170112925
2025-07-11 19:00:00,0.0,0.0,32.17,0.0,3.65,5.92,319.2,30.89,19,7,192,6.523278285989535
2025-07-11 20:00:00,0.0,0.0,31.16,0.0,3.97,6.79,316.7,30.39,20,7,192,7.481935736802186
2025-07-11 21:00:00,0.0,0.0,30.35,0.0,4.12,7.26,318.9,29.93,21,7,192,7.999831141264194
2025-07-11 22:00:00,0.0,0.0,29.65,0.0,4.16,7.27,321.6,29.52,22,7,192,8.010850192422959
2025-07-11 23:00:00,0.0,0.0,28.99,0.0,4.22,7.16,321.7,29.22,23,7,192,7.889640629676532
2025-07-12 00:00:00,0.0,0.0,28.35,0.0,4.78,7.56,320.0,28.92,0,7,193,8.330402676027177
2025-07-12 01:00:00,0.0,0.0,27.75,0.0,5.66,8.13,322.2,28.36,1,7,193,8.958488592076845
2025-07-12 02:00:00,0.0,0.0,27.17,0.0,6.46,8.48,320.6,27.56,2,7,193,9.344155382633659
2025-07-12 03:00:00,0.0,0.0,26.6,0.0,7.16,8.9,315.6,26.87,3,7,193,9.806955531301835
2025-07-12 04:00:00,0.0,0.0,26.03,0.0,7.58,9.14,314.2,26.44,4,7,193,10.071412759112222
2025-07-12 05:00:00,26.48,18.3,26.08,26.52,7.71,9.0,313.9,26.42,5,7,193,9.917146042889495
2025-07-12 06:00:00,196.55,306.46,27.89,196.95,7.79,8.82,317.9,27.25,6,7,193,9.718803122031707
2025-07-12 07:00:00,422.12,513.97,31.02,422.85,7.35,8.75,320.6,28.58,7,7,193,9.641669763920344
2025-07-12 08:00:00,642.83,649.23,35.69,643.62,7.1,8.98,320.9,29.97,8,7,193,9.895107940571965
2025-07-12 09:00:00,827.8,717.34,38.15,828.5,6.89,9.16,316.9,31.03,9,7,193,10.093450861429753
2025-07-12 10:00:00,958.2,765.51,39.59,958.7,6.49,9.0,317.4,31.87,10,7,193,9.917146042889495
2025-07-12 11:00:00,1018.12,831.36,40.64,1018.47,6.09,8.5,323.5,32.58,11,7,193,9.366193484951191
2025-07-12 12:00:00,1013.58,802.11,41.39,1013.85,5.72,7.91,331.6,33.08,12,7,193,8.71606946658399
2025-07-12 13:00:00,939.05,725.57,41.83,939.3,5.5,7.47,340.0,33.46,13,7,193,8.231231215598282
2025-07-12 14:00:00,792.8,660.76,41.92,800.55,5.37,7.23,346.7,33.7,14,7,193,7.966773987787896
2025-07-12 15:00:00,596.42,578.69,41.6,608.12,5.29,7.15,350.5,33.78,15,7,193,7.878621578517767
2025-07-12 16:00:00,372.1,415.37,40.84,383.17,5.27,7.18,350.5,33.69,16,7,193,7.911678731994065
2025-07-12 17:00:00,155.8,196.4,39.34,161.0,5.11,7.11,347.6,33.32,17,7,193,7.834545373882702
2025-07-12 18:00:00,15.6,2.84,35.39,15.57,4.35,7.17,342.5,32.22,18,7,193,7.9006596808352985
2025-07-12 19:00:00,0.0,0.0,33.88,0.0,4.39,7.7,337.2,31.44,19,7,193,8.484669392249902
2025-07-12 20:00:00,0.0,0.0,33.04,0.0,4.58,8.1,332.7,31.01,20,7,193,8.925431438600546
2025-07-12 21:00:00,0.0,0.0,32.05,0.0,4.82,8.32,330.5,30.55,21,7,193,9.167850564093401
2025-07-12 22:00:00,0.0,0.0,31.12,0.0,4.9,8.07,331.1,30.06,22,7,193,8.892374285124248
2025-07-12 23:00:00,0.0,0.0,30.35,0.0,5.31,8.0,325.9,29.52,23,7,193,8.815240927012885
2025-07-13 00:00:00,0.0,0.0,29.64,0.0,6.53,8.81,320.8,28.79,0,7,194,9.70778407087294
2025-07-13 01:00:00,0.0,0.0,28.93,0.0,7.55,9.55,321.3,27.94,1,7,194,10.523193856621633
2025-07-13 02:00:00,0.0,0.0,28.22,0.0,8.13,9.84,321.4,27.33,2,7,194,10.84274634022585
2025-07-13 03:00:00,0.0,0.0,27.51,0.0,8.42,9.95,322.4,26.93,3,7,194,10.963955902972275
2025-07-13 04:00:00,0.0,0.0,26.78,0.0,8.35,9.78,321.5,26.57,4,7,194,10.776632033273252
2025-07-13 05:00:00,23.8,1.95,26.48,23.83,8.59,9.91,321.7,26.48,5,7,194,10.919879698337212
2025-07-13 06:00:00,174.02,154.5,27.91,177.85,8.89,10.18,324.9,27.16,6,7,194,11.217394079623896
2025-07-13 07:00:00,388.75,353.88,31.37,395.27,9.12,10.64,325.9,28.23,7,7,194,11.724270432927138
2025-07-13 08:00:00,610.25,511.53,35.29,612.65,9.43,11.18,322.8,29.21,8,7,194,12.319299195500507
2025-07-13 09:00:00,795.0,566.14,37.65,800.7,9.47,11.48,319.3,30.14,9,7,194,12.64987073026349
2025-07-13 10:00:00,902.7,555.92,39.19,931.45,9.29,11.65,318.0,31.01,10,7,194,12.837194599962515
2025-07-13 11:00:00,959.65,507.25,40.2,984.22,8.75,11.45,320.3,31.74,11,7,194,12.616813576787191
2025-07-13 12:00:00,964.3,570.49,40.84,976.58,8.08,11.02,324.7,32.26,12,7,194,12.14299437696025
2025-07-13 13:00:00,797.22,816.02,41.09,892.75,7.64,10.64,328.9,32.56,13,7,194,11.724270432927138
2025-07-13 14:00:00,733.55,441.07,40.88,753.83,7.42,10.45,331.4,32.72,14,7,194,11.514908460910581
2025-07-13 15:00:00,550.85,384.71,40.25,559.12,7.37,10.48,333.0,32.79,15,7,194,11.54796561438688
2025-07-13 16:00:00,330.1,237.07,39.19,338.62,7.39,10.6,334.8,32.66,16,7,194,11.680194228292073
2025-07-13 17:00:00,133.73,69.47,37.71,136.05,7.23,10.46,337.2,32.28,17,7,194,11.525927512069348
2025-07-13 18:00:00,14.0,0.0,35.41,13.82,6.68,10.32,338.0,31.5,18,7,194,11.371660795846623
2025-07-13 19:00:00,0.0,0.0,33.99,0.0,6.82,10.72,335.4,31.03,19,7,194,11.812422842197266
2025-07-13 20:00:00,0.0,0.0,32.94,0.0,7.2,11.01,333.2,30.78,20,7,194,12.131975325801482
2025-07-13 21:00:00,0.0,0.0,31.97,0.0,7.59,10.95,333.8,30.26,21,7,194,12.065861018848887
2025-07-13 22:00:00,0.0,0.0,31.05,0.0,8.1,10.83,334.6,29.45,22,7,194,11.933632404943694
2025-07-13 23:00:00,0.0,0.0,30.25,0.0,9.0,11.21,335.8,28.49,23,7,194,12.352356348976807
2025-07-14 00:00:00,0.0,0.0,29.48,0.0,9.26,11.12,334.5,27.61,0,7,195,12.25318488854791
2025-07-14 01:00:00,0.0,0.0,28.69,0.0,9.17,10.86,333.4,27.0,1,7,195,11.966689558419992
2025-07-14 02:00:00,0.0,0.0,27.82,0.0,9.18,10.82,333.9,26.62,2,7,195,11.922613353784927
2025-07-14 03:00:00,0.0,0.0,27.07,0.0,9.13,10.72,333.5,26.28,3,7,195,11.812422842197266
2025-07-14 04:00:00,0.0,0.0,26.36,0.0,9.0,10.56,332.4,25.98,4,7,195,11.636118023657009
2025-07-14 05:00:00,22.2,1.56,26.11,23.12,9.18,10.68,332.8,25.89,5,7,195,11.768346637562201
2025-07-14 06:00:00,161.95,134.56,27.65,174.4,9.44,10.67,332.3,26.32,6,7,195,11.757327586403436
2025-07-14 07:00:00,365.33,321.44,31.0,392.45,9.66,10.89,329.6,27.22,7,7,195,11.999746711896291
2025-07-14 08:00:00,580.05,465.89,34.3,614.6,9.64,10.88,326.7,28.2,8,7,195,11.988727660737524
2025-07-14 09:00:00,768.67,569.64,36.59,802.65,9.15,10.53,324.1,29.2,9,7,195,11.603060870180709
2025-07-14 10:00:00,908.12,619.62,38.16,935.58,8.6,10.19,323.5,29.99,10,7,195,11.228413130782663
2025-07-14 11:00:00,990.12,647.32,39.16,1006.42,7.71,9.53,327.5,30.55,11,7,195,10.501155754304099
2025-07-14 12:00:00,998.6,733.86,39.71,1001.15,6.82,8.88,334.8,30.97,12,7,195,9.784917428984304
2025-07-14 13:00:00,921.58,646.31,39.86,924.17,6.41,8.66,340.5,31.41,13,7,195,9.542498303491449
2025-07-14 14:00:00,780.65,585.22,39.63,782.97,6.21,8.54,342.6,31.82,14,7,195,9.410269689586254
2025-07-14 15:00:00,588.25,496.43,38.98,590.17,6.09,8.5,343.3,32.09,15,7,195,9.366193484951191
2025-07-14 16:00:00,366.15,358.41,37.91,367.38,6.01,8.48,343.0,32.14,16,7,195,9.344155382633659
2025-07-14 17:00:00,153.2,157.62,36.44,153.68,5.8,8.38,342.5,31.89,17,7,195,9.233964871045998
2025-07-14 18:00:00,14.9,0.84,33.76,14.95,4.89,8.35,341.7,30.85,18,7,195,9.200907717569699
2025-07-14 19:00:00,0.0,0.0,32.09,0.0,4.74,8.5,337.5,30.12,19,7,195,9.366193484951191
2025-07-14 20:00:00,0.0,0.0,31.04,0.0,4.69,8.47,333.0,29.73,20,7,195,9.333136331474893
2025-07-14 21:00:00,0.0,0.0,29.99,0.0,4.78,8.54,329.8,29.34,21,7,195,9.410269689586254
2025-07-14 22:00:00,0.0,0.0,29.04,0.0,5.2,8.85,328.3,28.96,22,7,195,9.751860275508005
2025-07-14 23:00:00,0.0,0.0,28.13,0.0,6.29,9.52,331.4,28.62,23,7,195,10.490136703145334
2025-07-15 00:00:00,0.0,0.0,27.27,0.0,7.51,10.15,335.7,28.09,0,7,196,11.184336926147598
2025-07-15 01:00:00,0.0,0.0,26.46,0.0,8.0,10.0,335.5,27.32,1,7,196,11.019051158766107
2025-07-15 02:00:00,0.0,0.0,25.72,0.0,7.68,9.34,332.2,26.58,2,7,196,10.291793782287543
2025-07-15 03:00:00,0.0,0.0,25.03,0.0,7.36,8.88,330.1,26.07,3,7,196,9.784917428984304
2025-07-15 04:00:00,0.0,0.0,24.4,0.0,6.94,8.4,330.2,25.69,4,7,196,9.25600297336353
2025-07-15 05:00:00,24.25,3.27,24.47,24.7,6.74,7.87,329.9,25.76,5,7,196,8.671993261948925
2025-07-15 06:00:00,186.25,201.74,26.6,189.2,6.92,7.72,328.9,26.6,6,7,196,8.506707494567435
2025-07-15 07:00:00,409.08,415.53,29.91,415.52,6.94,7.75,326.9,27.85,7,7,196,8.539764648043732
2025-07-15 08:00:00,634.97,549.59,33.32,641.8,6.49,7.48,323.2,28.98,8,7,196,8.242250266757049
2025-07-15 09:00:00,828.47,641.75,34.93,833.7,5.47,6.9,319.8,29.82,9,7,196,7.603145299548614
2025-07-15 10:00:00,966.3,677.15,36.29,969.08,4.39,5.96,320.7,30.57,10,7,196,6.5673544906245995
2025-07-15 11:00:00,1054.1,891.53,37.36,1054.95,3.7,4.86,331.4,31.45,11,7,196,5.355258863160328
2025-07-15 12:00:00,1050.18,852.89,38.1,1050.18,3.44,4.34,346.7,32.19,12,7,196,4.78226820290449
2025-07-15 13:00:00,974.53,766.85,38.51,974.65,3.5,4.38,356.3,32.74,13,7,196,4.826344407539555
2025-07-15 14:00:00,832.4,710.86,38.46,832.67,3.5,4.4,356.6,33.06,14,7,196,4.848382509857087
2025-07-15 15:00:00,634.72,617.0,37.94,635.1,3.4,4.29,352.8,33.22,15,7,196,4.72717294711066
2025-07-15 16:00:00,401.85,462.22,36.96,402.27,3.2,4.09,346.1,33.2,16,7,196,4.506791923935338
2025-07-15 17:00:00,172.38,229.57,35.46,172.6,2.96,3.86,340.6,33.06,17,7,196,4.253353747283717
2025-07-15 18:00:00,16.15,1.34,31.52,16.17,2.37,3.54,333.1,31.94,18,7,196,3.9007441102032017
2025-07-15 19:00:00,0.0,0.0,29.69,0.0,2.46,3.66,309.8,31.04,19,7,196,4.0329727241083955
2025-07-15 20:00:00,0.0,0.0,28.67,0.0,3.0,4.77,290.8,30.14,20,7,196,5.256087402731432
2025-07-15 21:00:00,0.0,0.0,27.78,0.0,3.54,6.06,283.9,29.49,21,7,196,6.67754500221226
2025-07-15 22:00:00,0.0,0.0,26.97,0.0,4.0,6.89,283.9,29.08,22,7,196,7.592126248389847
2025-07-15 23:00:00,0.0,0.0,26.29,0.0,4.28,7.16,287.2,28.71,23,7,196,7.889640629676532
2025-07-16 00:00:00,0.0,0.0,25.71,0.0,4.24,6.91,293.7,28.37,0,7,197,7.61416435070738
2025-07-16 01:00:00,0.0,0.0,25.23,0.0,4.18,6.4,304.3,28.0,1,7,197,7.052192741610309
2025-07-16 02:00:00,0.0,0.0,24.89,0.0,4.27,5.96,316.3,27.55,2,7,197,6.5673544906245995
2025-07-16 03:00:00,0.0,0.0,24.63,0.0,4.3,5.62,324.7,27.05,3,7,197,6.192706751226552
2025-07-16 04:00:00,0.0,0.0,24.35,0.0,4.12,5.26,327.7,26.62,4,7,197,5.796020909510972
2025-07-16 05:00:00,24.7,2.36,24.29,24.8,3.85,4.91,325.2,26.8,5,7,197,5.410354118954158
2025-07-16 06:00:00,190.5,200.4,27.5,191.6,4.02,4.4,320.8,27.94,6,7,197,4.848382509857087
2025-07-16 07:00:00,415.62,394.7,30.6,417.25,3.32,3.9,317.2,29.09,7,7,197,4.297429951918781
2025-07-16 08:00:00,643.28,532.14,35.44,644.83,2.54,3.41,310.2,30.32,8,7,197,3.7574964451392425
2025-07-16 09:00:00,833.62,617.26,37.38,834.83,2.16,2.8,308.2,32.21,9,7,197,3.0853343244545095
2025-07-16 10:00:00,966.4,659.06,38.65,967.22,1.69,2.14,312.3,34.11,10,7,197,2.358076947975947
2025-07-16 11:00:00,1047.47,871.67,39.62,1047.95,1.25,1.47,322.2,35.63,11,7,197,1.6198005203386177
2025-07-16 12:00:00,1040.65,838.33,40.31,1040.72,1.03,1.05,340.0,36.53,12,7,197,1.1570003716704413
2025-07-16 13:00:00,963.95,763.23,40.7,964.58,1.0,0.96,349.7,37.14,13,7,197,1.0578289112415462
2025-07-16 14:00:00,822.78,717.02,40.7,824.15,0.91,0.92,340.4,37.51,14,7,197,1.0137527066064818
2025-07-16 15:00:00,628.2,640.0,40.33,630.45,0.79,0.98,312.1,37.62,15,7,197,1.0798670135590784
2025-07-16 16:00:00,399.9,504.38,39.48,402.52,0.97,1.37,279.3,37.28,16,7,197,1.5096100087509567
2025-07-16 17:00:00,171.9,272.97,37.87,173.57,1.16,1.54,262.2,36.57,17,7,197,1.6969338784499806
2025-07-16 18:00:00,16.0,3.59,33.67,16.15,0.84,1.17,245.2,35.35,18,7,197,1.2892289855756345
2025-07-16 19:00:00,0.0,0.0,31.91,0.0,0.78,1.07,210.4,34.41,19,7,197,1.1790384739879736
2025-07-16 20:00:00,0.0,0.0,30.92,0.0,1.18,1.63,182.1,33.22,20,7,197,1.7961053388788752
2025-07-16 21:00:00,0.0,0.0,30.09,0.0,1.87,2.69,176.8,31.53,21,7,197,2.964124761708083
2025-07-16 22:00:00,0.0,0.0,29.35,0.0,2.45,3.73,175.5,30.05,22,7,197,4.110106082219758
2025-07-16 23:00:00,0.0,0.0,28.7,0.0,2.62,4.14,177.9,29.27,23,7,197,4.561887179729168
2025-07-17 00:00:00,0.0,0.0,28.13,0.0,2.54,4.08,183.9,28.83,0,7,198,4.495772872776572
2025-07-17 01:00:00,0.0,0.0,27.56,0.0,2.34,3.75,190.3,28.56,1,7,198,4.13214418453729
2025-07-17 02:00:00,0.0,0.0,26.99,0.0,2.06,3.27,196.3,28.43,2,7,198,3.6032297289165167
2025-07-17 03:00:00,0.0,0.0,26.42,0.0,1.78,2.82,202.6,28.42,3,7,198,3.107372426772042
2025-07-17 04:00:00,0.0,0.0,25.87,0.0,1.6,2.5,207.9,28.45,4,7,198,2.7547627896915268
2025-07-17 05:00:00,24.23,6.6,26.04,24.25,1.44,2.26,211.8,28.71,5,7,198,2.49030556188114
2025-07-17 06:00:00,193.15,261.47,28.72,193.6,1.32,1.9,211.0,29.86,6,7,198,2.09361972016556
2025-07-17 07:00:00,422.98,474.48,31.6,423.58,1.05,1.34,193.8,31.37,7,7,198,1.4765528552746583
2025-07-17 08:00:00,646.38,605.67,36.2,646.92,0.86,1.12,179.0,33.92,8,7,198,1.234133729781804
2025-07-17 09:00:00,834.53,685.24,38.79,834.95,0.58,0.63,158.7,35.81,9,7,198,0.6942002230022647
2025-07-17 10:00:00,967.22,722.96,40.29,967.55,0.89,0.76,70.9,36.62,10,7,198,0.8374478880662242
2025-07-17 11:00:00,997.5,571.93,41.37,997.9,1.82,1.88,51.5,36.56,11,7,198,2.071581617848028
2025-07-17 12:00:00,996.28,611.35,42.14,996.67,2.66,2.95,47.6,36.27,12,7,198,3.2506200918360015
2025-07-17 13:00:00,922.05,554.77,42.52,922.47,3.28,3.83,45.5,35.99,13,7,198,4.220296593807419
2025-07-17 14:00:00,782.2,515.61,42.47,782.65,3.68,4.44,43.5,35.75,14,7,198,4.892458714492152
2025-07-17 15:00:00,589.1,445.52,41.96,589.55,3.77,4.68,41.3,35.49,15,7,198,5.156915942302538
2025-07-17 16:00:00,366.25,324.53,40.98,366.65,3.55,4.48,38.2,35.26,16,7,198,4.936534919127216
2025-07-17 17:00:00,151.1,136.35,39.16,151.3,3.01,3.9,40.0,34.98,17,7,198,4.297429951918781
2025-07-17 18:00:00,14.15,0.46,34.93,14.18,2.07,3.13,49.8,33.88,18,7,198,3.4489630126937914
2025-07-17 19:00:00,0.0,0.0,33.26,0.0,1.41,1.97,67.3,33.74,19,7,198,2.170753078276923
2025-07-17 20:00:00,0.0,0.0,32.27,0.0,0.95,1.24,113.7,33.81,20,7,198,1.3663623436869972
2025-07-17 21:00:00,0.0,0.0,31.38,0.0,1.11,1.5,164.1,33.0,21,7,198,1.6528576738149159
2025-07-17 22:00:00,0.0,0.0,30.56,0.0,1.34,1.87,194.3,32.06,22,7,198,2.060562566689262
2025-07-17 23:00:00,0.0,0.0,29.89,0.0,1.44,2.08,226.2,31.5,23,7,198,2.2919626410233502
2025-07-18 00:00:00,0.0,0.0,29.36,0.0,1.66,2.42,259.5,30.98,0,7,199,2.666610380421398
2025-07-18 01:00:00,0.0,0.0,28.84,0.0,2.02,3.03,288.3,30.12,1,7,199,3.33877250110613
2025-07-18 02:00:00,0.0,0.0,28.33,0.0,2.42,3.81,307.3,29.34,2,7,199,4.198258491489887
2025-07-18 03:00:00,0.0,0.0,27.82,0.0,2.75,4.5,320.6,28.8,3,7,199,4.958573021444748
2025-07-18 04:00:00,0.0,0.0,27.31,0.0,3.26,4.98,328.9,28.42,4,7,199,5.487487477065522
2025-07-18 05:00:00,22.9,7.9,27.47,22.92,3.84,5.21,331.2,28.49,5,7,199,5.740925653717142
2025-07-18 06:00:00,187.95,269.9,29.64,188.23,4.48,5.1,331.8,29.28,6,7,199,5.619716090970714
2025-07-18 07:00:00,412.62,482.96,32.8,413.05,4.22,5.42,335.4,30.15,7,7,199,5.97232572805123
2025-07-18 08:00:00,633.15,617.6,37.14,633.65,4.12,5.7,333.4,31.2,8,7,199,6.280859160496681
2025-07-18 09:00:00,818.38,693.17,39.26,818.95,4.46,6.18,335.1,32.16,9,7,199,6.809773616117454
2025-07-18 10:00:00,948.95,745.34,40.51,949.62,4.89,6.77,340.0,32.92,10,7,199,7.459897634484654
2025-07-18 11:00:00,1007.05,793.19,41.44,1007.83,5.16,7.13,344.8,33.49,11,7,199,7.856583476200234
2025-07-18 12:00:00,1002.47,764.36,42.1,1003.3,5.22,7.16,348.7,34.07,12,7,199,7.889640629676532
2025-07-18 13:00:00,927.47,686.01,42.39,927.8,5.17,7.04,352.1,34.58,13,7,199,7.757412015771339
2025-07-18 14:00:00,787.7,634.64,42.32,788.88,5.18,7.04,354.0,34.8,14,7,199,7.757412015771339
2025-07-18 15:00:00,594.85,546.33,41.81,596.1,5.28,7.2,353.9,34.77,15,7,199,7.933716834311597
2025-07-18 16:00:00,371.08,402.47,40.86,372.12,5.39,7.46,352.2,34.56,16,7,199,8.220212164439516
2025-07-18 17:00:00,154.18,188.0,39.26,154.7,5.42,7.65,349.5,34.12,17,7,199,8.429574136456072
2025-07-18 18:00:00,14.18,1.33,35.67,14.2,4.72,7.88,346.2,33.05,18,7,199,8.683012313107692
2025-07-18 19:00:00,0.0,0.0,34.1,0.0,4.81,8.54,342.3,32.29,19,7,199,9.410269689586254
2025-07-18 20:00:00,0.0,0.0,33.19,0.0,5.17,9.17,339.9,31.87,20,7,199,10.10446991258852
2025-07-18 21:00:00,0.0,0.0,32.29,0.0,5.9,9.86,338.9,31.46,21,7,199,10.86478444254338
2025-07-18 22:00:00,0.0,0.0,31.49,0.0,7.36,10.6,339.1,30.92,22,7,199,11.680194228292073
2025-07-18 23:00:00,0.0,0.0,30.83,0.0,8.47,11.11,341.9,30.05,23,7,199,12.242165837389145
2025-07-19 00:00:00,0.0,0.0,30.24,0.0,8.89,11.08,343.2,29.17,0,7,200,12.209108683912847
2025-07-19 01:00:00,0.0,0.0,29.63,0.0,8.39,10.11,340.2,28.3,1,7,200,11.140260721512533
2025-07-19 02:00:00,0.0,0.0,29.01,0.0,7.9,9.42,338.6,27.7,2,7,200,10.379946191557673
2025-07-19 03:00:00,0.0,0.0,28.35,0.0,7.3,8.72,338.4,27.3,3,7,200,9.608612610444046
2025-07-19 04:00:00,0.0,0.0,27.69,0.0,6.57,7.92,338.1,26.99,4,7,200,8.727088517742756
2025-07-19 05:00:00,22.15,7.86,27.61,22.25,6.27,7.32,334.8,27.02,5,7,200,8.065945448216791
2025-07-19 06:00:00,181.82,244.63,29.56,183.5,6.52,7.28,331.2,27.79,6,7,200,8.021869243581726
2025-07-19 07:00:00,404.85,487.91,32.52,407.9,6.96,7.9,332.0,29.14,7,7,200,8.705050415425225
2025-07-19 08:00:00,627.58,620.2,36.79,630.67,6.87,8.37,332.1,30.5,8,7,200,9.222945819887231
2025-07-19 09:00:00,815.35,692.84,38.79,817.85,6.45,8.44,331.1,31.54,9,7,200,9.300079177998594
2025-07-19 10:00:00,948.35,751.47,40.04,950.08,6.21,8.42,331.2,32.21,10,7,200,9.278041075681061
2025-07-19 11:00:00,999.03,767.54,40.97,999.9,6.07,8.31,333.0,32.61,11,7,200,9.156831512934636
2025-07-19 12:00:00,1010.79,770.98,41.58,1014.98,5.96,8.18,336.4,32.78,12,7,200,9.013583847870676
2025-07-19 13:00:00,920.25,690.86,41.8,920.5,5.99,8.24,340.2,32.83,13,7,200,9.079698154823273
2025-07-19 14:00:00,780.88,645.17,41.56,781.33,6.09,8.42,343.0,32.81,14,7,200,9.278041075681061
2025-07-19 15:00:00,588.75,562.22,40.9,589.33,6.16,8.58,344.2,32.76,15,7,200,9.45434589422132
2025-07-19 16:00:00,366.05,426.0,39.81,366.58,6.13,8.69,342.9,32.76,16,7,200,9.575555456967747
2025-07-19 17:00:00,152.23,216.94,38.2,152.5,6.11,8.81,340.9,32.49,17,7,200,9.70778407087294
2025-07-19 18:00:00,13.68,3.41,35.09,13.7,5.29,8.75,337.2,31.48,18,7,200,9.641669763920344
2025-07-19 19:00:00,0.0,0.0,33.72,0.0,5.26,9.08,335.0,30.77,19,7,200,10.005298452159625
2025-07-19 20:00:00,0.0,0.0,32.87,0.0,5.56,9.36,337.1,30.45,20,7,200,10.313831884605076
2025-07-19 21:00:00,0.0,0.0,31.91,0.0,6.42,9.73,342.5,30.13,21,7,200,10.721536777479422
2025-07-19 22:00:00,0.0,0.0,30.96,0.0,7.5,10.07,345.4,29.63,22,7,200,11.09618451687747
2025-07-19 23:00:00,0.0,0.0,30.09,0.0,7.93,10.0,345.0,28.84,23,7,200,11.019051158766107
2025-07-20 00:00:00,0.0,0.0,29.25,0.0,7.49,9.14,342.6,28.01,0,7,201,10.071412759112222
2025-07-20 01:00:00,0.0,0.0,28.37,0.0,6.66,8.14,341.2,27.29,1,7,201,8.96950764323561
2025-07-20 02:00:00,0.0,0.0,27.49,0.0,5.85,7.29,340.7,26.74,2,7,201,8.032888294740491
2025-07-20 03:00:00,0.0,0.0,26.7,0.0,5.2,6.62,339.9,26.25,3,7,201,7.294611867103162
2025-07-20 04:00:00,0.0,0.0,25.99,0.0,4.93,6.35,339.1,25.83,4,7,201,6.997097485816477
2025-07-20 05:00:00,21.67,15.86,25.84,21.88,5.0,6.05,336.8,25.93,5,7,201,6.666525951053495
2025-07-20 06:00:00,183.02,296.88,27.54,184.7,5.54,6.13,334.1,26.89,6,7,201,6.754678360323624
2025-07-20 07:00:00,405.92,500.99,30.82,408.58,6.58,7.29,332.7,28.35,7,7,201,8.032888294740491
2025-07-20 08:00:00,628.85,636.1,34.63,631.28,7.31,8.17,330.8,29.65,8,7,201,9.002564796711908
2025-07-20 09:00:00,817.15,719.68,36.59,818.78,7.36,8.46,327.2,30.57,9,7,201,9.322117280316126
2025-07-20 10:00:00,950.78,771.15,37.99,951.6,7.03,8.5,323.4,31.37,10,7,201,9.366193484951191
2025-07-20 11:00:00,1017.88,841.54,39.13,1018.2,6.69,8.51,322.3,31.91,11,7,201,9.377212536109957
2025-07-20 12:00:00,1014.47,842.96,39.91,1014.55,6.47,8.56,324.4,32.26,12,7,201,9.432307791903789
2025-07-20 13:00:00,940.88,767.44,40.33,940.95,6.36,8.62,328.5,32.49,13,7,201,9.498422098856382
2025-07-20 14:00:00,803.55,726.94,40.33,803.67,6.3,8.69,332.1,32.64,14,7,201,9.575555456967747
2025-07-20 15:00:00,613.85,653.54,39.85,614.03,6.23,8.72,333.7,32.73,15,7,201,9.608612610444046
2025-07-20 16:00:00,390.73,525.58,38.88,390.92,6.19,8.78,333.7,32.71,16,7,201,9.67472691739664
2025-07-20 17:00:00,166.7,298.49,37.34,166.82,5.92,8.59,330.4,32.41,17,7,201,9.465364945380086
2025-07-20 18:00:00,14.62,6.95,33.92,14.62,5.02,8.63,324.3,31.17,18,7,201,9.509441150015151
2025-07-20 19:00:00,0.0,0.0,32.26,0.0,5.25,9.16,322.8,30.5,19,7,201,10.093450861429753
2025-07-20 20:00:00,0.0,0.0,31.3,0.0,5.26,9.03,325.8,30.15,20,7,201,9.950203196365793
2025-07-20 21:00:00,0.0,0.0,30.33,0.0,4.98,8.41,332.1,29.72,21,7,201,9.267022024522296
2025-07-20 22:00:00,0.0,0.0,29.42,0.0,4.75,7.78,343.2,29.26,22,7,201,8.572821801520032
2025-07-20 23:00:00,0.0,0.0,28.59,0.0,4.95,7.69,349.7,28.87,23,7,201,8.473650341091137
2025-07-21 00:00:00,0.0,0.0,27.81,0.0,5.54,7.81,348.3,28.37,0,7,202,8.60587895499633
2025-07-21 01:00:00,0.0,0.0,27.06,0.0,5.95,7.78,343.3,27.64,1,7,202,8.572821801520032
2025-07-21 02:00:00,0.0,0.0,26.34,0.0,6.1,7.56,333.9,27.01,2,7,202,8.330402676027177
2025-07-21 03:00:00,0.0,0.0,25.68,0.0,6.05,7.35,324.6,26.54,3,7,202,8.099002601693089
2025-07-21 04:00:00,0.0,0.0,25.07,0.0,6.0,7.29,318.4,26.23,4,7,202,8.032888294740491
2025-07-21 05:00:00,23.88,22.1,25.2,23.9,6.09,7.17,314.7,26.32,5,7,202,7.9006596808352985
2025-07-21 06:00:00,202.02,366.94,27.53,202.98,6.57,7.36,316.0,27.29,6,7,202,8.110021652851854
2025-07-21 07:00:00,435.4,587.85,30.71,436.58,7.02,7.81,322.2,28.55,7,7,202,8.60587895499633
2025-07-21 08:00:00,660.7,719.54,35.16,661.67,6.94,7.79,324.2,29.57,8,7,202,8.583840852678797
2025-07-21 09:00:00,848.28,796.64,37.02,848.92,6.45,7.58,322.7,30.35,9,7,202,8.35244077834471
2025-07-21 10:00:00,980.1,832.55,38.22,980.47,5.69,7.22,324.6,31.0,10,7,202,7.955754936629129
2025-07-21 11:00:00,1042.7,890.8,39.11,1042.88,5.07,6.86,330.3,31.55,11,7,202,7.55906909491355
2025-07-21 12:00:00,1010.35,770.98,39.72,1014.54,4.78,6.59,338.0,32.08,12,7,202,7.2615547136268646
2025-07-21 13:00:00,963.22,807.79,40.02,964.0,4.75,6.52,344.8,32.45,13,7,202,7.184421355515501
2025-07-21 14:00:00,823.42,762.29,39.92,824.97,4.8,6.6,349.4,32.64,14,7,202,7.27257376478563
2025-07-21 15:00:00,629.8,683.31,39.39,631.97,4.83,6.66,350.6,32.68,15,7,202,7.338688071738227
2025-07-21 16:00:00,401.58,546.93,38.4,403.83,4.79,6.67,349.4,32.59,16,7,202,7.3497071228969935
2025-07-21 17:00:00,172.25,314.1,36.79,173.6,4.61,6.56,346.9,32.32,17,7,202,7.228497560150566
2025-07-21 18:00:00,14.77,6.24,33.28,14.9,3.77,6.46,342.0,31.1,18,7,202,7.1183070485629045
2025-07-21 19:00:00,0.0,0.0,31.69,0.0,3.89,6.84,334.4,30.41,19,7,202,7.537030992596017
2025-07-21 20:00:00,0.0,0.0,30.76,0.0,4.02,7.21,329.8,30.07,20,7,202,7.9447358854703625
2025-07-21 21:00:00,0.0,0.0,29.8,0.0,4.11,7.38,330.2,29.72,21,7,202,8.132059755169387
2025-07-21 22:00:00,0.0,0.0,28.88,0.0,4.14,7.31,334.5,29.41,22,7,202,8.054926397058024
2025-07-21 23:00:00,0.0,0.0,28.07,0.0,4.27,7.21,337.6,29.17,23,7,202,7.9447358854703625
2025-07-22 00:00:00,0.0,0.0,27.32,0.0,4.54,7.14,336.4,28.84,0,7,203,7.867602527359
2025-07-22 01:00:00,0.0,0.0,26.62,0.0,5.15,7.27,329.6,28.37,1,7,203,8.010850192422959
2025-07-22 02:00:00,0.0,0.0,25.93,0.0,6.05,7.62,323.3,27.73,2,7,203,8.396516982979774
2025-07-22 03:00:00,0.0,0.0,25.26,0.0,6.43,7.78,318.1,26.99,3,7,203,8.572821801520032
2025-07-22 04:00:00,0.0,0.0,24.61,0.0,6.47,7.72,314.2,26.54,4,7,203,8.506707494567435
2025-07-22 05:00:00,23.0,21.63,24.68,23.48,6.31,7.33,311.0,26.55,5,7,203,8.076964499375556
2025-07-22 06:00:00,198.8,357.43,27.53,202.62,6.31,7.04,309.6,27.47,6,7,203,7.757412015771339
2025-07-22 07:00:00,431.02,583.39,30.35,439.2,6.03,6.9,311.9,28.93,7,7,203,7.603145299548614
2025-07-22 08:00:00,656.83,701.97,34.85,666.9,5.2,6.62,315.2,30.35,8,7,203,7.294611867103162
2025-07-22 09:00:00,846.22,771.74,36.87,856.42,4.68,6.39,317.2,31.56,9,7,203,7.041173690451542
2025-07-22 10:00:00,979.95,798.36,38.09,989.4,4.68,6.45,318.0,32.65,10,7,203,7.107287997404139
2025-07-22 11:00:00,1046.45,841.41,39.11,1055.18,4.76,6.51,319.7,33.51,11,7,203,7.173402304356735
2025-07-22 12:00:00,1042.05,838.95,39.89,1050.4,4.75,6.39,321.9,34.17,12,7,203,7.041173690451542
2025-07-22 13:00:00,965.72,772.98,40.35,974.12,4.61,6.11,325.4,34.54,13,7,203,6.732640258006091
2025-07-22 14:00:00,824.12,736.67,40.38,832.45,4.38,5.74,331.0,34.79,14,7,203,6.324935365131745
2025-07-22 15:00:00,628.42,658.55,39.94,636.03,4.14,5.35,337.0,34.91,15,7,203,5.895192369939867
2025-07-22 16:00:00,397.88,506.63,39.0,403.5,3.89,5.04,341.6,34.84,16,7,203,5.5536017840181175
2025-07-22 17:00:00,166.7,269.66,37.28,169.07,3.57,4.77,344.6,34.42,17,7,203,5.256087402731432
2025-07-22 18:00:00,14.4,3.12,33.17,14.57,2.93,4.55,343.3,32.79,18,7,203,5.013668277238578
2025-07-22 19:00:00,0.0,0.0,31.61,0.0,2.97,4.54,334.1,31.92,19,7,203,5.0026492260798125
2025-07-22 20:00:00,0.0,0.0,30.69,0.0,3.12,4.89,324.9,31.27,20,7,203,5.388316016636626
2025-07-22 21:00:00,0.0,0.0,29.81,0.0,3.28,5.4,320.6,30.72,21,7,203,5.950287625733698
2025-07-22 22:00:00,0.0,0.0,29.06,0.0,3.35,5.79,320.2,30.34,22,7,203,6.3800306209255755
2025-07-22 23:00:00,0.0,0.0,28.41,0.0,3.39,5.98,321.7,30.04,23,7,203,6.589392592942132
2025-07-23 00:00:00,0.0,0.0,27.81,0.0,3.6,6.22,322.4,29.73,0,7,204,6.853849820752518
2025-07-23 01:00:00,0.0,0.0,27.22,0.0,3.87,6.39,326.9,29.34,1,7,204,7.041173690451542
2025-07-23 02:00:00,0.0,0.0,26.65,0.0,4.09,6.32,330.2,28.92,2,7,204,6.96404033234018
2025-07-23 03:00:00,0.0,0.0,26.14,0.0,4.32,6.27,326.7,28.53,3,7,204,6.908945076546348
2025-07-23 04:00:00,0.0,0.0,25.64,0.0,4.72,6.45,319.7,28.14,4,7,204,7.107287997404139
2025-07-23 05:00:00,21.48,6.36,25.85,21.6,5.42,6.72,317.3,28.07,5,7,204,7.404802378690824
2025-07-23 06:00:00,188.48,268.72,29.68,189.77,5.74,6.69,316.7,28.87,6,7,204,7.371745225214526
2025-07-23 07:00:00,421.4,498.04,32.8,423.48,5.8,7.08,318.4,30.19,7,7,204,7.801488220406403
2025-07-23 08:00:00,649.67,636.1,36.3,651.62,5.45,7.15,320.3,31.69,8,7,204,7.878621578517767
2025-07-23 09:00:00,841.42,719.89,37.9,842.8,5.2,7.09,321.9,33.09,9,7,204,7.8125072715651696
2025-07-23 10:00:00,976.58,759.76,39.2,977.42,5.32,7.22,322.4,34.28,10,7,204,7.955754936629129
2025-07-23 11:00:00,1043.97,831.67,40.28,1044.47,5.62,7.64,323.1,35.12,11,7,204,8.418555085297305
2025-07-23 12:00:00,1041.18,836.37,41.05,1041.53,5.93,8.12,324.1,35.6,12,7,204,8.947469540918078
2025-07-23 13:00:00,967.5,768.44,41.43,967.72,6.2,8.57,325.7,35.79,13,7,204,9.443326843062554
2025-07-23 14:00:00,827.25,728.38,41.36,828.05,6.38,8.88,328.2,35.78,14,7,204,9.784917428984304
2025-07-23 15:00:00,632.0,649.95,40.75,632.83,6.39,8.95,330.7,35.58,15,7,204,9.862050787095665
2025-07-23 16:00:00,400.98,510.27,39.67,401.67,6.25,8.83,332.2,35.23,16,7,204,9.729822173190472
2025-07-23 17:00:00,167.55,265.56,37.86,167.93,5.84,8.34,332.4,34.64,17,7,204,9.189888666410933
2025-07-23 18:00:00,13.88,2.31,33.63,13.9,4.77,8.1,329.7,33.31,18,7,204,8.925431438600546
2025-07-23 19:00:00,0.0,0.0,31.95,0.0,4.75,8.52,329.1,32.48,19,7,204,9.388231587268722
2025-07-23 20:00:00,0.0,0.0,31.01,0.0,4.71,8.47,334.4,31.99,20,7,204,9.333136331474893
2025-07-23 21:00:00,0.0,0.0,30.14,0.0,4.39,7.87,343.5,31.4,21,7,204,8.671993261948925
2025-07-23 22:00:00,0.0,0.0,29.36,0.0,4.08,7.3,348.3,30.84,22,7,204,8.043907345899258
2025-07-23 23:00:00,0.0,0.0,28.58,0.0,4.03,7.04,347.3,30.32,23,7,204,7.757412015771339
2025-07-24 00:00:00,0.0,0.0,27.81,0.0,4.54,7.18,339.4,29.83,0,7,205,7.911678731994065
2025-07-24 01:00:00,0.0,0.0,27.15,0.0,5.54,7.63,328.6,29.26,1,7,205,8.40753603413854
2025-07-24 02:00:00,0.0,0.0,26.56,0.0,6.32,8.08,325.7,28.63,2,7,205,8.903393336283015
2025-07-24 03:00:00,0.0,0.0,26.02,0.0,6.55,8.17,326.4,28.15,3,7,205,9.002564796711908
2025-07-24 04:00:00,0.0,0.0,25.52,0.0,6.54,8.07,327.4,27.77,4,7,205,8.892374285124248
2025-07-24 05:00:00,20.5,4.37,25.8,20.8,6.43,7.76,328.2,27.87,5,7,205,8.550783699202498
2025-07-24 06:00:00,183.07,231.57,29.4,185.93,6.33,7.22,324.7,28.85,6,7,205,7.955754936629129
2025-07-24 07:00:00,413.0,461.42,32.37,417.98,6.23,7.42,324.0,30.2,7,7,205,8.176135959804451
2025-07-24 08:00:00,639.5,602.55,36.83,644.92,5.88,7.59,328.5,31.96,8,7,205,8.363459829503475
2025-07-24 09:00:00,830.4,691.52,38.78,835.25,5.62,7.65,328.5,33.43,9,7,205,8.429574136456072
2025-07-24 10:00:00,965.95,737.69,40.16,969.75,5.63,7.65,325.2,34.56,10,7,205,8.429574136456072
2025-07-24 11:00:00,1025.85,736.72,41.23,1028.57,5.69,7.7,320.1,35.17,11,7,205,8.484669392249902
2025-07-24 12:00:00,1023.28,771.26,41.87,1024.97,5.63,7.62,318.1,35.32,12,7,205,8.396516982979774
2025-07-24 13:00:00,948.47,694.58,42.09,948.8,5.46,7.41,323.9,35.25,13,7,205,8.165116908645684
2025-07-24 14:00:00,803.2,635.98,41.92,806.6,5.43,7.4,335.2,35.1,14,7,205,8.154097857486919
2025-07-24 15:00:00,605.0,550.65,41.43,609.55,5.5,7.56,344.9,34.89,15,7,205,8.330402676027177
2025-07-24 16:00:00,374.95,400.31,40.5,379.05,5.43,7.53,350.6,34.6,16,7,205,8.297345522550879
2025-07-24 17:00:00,151.4,179.86,38.61,153.38,5.07,7.18,353.8,34.13,17,7,205,7.911678731994065
2025-07-24 18:00:00,12.62,0.99,34.29,12.68,4.12,7.0,353.8,32.68,18,7,205,7.713335811136274
2025-07-24 19:00:00,0.0,0.0,32.72,0.0,4.11,7.13,351.0,31.87,19,7,205,7.856583476200234
2025-07-24 20:00:00,0.0,0.0,31.79,0.0,4.02,6.97,348.8,31.4,20,7,205,7.680278657659976
2025-07-24 21:00:00,0.0,0.0,30.96,0.0,3.87,6.7,347.3,30.87,21,7,205,7.382764276373291
2025-07-24 22:00:00,0.0,0.0,30.09,0.0,3.7,6.43,347.4,30.33,22,7,205,7.085249895086606
2025-07-24 23:00:00,0.0,0.0,29.3,0.0,3.59,6.23,348.1,29.82,23,7,205,6.864868871911285
2025-07-25 00:00:00,0.0,0.0,28.61,0.0,3.47,5.97,345.5,29.38,0,7,206,6.578373541783366
2025-07-25 01:00:00,0.0,0.0,28.02,0.0,3.63,6.02,338.0,29.04,1,7,206,6.633468797577196
2025-07-25 02:00:00,0.0,0.0,27.46,0.0,4.25,6.5,328.6,28.72,2,7,206,7.162383253197969
2025-07-25 03:00:00,0.0,0.0,26.92,0.0,5.08,7.18,322.4,28.28,3,7,206,7.911678731994065
2025-07-25 04:00:00,0.0,0.0,26.45,0.0,5.69,7.63,319.4,27.84,4,7,206,8.40753603413854
2025-07-25 05:00:00,18.73,2.67,26.63,19.05,5.94,7.42,317.8,27.83,5,7,206,8.176135959804451
2025-07-25 06:00:00,169.55,184.61,29.6,173.2,5.98,6.7,315.1,28.85,6,7,206,7.382764276373291
2025-07-25 07:00:00,388.55,383.59,32.59,395.0,5.77,6.82,317.7,30.07,7,7,206,7.514992890278485
2025-07-25 08:00:00,611.85,519.8,37.17,618.3,5.28,7.01,324.5,31.45,8,7,206,7.724354862295041
2025-07-25 09:00:00,802.67,609.78,39.13,807.83,5.15,7.13,326.8,32.77,9,7,206,7.856583476200234
2025-07-25 10:00:00,939.78,639.04,40.44,943.33,5.3,7.32,325.0,33.72,10,7,206,8.065945448216791
2025-07-25 11:00:00,1020.62,740.29,41.41,1022.5,5.53,7.66,322.6,34.24,11,7,206,8.440593187614837
2025-07-25 12:00:00,1019.12,763.31,42.06,1019.3,5.73,8.0,322.9,34.48,12,7,206,8.815240927012885
2025-07-25 13:00:00,944.72,688.58,42.35,945.62,5.84,8.2,324.8,34.59,13,7,206,9.035621950188206
2025-07-25 14:00:00,804.0,632.07,42.21,805.78,5.9,8.34,327.2,34.67,14,7,206,9.189888666410933
2025-07-25 15:00:00,608.75,553.25,41.6,611.47,5.99,8.51,328.9,34.67,15,7,206,9.377212536109957
2025-07-25 16:00:00,379.58,409.23,40.51,382.7,6.07,8.7,329.6,34.5,16,7,206,9.586574508126512
2025-07-25 17:00:00,156.15,191.75,38.59,158.05,5.71,8.35,329.5,34.01,17,7,206,9.200907717569699
2025-07-25 18:00:00,12.65,0.48,34.23,12.8,4.6,8.05,327.8,32.62,18,7,206,8.870336182806717
2025-07-25 19:00:00,0.0,0.0,32.54,0.0,4.44,7.97,328.4,31.87,19,7,206,8.782183773536588
2025-07-25 20:00:00,0.0,0.0,31.54,0.0,4.2,7.47,330.6,31.42,20,7,206,8.231231215598282
2025-07-25 21:00:00,0.0,0.0,30.63,0.0,3.97,6.99,332.8,30.95,21,7,206,7.702316759977509
2025-07-25 22:00:00,0.0,0.0,29.8,0.0,3.96,7.02,334.9,30.55,22,7,206,7.735373913453806
2025-07-25 23:00:00,0.0,0.0,29.08,0.0,4.35,7.64,336.5,30.31,23,7,206,8.418555085297305
2025-07-26 00:00:00,0.0,0.0,28.43,0.0,5.01,8.22,337.1,30.09,0,7,207,9.05766005250574
2025-07-26 01:00:00,0.0,0.0,27.83,0.0,5.32,8.03,335.3,29.63,1,7,207,8.848298080489183
2025-07-26 02:00:00,0.0,0.0,27.27,0.0,5.37,7.56,331.0,29.08,2,7,207,8.330402676027177
2025-07-26 03:00:00,0.0,0.0,26.64,0.0,5.29,7.16,325.8,28.6,3,7,207,7.889640629676532
2025-07-26 04:00:00,0.0,0.0,25.93,0.0,5.09,6.83,320.9,28.23,4,7,207,7.526011941437251
2025-07-26 05:00:00,19.05,2.89,25.83,19.08,5.16,6.54,317.0,28.3,5,7,207,7.206459457833033
2025-07-26 06:00:00,177.55,213.48,29.02,178.65,5.31,6.06,314.3,29.21,6,7,207,6.67754500221226
2025-07-26 07:00:00,402.83,436.28,31.86,405.5,4.89,5.92,316.8,30.22,7,7,207,6.523278285989535
2025-07-26 08:00:00,628.6,562.45,36.65,631.83,4.13,5.51,321.3,31.11,8,7,207,6.071497188480125
2025-07-26 09:00:00,817.85,666.05,39.31,822.08,3.74,5.03,320.6,32.1,9,7,207,5.542582732859352
2025-07-26 10:00:00,945.33,642.35,40.67,955.95,3.49,4.58,320.7,33.08,10,7,207,5.046725430714877
2025-07-26 11:00:00,996.1,739.46,41.73,1027.55,3.21,4.12,326.6,34.17,11,7,207,4.5398490774116365
2025-07-26 12:00:00,1018.53,802.01,42.48,1023.6,3.28,4.16,338.6,35.15,12,7,207,4.5839252820467005
2025-07-26 13:00:00,942.85,753.49,42.84,948.05,3.65,4.66,350.4,35.56,13,7,207,5.1348778399850055
2025-07-26 14:00:00,801.97,696.43,42.73,806.85,4.02,5.19,358.2,35.67,14,7,207,5.71888755139961
2025-07-26 15:00:00,608.72,628.28,42.16,612.8,4.24,5.55,1.1,35.67,15,7,207,6.115573393115189
2025-07-26 16:00:00,380.77,485.26,41.12,383.55,4.22,5.59,359.4,35.64,16,7,207,6.159649597750254
2025-07-26 17:00:00,156.93,262.53,39.06,158.02,3.53,4.89,357.0,35.28,17,7,207,5.388316016636626
2025-07-26 18:00:00,12.07,2.34,34.93,12.1,2.53,3.76,354.7,34.16,18,7,207,4.143163235696056
2025-07-26 19:00:00,0.0,0.0,33.38,0.0,1.95,2.76,348.1,34.15,19,7,207,3.041258119819445
2025-07-26 20:00:00,0.0,0.0,32.36,0.0,1.33,1.86,333.8,33.88,20,7,207,2.049543515530496
2025-07-26 21:00:00,0.0,0.0,31.43,0.0,0.88,1.24,306.8,33.07,21,7,207,1.3663623436869972
2025-07-26 22:00:00,0.0,0.0,30.59,0.0,0.66,0.97,278.3,32.2,22,7,207,1.0688479624003122
2025-07-26 23:00:00,0.0,0.0,29.92,0.0,0.66,0.98,278.2,31.64,23,7,207,1.0798670135590784
2025-07-27 00:00:00,0.0,0.0,29.31,0.0,0.73,1.08,294.0,31.36,0,7,208,1.1900575251467396
2025-07-27 01:00:00,0.0,0.0,28.74,0.0,0.79,1.18,299.4,31.14,1,7,208,1.3002480367344005
2025-07-27 02:00:00,0.0,0.0,28.17,0.0,0.85,1.29,296.2,30.89,2,7,208,1.4214575994808278
2025-07-27 03:00:00,0.0,0.0,27.61,0.0,1.01,1.56,283.3,30.56,3,7,208,1.7189719807675128
2025-07-27 04:00:00,0.0,0.0,27.05,0.0,1.4,2.24,271.8,30.16,4,7,208,2.468267459563608
2025-07-27 05:00:00,18.88,7.9,27.12,18.9,1.76,2.79,270.8,29.91,5,7,208,3.0743152732957437
2025-07-27 06:00:00,182.55,288.75,30.62,183.23,2.01,2.81,274.1,30.7,6,7,208,3.096353375613276
2025-07-27 07:00:00,411.02,509.49,33.49,412.05,1.72,2.23,284.3,31.64,7,7,208,2.457248408404842
2025-07-27 08:00:00,637.15,643.7,38.13,638.2,1.48,1.86,305.6,33.28,8,7,208,2.049543515530496
2025-07-27 09:00:00,825.45,728.22,40.65,826.35,1.69,2.11,330.8,34.43,9,7,208,2.3250197944996485
2025-07-27 10:00:00,958.9,775.59,41.94,959.58,2.2,2.72,350.1,35.16,10,7,208,2.997181915184381
2025-07-27 11:00:00,1023.38,829.74,42.91,1023.83,2.77,3.42,4.7,36.05,11,7,208,3.7685154962980083
2025-07-27 12:00:00,1019.67,828.63,43.51,1019.75,3.2,3.99,13.9,36.76,12,7,208,4.396601412347676
2025-07-27 13:00:00,937.31,705.08,43.72,941.16,3.48,4.39,19.4,37.14,13,7,208,4.83736345869832
2025-07-27 14:00:00,803.42,692.11,43.51,803.55,3.62,4.58,20.8,37.35,14,7,208,5.046725430714877
2025-07-27 15:00:00,607.6,600.27,42.86,607.85,3.6,4.58,19.4,37.33,15,7,208,5.046725430714877
2025-07-27 16:00:00,378.02,452.29,41.83,378.35,3.49,4.46,16.9,37.13,16,7,208,4.914496816809684
2025-07-27 17:00:00,152.75,216.65,39.73,152.95,3.14,4.21,16.4,36.64,17,7,208,4.639020537840531
2025-07-27 18:00:00,11.7,0.96,35.33,11.7,2.54,3.81,17.6,35.19,18,7,208,4.198258491489887
2025-07-27 19:00:00,0.0,0.0,33.69,0.0,2.32,3.36,13.6,34.76,19,7,208,3.702401189345412
2025-07-27 20:00:00,0.0,0.0,32.58,0.0,2.1,3.01,3.8,34.52,20,7,208,3.316734398788598
2025-07-27 21:00:00,0.0,0.0,31.59,0.0,2.14,3.12,349.3,33.71,21,7,208,3.4379439615350256
2025-07-27 22:00:00,0.0,0.0,30.73,0.0,2.67,4.14,339.9,32.36,22,7,208,4.561887179729168
2025-07-27 23:00:00,0.0,0.0,29.93,0.0,3.46,5.9,337.4,31.43,23,7,208,6.501240183672003
2025-07-28 00:00:00,0.0,0.0,29.21,0.0,4.41,7.68,336.1,30.96,0,7,209,8.46263128993237
2025-07-28 01:00:00,0.0,0.0,28.68,0.0,5.95,8.57,332.3,30.43,1,7,209,9.443326843062554
2025-07-28 02:00:00,0.0,0.0,28.24,0.0,6.5,8.42,329.0,29.62,2,7,209,9.278041075681061
2025-07-28 03:00:00,0.0,0.0,27.83,0.0,6.38,8.04,327.0,29.06,3,7,209,8.859317131647948
2025-07-28 04:00:00,0.0,0.0,27.42,0.0,6.06,7.6,325.1,28.75,4,7,209,8.37447888066224
2025-07-28 05:00:00,17.88,1.94,27.61,18.02,5.88,7.15,322.2,28.8,5,7,209,7.878621578517767
2025-07-28 06:00:00,171.93,194.23,31.31,173.88,5.87,6.6,319.1,29.6,6,7,209,7.27257376478563
2025-07-28 07:00:00,400.12,412.04,34.43,403.35,5.55,6.61,319.8,30.8,7,7,209,7.283592815944397
2025-07-28 08:00:00,628.42,557.99,38.62,631.6,4.98,6.65,321.5,32.06,8,7,209,7.327669020579461
2025-07-28 09:00:00,819.47,646.48,40.59,822.17,4.72,6.56,323.5,33.36,9,7,209,7.228497560150566
2025-07-28 10:00:00,953.9,685.12,41.69,956.0,4.64,6.33,329.4,34.48,10,7,209,6.975059383498945
2025-07-28 11:00:00,1026.15,761.49,42.49,1027.7,4.68,6.27,337.8,35.43,11,7,209,6.908945076546348
2025-07-28 12:00:00,1020.42,790.52,42.99,1021.53,4.8,6.4,343.0,36.02,12,7,209,7.052192741610309
2025-07-28 13:00:00,943.88,711.09,43.17,944.12,4.95,6.63,344.5,36.36,13,7,209,7.305630918261929
2025-07-28 14:00:00,799.5,655.4,42.95,800.47,5.07,6.83,344.8,36.47,14,7,209,7.526011941437251
2025-07-28 15:00:00,601.47,571.6,42.35,602.53,5.11,6.92,345.5,36.4,15,7,209,7.6251834018661455
2025-07-28 16:00:00,371.3,411.46,41.31,372.17,5.01,6.81,346.4,36.14,16,7,209,7.503973839119718
2025-07-28 17:00:00,147.25,178.45,39.5,147.65,4.5,6.24,347.8,35.6,17,7,209,6.875887923070051
2025-07-28 18:00:00,11.2,0.49,35.7,11.2,3.5,5.68,347.1,34.02,18,7,209,6.258821058179148
2025-07-28 19:00:00,0.0,0.0,34.33,0.0,3.47,5.58,340.1,33.13,19,7,209,6.1486305465914874
2025-07-28 20:00:00,0.0,0.0,33.54,0.0,3.53,5.82,331.9,32.49,20,7,209,6.413087774401874
2025-07-28 21:00:00,0.0,0.0,32.77,0.0,3.69,6.42,326.3,31.86,21,7,209,7.0742308439278405
2025-07-28 22:00:00,0.0,0.0,32.03,0.0,4.13,7.39,325.4,31.37,22,7,209,8.143078806328152
2025-07-28 23:00:00,0.0,0.0,31.37,0.0,4.98,8.29,326.2,31.0,23,7,209,9.134793410617101
2025-07-29 00:00:00,0.0,0.0,30.75,0.0,5.88,8.72,327.6,30.62,0,7,210,9.608612610444046
2025-07-29 01:00:00,0.0,0.0,30.06,0.0,6.49,8.76,327.8,30.09,1,7,210,9.65268881507911
2025-07-29 02:00:00,0.0,0.0,29.32,0.0,6.68,8.52,328.0,29.52,2,7,210,9.388231587268722
2025-07-29 03:00:00,0.0,0.0,28.55,0.0,6.49,8.07,330.0,29.01,3,7,210,8.892374285124248
2025-07-29 04:00:00,0.0,0.0,27.85,0.0,6.08,7.51,331.6,28.59,4,7,210,8.275307420233347
2025-07-29 05:00:00,16.67,0.83,27.63,16.73,5.9,7.04,330.7,28.52,5,7,210,7.757412015771339
2025-07-29 06:00:00,160.55,150.87,29.36,161.57,6.37,7.15,330.6,29.17,6,7,210,7.878621578517767
2025-07-29 07:00:00,379.62,345.88,32.54,381.6,7.02,8.0,332.8,30.22,7,7,210,8.815240927012885
2025-07-29 08:00:00,605.53,484.87,37.04,607.95,6.98,8.16,330.9,31.02,8,7,210,8.991545745553143
2025-07-29 09:00:00,798.12,578.08,39.69,800.67,6.66,8.09,326.7,31.67,9,7,210,8.91441238744178
2025-07-29 10:00:00,934.78,621.6,41.24,937.35,6.33,8.14,325.9,32.3,10,7,210,8.96950764323561
2025-07-29 11:00:00,1016.72,767.6,42.31,1019.28,6.33,8.44,329.1,32.84,11,7,210,9.300079177998594
2025-07-29 12:00:00,1010.95,753.0,42.99,1013.47,6.53,8.87,332.8,33.3,12,7,210,9.773898377825535
2025-07-29 13:00:00,935.05,665.1,43.32,936.17,6.67,9.25,335.7,33.76,13,7,210,10.192622321858648
2025-07-29 14:00:00,790.7,596.29,43.24,792.0,6.76,9.51,337.9,34.13,14,7,210,10.479117651986567
2025-07-29 15:00:00,592.72,511.72,42.69,594.22,6.8,9.68,338.9,34.34,15,7,210,10.666441521685591
2025-07-29 16:00:00,362.8,350.7,41.66,364.12,6.83,9.84,339.0,34.39,16,7,210,10.84274634022585
2025-07-29 17:00:00,142.55,137.86,39.81,143.18,6.34,9.34,338.3,34.04,17,7,210,10.291793782287543
2025-07-29 18:00:00,10.85,0.0,36.09,10.9,5.25,8.97,337.4,33.04,18,7,210,9.884088889413198
2025-07-29 19:00:00,0.0,0.0,34.71,0.0,5.03,8.97,340.6,32.47,19,7,210,9.884088889413198
2025-07-29 20:00:00,0.0,0.0,33.76,0.0,4.81,8.6,345.4,32.12,20,7,210,9.476383996538852
2025-07-29 21:00:00,0.0,0.0,32.8,0.0,4.5,8.04,350.6,31.66,21,7,210,8.859317131647948
2025-07-29 22:00:00,0.0,0.0,31.92,0.0,4.25,7.47,350.4,31.15,22,7,210,8.231231215598282
2025-07-29 23:00:00,0.0,0.0,31.11,0.0,4.69,7.53,341.3,30.67,23,7,210,8.297345522550879
2025-07-30 00:00:00,0.0,0.0,30.31,0.0,5.93,8.15,332.6,30.03,0,7,211,8.980526694394378
2025-07-30 01:00:00,0.0,0.0,29.6,0.0,6.87,8.72,329.8,29.28,1,7,211,9.608612610444046
2025-07-30 02:00:00,0.0,0.0,29.05,0.0,7.08,8.59,328.0,28.64,2,7,211,9.465364945380086
2025-07-30 03:00:00,0.0,0.0,28.56,0.0,6.84,8.17,325.1,28.09,3,7,211,9.002564796711908
2025-07-30 04:00:00,0.0,0.0,28.11,0.0,6.64,7.9,323.0,27.69,4,7,211,8.705050415425225
2025-07-30 05:00:00,15.95,0.0,27.99,15.95,6.62,7.68,322.1,27.61,5,7,211,8.46263128993237
2025-07-30 06:00:00,152.05,88.12,29.58,152.25,6.94,7.72,320.6,28.36,6,7,211,8.506707494567435
2025-07-30 07:00:00,359.35,247.26,32.8,359.9,7.13,7.95,320.9,29.56,7,7,211,8.760145671219055
2025-07-30 08:00:00,582.55,379.95,36.63,583.33,6.73,7.83,320.9,30.69,8,7,211,8.627917057313862
2025-07-30 09:00:00,776.58,476.46,38.79,777.55,6.14,7.65,318.6,31.59,9,7,211,8.429574136456072
2025-07-30 10:00:00,915.0,534.97,40.28,916.1,5.43,7.24,321.5,32.25,10,7,211,7.977793038946661
2025-07-30 11:00:00,1006.15,714.63,41.44,1007.45,4.88,6.66,333.1,32.83,11,7,211,7.338688071738227
2025-07-30 12:00:00,1002.2,715.39,42.29,1003.5,4.88,6.58,348.1,33.39,12,7,211,7.250535662468098
2025-07-30 13:00:00,925.88,646.18,42.72,927.03,5.15,6.94,357.4,33.89,13,7,211,7.647221504183679
2025-07-30 14:00:00,783.88,590.93,42.72,784.9,5.38,7.33,359.1,34.2,14,7,211,8.076964499375556
2025-07-30 15:00:00,587.9,511.71,42.33,588.72,5.51,7.62,355.6,34.42,15,7,211,8.396516982979774
2025-07-30 16:00:00,360.33,354.79,41.5,360.9,5.63,7.91,350.4,34.44,16,7,211,8.71606946658399
2025-07-30 17:00:00,141.77,138.61,39.84,141.98,5.39,7.73,347.4,34.13,17,7,211,8.517726545726202
2025-07-30 18:00:00,10.38,0.0,36.33,10.38,4.42,7.62,346.0,32.97,18,7,211,8.396516982979774
2025-07-30 19:00:00,0.0,0.0,35.14,0.0,4.44,7.98,342.9,32.24,19,7,211,8.793202824695353
2025-07-30 20:00:00,0.0,0.0,34.29,0.0,4.65,8.35,339.5,31.73,20,7,211,9.200907717569699
2025-07-30 21:00:00,0.0,0.0,33.31,0.0,4.97,8.62,336.3,31.21,21,7,211,9.498422098856382
2025-07-30 22:00:00,0.0,0.0,32.41,0.0,5.56,8.84,333.6,30.75,22,7,211,9.740841224349237
2025-07-30 23:00:00,0.0,0.0,31.65,0.0,6.58,9.24,333.5,30.25,23,7,211,10.181603270699883
2025-07-31 00:00:00,0.0,0.0,30.99,0.0,7.44,9.67,336.1,29.63,0,7,212,10.655422470526824
2025-07-31 01:00:00,0.0,0.0,30.38,0.0,7.86,9.78,339.3,29.07,1,7,212,10.776632033273252
2025-07-31 02:00:00,0.0,0.0,29.74,0.0,7.41,9.02,339.9,28.46,2,7,212,9.939184145207028
2025-07-31 03:00:00,0.0,0.0,29.13,0.0,6.87,8.36,339.0,27.99,3,7,212,9.211926768728464
2025-07-31 04:00:00,0.0,0.0,28.49,0.0,6.34,7.75,337.8,27.66,4,7,212,8.539764648043732
2025-07-31 05:00:00,16.25,0.4,28.11,16.25,6.23,7.38,336.2,27.57,5,7,212,8.132059755169387
2025-07-31 06:00:00,163.45,159.28,29.31,163.6,6.66,7.43,334.7,28.13,6,7,212,8.187155010963217
2025-07-31 07:00:00,384.55,369.05,32.5,384.77,7.2,8.04,332.6,29.27,7,7,212,8.859317131647948
2025-07-31 08:00:00,611.12,520.58,36.34,611.35,7.42,8.3,330.8,30.09,8,7,212,9.145812461775868
2025-07-31 09:00:00,804.42,611.92,38.44,804.58,7.26,8.29,330.7,30.77,9,7,212,9.134793410617101
2025-07-31 10:00:00,941.85,676.42,39.85,941.95,6.85,8.25,333.7,31.48,10,7,212,9.090717205982038
2025-07-31 11:00:00,1020.22,807.9,40.87,1020.28,6.39,8.36,338.7,32.31,11,7,212,9.211926768728464
2025-07-31 12:00:00,1017.53,806.31,41.5,1017.58,6.33,8.63,342.2,33.06,12,7,212,9.509441150015151
2025-07-31 13:00:00,943.1,729.44,41.7,943.28,6.43,8.88,343.8,33.52,13,7,212,9.784917428984304
2025-07-31 14:00:00,802.97,679.45,41.41,803.35,6.5,9.07,343.7,33.75,14,7,212,9.99427940100086
2025-07-31 15:00:00,606.28,591.31,40.66,606.83,6.53,9.2,342.9,33.8,15,7,212,10.137527066064818
2025-07-31 16:00:00,376.0,445.49,39.42,376.58,6.49,9.23,342.9,33.62,16,7,212,10.170584219541118
2025-07-31 17:00:00,150.05,205.81,37.68,150.35,6.1,8.82,343.6,33.17,17,7,212,9.718803122031707
2025-07-31 18:00:00,10.65,0.42,34.63,10.65,5.03,8.36,343.7,32.17,18,7,212,9.211926768728464
2025-07-31 19:00:00,0.0,0.0,33.08,0.0,4.64,8.17,341.4,31.46,19,7,212,9.002564796711908
2025-07-31 20:00:00,0.0,0.0,32.21,0.0,4.49,7.93,337.8,30.99,20,7,212,8.738107568901523
2025-07-31 21:00:00,0.0,0.0,31.5,0.0,4.62,7.96,333.7,30.58,21,7,212,8.77116472237782
2025-07-31 22:00:00,0.0,0.0,30.93,0.0,5.33,8.35,331.5,30.25,22,7,212,9.200907717569699
2025-07-31 23:00:00,0.0,0.0,30.36,0.0,6.33,8.82,333.4,29.89,23,7,212,9.718803122031707
2025-08-01 00:00:00,0.0,0.0,29.77,0.0,6.9,8.95,337.6,29.38,0,8,213,9.862050787095665
2025-08-01 01:00:00,0.0,0.0,29.24,0.0,6.72,8.34,339.1,28.74,1,8,213,9.189888666410933
2025-08-01 02:00:00,0.0,0.0,28.72,0.0,6.17,7.62,338.9,28.19,2,8,213,8.396516982979774
2025-08-01 03:00:00,0.0,0.0,28.2,0.0,5.75,7.16,338.2,27.84,3,8,213,7.889640629676532
2025-08-01 04:00:00,0.0,0.0,27.59,0.0,5.44,6.83,337.6,27.53,4,8,213,7.526011941437251
2025-08-01 05:00:00,15.68,0.0,27.25,15.85,5.56,6.66,336.6,27.44,5,8,213,7.338688071738227
2025-08-01 06:00:00,154.85,113.15,28.65,157.4,6.62,7.46,336.2,28.15,6,8,213,8.220212164439516
2025-08-01 07:00:00,373.7,310.14,32.17,379.12,7.27,8.03,334.8,28.9,7,8,213,8.848298080489183
2025-08-01 08:00:00,600.67,459.57,34.83,607.25,7.28,7.95,332.0,29.3,8,8,213,8.760145671219055
2025-08-01 09:00:00,794.33,558.99,36.32,800.6,7.2,7.83,331.1,29.72,9,8,213,8.627917057313862
2025-08-01 10:00:00,933.7,606.29,37.58,938.4,7.26,7.91,331.8,30.16,10,8,213,8.71606946658399
2025-08-01 11:00:00,1027.15,855.98,38.65,1030.03,7.4,8.11,334.0,30.56,11,8,213,8.936450489759311
2025-08-01 12:00:00,1024.72,839.64,39.43,1024.93,7.45,8.3,337.0,30.97,12,8,213,9.145812461775868
2025-08-01 13:00:00,942.25,756.15,39.79,947.55,7.23,8.37,339.7,31.38,13,8,213,9.222945819887231
2025-08-01 14:00:00,793.7,674.89,39.62,803.85,6.83,8.34,342.8,31.67,14,8,213,9.189888666410933
2025-08-01 15:00:00,595.1,577.69,38.92,606.88,6.41,8.23,345.3,31.81,15,8,213,9.068679103664506
2025-08-01 16:00:00,362.2,398.83,37.75,372.73,6.04,8.04,347.1,31.74,16,8,213,8.859317131647948
2025-08-01 17:00:00,137.52,138.09,36.19,142.65,5.46,7.53,349.1,31.46,17,8,213,8.297345522550879
2025-08-01 18:00:00,9.23,0.0,33.66,9.6,4.01,6.45,352.7,30.65,18,8,213,7.107287997404139
2025-08-01 19:00:00,0.0,0.0,32.08,0.0,3.28,5.63,350.7,30.08,19,8,213,6.203725802385318
2025-08-01 20:00:00,0.0,0.0,31.1,0.0,3.0,5.11,342.9,29.88,20,8,213,5.630735142129481
2025-08-01 21:00:00,0.0,0.0,30.2,0.0,3.0,5.11,334.0,29.7,21,8,213,5.630735142129481
2025-08-01 22:00:00,0.0,0.0,29.39,0.0,3.44,5.85,329.9,29.53,22,8,213,6.446144927878172
2025-08-01 23:00:00,0.0,0.0,28.66,0.0,4.94,7.43,331.5,29.47,23,8,213,8.187155010963217
2025-08-02 00:00:00,0.0,0.0,27.93,0.0,6.95,8.97,336.5,29.15,0,8,214,9.884088889413198
2025-08-02 01:00:00,0.0,0.0,27.21,0.0,7.4,8.97,339.6,28.47,1,8,214,9.884088889413198
2025-08-02 02:00:00,0.0,0.0,26.54,0.0,7.01,8.42,336.3,27.92,2,8,214,9.278041075681061
2025-08-02 03:00:00,0.0,0.0,25.9,0.0,6.77,8.18,334.3,27.54,3,8,214,9.013583847870676
2025-08-02 04:00:00,0.0,0.0,25.28,0.0,6.57,7.96,337.2,27.3,4,8,214,8.77116472237782
2025-08-02 05:00:00,15.2,0.0,25.1,14.93,6.17,7.3,339.3,27.24,5,8,214,8.043907345899258
2025-08-02 06:00:00,150.1,75.13,26.78,151.15,6.38,7.17,338.2,27.8,6,8,214,7.9006596808352985
2025-08-02 07:00:00,364.42,257.74,30.23,368.08,7.03,7.84,334.7,28.73,7,8,214,8.638936108472627
2025-08-02 08:00:00,591.92,387.51,33.04,596.42,7.5,8.31,328.4,29.68,8,8,214,9.156831512934636
2025-08-02 09:00:00,788.35,499.56,34.68,792.2,7.39,8.23,322.7,30.44,9,8,214,9.068679103664506
2025-08-02 10:00:00,928.25,550.81,36.14,930.42,6.86,7.81,319.8,30.95,10,8,214,8.60587895499633
2025-08-02 11:00:00,1026.18,807.62,37.33,1026.47,6.15,7.13,321.2,31.19,11,8,214,7.856583476200234
2025-08-02 12:00:00,1021.08,799.3,38.21,1021.38,5.4,6.39,329.8,31.32,12,8,214,7.041173690451542
2025-08-02 13:00:00,942.03,687.72,38.75,945.35,4.95,5.95,342.7,31.41,13,8,214,6.556335439465833
2025-08-02 14:00:00,796.75,630.05,38.86,800.53,4.8,5.9,353.1,31.43,14,8,214,6.501240183672003
2025-08-02 15:00:00,596.33,556.74,38.49,600.3,4.82,6.04,358.5,31.41,15,8,214,6.655506899894728
2025-08-02 16:00:00,363.35,383.91,37.68,366.7,4.68,6.19,358.0,31.41,16,8,214,6.82079266727622
2025-08-02 17:00:00,138.52,145.13,36.28,139.95,4.31,6.0,353.4,31.26,17,8,214,6.6114306952596635
2025-08-02 18:00:00,9.18,0.0,33.2,9.23,3.41,5.61,348.9,30.65,18,8,214,6.181687700067786
2025-08-02 19:00:00,0.0,0.0,32.06,0.0,3.04,5.32,343.6,30.15,19,8,214,5.862135216463569
2025-08-02 20:00:00,0.0,0.0,31.36,0.0,2.94,5.06,336.4,29.88,20,8,214,5.575639886335649
2025-08-02 21:00:00,0.0,0.0,30.52,0.0,2.87,4.89,330.6,29.57,21,8,214,5.388316016636626
2025-08-02 22:00:00,0.0,0.0,29.71,0.0,3.0,4.9,326.6,29.3,22,8,214,5.399335067795393
2025-08-02 23:00:00,0.0,0.0,29.01,0.0,3.7,5.46,324.4,29.1,23,8,214,6.0164019326862945
2025-08-03 00:00:00,0.0,0.0,28.4,0.0,4.73,6.46,323.6,28.85,0,8,215,7.1183070485629045
2025-08-03 01:00:00,0.0,0.0,27.84,0.0,5.83,7.48,325.0,28.54,1,8,215,8.242250266757049
2025-08-03 02:00:00,0.0,0.0,27.3,0.0,6.32,7.76,328.5,28.13,2,8,215,8.550783699202498
2025-08-03 03:00:00,0.0,0.0,26.78,0.0,6.15,7.49,330.2,27.86,3,8,215,8.253269317915814
2025-08-03 04:00:00,0.0,0.0,26.25,0.0,5.83,7.11,329.4,27.7,4,8,215,7.834545373882702
2025-08-03 05:00:00,15.1,0.85,26.12,15.12,5.7,6.75,329.6,27.64,5,8,215,7.437859532167122
2025-08-03 06:00:00,162.95,180.06,27.96,163.27,6.1,6.82,332.9,28.28,6,8,215,7.514992890278485
2025-08-03 07:00:00,385.7,399.65,31.08,386.55,6.48,7.2,333.1,29.32,7,8,215,7.933716834311597
2025-08-03 08:00:00,611.7,534.67,34.46,613.08,6.4,7.33,328.6,30.38,8,8,215,8.076964499375556
2025-08-03 09:00:00,803.0,622.25,36.05,804.88,5.94,7.26,321.8,31.33,9,8,215,7.999831141264194
2025-08-03 10:00:00,938.1,673.79,37.38,940.45,5.35,6.94,317.6,31.89,10,8,215,7.647221504183679
2025-08-03 11:00:00,1012.1,791.52,38.51,1014.88,4.75,6.44,318.2,32.23,11,8,215,7.096268946245373
2025-08-03 12:00:00,1007.05,790.5,39.39,1010.2,4.35,5.92,326.6,32.52,12,8,215,6.523278285989535
2025-08-03 13:00:00,932.2,706.89,39.93,933.6,4.21,5.65,340.6,32.66,13,8,215,6.225763904702851
2025-08-03 14:00:00,788.53,656.57,40.0,791.47,4.29,5.7,354.6,32.69,14,8,215,6.280859160496681
2025-08-03 15:00:00,592.8,574.14,39.63,595.08,4.4,5.9,2.5,32.65,15,8,215,6.501240183672003
2025-08-03 16:00:00,363.95,423.69,38.81,365.38,4.31,5.9,2.5,32.65,16,8,215,6.501240183672003
2025-08-03 17:00:00,140.65,185.55,37.29,141.15,4.05,5.67,357.1,32.51,17,8,215,6.247802007020383
2025-08-03 18:00:00,8.93,0.44,33.74,8.95,3.28,5.47,347.6,31.73,18,8,215,6.02742098384506
2025-08-03 19:00:00,0.0,0.0,32.55,0.0,3.38,5.84,339.8,31.29,19,8,215,6.435125876719406
2025-08-03 20:00:00,0.0,0.0,31.79,0.0,3.58,6.35,335.4,31.02,20,8,215,6.997097485816477
2025-08-03 21:00:00,0.0,0.0,30.94,0.0,3.84,6.9,334.1,30.66,21,8,215,7.603145299548614
2025-08-03 22:00:00,0.0,0.0,30.1,0.0,4.38,7.56,335.7,30.32,22,8,215,8.330402676027177
2025-08-03 23:00:00,0.0,0.0,29.32,0.0,5.35,8.14,337.6,29.99,23,8,215,8.96950764323561
2025-08-04 00:00:00,0.0,0.0,28.6,0.0,6.39,8.66,338.7,29.51,0,8,216,9.542498303491449
2025-08-04 01:00:00,0.0,0.0,27.99,0.0,6.98,8.93,338.9,28.93,1,8,216,9.840012684778133
2025-08-04 02:00:00,0.0,0.0,27.46,0.0,7.17,8.87,335.6,28.35,2,8,216,9.773898377825535
2025-08-04 03:00:00,0.0,0.0,26.94,0.0,7.02,8.54,331.2,27.75,3,8,216,9.410269689586254
2025-08-04 04:00:00,0.0,0.0,26.39,0.0,6.83,8.25,330.9,27.3,4,8,216,9.090717205982038
2025-08-04 05:00:00,14.77,1.83,26.13,14.77,6.64,7.85,329.9,27.16,5,8,216,8.649955159631393
2025-08-04 06:00:00,163.73,218.82,27.66,163.85,6.99,7.82,328.4,27.83,6,8,216,8.616898006155095
2025-08-04 07:00:00,386.5,434.51,30.87,386.75,7.41,8.22,325.7,28.98,7,8,216,9.05766005250574
2025-08-04 08:00:00,611.65,575.89,34.74,612.0,7.42,8.27,322.2,30.16,8,8,216,9.112755308299569
2025-08-04 09:00:00,801.28,659.34,36.74,801.75,7.0,8.04,321.1,31.1,9,8,216,8.859317131647948
2025-08-04 10:00:00,935.05,706.8,38.28,935.6,6.4,7.64,323.5,31.69,10,8,216,8.418555085297305
2025-08-04 11:00:00,985.97,692.43,39.56,986.6,5.65,7.1,329.6,32.07,11,8,216,7.823526322723935
2025-08-04 12:00:00,982.9,677.77,40.53,983.12,5.07,6.63,338.4,32.32,12,8,216,7.305630918261929
2025-08-04 13:00:00,906.2,633.48,41.07,906.6,4.91,6.49,348.7,32.55,13,8,216,7.151364202039203
2025-08-04 14:00:00,763.9,584.68,41.14,764.42,4.99,6.61,355.7,32.7,14,8,216,7.283592815944397
2025-08-04 15:00:00,568.28,496.68,40.71,568.88,5.04,6.78,357.4,32.71,15,8,216,7.47091668564342
2025-08-04 16:00:00,343.05,353.64,39.79,343.55,4.97,6.83,356.3,32.6,16,8,216,7.526011941437251
2025-08-04 17:00:00,129.82,142.91,38.2,130.02,4.69,6.64,354.7,32.36,17,8,216,7.316649969420695
2025-08-04 18:00:00,8.0,0.0,34.97,8.02,3.67,6.29,353.8,31.41,18,8,216,6.930983178863881
2025-08-04 19:00:00,0.0,0.0,33.81,0.0,3.56,6.23,348.8,30.87,19,8,216,6.864868871911285
2025-08-04 20:00:00,0.0,0.0,32.98,0.0,3.64,6.42,342.8,30.59,20,8,216,7.0742308439278405
2025-08-04 21:00:00,0.0,0.0,32.01,0.0,3.81,6.72,338.4,30.29,21,8,216,7.404802378690824
2025-08-04 22:00:00,0.0,0.0,31.12,0.0,4.2,7.17,336.2,29.97,22,8,216,7.9006596808352985
2025-08-04 23:00:00,0.0,0.0,30.32,0.0,5.17,7.82,335.7,29.65,23,8,216,8.616898006155095
2025-08-05 00:00:00,0.0,0.0,29.55,0.0,6.42,8.59,337.2,29.11,0,8,217,9.465364945380086
2025-08-05 01:00:00,0.0,0.0,28.85,0.0,6.9,8.6,339.2,28.45,1,8,217,9.476383996538852
2025-08-05 02:00:00,0.0,0.0,28.2,0.0,6.75,8.24,336.5,27.86,2,8,217,9.079698154823273
2025-08-05 03:00:00,0.0,0.0,27.6,0.0,6.68,8.11,331.3,27.41,3,8,217,8.936450489759311
2025-08-05 04:00:00,0.0,0.0,27.02,0.0,6.69,8.08,331.0,27.16,4,8,217,8.903393336283015
2025-08-05 05:00:00,13.88,0.94,26.78,13.9,6.55,7.76,331.3,27.18,5,8,217,8.550783699202498
2025-08-05 06:00:00,153.55,178.04,28.31,153.8,6.88,7.68,331.5,27.82,6,8,217,8.46263128993237
2025-08-05 07:00:00,369.5,383.7,31.67,370.0,7.14,7.92,330.2,28.87,7,8,217,8.727088517742756
2025-08-05 08:00:00,592.22,524.44,34.71,592.78,7.19,7.97,327.0,30.0,8,8,217,8.782183773536588
2025-08-05 09:00:00,782.1,610.17,36.45,782.53,6.91,7.87,325.6,30.8,9,8,217,8.671993261948925
2025-08-05 10:00:00,917.17,659.81,37.9,917.45,6.63,7.83,327.4,31.35,10,8,217,8.627917057313862
2025-08-05 11:00:00,987.12,739.86,39.06,987.28,6.43,7.81,330.5,31.73,11,8,217,8.60587895499633
2025-08-05 12:00:00,984.72,726.91,39.93,984.75,6.25,7.82,333.6,32.01,12,8,217,8.616898006155095
2025-08-05 13:00:00,910.0,681.93,40.41,910.12,6.11,7.88,335.5,32.2,13,8,217,8.683012313107692
2025-08-05 14:00:00,769.1,632.17,40.41,769.3,6.05,8.0,335.5,32.33,14,8,217,8.815240927012885
2025-08-05 15:00:00,573.88,541.76,39.93,574.17,6.09,8.22,334.1,32.36,15,8,217,9.05766005250574
2025-08-05 16:00:00,347.6,394.72,38.88,347.9,6.28,8.57,331.4,32.26,16,8,217,9.443326843062554
2025-08-05 17:00:00,131.4,169.12,37.19,131.52,6.54,9.0,326.6,32.0,17,8,217,9.917146042889495
2025-08-05 18:00:00,7.88,0.52,33.95,7.88,6.71,9.58,321.6,31.35,18,8,217,10.556251010097931
2025-08-05 19:00:00,0.0,0.0,32.65,0.0,7.49,10.18,321.1,30.84,19,8,217,11.217394079623896
2025-08-05 20:00:00,0.0,0.0,31.88,0.0,7.67,10.13,322.7,30.37,20,8,217,11.162298823830067
2025-08-05 21:00:00,0.0,0.0,31.05,0.0,7.63,9.81,326.3,29.88,21,8,217,10.809689186749551
2025-08-05 22:00:00,0.0,0.0,30.18,0.0,7.68,9.56,332.0,29.35,22,8,217,10.534212907780399
2025-08-05 23:00:00,0.0,0.0,29.32,0.0,8.0,9.64,336.9,28.71,23,8,217,10.622365317050527
2025-08-06 00:00:00,0.0,0.0,28.48,0.0,8.2,9.67,338.9,28.04,0,8,218,10.655422470526824
2025-08-06 01:00:00,0.0,0.0,27.71,0.0,8.3,9.85,339.4,27.45,1,8,218,10.853765391384615
2025-08-06 02:00:00,0.0,0.0,26.97,0.0,8.79,10.49,339.4,26.92,2,8,218,11.558984665545646
2025-08-06 03:00:00,0.0,0.0,26.24,0.0,9.03,10.73,337.1,26.42,3,8,218,11.823441893356033
2025-08-06 04:00:00,0.0,0.0,25.58,0.0,9.08,10.76,335.3,26.05,4,8,218,11.856499046832331
2025-08-06 05:00:00,13.9,1.72,25.25,13.9,9.28,10.86,334.4,25.81,5,8,218,11.966689558419992
2025-08-06 06:00:00,160.0,217.7,26.69,160.12,9.83,11.14,333.3,26.19,6,8,218,12.275222990865444
2025-08-06 07:00:00,384.48,445.07,30.1,384.67,10.32,11.56,330.7,26.91,7,8,218,12.73802313953362
2025-08-06 08:00:00,612.88,596.76,32.95,613.12,10.77,11.92,327.6,27.73,8,8,218,13.134708981249199
2025-08-06 09:00:00,805.67,689.51,34.65,805.92,10.98,12.1,324.3,28.68,9,8,218,13.33305190210699
2025-08-06 10:00:00,941.97,744.38,36.16,942.25,10.92,12.1,322.7,29.7,10,8,218,13.33305190210699
2025-08-06 11:00:00,1006.55,799.38,37.43,1006.88,10.67,11.96,323.6,30.62,11,8,218,13.178785185884264
2025-08-06 12:00:00,1000.6,760.55,38.39,1000.72,10.35,11.85,325.0,31.33,12,8,218,13.057575623137836
2025-08-06 13:00:00,919.55,684.74,38.96,920.33,10.09,11.87,325.7,31.85,13,8,218,13.079613725455367
2025-08-06 14:00:00,771.95,608.64,39.04,773.08,9.78,11.89,324.7,32.31,14,8,218,13.101651827772901
2025-08-06 15:00:00,571.7,504.25,38.55,573.05,9.5,12.03,323.2,32.83,15,8,218,13.255918543995625
2025-08-06 16:00:00,342.0,341.53,37.48,343.2,9.59,12.36,322.3,32.96,16,8,218,13.619547232234908
2025-08-06 17:00:00,127.57,128.91,35.82,128.15,9.44,12.22,320.5,32.57,17,8,218,13.465280516012182
2025-08-06 18:00:00,7.47,0.0,32.74,7.5,8.87,11.92,319.5,31.74,18,8,218,13.134708981249199
2025-08-06 19:00:00,0.0,0.0,31.39,0.0,9.02,11.94,324.3,31.22,19,8,218,13.156747083566732
2025-08-06 20:00:00,0.0,0.0,30.45,0.0,8.9,11.52,331.8,30.65,20,8,218,12.693946934898554
2025-08-06 21:00:00,0.0,0.0,29.49,0.0,8.96,11.21,337.5,29.96,21,8,218,12.352356348976807
2025-08-06 22:00:00,0.0,0.0,28.61,0.0,9.2,11.01,338.5,29.09,22,8,218,12.131975325801482
2025-08-06 23:00:00,0.0,0.0,27.82,0.0,9.1,10.68,336.0,28.29,23,8,218,11.768346637562201
2025-08-07 00:00:00,0.0,0.0,27.09,0.0,8.99,10.51,332.4,27.7,0,8,219,11.581022767863178
2025-08-07 01:00:00,0.0,0.0,26.38,0.0,9.19,10.73,330.8,27.2,1,8,219,11.823441893356033
2025-08-07 02:00:00,0.0,0.0,25.74,0.0,9.79,11.66,333.5,26.91,2,8,219,12.84821365112128
2025-08-07 03:00:00,0.0,0.0,25.07,0.0,10.08,11.97,335.3,26.67,3,8,219,13.189804237043031
2025-08-07 04:00:00,0.0,0.0,24.38,0.0,9.97,11.9,335.8,26.43,4,8,219,13.112670878931667
2025-08-07 05:00:00,14.27,2.21,23.93,14.27,9.95,11.74,334.2,26.27,5,8,219,12.936366060391409
2025-08-07 06:00:00,169.5,261.25,25.23,169.7,10.59,12.1,332.3,26.62,6,8,219,13.33305190210699
2025-08-07 07:00:00,401.25,502.82,28.41,401.7,11.11,12.55,333.4,27.51,7,8,219,13.828909204251465
2025-08-07 08:00:00,630.75,644.84,31.77,631.28,11.49,12.91,334.3,28.7,8,8,219,14.225595045967044
2025-08-07 09:00:00,824.72,723.75,34.37,825.45,11.69,13.21,331.6,29.99,9,8,219,14.556166580730029
2025-08-07 10:00:00,959.85,767.87,36.22,960.58,11.52,13.25,327.0,31.25,10,8,219,14.600242785365092
2025-08-07 11:00:00,1024.82,824.46,37.46,1025.53,11.34,13.29,323.2,32.15,11,8,219,14.644318990000155
2025-08-07 12:00:00,1019.3,762.32,38.29,1020.0,11.04,13.15,320.4,32.74,12,8,219,14.490052273777431
2025-08-07 13:00:00,941.67,726.44,38.7,942.38,10.65,13.01,318.8,33.21,13,8,219,14.335785557554704
2025-08-07 14:00:00,796.95,672.81,38.64,797.65,10.33,12.92,318.5,33.44,14,8,219,14.236614097125809
2025-08-07 15:00:00,596.9,579.91,38.08,597.55,10.1,12.87,319.5,33.44,15,8,219,14.181518841331979
2025-08-07 16:00:00,363.6,422.32,37.01,364.1,9.97,12.8,321.4,33.15,16,8,219,14.104385483220618
2025-08-07 17:00:00,137.38,187.73,35.23,137.75,9.45,12.17,322.0,32.41,17,8,219,13.410185260218352
2025-08-07 18:00:00,7.5,0.0,32.01,7.5,8.46,11.33,320.1,31.51,18,8,219,12.484584962881998
2025-08-07 19:00:00,0.0,0.0,30.85,0.0,8.58,11.4,320.0,31.08,19,8,219,12.561718320993362
2025-08-07 20:00:00,0.0,0.0,29.91,0.0,8.8,11.49,321.7,30.75,20,8,219,12.660889781422258
2025-08-07 21:00:00,0.0,0.0,28.88,0.0,9.27,11.64,323.6,30.22,21,8,219,12.826175548803748
2025-08-07 22:00:00,0.0,0.0,27.87,0.0,10.11,12.07,325.4,29.36,22,8,219,13.299994748630692
2025-08-07 23:00:00,0.0,0.0,26.91,0.0,10.77,12.48,326.8,28.41,23,8,219,13.751775846140102
2025-08-08 00:00:00,0.0,0.0,26.04,0.0,11.07,12.74,328.0,27.86,0,8,220,14.03827117626802
2025-08-08 01:00:00,0.0,0.0,25.32,0.0,10.86,12.49,327.8,27.45,1,8,220,13.762794897298868
2025-08-08 02:00:00,0.0,0.0,24.7,0.0,11.02,12.93,329.5,27.12,2,8,220,14.247633148284576
2025-08-08 03:00:00,0.0,0.0,24.14,0.0,10.74,12.52,330.3,26.81,3,8,220,13.795852050775165
2025-08-08 04:00:00,0.0,0.0,23.65,0.0,10.27,12.02,330.9,26.59,4,8,220,13.24489949283686
2025-08-08 05:00:00,13.52,0.89,23.52,13.8,9.98,11.66,330.9,26.47,5,8,220,12.84821365112128
2025-08-08 06:00:00,160.3,203.32,25.16,163.65,10.12,11.53,329.1,26.82,6,8,220,12.70496598605732
2025-08-08 07:00:00,385.52,423.14,28.49,392.52,10.22,11.44,325.4,27.57,7,8,220,12.605794525628426
2025-08-08 08:00:00,614.47,572.83,32.34,623.33,9.92,11.0,322.5,28.68,8,8,220,12.120956274642717
2025-08-08 09:00:00,808.2,649.89,34.91,816.92,9.08,10.19,319.0,29.85,9,8,220,11.228413130782663
2025-08-08 10:00:00,945.55,709.33,36.79,952.72,7.96,9.37,315.5,30.98,10,8,220,10.324850935763841
2025-08-08 11:00:00,1010.88,760.03,38.25,1015.9,6.85,8.67,315.4,31.78,11,8,220,9.553517354650214
2025-08-08 12:00:00,1007.4,716.99,39.37,1010.28,6.07,8.14,319.9,32.26,12,8,220,8.96950764323561
2025-08-08 13:00:00,930.42,688.59,40.05,930.83,5.73,7.82,327.8,32.54,13,8,220,8.616898006155095
2025-08-08 14:00:00,783.12,636.61,40.18,784.1,5.68,7.76,335.8,32.6,14,8,220,8.550783699202498
2025-08-08 15:00:00,583.47,545.81,39.76,584.28,5.73,7.88,341.7,32.51,15,8,220,8.683012313107692
2025-08-08 16:00:00,352.4,397.75,38.73,352.95,5.77,8.03,342.8,32.27,16,8,220,8.848298080489183
2025-08-08 17:00:00,130.1,162.21,36.84,130.32,5.61,8.01,339.9,31.92,17,8,220,8.82625997817165
2025-08-08 18:00:00,6.88,0.0,33.28,6.88,4.88,8.15,334.6,31.25,18,8,220,8.980526694394378
2025-08-08 19:00:00,0.0,0.0,32.06,0.0,5.14,8.81,328.4,31.0,19,8,220,9.70778407087294
2025-08-08 20:00:00,0.0,0.0,31.11,0.0,5.59,9.13,326.6,30.78,20,8,220,10.060393707953455
2025-08-08 21:00:00,0.0,0.0,30.09,0.0,5.88,9.0,327.3,30.38,21,8,220,9.917146042889495
2025-08-08 22:00:00,0.0,0.0,29.2,0.0,6.19,8.88,326.5,29.93,22,8,220,9.784917428984304
2025-08-08 23:00:00,0.0,0.0,28.45,0.0,6.72,9.0,323.8,29.5,23,8,220,9.917146042889495
2025-08-09 00:00:00,0.0,0.0,27.82,0.0,7.12,9.05,322.0,29.04,0,8,221,9.972241298683327
2025-08-09 01:00:00,0.0,0.0,27.24,0.0,7.61,9.27,321.1,28.54,1,8,221,10.21466042417618
2025-08-09 02:00:00,0.0,0.0,26.68,0.0,8.14,9.68,320.9,28.01,2,8,221,10.666441521685591
2025-08-09 03:00:00,0.0,0.0,26.18,0.0,8.35,9.86,320.8,27.66,3,8,221,10.86478444254338
2025-08-09 04:00:00,0.0,0.0,25.66,0.0,8.19,9.66,319.2,27.41,4,8,221,10.644403419368059
2025-08-09 05:00:00,12.82,0.87,25.34,12.82,8.03,9.35,317.7,27.29,5,8,221,10.302812833446309
2025-08-09 06:00:00,151.52,171.2,26.75,152.32,8.19,9.22,319.8,27.91,6,8,221,10.15956516838235
2025-08-09 07:00:00,367.83,377.14,30.11,371.17,8.05,9.12,322.1,28.92,7,8,221,10.049374656794688
2025-08-09 08:00:00,588.53,513.17,34.12,595.28,7.44,8.71,322.0,30.03,8,8,221,9.59759355928528
2025-08-09 09:00:00,775.12,592.78,36.52,785.67,6.52,8.28,321.1,31.2,9,8,221,9.123774359458336
2025-08-09 10:00:00,905.5,636.63,38.61,920.0,5.75,7.85,320.0,32.19,10,8,221,8.649955159631393
2025-08-09 11:00:00,941.88,566.01,40.37,959.75,5.27,7.27,320.7,32.99,11,8,221,8.010850192422959
2025-08-09 12:00:00,934.45,574.92,41.67,955.1,4.96,6.71,331.3,33.56,12,8,221,7.3937833275320575
2025-08-09 13:00:00,853.6,522.64,42.45,875.85,4.92,6.54,345.3,33.83,13,8,221,7.206459457833033
2025-08-09 14:00:00,723.95,480.63,42.65,732.47,4.94,6.58,356.0,33.87,14,8,221,7.250535662468098
2025-08-09 15:00:00,534.3,385.99,42.29,534.67,4.88,6.54,358.6,33.92,15,8,221,7.206459457833033
2025-08-09 16:00:00,311.73,252.83,41.3,312.25,4.81,6.5,356.2,34.01,16,8,221,7.162383253197969
2025-08-09 17:00:00,111.35,78.59,39.19,111.62,4.73,6.73,358.9,33.76,17,8,221,7.41582142984959
2025-08-09 18:00:00,6.0,0.0,35.75,6.0,4.26,7.32,359.8,32.62,18,8,221,8.065945448216791
2025-08-09 19:00:00,0.0,0.0,34.91,0.0,4.26,7.52,355.1,32.09,19,8,221,8.286326471392112
2025-08-09 20:00:00,0.0,0.0,33.97,0.0,4.25,7.57,348.2,31.75,20,8,221,8.341421727185944
2025-08-09 21:00:00,0.0,0.0,33.08,0.0,4.25,7.6,340.2,31.39,21,8,221,8.37447888066224
2025-08-09 22:00:00,0.0,0.0,32.18,0.0,4.41,7.76,333.0,31.04,22,8,221,8.550783699202498
2025-08-09 23:00:00,0.0,0.0,31.29,0.0,4.67,7.92,327.4,30.76,23,8,221,8.727088517742756
2025-08-10 00:00:00,0.0,0.0,30.51,0.0,4.92,7.94,324.2,30.5,0,8,222,8.74912662006029
2025-08-10 01:00:00,0.0,0.0,29.61,0.0,5.28,7.98,321.5,30.28,1,8,222,8.793202824695353
2025-08-10 02:00:00,0.0,0.0,28.8,0.0,6.0,8.38,317.6,29.89,2,8,222,9.233964871045998
2025-08-10 03:00:00,0.0,0.0,28.26,0.0,6.72,8.79,313.3,29.34,3,8,222,9.685745968555407
2025-08-10 04:00:00,0.0,0.0,27.89,0.0,7.24,9.08,310.8,28.84,4,8,222,10.005298452159625
2025-08-10 05:00:00,11.25,0.52,27.8,11.93,7.84,9.38,309.0,28.54,5,8,222,10.335869986922608
2025-08-10 06:00:00,129.38,90.79,29.13,142.52,8.02,9.23,309.2,29.02,6,8,222,10.170584219541118
2025-08-10 07:00:00,308.3,224.05,31.95,351.52,7.83,9.48,313.7,30.17,7,8,222,10.446060498510269
2025-08-10 08:00:00,513.8,335.77,35.91,571.15,7.61,9.97,316.7,31.77,8,8,222,10.98599400528981
2025-08-10 09:00:00,661.38,317.12,38.55,758.88,7.42,10.31,317.6,33.36,9,8,222,11.360641744687857
2025-08-10 10:00:00,808.97,365.93,40.72,891.1,7.12,10.03,318.0,34.6,10,8,222,11.052108312242405
2025-08-10 11:00:00,889.0,431.9,42.4,932.45,6.43,8.97,319.8,35.4,11,8,222,9.884088889413198
2025-08-10 12:00:00,915.8,512.32,43.48,926.05,5.68,7.69,325.7,35.83,12,8,222,8.473650341091137
2025-08-10 13:00:00,828.35,462.02,43.96,845.88,5.09,6.71,337.2,36.02,13,8,222,7.3937833275320575
2025-08-10 14:00:00,691.65,421.18,43.86,700.67,4.96,6.55,349.0,35.97,14,8,222,7.2174785089918
2025-08-10 15:00:00,496.9,314.69,43.16,499.12,5.08,6.82,355.0,35.74,15,8,222,7.514992890278485
2025-08-10 16:00:00,280.85,183.8,41.87,282.08,5.21,7.13,353.6,35.34,16,8,222,7.856583476200234
2025-08-10 17:00:00,103.62,60.5,39.9,103.93,5.15,7.45,346.5,34.61,17,8,222,8.20919311328075
2025-08-10 18:00:00,5.38,0.0,37.11,5.38,5.09,8.39,335.6,33.55,18,8,222,9.244983922204764
2025-08-10 19:00:00,0.0,0.0,35.73,0.0,5.91,9.76,326.9,33.14,19,8,222,10.75459393095572
2025-08-10 20:00:00,0.0,0.0,34.66,0.0,6.7,10.64,325.0,32.92,20,8,222,11.724270432927138
2025-08-10 21:00:00,0.0,0.0,33.66,0.0,6.86,10.57,327.2,32.51,21,8,222,11.647137074815776
2025-08-10 22:00:00,0.0,0.0,32.76,0.0,6.86,10.23,326.9,31.98,22,8,222,11.272489335417728
2025-08-10 23:00:00,0.0,0.0,31.99,0.0,7.27,10.3,320.0,31.52,23,8,222,11.34962269352909
2025-08-11 00:00:00,0.0,0.0,31.27,0.0,7.61,10.41,314.2,31.07,0,8,223,11.470832256275518
2025-08-11 01:00:00,0.0,0.0,30.57,0.0,7.62,10.25,309.7,30.77,1,8,223,11.29452743773526
2025-08-11 02:00:00,0.0,0.0,29.95,0.0,7.85,10.35,304.0,30.65,2,8,223,11.40471794932292
2025-08-11 03:00:00,0.0,0.0,29.39,0.0,7.76,10.14,301.5,30.47,3,8,223,11.173317874988832
2025-08-11 04:00:00,0.0,0.0,28.93,0.0,7.3,9.52,302.9,30.18,4,8,223,10.490136703145334
2025-08-11 05:00:00,11.15,0.0,28.74,11.05,7.36,9.27,306.0,29.94,5,8,223,10.21466042417618
2025-08-11 06:00:00,129.02,77.88,29.98,131.1,7.73,9.33,313.7,30.32,6,8,223,10.280774731128778
2025-08-11 07:00:00,322.85,234.68,32.8,330.42,7.52,9.33,316.4,31.05,7,8,223,10.280774731128778
2025-08-11 08:00:00,533.88,339.29,36.03,544.75,7.56,9.92,322.3,32.12,8,8,223,10.930898749495977
2025-08-11 09:00:00,719.0,409.28,38.64,731.3,7.58,10.3,323.6,33.09,9,8,223,11.34962269352909
2025-08-11 10:00:00,852.3,440.89,40.81,864.15,7.45,10.25,321.2,33.77,10,8,223,11.29452743773526
2025-08-11 11:00:00,947.7,580.47,42.62,957.83,7.0,9.77,320.4,34.29,11,8,223,10.765612982114487
2025-08-11 12:00:00,947.97,546.45,43.84,951.28,6.36,8.91,322.0,34.71,12,8,223,9.817974582460602
2025-08-11 13:00:00,865.45,517.16,44.48,869.35,5.76,7.91,328.4,35.01,13,8,223,8.71606946658399
2025-08-11 14:00:00,718.88,437.57,44.5,720.62,5.29,7.07,341.2,35.25,14,8,223,7.790469169247638
2025-08-11 15:00:00,516.17,334.78,44.03,516.47,5.08,6.72,354.5,35.26,15,8,223,7.404802378690824
2025-08-11 16:00:00,291.5,199.89,43.01,296.02,5.09,6.84,359.9,35.07,16,8,223,7.537030992596017
2025-08-11 17:00:00,100.15,41.69,40.5,101.6,4.9,7.21,356.0,34.69,17,8,223,7.9447358854703625
2025-08-11 18:00:00,5.0,0.0,37.18,5.07,4.71,7.96,343.6,33.85,18,8,223,8.77116472237782
2025-08-11 19:00:00,0.0,0.0,36.44,0.0,5.25,8.92,329.3,33.58,19,8,223,9.828993633619367
2025-08-11 20:00:00,0.0,0.0,35.32,0.0,5.65,9.4,319.8,33.26,20,8,223,10.35790808924014
2025-08-11 21:00:00,0.0,0.0,34.19,0.0,5.8,9.5,314.0,32.7,21,8,223,10.468098600827801
2025-08-11 22:00:00,0.0,0.0,33.24,0.0,6.12,9.61,310.8,32.09,22,8,223,10.589308163574227
2025-08-11 23:00:00,0.0,0.0,32.44,0.0,6.6,9.95,306.0,31.47,23,8,223,10.963955902972275
2025-08-12 00:00:00,0.0,0.0,31.83,0.0,7.77,10.78,304.3,30.94,0,8,224,11.878537149149862
2025-08-12 01:00:00,0.0,0.0,31.31,0.0,8.41,10.97,307.7,30.28,1,8,224,12.08789912116642
2025-08-12 02:00:00,0.0,0.0,30.61,0.0,8.36,10.69,311.2,29.75,2,8,224,11.779365688720967
2025-08-12 03:00:00,0.0,0.0,29.78,0.0,8.38,10.53,313.4,29.28,3,8,224,11.603060870180709
2025-08-12 04:00:00,0.0,0.0,29.17,0.0,8.72,10.65,312.3,28.78,4,8,224,11.735289484085904
2025-08-12 05:00:00,11.27,0.48,28.92,11.25,9.16,10.85,309.6,28.49,5,8,224,11.955670507261225
2025-08-12 06:00:00,144.12,184.08,30.34,145.05,9.29,10.78,308.7,28.88,6,8,224,11.878537149149862
2025-08-12 07:00:00,348.05,341.68,33.04,351.33,9.05,10.89,312.7,30.01,7,8,224,11.999746711896291
2025-08-12 08:00:00,564.5,470.89,36.85,570.88,8.42,10.69,314.5,31.27,8,8,224,11.779365688720967
2025-08-12 09:00:00,750.88,556.7,39.92,760.53,7.99,10.51,314.7,32.34,9,8,224,11.581022767863178
2025-08-12 10:00:00,881.2,587.19,42.1,894.38,7.61,10.36,312.7,33.22,10,8,224,11.415737000481686
2025-08-12 11:00:00,933.95,606.89,43.66,950.0,7.02,9.74,312.1,34.16,11,8,224,10.732555828638189
2025-08-12 12:00:00,924.17,549.2,44.81,942.4,6.35,8.79,314.7,35.08,12,8,224,9.685745968555407
2025-08-12 13:00:00,861.38,553.34,45.48,862.17,5.96,8.12,320.7,35.81,13,8,224,8.947469540918078
2025-08-12 14:00:00,713.8,486.31,45.64,714.88,5.83,7.86,327.5,36.28,14,8,224,8.66097421079016
2025-08-12 15:00:00,515.25,387.22,45.28,516.38,6.01,8.2,331.3,36.4,15,8,224,9.035621950188206
2025-08-12 16:00:00,293.95,244.13,44.49,294.77,6.4,8.95,332.4,36.13,16,8,224,9.862050787095665
2025-08-12 17:00:00,101.07,68.8,41.84,101.32,6.6,9.81,331.2,35.22,17,8,224,10.809689186749551
2025-08-12 18:00:00,4.68,0.0,38.98,4.68,6.77,10.72,328.6,33.93,18,8,224,11.812422842197266
2025-08-12 19:00:00,0.0,0.0,38.07,0.0,7.31,11.27,326.4,33.02,19,8,224,12.418470655929402
2025-08-12 20:00:00,0.0,0.0,36.85,0.0,7.58,11.27,322.9,32.34,20,8,224,12.418470655929402
2025-08-12 21:00:00,0.0,0.0,35.65,0.0,7.67,11.0,316.9,31.85,21,8,224,12.120956274642717
2025-08-12 22:00:00,0.0,0.0,34.62,0.0,7.9,10.89,306.3,31.32,22,8,224,11.999746711896291
2025-08-12 23:00:00,0.0,0.0,33.69,0.0,8.41,11.05,300.4,30.78,23,8,224,12.176051530436549
2025-08-13 00:00:00,0.0,0.0,32.86,0.0,8.2,10.56,299.9,30.25,0,8,225,11.636118023657009
2025-08-13 01:00:00,0.0,0.0,32.13,0.0,7.41,9.61,301.3,29.84,1,8,225,10.589308163574227
2025-08-13 02:00:00,0.0,0.0,31.44,0.0,6.64,8.83,303.4,29.59,2,8,225,9.729822173190472
2025-08-13 03:00:00,0.0,0.0,30.9,0.0,6.5,8.68,304.6,29.42,3,8,225,9.56453640580898
2025-08-13 04:00:00,0.0,0.0,30.42,0.0,6.97,8.96,306.9,29.11,4,8,225,9.873069838254432
2025-08-13 05:00:00,9.95,0.0,30.12,10.05,7.44,9.1,309.2,28.78,5,8,225,10.027336554477156
2025-08-13 06:00:00,120.1,65.32,31.37,122.03,7.61,9.03,311.2,29.09,6,8,225,9.950203196365793
2025-08-13 07:00:00,311.27,214.63,34.16,316.05,7.45,9.09,314.3,29.89,7,8,225,10.01631750331839
2025-08-13 08:00:00,527.78,343.42,37.47,531.12,6.83,8.8,315.8,31.02,8,8,225,9.696765019714174
2025-08-13 09:00:00,717.5,425.99,40.43,719.28,6.02,8.17,314.4,32.29,9,8,225,9.002564796711908
2025-08-13 10:00:00,853.85,487.06,42.9,856.67,5.42,7.36,310.9,33.48,10,8,225,8.110021652851854
2025-08-13 11:00:00,901.67,480.36,44.61,917.03,4.89,6.43,311.5,34.47,11,8,225,7.085249895086606
2025-08-13 12:00:00,887.22,467.61,45.68,909.92,4.32,5.57,313.8,35.47,12,8,225,6.137611495432722
2025-08-13 13:00:00,805.83,431.84,46.31,826.72,3.83,4.85,322.5,36.57,13,8,225,5.344239812001561
2025-08-13 14:00:00,658.75,370.07,46.47,678.62,3.64,4.55,335.2,37.44,14,8,225,5.013668277238578
2025-08-13 15:00:00,468.95,276.24,46.2,480.98,3.7,4.65,343.1,37.89,15,8,225,5.12385878882624
2025-08-13 16:00:00,260.65,158.72,45.49,265.77,4.03,5.17,346.6,37.74,16,8,225,5.696849449082077
2025-08-13 17:00:00,87.25,26.97,42.77,88.2,4.47,6.36,348.8,36.37,17,8,225,7.008116536975244
2025-08-13 18:00:00,4.05,0.0,39.51,4.05,4.7,8.09,344.3,34.6,18,8,225,8.91441238744178
2025-08-13 19:00:00,0.0,0.0,38.88,0.0,5.68,9.66,337.0,34.09,19,8,225,10.644403419368059
2025-08-13 20:00:00,0.0,0.0,38.09,0.0,6.48,10.33,331.1,33.62,20,8,225,11.382679847005388
2025-08-13 21:00:00,0.0,0.0,36.86,0.0,7.04,10.65,324.0,33.03,21,8,225,11.735289484085904
2025-08-13 22:00:00,0.0,0.0,35.74,0.0,7.37,10.5,322.0,32.31,22,8,225,11.570003716704411
2025-08-13 23:00:00,0.0,0.0,34.72,0.0,7.22,10.02,319.2,31.69,23,8,225,11.041089261083638
2025-08-14 00:00:00,0.0,0.0,33.95,0.0,7.53,10.16,312.7,31.15,0,8,226,11.195355977306365
2025-08-14 01:00:00,0.0,0.0,33.41,0.0,8.1,10.45,307.5,30.51,1,8,226,11.514908460910581
2025-08-14 02:00:00,0.0,0.0,32.89,0.0,8.48,10.63,304.6,30.03,2,8,226,11.713251381768373
2025-08-14 03:00:00,0.0,0.0,32.27,0.0,8.59,10.6,303.7,29.77,3,8,226,11.680194228292073
2025-08-14 04:00:00,0.0,0.0,31.66,0.0,8.61,10.54,302.8,29.57,4,8,226,11.614079921339476
2025-08-14 05:00:00,9.82,0.0,31.22,9.55,8.68,10.45,302.1,29.4,5,8,226,11.514908460910581
2025-08-14 06:00:00,116.75,50.09,32.25,117.68,8.62,10.26,301.6,29.72,6,8,226,11.305546488894025
2025-08-14 07:00:00,303.55,191.47,34.87,308.0,8.3,10.17,303.4,30.58,7,8,226,11.20637502846513
2025-08-14 08:00:00,512.67,311.17,38.24,513.15,7.36,9.52,308.3,32.04,8,8,226,10.490136703145334
2025-08-14 09:00:00,706.15,412.39,41.09,707.53,6.75,9.08,311.0,33.51,9,8,226,10.005298452159625
2025-08-14 10:00:00,847.2,477.59,43.55,848.35,6.62,9.08,313.5,34.73,10,8,226,10.005298452159625
2025-08-14 11:00:00,875.45,414.66,45.21,876.25,7.01,9.77,315.7,35.65,11,8,226,10.765612982114487
2025-08-14 12:00:00,870.42,416.12,46.12,871.12,7.27,10.25,318.1,36.37,12,8,226,11.29452743773526
2025-08-14 13:00:00,788.3,382.26,46.7,788.88,7.49,10.67,320.1,37.01,13,8,226,11.757327586403436
2025-08-14 14:00:00,640.33,315.56,46.82,641.33,7.9,11.35,322.9,37.43,14,8,226,12.50662306519953
2025-08-14 15:00:00,441.58,209.14,46.42,442.5,8.54,12.41,325.9,37.47,15,8,226,13.674642488028738
2025-08-14 16:00:00,242.55,115.88,45.55,246.88,9.08,13.25,326.5,37.02,16,8,226,14.600242785365092
2025-08-14 17:00:00,80.38,17.88,43.38,82.03,9.1,13.5,326.0,36.18,17,8,226,14.875719064334245
2025-08-14 18:00:00,3.62,0.0,40.38,3.65,8.67,13.1,327.2,35.14,18,8,226,14.4349570179836
2025-08-14 19:00:00,0.0,0.0,39.65,0.0,8.47,12.55,333.4,34.32,19,8,226,13.828909204251465
2025-08-14 20:00:00,0.0,0.0,38.74,0.0,8.19,11.9,336.6,33.58,20,8,226,13.112670878931667
2025-08-14 21:00:00,0.0,0.0,37.66,0.0,8.43,11.72,330.1,32.79,21,8,226,12.914327958073878
2025-08-14 22:00:00,0.0,0.0,36.81,0.0,9.2,12.08,324.0,31.85,22,8,226,13.311013799789457
2025-08-14 23:00:00,0.0,0.0,36.01,0.0,9.53,12.06,320.9,31.0,23,8,226,13.288975697471924
2025-08-15 00:00:00,0.0,0.0,35.28,0.0,9.77,11.91,317.4,30.19,0,8,227,13.123689930090434
2025-08-15 01:00:00,0.0,0.0,34.53,0.0,9.96,11.85,316.0,29.54,1,8,227,13.057575623137836
2025-08-15 02:00:00,0.0,0.0,33.74,0.0,9.94,11.7,315.8,29.0,2,8,227,12.892289855756344
2025-08-15 03:00:00,0.0,0.0,32.94,0.0,9.81,11.53,315.4,28.71,3,8,227,12.70496598605732
2025-08-15 04:00:00,0.0,0.0,32.22,0.0,9.58,11.29,315.3,28.51,4,8,227,12.440508758246933
2025-08-15 05:00:00,10.2,0.0,31.9,9.6,9.47,11.03,310.6,28.38,5,8,227,12.154013428119015
2025-08-15 06:00:00,121.5,44.75,33.05,124.62,10.42,11.76,306.5,28.67,6,8,227,12.958404162708941
2025-08-15 07:00:00,304.5,162.06,35.57,325.77,10.32,11.89,313.9,29.84,7,8,227,13.101651827772901
2025-08-15 08:00:00,505.0,238.1,38.58,544.7,9.26,11.33,323.6,31.86,8,8,227,12.484584962881998
2025-08-15 09:00:00,725.2,455.95,41.42,734.38,8.61,11.06,328.8,33.96,9,8,227,12.187070581595314
2025-08-15 10:00:00,858.7,494.89,44.03,869.2,8.11,10.97,330.4,35.49,10,8,227,12.08789912116642
2025-08-15 11:00:00,920.88,517.74,45.52,921.45,7.59,10.55,331.8,36.58,11,8,227,11.625098972498243
2025-08-15 12:00:00,916.83,540.15,46.44,916.9,7.22,10.04,331.8,37.34,12,8,227,11.06312736340117
2025-08-15 13:00:00,835.47,495.77,47.09,836.28,7.14,9.95,330.2,37.75,13,8,227,10.963955902972275
2025-08-15 14:00:00,688.17,432.21,47.19,689.35,7.41,10.45,328.9,37.82,14,8,227,11.514908460910581
2025-08-15 15:00:00,491.83,338.93,46.73,493.12,7.88,11.31,327.9,37.56,15,8,227,12.462546860564467
2025-08-15 16:00:00,275.58,201.92,45.69,276.58,8.42,12.24,327.0,36.9,16,8,227,13.487318618329715
2025-08-15 17:00:00,91.47,47.41,43.55,91.8,8.99,13.18,326.6,35.82,17,8,227,14.523109427253729
2025-08-15 18:00:00,3.6,0.0,40.57,3.6,10.25,14.35,325.4,34.66,18,8,227,15.812338412829362
2025-08-15 19:00:00,0.0,0.0,39.25,0.0,11.14,14.46,325.3,33.3,19,8,227,15.933547975575792
2025-08-15 20:00:00,0.0,0.0,37.71,0.0,10.82,13.72,331.5,32.05,20,8,227,15.1181381898271
2025-08-15 21:00:00,0.0,0.0,36.31,0.0,10.62,13.21,333.1,31.11,21,8,227,14.556166580730029
2025-08-15 22:00:00,0.0,0.0,35.04,0.0,10.55,12.84,332.5,30.32,22,8,227,14.148461687855681
2025-08-15 23:00:00,0.0,0.0,33.98,0.0,10.36,12.42,332.7,29.63,23,8,227,13.685661539187505
2025-08-16 00:00:00,0.0,0.0,33.12,0.0,10.15,12.04,332.8,29.09,0,8,228,13.266937595154392
2025-08-16 01:00:00,0.0,0.0,32.45,0.0,10.0,11.75,332.1,28.57,1,8,228,12.947385111550176
2025-08-16 02:00:00,0.0,0.0,31.87,0.0,9.91,11.59,331.1,28.08,2,8,228,12.771080293009918
2025-08-16 03:00:00,0.0,0.0,31.24,0.0,9.68,11.3,330.8,27.69,3,8,228,12.451527809405702
2025-08-16 04:00:00,0.0,0.0,30.47,0.0,9.32,10.89,329.0,27.41,4,8,228,11.999746711896291
2025-08-16 05:00:00,8.62,0.0,29.78,9.05,9.31,10.85,328.7,27.32,5,8,228,11.955670507261225
2025-08-16 06:00:00,111.45,30.21,30.46,117.93,9.87,11.28,328.8,27.96,6,8,228,12.429489707088168
2025-08-16 07:00:00,297.42,147.4,32.38,317.42,10.28,11.82,329.4,29.1,7,8,228,13.024518469661539
2025-08-16 08:00:00,520.92,277.13,34.84,541.4,10.57,12.41,330.2,30.37,8,8,228,13.674642488028738
2025-08-16 09:00:00,716.8,384.69,37.4,736.35,10.68,12.81,329.4,31.5,9,8,228,14.115404534379383
2025-08-16 10:00:00,871.95,475.58,39.73,874.45,10.42,12.85,327.0,32.44,10,8,228,14.159480739014446
2025-08-16 11:00:00,937.78,500.18,41.29,939.6,9.71,12.45,325.4,33.1,11,8,228,13.718718692663803
2025-08-16 12:00:00,926.67,504.24,42.12,931.25,8.79,11.79,323.9,33.56,12,8,228,12.991461316185239
2025-08-16 13:00:00,846.58,460.14,42.5,847.55,8.11,11.22,322.6,33.89,13,8,228,12.363375400135572
2025-08-16 14:00:00,684.92,376.86,42.63,694.78,7.73,10.86,323.4,33.95,14,8,228,11.966689558419992
2025-08-16 15:00:00,478.52,267.0,42.7,492.73,7.65,10.83,324.9,33.78,15,8,228,11.933632404943694
2025-08-16 16:00:00,264.6,146.5,42.13,271.65,7.74,11.03,327.1,33.43,16,8,228,12.154013428119015
2025-08-16 17:00:00,85.18,21.53,40.05,86.6,7.74,11.1,329.3,32.86,17,8,228,12.231146786230378
2025-08-16 18:00:00,3.25,0.0,37.45,3.25,7.52,11.1,331.5,32.14,18,8,228,12.231146786230378
2025-08-16 19:00:00,0.0,0.0,36.34,0.0,7.61,11.11,333.4,31.77,19,8,228,12.242165837389145
2025-08-16 20:00:00,0.0,0.0,34.96,0.0,7.35,10.65,337.4,31.35,20,8,228,11.735289484085904
2025-08-16 21:00:00,0.0,0.0,33.82,0.0,7.13,10.13,340.3,30.85,21,8,228,11.162298823830067
2025-08-16 22:00:00,0.0,0.0,32.96,0.0,7.62,10.24,339.3,30.33,22,8,228,11.283508386576493
2025-08-16 23:00:00,0.0,0.0,32.09,0.0,8.2,10.42,335.9,29.71,23,8,228,11.481851307434283
2025-08-17 00:00:00,0.0,0.0,31.36,0.0,8.82,10.69,332.5,29.03,0,8,229,11.779365688720967
2025-08-17 01:00:00,0.0,0.0,30.74,0.0,9.33,10.9,330.9,28.32,1,8,229,12.010765763055057
2025-08-17 02:00:00,0.0,0.0,30.15,0.0,9.38,10.84,331.4,27.78,2,8,229,11.94465145610246
2025-08-17 03:00:00,0.0,0.0,29.51,0.0,9.18,10.62,331.8,27.39,3,8,229,11.702232330609604
2025-08-17 04:00:00,0.0,0.0,28.93,0.0,9.2,10.76,333.1,27.11,4,8,229,11.856499046832331
2025-08-17 05:00:00,9.82,0.0,28.59,9.2,9.16,10.66,332.8,26.88,5,8,229,11.746308535244669
2025-08-17 06:00:00,120.7,47.26,29.4,123.2,9.47,10.72,332.9,27.24,6,8,229,11.812422842197266
2025-08-17 07:00:00,309.27,162.59,31.89,324.1,9.97,11.29,332.4,28.12,7,8,229,12.440508758246933
2025-08-17 08:00:00,521.17,298.63,34.68,540.88,10.6,12.03,330.3,29.1,8,8,229,13.255918543995625
2025-08-17 09:00:00,706.97,378.84,37.04,729.0,10.94,12.5,327.2,29.92,9,8,229,13.773813948457633
2025-08-17 10:00:00,820.83,382.6,39.07,862.17,11.01,12.76,324.8,30.72,10,8,229,14.060309278585551
2025-08-17 11:00:00,879.5,369.9,40.53,929.58,10.89,12.91,323.4,31.47,11,8,229,14.225595045967044
2025-08-17 12:00:00,826.42,347.34,41.2,911.15,10.55,12.84,323.2,32.11,12,8,229,14.148461687855681
2025-08-17 13:00:00,750.83,224.06,41.14,831.53,9.97,12.57,324.2,32.67,13,8,229,13.850947306568996
2025-08-17 14:00:00,537.2,89.11,40.83,678.05,9.42,12.25,325.5,32.98,14,8,229,13.49833766948848
2025-08-17 15:00:00,373.83,76.8,40.48,479.65,9.06,12.08,326.9,33.1,15,8,229,13.311013799789457
2025-08-17 16:00:00,212.85,38.22,39.61,263.02,8.95,12.09,327.7,32.97,16,8,229,13.322032850948222
2025-08-17 17:00:00,75.05,6.45,38.0,83.22,8.53,11.68,328.3,32.39,17,8,229,12.870251753438811
2025-08-17 18:00:00,2.83,0.0,35.53,2.95,8.02,11.32,329.1,31.53,18,8,229,12.473565911723233
2025-08-17 19:00:00,0.0,0.0,34.35,0.0,8.5,11.61,334.7,31.07,19,8,229,12.793118395327449
2025-08-17 20:00:00,0.0,0.0,33.51,0.0,8.83,11.31,338.2,30.35,20,8,229,12.462546860564467
2025-08-17 21:00:00,0.0,0.0,32.68,0.0,9.58,11.55,339.5,29.49,21,8,229,12.727004088374853
2025-08-17 22:00:00,0.0,0.0,31.88,0.0,10.07,11.75,338.4,28.67,22,8,229,12.947385111550176
2025-08-17 23:00:00,0.0,0.0,31.12,0.0,10.11,11.65,337.1,27.98,23,8,229,12.837194599962515
2025-08-18 00:00:00,0.0,0.0,30.48,0.0,10.01,11.57,335.9,27.41,0,8,230,12.749042190692386
2025-08-18 01:00:00,0.0,0.0,29.88,0.0,10.53,12.47,337.6,26.97,1,8,230,13.740756794981335
2025-08-18 02:00:00,0.0,0.0,29.44,0.0,10.69,12.61,336.4,26.55,2,8,230,13.89502351120406
2025-08-18 03:00:00,0.0,0.0,28.96,0.0,10.82,12.73,335.1,26.18,3,8,230,14.027252125109253
2025-08-18 04:00:00,0.0,0.0,28.43,0.0,10.86,12.73,334.0,25.88,4,8,230,14.027252125109253
2025-08-18 05:00:00,8.98,0.0,27.98,8.88,10.93,12.72,333.0,25.7,5,8,230,14.016233073950488
2025-08-18 06:00:00,122.55,58.36,28.76,124.25,11.23,12.78,332.5,26.21,6,8,230,14.082347380903084
2025-08-18 07:00:00,325.12,229.82,30.78,333.15,11.49,12.98,334.2,27.51,7,8,230,14.302728404078406
2025-08-18 08:00:00,549.97,376.45,33.16,560.12,11.48,13.12,333.8,29.04,8,8,230,14.456995120301132
2025-08-18 09:00:00,747.8,478.29,35.69,757.38,11.53,13.36,331.6,30.44,9,8,230,14.721452348111518
2025-08-18 10:00:00,890.72,558.05,38.13,898.4,11.82,13.92,330.0,31.49,10,8,230,15.33851921300242
2025-08-18 11:00:00,967.35,600.75,40.2,972.72,12.15,14.55,328.8,32.31,11,8,230,16.032719436004687
2025-08-18 12:00:00,963.2,652.04,41.74,966.35,12.23,14.93,328.8,33.13,12,8,230,16.451443380037798
2025-08-18 13:00:00,886.2,621.27,42.64,886.47,12.14,15.09,329.5,33.75,13,8,230,16.627748198578054
2025-08-18 14:00:00,738.65,559.81,42.88,739.2,11.91,15.09,331.4,34.2,14,8,230,16.627748198578054
2025-08-18 15:00:00,537.53,470.68,42.53,538.55,11.72,15.05,333.9,34.36,15,8,230,16.583671993942993
2025-08-18 16:00:00,308.62,315.55,41.53,309.75,11.52,14.8,336.3,34.11,16,8,230,16.308195714973838
2025-08-18 17:00:00,99.05,93.32,39.39,99.55,10.9,14.07,336.4,33.22,17,8,230,15.503804980383912
2025-08-18 18:00:00,3.0,0.0,36.27,3.0,10.63,13.98,338.3,32.19,18,8,230,15.404633519955018
2025-08-18 19:00:00,0.0,0.0,35.0,0.0,10.05,12.97,340.6,31.31,19,8,230,14.291709352919641
2025-08-18 20:00:00,0.0,0.0,33.8,0.0,9.03,11.52,340.0,30.24,20,8,230,12.693946934898554
2025-08-18 21:00:00,0.0,0.0,32.79,0.0,8.32,10.36,337.7,29.23,21,8,230,11.415737000481686
2025-08-18 22:00:00,0.0,0.0,31.83,0.0,7.9,9.63,333.9,28.31,22,8,230,10.611346265891761
2025-08-18 23:00:00,0.0,0.0,30.9,0.0,7.71,9.32,329.9,27.65,23,8,230,10.269755679970011
2025-08-19 00:00:00,0.0,0.0,30.01,0.0,7.62,9.14,327.4,27.21,0,8,231,10.071412759112222
2025-08-19 01:00:00,0.0,0.0,29.17,0.0,7.49,8.96,326.2,26.85,1,8,231,9.873069838254432
2025-08-19 02:00:00,0.0,0.0,28.47,0.0,7.31,8.73,324.7,26.57,2,8,231,9.619631661602812
2025-08-19 03:00:00,0.0,0.0,27.9,0.0,7.07,8.5,325.0,26.43,3,8,231,9.366193484951191
2025-08-19 04:00:00,0.0,0.0,27.36,0.0,6.64,8.05,327.0,26.36,4,8,231,8.870336182806717
2025-08-19 05:00:00,9.77,0.38,27.02,9.57,6.29,7.6,328.6,26.46,5,8,231,8.37447888066224
2025-08-19 06:00:00,139.88,141.47,28.24,141.75,6.33,7.01,327.6,27.49,6,8,231,7.724354862295041
2025-08-19 07:00:00,358.6,352.94,31.09,366.3,6.41,7.24,334.9,29.17,7,8,231,7.977793038946661
2025-08-19 08:00:00,585.58,502.18,34.19,596.22,6.47,8.28,346.2,31.32,8,8,231,9.123774359458336
2025-08-19 09:00:00,785.15,612.88,37.14,790.22,6.98,9.86,352.4,33.52,9,8,231,10.86478444254338
2025-08-19 10:00:00,924.8,698.23,39.61,925.83,7.61,10.85,350.7,34.89,10,8,231,11.955670507261225
2025-08-19 11:00:00,980.0,677.6,41.35,980.72,8.25,11.67,347.9,35.51,11,8,231,12.859232702280046
2025-08-19 12:00:00,971.7,692.31,42.5,972.22,8.65,12.17,345.8,35.81,12,8,231,13.410185260218352
2025-08-19 13:00:00,890.47,642.72,43.12,890.75,8.8,12.37,342.8,35.9,13,8,231,13.630566283393673
2025-08-19 14:00:00,739.35,589.52,43.26,741.55,8.87,12.5,339.7,35.81,14,8,231,13.773813948457633
2025-08-19 15:00:00,535.47,495.19,42.84,538.35,8.82,12.5,337.2,35.53,15,8,231,13.773813948457633
2025-08-19 16:00:00,305.45,333.7,41.8,307.95,8.68,12.34,334.2,35.03,16,8,231,13.597509129917375
2025-08-19 17:00:00,103.57,110.24,39.66,104.55,8.08,11.81,331.9,34.16,17,8,231,13.013499418502773
2025-08-19 18:00:00,0.0,0.0,36.79,0.0,7.38,11.5,334.7,33.13,18,8,231,12.671908832581023
2025-08-19 19:00:00,0.0,0.0,35.92,0.0,7.04,11.04,344.4,32.56,19,8,231,12.16503247927778
2025-08-19 20:00:00,0.0,0.0,34.68,0.0,6.24,10.08,356.5,31.91,20,8,231,11.107203568036235
2025-08-19 21:00:00,0.0,0.0,33.44,0.0,5.3,9.01,8.0,31.19,21,8,231,9.928165094048262
2025-08-19 22:00:00,0.0,0.0,32.48,0.0,4.85,8.34,18.3,30.49,22,8,231,9.189888666410933
2025-08-19 23:00:00,0.0,0.0,31.68,0.0,4.5,7.6,22.9,29.9,23,8,231,8.37447888066224
2025-08-20 00:00:00,0.0,0.0,30.99,0.0,4.08,6.69,21.8,29.34,0,8,232,7.371745225214526
2025-08-20 01:00:00,0.0,0.0,30.32,0.0,3.91,5.96,11.5,28.9,1,8,232,6.5673544906245995
2025-08-20 02:00:00,0.0,0.0,29.67,0.0,4.13,5.68,348.0,28.48,2,8,232,6.258821058179148
2025-08-20 03:00:00,0.0,0.0,29.02,0.0,5.31,6.67,326.7,28.03,3,8,232,7.3497071228969935
2025-08-20 04:00:00,0.0,0.0,28.4,0.0,6.25,7.54,321.9,27.67,4,8,232,8.308364573709644
2025-08-20 05:00:00,9.15,0.0,27.93,9.0,6.62,7.87,324.6,27.51,5,8,232,8.671993261948925
2025-08-20 06:00:00,128.48,90.86,28.92,132.4,7.13,8.01,328.8,28.19,6,8,232,8.82625997817165
2025-08-20 07:00:00,332.35,270.65,31.42,344.42,7.46,8.63,335.0,29.64,7,8,232,9.509441150015151
2025-08-20 08:00:00,552.75,413.4,34.45,565.4,7.5,9.32,337.9,31.34,8,8,232,10.269755679970011
2025-08-20 09:00:00,744.15,523.09,36.98,754.58,7.55,9.86,337.7,32.76,9,8,232,10.86478444254338
2025-08-20 10:00:00,880.53,572.55,38.79,887.95,7.52,10.17,334.4,33.66,10,8,232,11.20637502846513
2025-08-20 11:00:00,943.1,551.12,40.1,947.5,7.49,10.24,329.0,34.1,11,8,232,11.283508386576493
2025-08-20 12:00:00,941.15,611.52,41.06,941.8,7.35,10.14,323.8,34.28,12,8,232,11.173317874988832
2025-08-20 13:00:00,855.67,551.28,41.56,859.92,7.22,10.03,318.9,34.25,13,8,232,11.052108312242405
2025-08-20 14:00:00,706.4,485.23,41.61,712.62,7.09,9.93,318.0,34.01,14,8,232,10.941917800654744
2025-08-20 15:00:00,506.2,399.13,41.14,513.25,6.88,9.72,322.3,33.63,15,8,232,10.710517726320656
2025-08-20 16:00:00,283.3,243.25,40.15,288.65,6.57,9.36,328.6,33.18,16,8,232,10.313831884605076
2025-08-20 17:00:00,93.45,56.53,38.46,94.8,6.04,8.78,332.2,32.64,17,8,232,9.67472691739664
2025-08-20 18:00:00,0.0,0.0,35.88,0.0,5.13,8.4,332.1,31.88,18,8,232,9.25600297336353
2025-08-20 19:00:00,0.0,0.0,34.89,0.0,5.11,8.63,331.7,31.51,19,8,232,9.509441150015151
2025-08-20 20:00:00,0.0,0.0,33.91,0.0,5.2,8.74,332.6,31.21,20,8,232,9.630650712761577
2025-08-20 21:00:00,0.0,0.0,32.96,0.0,5.5,8.93,335.4,30.86,21,8,232,9.840012684778133
2025-08-20 22:00:00,0.0,0.0,32.07,0.0,6.63,9.73,341.4,30.6,22,8,232,10.721536777479422
2025-08-20 23:00:00,0.0,0.0,31.23,0.0,8.01,10.46,343.7,30.01,23,8,232,11.525927512069348
2025-08-21 00:00:00,0.0,0.0,30.4,0.0,8.65,10.71,342.0,29.23,0,8,233,11.801403791038501
2025-08-21 01:00:00,0.0,0.0,29.66,0.0,8.77,10.52,340.2,28.64,1,8,233,11.592041819021944
2025-08-21 02:00:00,0.0,0.0,29.01,0.0,8.85,10.48,341.0,28.17,2,8,233,11.54796561438688
2025-08-21 03:00:00,0.0,0.0,28.42,0.0,8.92,10.51,343.6,27.8,3,8,233,11.581022767863178
2025-08-21 04:00:00,0.0,0.0,27.88,0.0,8.52,9.97,344.2,27.52,4,8,233,10.98599400528981
2025-08-21 05:00:00,8.25,0.0,27.43,8.27,8.13,9.55,342.6,27.34,5,8,233,10.523193856621633
2025-08-21 06:00:00,119.75,64.76,28.1,120.07,8.66,9.92,342.8,27.77,6,8,233,10.930898749495977
2025-08-21 07:00:00,312.08,204.92,30.18,312.85,9.05,10.3,341.8,28.67,7,8,233,11.34962269352909
2025-08-21 08:00:00,525.9,320.03,33.07,526.92,9.33,10.65,339.0,29.65,8,8,233,11.735289484085904
2025-08-21 09:00:00,721.83,412.01,35.63,722.85,8.98,10.48,333.3,30.72,9,8,233,11.54796561438688
2025-08-21 10:00:00,859.12,478.56,37.58,860.05,8.42,10.12,325.1,31.64,10,8,233,11.151279772671298
2025-08-21 11:00:00,948.65,597.75,39.12,949.78,7.59,9.49,318.5,32.17,11,8,233,10.457079549669036
2025-08-21 12:00:00,941.22,598.47,40.22,942.42,6.71,8.75,316.0,32.3,12,8,233,9.641669763920344
2025-08-21 13:00:00,852.7,535.83,40.89,858.92,5.98,8.02,321.3,32.26,13,8,233,8.837279029330418
2025-08-21 14:00:00,703.4,479.28,40.92,709.92,5.6,7.57,331.4,32.15,14,8,233,8.341421727185944
2025-08-21 15:00:00,503.42,386.22,40.39,509.23,5.51,7.42,339.3,31.95,15,8,233,8.176135959804451
2025-08-21 16:00:00,280.6,232.1,39.47,284.4,5.45,7.33,341.8,31.67,16,8,233,8.076964499375556
2025-08-21 17:00:00,90.93,48.54,37.9,91.85,5.03,7.07,338.4,31.27,17,8,233,7.790469169247638
2025-08-21 18:00:00,0.0,0.0,35.73,0.0,4.11,6.98,331.8,30.28,18,8,233,7.691297708818743
2025-08-21 19:00:00,0.0,0.0,34.75,0.0,4.25,7.29,327.9,29.89,19,8,233,8.032888294740491
2025-08-21 20:00:00,0.0,0.0,33.5,0.0,4.47,7.4,326.7,29.58,20,8,233,8.154097857486919
2025-08-21 21:00:00,0.0,0.0,32.3,0.0,4.59,7.2,328.3,29.23,21,8,233,7.933716834311597
2025-08-21 22:00:00,0.0,0.0,31.31,0.0,4.53,6.77,335.3,28.87,22,8,233,7.459897634484654
2025-08-21 23:00:00,0.0,0.0,30.49,0.0,4.4,6.36,342.0,28.57,23,8,233,7.008116536975244
2025-08-22 00:00:00,0.0,0.0,29.71,0.0,4.48,6.29,343.2,28.33,0,8,234,6.930983178863881
2025-08-22 01:00:00,0.0,0.0,28.96,0.0,4.91,6.65,341.4,28.02,1,8,234,7.327669020579461
2025-08-22 02:00:00,0.0,0.0,28.3,0.0,5.5,7.26,339.3,27.61,2,8,234,7.999831141264194
2025-08-22 03:00:00,0.0,0.0,27.61,0.0,6.01,7.74,337.3,27.26,3,8,234,8.528745596884967
2025-08-22 04:00:00,0.0,0.0,26.92,0.0,6.23,7.87,334.7,27.04,4,8,234,8.671993261948925
2025-08-22 05:00:00,8.9,0.0,26.5,8.62,6.46,8.0,333.1,26.97,5,8,234,8.815240927012885
2025-08-22 06:00:00,126.45,69.09,27.77,128.48,7.08,8.02,333.7,27.77,6,8,234,8.837279029330418
2025-08-22 07:00:00,329.38,261.88,30.37,339.52,7.47,8.36,334.5,28.96,7,8,234,9.211926768728464
2025-08-22 08:00:00,551.17,419.86,34.02,563.7,7.53,8.84,333.0,30.39,8,8,234,9.740841224349237
2025-08-22 09:00:00,744.33,485.05,36.52,755.62,7.07,8.8,328.0,31.61,9,8,234,9.696765019714174
2025-08-22 10:00:00,882.12,551.29,38.36,890.53,6.55,8.59,321.7,32.45,10,8,234,9.465364945380086
2025-08-22 11:00:00,962.47,570.65,39.8,967.1,6.07,8.22,317.6,32.89,11,8,234,9.05766005250574
2025-08-22 12:00:00,958.05,639.93,40.9,958.2,5.72,7.84,316.2,33.04,12,8,234,8.638936108472627
2025-08-22 13:00:00,872.5,578.0,41.62,873.5,5.5,7.59,318.0,33.02,13,8,234,8.363459829503475
2025-08-22 14:00:00,720.12,517.97,41.82,721.58,5.4,7.48,321.2,32.9,14,8,234,8.242250266757049
2025-08-22 15:00:00,515.88,418.17,41.52,517.6,5.4,7.53,323.0,32.76,15,8,234,8.297345522550879
2025-08-22 16:00:00,287.7,253.51,40.64,289.25,5.5,7.77,322.3,32.53,16,8,234,8.561802750361265
2025-08-22 17:00:00,90.7,56.04,38.62,91.1,5.27,7.81,318.4,32.04,17,8,234,8.60587895499633
2025-08-22 18:00:00,0.0,0.0,35.43,0.0,4.7,8.15,314.3,30.9,18,8,234,8.980526694394378
2025-08-22 19:00:00,0.0,0.0,34.49,0.0,5.08,8.63,316.5,30.55,19,8,234,9.509441150015151
2025-08-22 20:00:00,0.0,0.0,33.49,0.0,5.22,8.61,325.6,30.29,20,8,234,9.487403047697617
2025-08-22 21:00:00,0.0,0.0,32.44,0.0,5.17,8.27,338.1,29.94,21,8,234,9.112755308299569
2025-08-22 22:00:00,0.0,0.0,31.5,0.0,5.31,8.17,345.5,29.62,22,8,234,9.002564796711908
2025-08-22 23:00:00,0.0,0.0,30.65,0.0,5.72,8.2,346.5,29.28,23,8,234,9.035621950188206
2025-08-23 00:00:00,0.0,0.0,29.86,0.0,6.32,8.19,342.6,28.67,0,8,235,9.024602899029441
2025-08-23 01:00:00,0.0,0.0,29.16,0.0,6.74,8.28,337.9,27.98,1,8,235,9.123774359458336
2025-08-23 02:00:00,0.0,0.0,28.55,0.0,7.07,8.56,333.6,27.49,2,8,235,9.432307791903789
2025-08-23 03:00:00,0.0,0.0,27.95,0.0,7.34,8.79,330.9,27.1,3,8,235,9.685745968555407
2025-08-23 04:00:00,0.0,0.0,27.39,0.0,7.28,8.67,327.3,26.77,4,8,235,9.553517354650214
2025-08-23 05:00:00,8.5,0.0,27.03,8.4,7.33,8.63,323.4,26.45,5,8,235,9.509441150015151
2025-08-23 06:00:00,128.18,103.83,28.26,129.25,7.8,8.72,319.3,26.9,6,8,235,9.608612610444046
2025-08-23 07:00:00,337.85,297.04,31.02,342.8,7.91,8.75,317.1,28.04,7,8,235,9.641669763920344
2025-08-23 08:00:00,558.95,442.72,35.05,566.9,7.63,8.65,318.8,29.47,8,8,235,9.531479252332682
2025-08-23 09:00:00,748.15,524.03,37.88,757.92,7.03,8.44,319.9,31.04,9,8,235,9.300079177998594
2025-08-23 10:00:00,881.3,575.31,40.15,892.0,6.37,8.27,319.4,32.49,10,8,235,9.112755308299569
2025-08-23 11:00:00,941.6,540.77,41.95,952.55,6.08,8.3,318.7,33.65,11,8,235,9.145812461775868
2025-08-23 12:00:00,932.38,557.6,43.21,942.88,6.16,8.53,319.7,34.56,12,8,235,9.399250638427489
2025-08-23 13:00:00,849.47,537.45,43.9,858.92,6.36,8.88,321.3,35.07,13,8,235,9.784917428984304
2025-08-23 14:00:00,700.83,503.19,43.97,708.42,6.64,9.37,323.1,35.23,14,8,235,10.324850935763841
2025-08-23 15:00:00,500.9,400.13,43.47,506.0,6.92,9.89,325.4,35.11,15,8,235,10.89784159601968
2025-08-23 16:00:00,276.17,236.15,42.41,278.42,7.13,10.29,327.5,34.71,16,8,235,11.338603642370323
2025-08-23 17:00:00,86.05,53.84,40.0,86.43,6.81,10.16,329.4,33.87,17,8,235,11.195355977306365
2025-08-23 18:00:00,0.0,0.0,36.8,0.0,6.47,10.33,332.9,32.75,18,8,235,11.382679847005388
2025-08-23 19:00:00,0.0,0.0,35.8,0.0,6.89,10.51,338.2,32.09,19,8,235,11.581022767863178
2025-08-23 20:00:00,0.0,0.0,34.6,0.0,6.95,10.19,343.4,31.48,20,8,235,11.228413130782663
2025-08-23 21:00:00,0.0,0.0,33.51,0.0,6.58,9.51,346.4,30.83,21,8,235,10.479117651986567
2025-08-23 22:00:00,0.0,0.0,32.56,0.0,6.35,8.79,346.6,30.13,22,8,235,9.685745968555407
2025-08-23 23:00:00,0.0,0.0,31.68,0.0,6.44,8.4,342.3,29.43,23,8,235,9.25600297336353
2025-08-24 00:00:00,0.0,0.0,30.9,0.0,6.74,8.35,337.2,28.75,0,8,236,9.200907717569699
2025-08-24 01:00:00,0.0,0.0,30.13,0.0,6.96,8.45,333.7,28.08,1,8,236,9.31109822915736
2025-08-24 02:00:00,0.0,0.0,29.4,0.0,7.16,8.64,331.5,27.65,2,8,236,9.520460201173917
2025-08-24 03:00:00,0.0,0.0,28.68,0.0,7.44,8.99,330.7,27.37,3,8,236,9.90612699173073
2025-08-24 04:00:00,0.0,0.0,27.96,0.0,7.33,8.87,331.3,27.17,4,8,236,9.773898377825535
2025-08-24 05:00:00,7.28,0.0,27.55,7.88,7.06,8.52,333.2,27.0,5,8,236,9.388231587268722
2025-08-24 06:00:00,108.32,32.65,28.67,119.9,7.43,8.39,333.1,27.68,6,8,236,9.244983922204764
2025-08-24 07:00:00,273.5,115.56,31.23,312.25,8.34,9.39,333.4,29.01,7,8,236,10.346889038081375
2025-08-24 08:00:00,481.52,245.07,34.67,535.4,8.98,10.4,334.1,30.56,8,8,236,11.45981320511675
2025-08-24 09:00:00,717.25,445.83,37.45,740.67,9.17,11.07,334.2,31.89,9,8,236,12.19808963275408
2025-08-24 10:00:00,852.88,499.11,39.51,882.1,9.18,11.51,333.4,33.15,10,8,236,12.682927883739788
2025-08-24 11:00:00,921.6,539.84,41.11,950.35,9.13,11.76,330.7,34.07,11,8,236,12.958404162708941
2025-08-24 12:00:00,904.85,495.55,42.26,945.08,9.11,11.96,328.4,34.54,12,8,236,13.178785185884264
2025-08-24 13:00:00,730.25,392.46,42.88,863.9,9.09,12.07,327.0,34.73,13,8,236,13.299994748630692
2025-08-24 14:00:00,614.45,298.0,42.95,714.9,8.98,12.14,326.3,34.78,14,8,236,13.377128106742054
2025-08-24 15:00:00,420.4,220.62,42.48,513.38,8.72,12.09,326.5,34.7,15,8,236,13.322032850948222
2025-08-24 16:00:00,231.15,124.84,41.52,285.95,8.37,11.79,326.2,34.36,16,8,236,12.991461316185239
2025-08-24 17:00:00,79.05,34.59,39.26,86.93,7.66,11.18,324.3,33.53,17,8,236,12.319299195500507
2025-08-24 18:00:00,0.0,0.0,36.04,0.0,7.24,11.16,324.1,32.51,18,8,236,12.297261093182975
2025-08-24 19:00:00,0.0,0.0,35.12,0.0,6.95,10.65,328.8,31.87,19,8,236,11.735289484085904
2025-08-24 20:00:00,0.0,0.0,34.26,0.0,6.38,9.85,338.6,31.26,20,8,236,10.853765391384615
2025-08-24 21:00:00,0.0,0.0,33.28,0.0,6.32,9.53,345.5,30.72,21,8,236,10.501155754304099
2025-08-24 22:00:00,0.0,0.0,32.48,0.0,6.59,9.28,344.4,30.09,22,8,236,10.225679475334946
2025-08-24 23:00:00,0.0,0.0,31.83,0.0,7.02,9.07,337.5,29.27,23,8,236,9.99427940100086
2025-08-25 00:00:00,0.0,0.0,30.92,0.0,7.33,8.98,332.0,28.4,0,8,237,9.895107940571965
2025-08-25 01:00:00,0.0,0.0,30.1,0.0,7.37,8.92,330.2,27.72,1,8,237,9.828993633619367
2025-08-25 02:00:00,0.0,0.0,29.3,0.0,7.31,8.84,331.2,27.27,2,8,237,9.740841224349237
2025-08-25 03:00:00,0.0,0.0,28.55,0.0,7.05,8.55,332.8,26.88,3,8,237,9.421288740745021
2025-08-25 04:00:00,0.0,0.0,27.9,0.0,6.68,8.14,333.8,26.54,4,8,237,8.96950764323561
2025-08-25 05:00:00,7.07,0.0,27.46,7.88,6.59,8.07,334.9,26.35,5,8,237,8.892374285124248
2025-08-25 06:00:00,112.95,70.82,28.47,124.38,7.2,8.17,335.5,26.97,6,8,237,9.002564796711908
2025-08-25 07:00:00,288.42,181.08,31.12,323.38,7.85,8.81,335.2,27.87,7,8,237,9.70778407087294
2025-08-25 08:00:00,495.3,298.49,34.18,541.08,8.31,9.24,334.2,28.9,8,8,237,10.181603270699883
2025-08-25 09:00:00,694.65,368.78,36.8,737.6,8.22,9.2,330.2,29.91,9,8,237,10.137527066064818
2025-08-25 10:00:00,861.58,482.05,38.67,879.1,7.8,9.09,326.6,30.88,10,8,237,10.01631750331839
2025-08-25 11:00:00,951.28,622.79,40.11,954.35,7.24,8.9,327.4,31.6,11,8,237,9.806955531301835
2025-08-25 12:00:00,946.65,636.91,41.13,951.05,6.5,8.49,331.3,32.04,12,8,237,9.355174433792424
2025-08-25 13:00:00,867.53,613.2,41.68,871.25,5.95,8.13,337.3,32.49,13,8,237,8.958488592076845
2025-08-25 14:00:00,724.1,592.94,41.68,726.05,5.76,7.97,344.4,32.74,14,8,237,8.782183773536588
2025-08-25 15:00:00,527.42,521.47,41.14,527.95,5.7,7.95,350.1,32.81,15,8,237,8.760145671219055
2025-08-25 16:00:00,297.98,362.59,40.0,298.52,5.65,7.97,352.1,32.72,16,8,237,8.782183773536588
2025-08-25 17:00:00,91.45,119.74,38.03,91.57,5.09,7.62,352.9,32.28,17,8,237,8.396516982979774
2025-08-25 18:00:00,0.0,0.0,35.27,0.0,4.18,7.42,353.0,31.07,18,8,237,8.176135959804451
2025-08-25 19:00:00,0.0,0.0,34.04,0.0,4.06,7.24,349.9,30.56,19,8,237,7.977793038946661
2025-08-25 20:00:00,0.0,0.0,32.9,0.0,3.9,6.93,345.0,30.11,20,8,237,7.636202453024912
2025-08-25 21:00:00,0.0,0.0,31.95,0.0,3.86,6.8,338.3,29.69,21,8,237,7.492954787960953
2025-08-25 22:00:00,0.0,0.0,30.96,0.0,4.52,7.5,333.7,29.4,22,8,237,8.26428836907458
2025-08-25 23:00:00,0.0,0.0,30.09,0.0,6.52,9.25,335.2,29.2,23,8,237,10.192622321858648
2025-08-26 00:00:00,0.0,0.0,29.34,0.0,8.14,10.32,338.9,28.73,0,8,238,11.371660795846623
2025-08-26 01:00:00,0.0,0.0,28.65,0.0,7.99,9.67,341.1,28.04,1,8,238,10.655422470526824
2025-08-26 02:00:00,0.0,0.0,28.02,0.0,7.12,8.62,340.3,27.44,2,8,238,9.498422098856382
2025-08-26 03:00:00,0.0,0.0,27.46,0.0,6.44,7.86,340.7,27.03,3,8,238,8.66097421079016
2025-08-26 04:00:00,0.0,0.0,26.89,0.0,5.81,7.21,341.9,26.71,4,8,238,7.9447358854703625
2025-08-26 05:00:00,8.25,0.94,26.43,8.2,5.53,6.82,342.3,26.47,5,8,238,7.514992890278485
2025-08-26 06:00:00,139.23,198.13,27.33,142.25,6.24,7.01,342.7,27.08,6,8,238,7.724354862295041
2025-08-26 07:00:00,361.83,422.62,30.08,368.4,6.79,7.53,340.3,28.16,7,8,238,8.297345522550879
2025-08-26 08:00:00,587.17,579.84,33.19,594.38,6.91,7.62,335.4,29.08,8,8,238,8.396516982979774
2025-08-26 09:00:00,777.55,653.23,35.48,783.7,6.8,7.53,332.7,29.84,9,8,238,8.297345522550879
2025-08-26 10:00:00,911.03,710.35,37.35,915.5,6.54,7.39,332.6,30.55,10,8,238,8.143078806328152
2025-08-26 11:00:00,962.58,689.65,38.83,965.25,6.23,7.28,336.2,31.06,11,8,238,8.021869243581726
2025-08-26 12:00:00,955.2,697.28,39.87,955.4,5.94,7.21,341.8,31.35,12,8,238,7.9447358854703625
2025-08-26 13:00:00,871.42,637.94,40.43,871.62,5.74,7.26,346.5,31.59,13,8,238,7.999831141264194
2025-08-26 14:00:00,720.58,576.59,40.43,720.8,5.65,7.36,348.9,31.72,14,8,238,8.110021652851854
2025-08-26 15:00:00,517.1,485.89,39.92,517.3,5.6,7.46,350.3,31.68,15,8,238,8.220212164439516
2025-08-26 16:00:00,287.48,314.58,38.77,287.62,5.49,7.42,351.4,31.46,16,8,238,8.176135959804451
2025-08-26 17:00:00,84.05,81.86,36.85,84.07,4.75,6.75,354.8,30.99,17,8,238,7.437859532167122
2025-08-26 18:00:00,0.0,0.0,34.18,0.0,3.46,5.88,358.9,29.85,18,8,238,6.479202081354471
2025-08-26 19:00:00,0.0,0.0,33.09,0.0,3.06,5.11,359.2,29.42,19,8,238,5.630735142129481
2025-08-26 20:00:00,0.0,0.0,31.95,0.0,2.71,4.45,354.1,29.18,20,8,238,4.903477765650917
2025-08-26 21:00:00,0.0,0.0,30.84,0.0,2.56,4.18,344.3,28.98,21,8,238,4.605963384364232
2025-08-26 22:00:00,0.0,0.0,29.83,0.0,2.75,4.42,333.4,28.7,22,8,238,4.870420612174619
2025-08-26 23:00:00,0.0,0.0,28.9,0.0,3.88,5.67,325.4,28.48,23,8,238,6.247802007020383
2025-08-27 00:00:00,0.0,0.0,28.01,0.0,5.52,7.56,325.7,28.17,0,8,239,8.330402676027177
2025-08-27 01:00:00,0.0,0.0,27.31,0.0,6.69,8.75,331.5,27.81,1,8,239,9.641669763920344
2025-08-27 02:00:00,0.0,0.0,26.72,0.0,6.59,8.34,334.4,27.38,2,8,239,9.189888666410933
2025-08-27 03:00:00,0.0,0.0,26.14,0.0,5.84,7.35,332.7,26.86,3,8,239,8.099002601693089
2025-08-27 04:00:00,0.0,0.0,25.58,0.0,5.2,6.55,330.3,26.48,4,8,239,7.2174785089918
2025-08-27 05:00:00,7.9,0.0,25.15,7.8,4.93,6.13,326.4,26.27,5,8,239,6.754678360323624
2025-08-27 06:00:00,132.75,125.05,26.32,137.62,5.34,5.93,324.7,27.05,6,8,239,6.534297337148301
2025-08-27 07:00:00,355.1,360.29,29.29,364.77,5.72,6.26,327.4,28.18,7,8,239,6.897926025387583
2025-08-27 08:00:00,588.45,546.73,32.58,595.8,5.98,6.58,328.1,29.27,8,8,239,7.250535662468098
2025-08-27 09:00:00,788.5,665.22,34.63,790.3,6.26,7.06,328.4,30.09,9,8,239,7.779450118088871
2025-08-27 10:00:00,914.72,669.52,36.17,926.78,6.45,7.53,331.4,30.75,10,8,239,8.297345522550879
2025-08-27 11:00:00,946.58,526.85,37.36,980.72,6.55,7.87,336.6,31.28,11,8,239,8.671993261948925
2025-08-27 12:00:00,917.15,622.05,38.37,970.75,6.72,8.27,340.7,31.68,12,8,239,9.112755308299569
2025-08-27 13:00:00,873.0,588.43,38.99,886.0,6.92,8.7,343.4,31.88,13,8,239,9.586574508126512
2025-08-27 14:00:00,722.33,557.66,39.11,734.3,7.01,8.95,344.5,31.94,14,8,239,9.862050787095665
2025-08-27 15:00:00,518.78,475.42,38.56,529.1,6.92,9.0,344.9,31.86,15,8,239,9.917146042889495
2025-08-27 16:00:00,289.1,326.57,37.41,295.67,6.68,8.85,345.1,31.62,16,8,239,9.751860275508005
2025-08-27 17:00:00,83.22,80.24,35.47,84.65,5.85,8.1,345.7,31.1,17,8,239,8.925431438600546
2025-08-27 18:00:00,0.0,0.0,32.39,0.0,4.39,7.3,345.0,29.99,18,8,239,8.043907345899258
2025-08-27 19:00:00,0.0,0.0,31.29,0.0,3.99,6.78,342.8,29.52,19,8,239,7.47091668564342
2025-08-27 20:00:00,0.0,0.0,30.55,0.0,3.78,6.37,339.8,29.2,20,8,239,7.01913558813401
2025-08-27 21:00:00,0.0,0.0,29.76,0.0,4.05,6.5,337.4,28.92,21,8,239,7.162383253197969
2025-08-27 22:00:00,0.0,0.0,28.96,0.0,5.14,7.37,337.3,28.62,22,8,239,8.121040704010621
2025-08-27 23:00:00,0.0,0.0,28.24,0.0,6.3,8.36,337.9,28.12,23,8,239,9.211926768728464
2025-08-28 00:00:00,0.0,0.0,27.57,0.0,6.82,8.62,334.4,27.57,0,8,240,9.498422098856382
2025-08-28 01:00:00,0.0,0.0,26.91,0.0,6.96,8.56,330.8,27.0,1,8,240,9.432307791903789
2025-08-28 02:00:00,0.0,0.0,26.27,0.0,6.79,8.25,331.0,26.41,2,8,240,9.090717205982038
2025-08-28 03:00:00,0.0,0.0,25.66,0.0,6.36,7.78,334.8,25.96,3,8,240,8.572821801520032
2025-08-28 04:00:00,0.0,0.0,25.1,0.0,5.92,7.42,339.3,25.62,4,8,240,8.176135959804451
2025-08-28 05:00:00,7.85,1.62,24.73,7.85,5.75,7.25,343.0,25.44,5,8,240,7.988812090105427
2025-08-28 06:00:00,147.52,287.18,26.5,147.65,6.27,7.05,342.7,26.2,6,8,240,7.768431066930105
2025-08-28 07:00:00,377.35,532.59,29.41,377.58,6.93,7.66,338.9,27.49,7,8,240,8.440593187614837
2025-08-28 08:00:00,606.62,676.71,33.23,606.88,7.59,8.34,334.4,28.92,8,8,240,9.189888666410933
2025-08-28 09:00:00,797.05,761.83,35.14,797.28,7.92,8.72,329.2,30.02,9,8,240,9.608612610444046
2025-08-28 10:00:00,929.25,816.22,36.63,929.45,8.07,9.02,323.8,30.77,10,8,240,9.939184145207028
2025-08-28 11:00:00,979.6,795.46,37.85,979.83,8.16,9.3,320.4,31.23,11,8,240,10.24771757765248
2025-08-28 12:00:00,968.72,792.66,38.66,968.95,8.12,9.43,320.0,31.51,12,8,240,10.390965242716439
2025-08-28 13:00:00,884.17,727.14,38.86,885.53,7.88,9.33,322.4,31.61,13,8,240,10.280774731128778
2025-08-28 14:00:00,713.6,638.77,38.76,733.92,7.49,9.11,326.9,31.6,14,8,240,10.038355605635923
2025-08-28 15:00:00,509.8,492.08,38.3,530.72,7.1,8.87,331.8,31.47,15,8,240,9.773898377825535
2025-08-28 16:00:00,285.45,357.36,37.42,297.98,6.66,8.54,335.0,31.2,16,8,240,9.410269689586254
2025-08-28 17:00:00,81.78,108.96,35.61,84.18,5.59,7.74,336.8,30.8,17,8,240,8.528745596884967
2025-08-28 18:00:00,0.0,0.0,32.81,0.0,4.34,7.32,337.3,29.79,18,8,240,8.065945448216791
2025-08-28 19:00:00,0.0,0.0,31.93,0.0,4.36,7.36,336.0,29.49,19,8,240,8.110021652851854
2025-08-28 20:00:00,0.0,0.0,31.18,0.0,4.31,7.14,335.0,29.2,20,8,240,7.867602527359
2025-08-28 21:00:00,0.0,0.0,30.43,0.0,4.21,6.7,335.2,28.87,21,8,240,7.382764276373291
2025-08-28 22:00:00,0.0,0.0,29.57,0.0,4.12,6.14,336.2,28.54,22,8,240,6.765697411482389
2025-08-28 23:00:00,0.0,0.0,28.78,0.0,4.19,5.68,336.2,28.19,23,8,240,6.258821058179148
2025-08-29 00:00:00,0.0,0.0,28.01,0.0,4.18,5.44,334.8,27.71,0,8,241,5.994363830368762
2025-08-29 01:00:00,0.0,0.0,27.24,0.0,4.29,5.55,335.0,27.29,1,8,241,6.115573393115189
2025-08-29 02:00:00,0.0,0.0,26.56,0.0,4.55,5.91,338.7,26.93,2,8,241,6.512259234830769
2025-08-29 03:00:00,0.0,0.0,25.97,0.0,4.77,6.18,340.7,26.66,3,8,241,6.809773616117454
2025-08-29 04:00:00,0.0,0.0,25.42,0.0,4.75,6.12,339.4,26.42,4,8,241,6.743659309164857
2025-08-29 05:00:00,7.68,1.54,25.02,7.68,4.63,5.94,335.9,26.27,5,8,241,6.545316388307068
2025-08-29 06:00:00,146.65,277.84,26.89,147.02,5.11,5.75,331.2,27.17,6,8,241,6.3359544162905115
2025-08-29 07:00:00,377.48,519.94,29.58,378.1,5.55,6.11,328.7,28.4,7,8,241,6.732640258006091
2025-08-29 08:00:00,605.97,666.24,33.7,606.58,5.57,6.49,327.1,30.09,8,8,241,7.151364202039203
2025-08-29 09:00:00,796.17,744.56,36.09,796.7,5.05,6.55,325.0,31.12,9,8,241,7.2174785089918
2025-08-29 10:00:00,927.83,794.44,37.72,928.3,4.9,6.65,323.4,31.7,10,8,241,7.327669020579461
2025-08-29 11:00:00,965.12,681.59,39.03,965.65,4.88,6.67,325.5,32.03,11,8,241,7.3497071228969935
2025-08-29 12:00:00,953.0,651.79,40.07,953.58,4.8,6.56,332.2,32.22,12,8,241,7.228497560150566
2025-08-29 13:00:00,866.92,623.38,40.68,867.6,4.72,6.42,343.5,32.35,13,8,241,7.0742308439278405
2025-08-29 14:00:00,713.3,570.04,40.78,715.22,4.72,6.38,354.8,32.39,14,8,241,7.030154639292776
2025-08-29 15:00:00,508.6,474.44,40.41,510.25,4.67,6.31,1.6,32.33,15,8,241,6.953021281181413
2025-08-29 16:00:00,278.55,302.56,39.52,279.6,4.46,6.08,5.2,32.13,16,8,241,6.699583104529793
2025-08-29 17:00:00,75.47,61.3,37.13,75.62,3.94,5.69,8.4,31.63,17,8,241,6.269840109337915
2025-08-29 18:00:00,0.0,0.0,33.87,0.0,3.06,5.16,9.7,30.53,18,8,241,5.685830397923311
2025-08-29 19:00:00,0.0,0.0,32.86,0.0,2.8,4.51,2.3,30.14,19,8,241,4.969592072603514
2025-08-29 20:00:00,0.0,0.0,32.01,0.0,2.62,4.13,351.4,29.85,20,8,241,4.550868128570402
2025-08-29 21:00:00,0.0,0.0,31.2,0.0,2.58,4.12,340.0,29.52,21,8,241,4.5398490774116365
2025-08-29 22:00:00,0.0,0.0,30.46,0.0,2.69,4.42,331.8,29.13,22,8,241,4.870420612174619
2025-08-29 23:00:00,0.0,0.0,29.76,0.0,2.85,4.62,328.7,28.79,23,8,241,5.0908016353499415
2025-08-30 00:00:00,0.0,0.0,29.09,0.0,3.12,4.69,329.9,28.55,0,8,242,5.167934993461304
2025-08-30 01:00:00,0.0,0.0,28.5,0.0,3.53,4.8,331.9,28.27,1,8,242,5.289144556207731
2025-08-30 02:00:00,0.0,0.0,27.97,0.0,3.8,4.89,331.4,27.9,2,8,242,5.388316016636626
2025-08-30 03:00:00,0.0,0.0,27.46,0.0,3.81,4.82,328.8,27.5,3,8,242,5.311182658525263
2025-08-30 04:00:00,0.0,0.0,27.01,0.0,3.57,4.46,324.0,27.2,4,8,242,4.914496816809684
2025-08-30 05:00:00,7.43,1.58,26.71,7.43,3.38,4.21,320.5,26.99,5,8,242,4.639020537840531
2025-08-30 06:00:00,145.8,296.21,28.77,146.2,3.52,4.02,323.7,27.92,6,8,242,4.429658565823974
2025-08-30 07:00:00,377.45,553.95,31.37,378.12,3.77,4.12,335.0,29.03,7,8,242,4.5398490774116365
2025-08-30 08:00:00,604.12,701.71,35.67,604.8,3.42,4.22,334.9,30.22,8,8,242,4.650039588999297
2025-08-30 09:00:00,786.67,773.84,38.33,794.1,3.27,4.45,337.1,31.3,9,8,242,4.903477765650917
2025-08-30 10:00:00,911.75,777.35,39.93,924.67,3.74,5.03,345.6,32.32,10,8,242,5.542582732859352
2025-08-30 11:00:00,945.75,628.91,40.78,955.62,4.21,5.62,349.9,33.1,11,8,242,6.192706751226552
2025-08-30 12:00:00,938.42,640.98,41.66,944.12,4.43,5.95,346.6,33.62,12,8,242,6.556335439465833
2025-08-30 13:00:00,858.8,659.56,42.21,860.12,4.63,6.26,341.3,33.96,13,8,242,6.897926025387583
2025-08-30 14:00:00,707.78,603.01,42.35,710.6,4.84,6.63,338.2,34.15,14,8,242,7.305630918261929
2025-08-30 15:00:00,504.5,508.05,41.99,508.23,5.02,6.95,337.1,34.1,15,8,242,7.658240555342444
2025-08-30 16:00:00,274.95,336.09,41.08,278.9,5.03,7.02,337.6,33.79,16,8,242,7.735373913453806
2025-08-30 17:00:00,72.62,77.44,38.6,73.38,4.33,6.6,341.9,32.96,17,8,242,7.27257376478563
2025-08-30 18:00:00,0.0,0.0,35.73,0.0,3.61,6.27,347.1,31.39,18,8,242,6.908945076546348
2025-08-30 19:00:00,0.0,0.0,34.83,0.0,3.44,5.88,348.7,30.71,19,8,242,6.479202081354471
2025-08-30 20:00:00,0.0,0.0,33.9,0.0,3.18,5.36,346.7,30.12,20,8,242,5.906211421098633
2025-08-30 21:00:00,0.0,0.0,33.04,0.0,3.03,5.12,341.4,29.6,21,8,242,5.6417541932882465
2025-08-30 22:00:00,0.0,0.0,32.22,0.0,3.27,5.44,334.0,29.16,22,8,242,5.994363830368762
2025-08-30 23:00:00,0.0,0.0,31.39,0.0,4.24,6.28,330.3,28.86,23,8,242,6.919964127705115
2025-08-31 00:00:00,0.0,0.0,30.57,0.0,5.26,7.05,329.5,28.33,0,8,243,7.768431066930105
2025-08-31 01:00:00,0.0,0.0,29.79,0.0,5.81,7.35,325.3,27.63,1,8,243,8.099002601693089
2025-08-31 02:00:00,0.0,0.0,29.1,0.0,6.29,7.68,319.4,27.0,2,8,243,8.46263128993237
2025-08-31 03:00:00,0.0,0.0,28.53,0.0,6.65,8.0,316.6,26.46,3,8,243,8.815240927012885
2025-08-31 04:00:00,0.0,0.0,28.07,0.0,6.73,8.09,316.9,26.1,4,8,243,8.91441238744178
2025-08-31 05:00:00,7.53,5.25,27.76,7.53,6.73,8.05,317.6,25.86,5,8,243,8.870336182806717
2025-08-31 06:00:00,147.93,345.15,29.37,148.82,7.0,7.85,318.4,26.51,6,8,243,8.649955159631393
2025-08-31 07:00:00,379.4,608.84,32.08,381.42,7.4,8.16,321.9,27.75,7,8,243,8.991545745553143
2025-08-31 08:00:00,605.35,735.54,36.14,607.75,7.64,8.43,325.6,29.15,8,8,243,9.289060126839827
2025-08-31 09:00:00,792.4,822.52,38.66,794.75,7.73,8.76,325.7,30.35,9,8,243,9.65268881507911
2025-08-31 10:00:00,922.0,862.23,40.61,924.12,7.88,9.3,324.7,31.37,10,8,243,10.24771757765248
2025-08-31 11:00:00,958.95,780.58,42.04,960.97,8.07,9.97,325.0,32.3,11,8,243,10.98599400528981
2025-08-31 12:00:00,946.88,741.84,42.86,948.83,8.43,10.76,326.0,33.05,12,8,243,11.856499046832331
2025-08-31 13:00:00,861.92,727.55,43.1,864.53,8.88,11.54,327.2,33.58,13,8,243,12.715985037216086
2025-08-31 14:00:00,715.33,683.59,42.77,715.85,9.23,12.15,328.2,33.91,14,8,243,13.38814715790082
2025-08-31 15:00:00,510.55,590.85,41.94,513.1,9.51,12.63,328.4,33.97,15,8,243,13.917061613521593
2025-08-31 16:00:00,281.1,419.94,40.64,283.88,9.71,12.85,328.2,33.66,16,8,243,14.159480739014446
2025-08-31 17:00:00,73.6,115.25,38.71,74.5,9.45,12.61,328.7,32.85,17,8,243,13.89502351120406
2025-08-31 18:00:00,0.0,0.0,36.28,0.0,9.26,12.5,331.2,31.79,18,8,243,13.773813948457633
2025-08-31 19:00:00,0.0,0.0,35.11,0.0,9.44,12.32,341.7,31.03,19,8,243,13.575471027599844
2025-08-31 20:00:00,0.0,0.0,34.0,0.0,9.07,11.7,351.4,30.3,20,8,243,12.892289855756344
2025-08-31 21:00:00,0.0,0.0,32.88,0.0,8.41,10.67,355.3,29.44,21,8,243,11.757327586403436
2025-08-31 22:00:00,0.0,0.0,31.83,0.0,7.72,9.56,352.1,28.44,22,8,243,10.534212907780399
2025-08-31 23:00:00,0.0,0.0,30.74,0.0,7.16,8.83,347.4,27.57,23,8,243,9.729822173190472
2025-09-01 00:00:00,0.0,0.0,29.51,0.0,6.81,8.4,343.4,26.97,0,9,244,9.25600297336353
2025-09-01 01:00:00,0.0,0.0,28.19,0.0,6.51,8.04,340.0,26.52,1,9,244,8.859317131647948
2025-09-01 02:00:00,0.0,0.0,27.01,0.0,6.22,7.71,336.8,26.15,2,9,244,8.495688443408667
2025-09-01 03:00:00,0.0,0.0,26.14,0.0,5.93,7.4,333.4,25.83,3,9,244,8.154097857486919
2025-09-01 04:00:00,0.0,0.0,25.5,0.0,5.7,7.18,330.4,25.58,4,9,244,7.911678731994065
2025-09-01 05:00:00,7.82,9.02,25.04,7.82,5.67,7.12,327.4,25.46,5,9,244,7.845564425041468
2025-09-01 06:00:00,156.4,390.33,26.38,156.4,6.27,6.98,324.0,26.44,6,9,244,7.691297708818743
2025-09-01 07:00:00,399.67,655.93,29.28,399.67,6.92,7.6,325.7,27.96,7,9,244,8.37447888066224
2025-09-01 08:00:00,634.8,792.41,32.98,634.8,7.91,9.05,332.5,29.93,8,9,244,9.972241298683327
2025-09-01 09:00:00,828.72,871.66,35.6,828.72,8.74,10.66,336.0,31.59,9,9,244,11.746308535244669
2025-09-01 10:00:00,963.4,922.46,37.19,963.4,9.52,11.89,334.3,32.8,10,9,244,13.101651827772901
2025-09-01 11:00:00,1020.47,933.84,38.38,1020.47,10.03,12.57,331.5,33.46,11,9,244,13.850947306568996
2025-09-01 12:00:00,1009.85,894.41,39.26,1009.85,10.11,12.79,328.8,33.82,12,9,244,14.093366432061849
2025-09-01 13:00:00,923.47,851.38,39.74,923.58,10.16,12.96,327.0,33.99,13,9,244,14.280690301760876
2025-09-01 14:00:00,766.67,787.67,39.79,767.0,10.26,13.15,326.1,33.99,14,9,244,14.490052273777431
2025-09-01 15:00:00,554.0,684.73,39.31,554.6,10.33,13.3,326.0,33.8,15,9,244,14.655338041158922
2025-09-01 16:00:00,310.02,522.1,38.24,310.7,10.26,13.24,325.9,33.33,16,9,244,14.589223734206325
2025-09-01 17:00:00,80.62,166.86,35.83,80.85,9.75,12.76,324.6,32.49,17,9,244,14.060309278585551
2025-09-01 18:00:00,0.0,0.0,32.56,0.0,9.32,12.49,326.5,31.48,18,9,244,13.762794897298868
2025-09-01 19:00:00,0.0,0.0,31.82,0.0,9.13,12.07,333.1,30.82,19,9,244,13.299994748630692
2025-09-01 20:00:00,0.0,0.0,31.02,0.0,8.39,11.14,340.9,30.1,20,9,244,12.275222990865444
2025-09-01 21:00:00,0.0,0.0,30.17,0.0,7.61,10.09,344.8,29.36,21,9,244,11.118222619195002
2025-09-01 22:00:00,0.0,0.0,29.28,0.0,7.3,9.35,344.2,28.57,22,9,244,10.302812833446309
2025-09-01 23:00:00,0.0,0.0,28.35,0.0,7.17,8.93,339.9,27.74,23,9,244,9.840012684778133
2025-09-02 00:00:00,0.0,0.0,27.34,0.0,7.11,8.74,334.8,27.1,0,9,245,9.630650712761577
2025-09-02 01:00:00,0.0,0.0,26.33,0.0,7.07,8.7,332.3,26.73,1,9,245,9.586574508126512
2025-09-02 02:00:00,0.0,0.0,25.34,0.0,7.06,8.71,331.4,26.45,2,9,245,9.59759355928528
2025-09-02 03:00:00,0.0,0.0,24.47,0.0,7.08,8.78,330.7,26.24,3,9,245,9.67472691739664
2025-09-02 04:00:00,0.0,0.0,23.82,0.0,7.05,8.77,329.3,26.07,4,9,245,9.663707866237875
2025-09-02 05:00:00,7.55,4.67,23.51,7.57,7.13,8.92,328.6,26.01,5,9,245,9.828993633619367
2025-09-02 06:00:00,154.43,367.17,25.93,154.82,8.08,9.41,330.7,26.9,6,9,245,10.368927140398906
2025-09-02 07:00:00,397.2,621.32,28.92,397.7,8.88,10.06,331.9,27.87,7,9,245,11.085165465718704
2025-09-02 08:00:00,631.3,762.01,33.05,631.58,9.62,10.85,333.3,28.88,8,9,245,11.955670507261225
2025-09-02 09:00:00,824.22,840.61,35.44,824.58,9.89,11.2,330.6,29.99,9,9,245,12.341337297818038
2025-09-02 10:00:00,956.78,888.05,37.18,957.22,9.64,11.22,328.1,31.0,10,9,245,12.363375400135572
2025-09-02 11:00:00,1013.0,903.52,38.59,1013.58,9.33,11.23,327.7,31.81,11,9,245,12.374394451294338
2025-09-02 12:00:00,999.53,863.27,39.6,999.83,9.13,11.32,329.1,32.35,12,9,245,12.473565911723233
2025-09-02 13:00:00,909.72,818.2,40.19,911.6,9.06,11.49,331.9,32.65,13,9,245,12.660889781422258
2025-09-02 14:00:00,751.55,754.52,40.24,754.9,8.94,11.57,335.0,32.74,14,9,245,12.749042190692386
2025-09-02 15:00:00,538.08,640.13,39.78,542.3,8.62,11.41,337.1,32.67,15,9,245,12.572737372152128
2025-09-02 16:00:00,295.12,463.07,38.78,298.73,8.07,10.97,338.1,32.5,16,9,245,12.08789912116642
2025-09-02 17:00:00,72.53,104.72,36.31,73.57,6.87,9.97,336.5,32.0,17,9,245,10.98599400528981
2025-09-02 18:00:00,0.0,0.0,33.2,0.0,5.75,9.55,334.3,31.04,18,9,245,10.523193856621633
2025-09-02 19:00:00,0.0,0.0,32.67,0.0,5.42,9.22,336.4,30.66,19,9,245,10.15956516838235
2025-09-02 20:00:00,0.0,0.0,31.98,0.0,5.2,8.89,341.2,30.29,20,9,245,9.79593648014307
2025-09-02 21:00:00,0.0,0.0,31.17,0.0,5.39,8.82,346.2,29.9,21,9,245,9.718803122031707
2025-09-02 22:00:00,0.0,0.0,30.33,0.0,6.08,9.02,345.2,29.51,22,9,245,9.939184145207028
2025-09-02 23:00:00,0.0,0.0,29.49,0.0,6.97,9.22,342.0,28.89,23,9,245,10.15956516838235
2025-09-03 00:00:00,0.0,0.0,28.72,0.0,7.45,9.29,340.4,28.09,0,9,246,10.236698526493711
2025-09-03 01:00:00,0.0,0.0,28.02,0.0,7.36,9.0,340.3,27.36,1,9,246,9.917146042889495
2025-09-03 02:00:00,0.0,0.0,27.35,0.0,7.27,8.86,339.7,26.82,2,9,246,9.76287932666677
2025-09-03 03:00:00,0.0,0.0,26.76,0.0,7.18,8.76,338.4,26.37,3,9,246,9.65268881507911
2025-09-03 04:00:00,0.0,0.0,26.19,0.0,7.13,8.77,336.6,25.97,4,9,246,9.663707866237875
2025-09-03 05:00:00,6.82,0.0,25.72,6.8,7.46,9.2,336.1,25.78,5,9,246,10.137527066064818
2025-09-03 06:00:00,136.02,184.56,26.82,136.68,8.11,9.29,335.9,26.36,6,9,246,10.236698526493711
2025-09-03 07:00:00,371.0,447.1,29.73,373.42,8.54,9.52,334.4,27.08,7,9,246,10.490136703145334
2025-09-03 08:00:00,605.0,609.47,33.56,607.83,8.73,9.59,331.6,27.96,8,9,246,10.567270061256696
2025-09-03 09:00:00,799.83,700.1,36.1,802.33,8.61,9.43,328.5,28.85,9,9,246,10.390965242716439
2025-09-03 10:00:00,935.97,754.71,37.8,937.15,8.36,9.22,325.5,29.87,10,9,246,10.15956516838235
2025-09-03 11:00:00,1000.88,789.28,39.02,1001.15,7.95,8.94,327.2,30.62,11,9,246,9.851031735936898
2025-09-03 12:00:00,991.38,787.69,39.83,991.72,7.26,8.55,332.6,31.25,12,9,246,9.421288740745021
2025-09-03 13:00:00,904.53,758.76,40.2,904.92,6.57,8.33,339.6,31.79,13,9,246,9.178869615252166
2025-09-03 14:00:00,746.15,690.5,40.06,747.08,6.18,8.27,346.1,32.2,14,9,246,9.112755308299569
2025-09-03 15:00:00,532.2,582.21,39.4,533.7,5.99,8.27,349.0,32.46,15,9,246,9.112755308299569
2025-09-03 16:00:00,288.55,386.51,38.16,290.02,5.8,8.19,349.0,32.48,16,9,246,9.024602899029441
2025-09-03 17:00:00,67.97,72.25,35.73,68.43,4.9,7.67,349.0,31.88,17,9,246,8.451612238773604
2025-09-03 18:00:00,0.0,0.0,32.37,0.0,4.14,7.35,346.8,30.51,18,9,246,8.099002601693089
2025-09-03 19:00:00,0.0,0.0,31.36,0.0,4.0,7.04,342.7,30.05,19,9,246,7.757412015771339
2025-09-03 20:00:00,0.0,0.0,30.44,0.0,3.77,6.55,338.2,29.61,20,9,246,7.2174785089918
2025-09-03 21:00:00,0.0,0.0,29.49,0.0,3.55,6.06,332.6,29.18,21,9,246,6.67754500221226
2025-09-03 22:00:00,0.0,0.0,28.54,0.0,3.53,5.76,327.9,28.79,22,9,246,6.346973467449277
2025-09-03 23:00:00,0.0,0.0,27.65,0.0,3.96,5.87,326.5,28.51,23,9,246,6.468183030195704
2025-09-04 00:00:00,0.0,0.0,26.83,0.0,4.52,6.17,326.9,28.19,0,9,247,6.798754564958688
2025-09-04 01:00:00,0.0,0.0,26.12,0.0,4.91,6.49,326.6,27.76,1,9,247,7.151364202039203
2025-09-04 02:00:00,0.0,0.0,25.51,0.0,5.18,6.77,325.7,27.26,2,9,247,7.459897634484654
2025-09-04 03:00:00,0.0,0.0,24.87,0.0,5.31,6.91,324.3,26.81,3,9,247,7.61416435070738
2025-09-04 04:00:00,0.0,0.0,24.24,0.0,5.2,6.72,321.9,26.46,4,9,247,7.404802378690824
2025-09-04 05:00:00,6.5,0.0,23.7,6.57,4.97,6.38,320.0,26.18,5,9,247,7.030154639292776
2025-09-04 06:00:00,133.23,160.36,25.6,135.1,5.22,5.91,318.8,27.02,6,9,247,6.512259234830769
2025-09-04 07:00:00,364.1,411.7,28.26,368.48,5.47,6.01,323.5,28.28,7,9,247,6.62244974641843
2025-09-04 08:00:00,598.8,566.11,32.59,604.17,5.36,5.92,326.2,29.7,8,9,247,6.523278285989535
2025-09-04 09:00:00,795.38,654.85,35.16,800.33,4.84,5.68,325.1,30.49,9,9,247,6.258821058179148
2025-09-04 10:00:00,931.65,702.79,36.77,935.33,4.33,5.49,325.1,30.94,10,9,247,6.049459086162593
2025-09-04 11:00:00,1009.85,809.2,38.07,1012.0,3.96,5.24,327.1,31.29,11,9,247,5.77398280719344
2025-09-04 12:00:00,995.92,818.3,39.04,996.9,3.78,5.11,335.2,31.59,12,9,247,5.630735142129481
2025-09-04 13:00:00,906.42,785.87,39.62,906.53,4.02,5.42,346.8,31.9,13,9,247,5.97232572805123
2025-09-04 14:00:00,747.38,720.16,39.74,747.53,4.45,6.0,355.6,32.04,14,9,247,6.6114306952596635
2025-09-04 15:00:00,533.72,611.88,39.36,533.9,4.78,6.49,359.0,31.99,15,9,247,7.151364202039203
2025-09-04 16:00:00,289.9,423.99,38.45,290.05,4.91,6.77,359.1,31.78,16,9,247,7.459897634484654
2025-09-04 17:00:00,67.03,78.29,35.6,67.05,4.45,6.62,358.7,31.32,17,9,247,7.294611867103162
2025-09-04 18:00:00,0.0,0.0,32.14,0.0,3.68,6.43,356.3,30.25,18,9,247,7.085249895086606
2025-09-04 19:00:00,0.0,0.0,31.11,0.0,3.65,6.35,350.6,29.89,19,9,247,6.997097485816477
2025-09-04 20:00:00,0.0,0.0,30.31,0.0,3.61,6.22,345.9,29.59,20,9,247,6.853849820752518
2025-09-04 21:00:00,0.0,0.0,29.57,0.0,3.47,5.92,343.4,29.24,21,9,247,6.523278285989535
2025-09-04 22:00:00,0.0,0.0,28.83,0.0,3.39,5.64,342.6,28.89,22,9,247,6.214744853544084
2025-09-04 23:00:00,0.0,0.0,28.07,0.0,3.65,5.68,341.0,28.62,23,9,247,6.258821058179148
2025-09-05 00:00:00,0.0,0.0,27.27,0.0,4.33,6.08,337.9,28.37,0,9,248,6.699583104529793
2025-09-05 01:00:00,0.0,0.0,26.5,0.0,5.1,6.79,334.6,27.97,1,9,248,7.481935736802186
2025-09-05 02:00:00,0.0,0.0,25.77,0.0,5.54,7.19,330.7,27.46,2,9,248,7.922697783152831
2025-09-05 03:00:00,0.0,0.0,25.09,0.0,5.68,7.2,324.9,26.98,3,9,248,7.933716834311597
2025-09-05 04:00:00,0.0,0.0,24.43,0.0,5.77,7.2,319.8,26.61,4,9,248,7.933716834311597
2025-09-05 05:00:00,6.4,0.51,23.91,6.45,5.81,7.24,319.2,26.44,5,9,248,7.977793038946661
2025-09-05 06:00:00,139.05,218.98,25.7,140.18,6.07,6.94,322.1,27.21,6,9,248,7.647221504183679
2025-09-05 07:00:00,375.52,486.18,28.48,377.98,6.45,7.2,327.3,28.28,7,9,248,7.933716834311597
2025-09-05 08:00:00,610.08,642.31,33.17,613.0,6.63,7.31,327.7,29.33,8,9,248,8.054926397058024
2025-09-05 09:00:00,805.0,729.77,35.79,807.78,6.05,6.86,323.0,30.26,9,9,248,7.55906909491355
2025-09-05 10:00:00,939.6,776.2,37.57,941.78,5.04,6.25,320.1,30.94,10,9,248,6.8869069742288165
2025-09-05 11:00:00,1001.08,794.92,38.92,1002.55,4.17,5.58,323.5,31.44,11,9,248,6.1486305465914874
2025-09-05 12:00:00,988.22,791.18,39.87,988.55,3.87,5.22,332.4,31.81,12,9,248,5.751944704875908
2025-09-05 13:00:00,897.88,757.33,40.43,898.53,3.93,5.27,340.0,31.99,13,9,248,5.807039960669738
2025-09-05 14:00:00,738.42,692.13,40.49,739.4,4.1,5.51,344.0,31.99,14,9,248,6.071497188480125
2025-09-05 15:00:00,523.33,573.58,40.1,524.53,4.25,5.79,343.0,31.85,15,9,248,6.3800306209255755
2025-09-05 16:00:00,279.92,386.45,39.13,280.9,4.38,6.08,337.0,31.61,16,9,248,6.699583104529793
2025-09-05 17:00:00,62.25,66.83,36.1,62.47,4.14,6.28,327.8,31.14,17,9,248,6.919964127705115
2025-09-05 18:00:00,0.0,0.0,32.72,0.0,3.8,6.72,320.2,30.05,18,9,248,7.404802378690824
2025-09-05 19:00:00,0.0,0.0,31.87,0.0,4.08,7.12,318.1,29.71,19,9,248,7.845564425041468
2025-09-05 20:00:00,0.0,0.0,31.03,0.0,4.23,7.17,320.3,29.42,20,9,248,7.9006596808352985
2025-09-05 21:00:00,0.0,0.0,30.14,0.0,4.32,7.06,325.3,29.14,21,9,248,7.779450118088871
2025-09-05 22:00:00,0.0,0.0,29.33,0.0,4.28,6.75,332.2,28.87,22,9,248,7.437859532167122
2025-09-05 23:00:00,0.0,0.0,28.58,0.0,4.27,6.37,336.7,28.56,23,9,248,7.01913558813401
2025-09-06 00:00:00,0.0,0.0,27.8,0.0,4.6,6.28,332.0,28.14,0,9,249,6.919964127705115
2025-09-06 01:00:00,0.0,0.0,27.06,0.0,5.31,6.81,323.3,27.49,1,9,249,7.503973839119718
2025-09-06 02:00:00,0.0,0.0,26.36,0.0,6.18,7.5,317.1,26.83,2,9,249,8.26428836907458
2025-09-06 03:00:00,0.0,0.0,25.66,0.0,6.75,8.02,314.9,26.37,3,9,249,8.837279029330418
2025-09-06 04:00:00,0.0,0.0,24.95,0.0,7.12,8.42,313.6,26.03,4,9,249,9.278041075681061
2025-09-06 05:00:00,6.07,0.54,24.32,6.12,7.46,8.78,310.7,25.81,5,9,249,9.67472691739664
2025-09-06 06:00:00,134.93,224.42,25.59,135.98,8.08,9.14,310.6,26.4,6,9,249,10.071412759112222
2025-09-06 07:00:00,369.3,490.83,28.23,371.58,8.35,9.28,315.6,27.64,7,9,249,10.225679475334946
2025-09-06 08:00:00,602.8,652.77,32.74,605.42,8.19,9.13,319.3,29.01,8,9,249,10.060393707953455
2025-09-06 09:00:00,795.72,738.57,35.75,797.97,7.9,8.98,318.4,30.17,9,9,249,9.895107940571965
2025-09-06 10:00:00,927.88,782.43,37.54,929.47,7.23,8.68,319.2,31.1,10,9,249,9.56453640580898
2025-09-06 11:00:00,991.97,826.32,38.83,992.78,6.46,8.28,322.7,31.75,11,9,249,9.123774359458336
2025-09-06 12:00:00,976.22,818.88,39.67,976.22,5.98,8.03,326.2,32.17,12,9,249,8.848298080489183
2025-09-06 13:00:00,883.95,776.76,40.12,884.1,5.85,8.05,329.1,32.53,13,9,249,8.870336182806717
2025-09-06 14:00:00,723.4,704.22,40.04,723.75,5.9,8.23,331.8,32.74,14,9,249,9.068679103664506
2025-09-06 15:00:00,508.85,578.69,39.42,509.42,6.05,8.52,333.9,32.8,15,9,249,9.388231587268722
2025-09-06 16:00:00,268.2,395.64,38.19,268.73,6.28,8.93,335.5,32.6,16,9,249,9.840012684778133
2025-09-06 17:00:00,56.67,65.0,35.88,56.8,6.19,9.22,335.0,31.96,17,9,249,10.15956516838235
2025-09-06 18:00:00,0.0,0.0,33.12,0.0,6.2,9.83,332.4,31.01,18,9,249,10.831727289067082
2025-09-06 19:00:00,0.0,0.0,32.36,0.0,6.85,10.14,331.5,30.61,19,9,249,11.173317874988832
2025-09-06 20:00:00,0.0,0.0,31.44,0.0,6.94,9.85,332.2,30.12,20,9,249,10.853765391384615
2025-09-06 21:00:00,0.0,0.0,30.53,0.0,6.73,9.29,335.6,29.64,21,9,249,10.236698526493711
2025-09-06 22:00:00,0.0,0.0,29.66,0.0,6.82,9.09,339.9,29.26,22,9,249,10.01631750331839
2025-09-06 23:00:00,0.0,0.0,28.79,0.0,7.1,8.96,341.0,28.71,23,9,249,9.873069838254432
2025-09-07 00:00:00,0.0,0.0,27.95,0.0,7.21,8.74,338.0,27.88,0,9,250,9.630650712761577
2025-09-07 01:00:00,0.0,0.0,27.17,0.0,7.3,8.69,332.6,27.15,1,9,250,9.575555456967747
2025-09-07 02:00:00,0.0,0.0,26.46,0.0,7.58,8.91,327.7,26.6,2,9,250,9.817974582460602
2025-09-07 03:00:00,0.0,0.0,25.7,0.0,7.89,9.24,326.3,26.25,3,9,250,10.181603270699883
2025-09-07 04:00:00,0.0,0.0,25.03,0.0,8.28,9.82,329.0,26.11,4,9,250,10.820708237908317
2025-09-07 05:00:00,5.62,0.0,24.42,5.65,8.66,10.27,330.0,25.94,5,9,250,11.31656554005279
2025-09-07 06:00:00,126.53,158.81,25.18,127.0,9.08,10.33,330.2,26.21,6,9,250,11.382679847005388
2025-09-07 07:00:00,354.3,406.26,28.01,355.3,9.25,10.4,330.0,27.1,7,9,250,11.45981320511675
2025-09-07 08:00:00,586.42,563.68,31.86,587.55,9.5,10.58,326.8,28.17,8,9,250,11.658156125974541
2025-09-07 09:00:00,780.42,657.21,34.49,781.33,9.7,10.78,321.6,29.19,9,9,250,11.878537149149862
2025-09-07 10:00:00,914.15,706.78,36.46,914.72,9.6,10.8,319.1,30.12,10,9,250,11.900575251467396
2025-09-07 11:00:00,982.95,776.78,38.03,983.25,9.13,10.51,321.8,30.78,11,9,250,11.581022767863178
2025-09-07 12:00:00,968.08,767.87,39.13,968.22,8.55,10.07,326.4,31.13,12,9,250,11.09618451687747
2025-09-07 13:00:00,877.45,741.77,39.73,878.28,8.16,9.83,329.6,31.34,13,9,250,10.831727289067082
2025-09-07 14:00:00,718.92,685.16,39.71,720.0,7.98,9.82,331.4,31.38,14,9,250,10.820708237908317
2025-09-07 15:00:00,507.05,565.65,39.1,508.2,7.85,9.91,333.0,31.43,15,9,250,10.919879698337212
2025-09-07 16:00:00,268.12,379.77,37.82,269.0,7.79,10.07,334.5,31.4,16,9,250,11.09618451687747
2025-09-07 17:00:00,55.7,57.78,35.38,55.88,7.03,9.53,334.9,30.94,17,9,250,10.501155754304099
2025-09-07 18:00:00,0.0,0.0,32.44,0.0,6.28,9.3,334.4,30.09,18,9,250,10.24771757765248
2025-09-07 19:00:00,0.0,0.0,31.45,0.0,6.29,9.3,336.6,29.7,19,9,250,10.24771757765248
2025-09-07 20:00:00,0.0,0.0,30.3,0.0,5.98,8.86,342.5,29.33,20,9,250,9.76287932666677
2025-09-07 21:00:00,0.0,0.0,29.23,0.0,5.56,8.14,348.8,28.87,21,9,250,8.96950764323561
2025-09-07 22:00:00,0.0,0.0,28.26,0.0,5.31,7.54,352.3,28.45,22,9,250,8.308364573709644
2025-09-07 23:00:00,0.0,0.0,27.35,0.0,5.29,7.21,352.5,28.0,23,9,250,7.9447358854703625
2025-09-08 00:00:00,0.0,0.0,26.51,0.0,5.29,7.02,349.3,27.51,0,9,251,7.735373913453806
2025-09-08 01:00:00,0.0,0.0,25.75,0.0,5.29,6.97,344.2,27.07,1,9,251,7.680278657659976
2025-09-08 02:00:00,0.0,0.0,25.03,0.0,5.59,7.31,342.7,26.81,2,9,251,8.054926397058024
2025-09-08 03:00:00,0.0,0.0,24.39,0.0,5.75,7.43,342.8,26.59,3,9,251,8.187155010963217
2025-09-08 04:00:00,0.0,0.0,23.81,0.0,5.54,7.12,342.1,26.37,4,9,251,7.845564425041468
2025-09-08 05:00:00,5.5,0.55,23.32,5.6,5.08,6.52,342.0,26.2,5,9,251,7.184421355515501
2025-09-08 06:00:00,127.95,183.01,24.26,130.9,5.09,5.8,342.2,26.98,6,9,251,6.391049672084342
2025-09-08 07:00:00,354.45,446.22,27.19,362.67,5.49,6.09,340.8,28.18,7,9,251,6.710602155688559
2025-09-08 08:00:00,580.12,574.19,31.44,592.8,5.51,6.08,335.2,29.05,8,9,251,6.699583104529793
2025-09-08 09:00:00,768.58,667.42,33.7,783.5,5.5,6.17,330.1,29.81,9,9,251,6.798754564958688
2025-09-08 10:00:00,898.15,688.49,35.26,913.78,5.29,6.33,330.4,30.44,10,9,251,6.975059383498945
2025-09-08 11:00:00,950.0,660.67,36.31,965.4,5.14,6.44,337.5,30.89,11,9,251,7.096268946245373
2025-09-08 12:00:00,936.1,670.14,37.35,950.2,5.28,6.7,345.2,31.15,12,9,251,7.382764276373291
2025-09-08 13:00:00,848.25,638.41,38.14,860.45,5.56,7.02,349.4,31.26,13,9,251,7.735373913453806
2025-09-08 14:00:00,693.45,602.84,38.37,703.25,5.76,7.28,351.4,31.25,14,9,251,8.021869243581726
2025-09-08 15:00:00,486.7,481.93,37.97,493.75,5.76,7.35,351.6,31.11,15,9,251,8.099002601693089
2025-09-08 16:00:00,253.68,291.41,36.92,257.27,5.54,7.3,349.4,30.95,16,9,251,8.043907345899258
2025-09-08 17:00:00,50.83,28.28,34.48,51.1,4.88,7.08,343.9,30.58,17,9,251,7.801488220406403
2025-09-08 18:00:00,0.0,0.0,31.64,0.0,4.22,7.19,336.6,29.71,18,9,251,7.922697783152831
2025-09-08 19:00:00,0.0,0.0,30.89,0.0,4.62,7.69,333.3,29.51,19,9,251,8.473650341091137
2025-09-08 20:00:00,0.0,0.0,29.93,0.0,5.02,7.95,332.8,29.29,20,9,251,8.760145671219055
2025-09-08 21:00:00,0.0,0.0,28.92,0.0,5.47,8.06,332.6,28.92,21,9,251,8.881355233965483
2025-09-08 22:00:00,0.0,0.0,28.03,0.0,6.34,8.54,332.6,28.48,22,9,251,9.410269689586254
2025-09-08 23:00:00,0.0,0.0,27.23,0.0,7.22,8.95,335.9,27.93,23,9,251,9.862050787095665
2025-09-09 00:00:00,0.0,0.0,26.49,0.0,7.56,9.08,336.3,27.29,0,9,252,10.005298452159625
2025-09-09 01:00:00,0.0,0.0,25.79,0.0,7.64,9.05,333.5,26.78,1,9,252,9.972241298683327
2025-09-09 02:00:00,0.0,0.0,25.11,0.0,7.84,9.4,333.6,26.42,2,9,252,10.35790808924014
2025-09-09 03:00:00,0.0,0.0,24.48,0.0,8.0,9.6,337.9,26.15,3,9,252,10.578289112415462
2025-09-09 04:00:00,0.0,0.0,23.91,0.0,7.85,9.44,341.1,25.91,4,9,252,10.401984293875204
2025-09-09 05:00:00,5.47,0.0,23.38,5.45,7.54,9.07,342.8,25.7,5,9,252,9.99427940100086
2025-09-09 06:00:00,127.7,144.4,24.2,129.25,7.71,8.73,343.5,26.06,6,9,252,9.619631661602812
2025-09-09 07:00:00,354.62,375.33,26.95,362.95,7.84,8.7,342.9,26.77,7,9,252,9.586574508126512
2025-09-09 08:00:00,588.1,528.12,30.56,596.97,7.86,8.6,338.8,27.71,8,9,252,9.476383996538852
2025-09-09 09:00:00,774.92,604.18,32.75,791.25,7.71,8.39,333.6,28.57,9,9,252,9.244983922204764
2025-09-09 10:00:00,921.62,718.49,34.39,922.38,7.61,8.32,329.7,29.25,10,9,252,9.167850564093401
2025-09-09 11:00:00,980.95,727.53,35.69,982.15,7.69,8.46,328.4,29.75,11,9,252,9.322117280316126
2025-09-09 12:00:00,963.62,727.87,36.58,965.47,7.92,8.84,329.2,30.09,12,9,252,9.740841224349237
2025-09-09 13:00:00,872.0,699.34,37.07,873.47,8.13,9.27,331.2,30.44,13,9,252,10.21466042417618
2025-09-09 14:00:00,708.9,645.79,37.05,712.62,8.24,9.69,333.6,30.77,14,9,252,10.677460572844357
2025-09-09 15:00:00,496.02,526.64,36.48,499.17,8.3,10.03,335.4,30.92,15,9,252,11.052108312242405
2025-09-09 16:00:00,257.92,343.83,35.33,259.8,8.19,10.15,336.2,30.85,16,9,252,11.184336926147598
2025-09-09 17:00:00,50.28,41.51,33.04,50.6,7.41,9.6,335.0,30.35,17,9,252,10.578289112415462
2025-09-09 18:00:00,0.0,0.0,29.97,0.0,6.64,9.37,333.8,29.4,18,9,252,10.324850935763841
2025-09-09 19:00:00,0.0,0.0,29.11,0.0,6.42,9.11,336.9,28.97,19,9,252,10.038355605635923
2025-09-09 20:00:00,0.0,0.0,28.3,0.0,5.99,8.57,343.0,28.59,20,9,252,9.443326843062554
2025-09-09 21:00:00,0.0,0.0,27.45,0.0,5.64,7.89,350.4,28.2,21,9,252,8.694031364266458
2025-09-09 22:00:00,0.0,0.0,26.66,0.0,5.59,7.52,356.0,27.73,22,9,252,8.286326471392112
2025-09-09 23:00:00,0.0,0.0,25.91,0.0,5.51,7.24,354.4,27.1,23,9,252,7.977793038946661
2025-09-10 00:00:00,0.0,0.0,25.13,0.0,5.69,7.34,348.3,26.48,0,9,253,8.087983550534322
2025-09-10 01:00:00,0.0,0.0,24.36,0.0,5.95,7.54,343.6,26.03,1,9,253,8.308364573709644
2025-09-10 02:00:00,0.0,0.0,23.6,0.0,6.06,7.6,340.5,25.74,2,9,253,8.37447888066224
2025-09-10 03:00:00,0.0,0.0,22.87,0.0,6.14,7.74,341.2,25.58,3,9,253,8.528745596884967
2025-09-10 04:00:00,0.0,0.0,22.25,0.0,6.07,7.7,343.5,25.4,4,9,253,8.484669392249902
2025-09-10 05:00:00,5.5,0.59,21.76,5.55,5.91,7.52,345.7,25.25,5,9,253,8.286326471392112
2025-09-10 06:00:00,133.68,221.29,23.13,134.8,6.35,7.27,347.0,25.91,6,9,253,8.010850192422959
2025-09-10 07:00:00,369.05,501.92,25.98,371.62,7.08,7.93,345.1,26.9,7,9,253,8.738107568901523
2025-09-10 08:00:00,602.95,654.45,30.28,606.35,7.61,8.4,341.1,27.85,8,9,253,9.25600297336353
2025-09-10 09:00:00,796.53,742.56,32.75,799.88,7.83,8.58,336.5,28.62,9,9,253,9.45434589422132
2025-09-10 10:00:00,929.42,783.03,34.46,932.22,7.87,8.63,333.4,29.26,10,9,253,9.509441150015151
2025-09-10 11:00:00,981.92,765.54,35.85,983.92,7.88,8.68,331.1,29.74,11,9,253,9.56453640580898
2025-09-10 12:00:00,965.4,751.74,36.83,966.65,8.06,8.94,330.5,30.0,12,9,253,9.851031735936898
2025-09-10 13:00:00,871.92,712.26,37.36,872.2,8.21,9.22,331.8,30.19,13,9,253,10.15956516838235
2025-09-10 14:00:00,708.05,640.84,37.37,708.85,8.2,9.4,333.5,30.31,14,9,253,10.35790808924014
2025-09-10 15:00:00,491.12,514.86,36.8,491.83,8.02,9.44,334.5,30.31,15,9,253,10.401984293875204
2025-09-10 16:00:00,250.32,317.35,35.6,250.77,7.72,9.37,333.9,30.32,16,9,253,10.324850935763841
2025-09-10 17:00:00,46.88,27.24,33.27,46.92,6.96,8.94,330.5,29.93,17,9,253,9.851031735936898
2025-09-10 18:00:00,0.0,0.0,30.47,0.0,6.3,8.94,327.1,29.03,18,9,253,9.851031735936898
2025-09-10 19:00:00,0.0,0.0,29.48,0.0,6.4,8.95,326.9,28.61,19,9,253,9.862050787095665
2025-09-10 20:00:00,0.0,0.0,28.44,0.0,6.14,8.5,329.0,28.19,20,9,253,9.366193484951191
2025-09-10 21:00:00,0.0,0.0,27.47,0.0,5.8,7.88,332.8,27.77,21,9,253,8.683012313107692
2025-09-10 22:00:00,0.0,0.0,26.61,0.0,5.62,7.51,337.9,27.36,22,9,253,8.275307420233347
2025-09-10 23:00:00,0.0,0.0,25.79,0.0,5.85,7.68,341.9,26.94,23,9,253,8.46263128993237
2025-09-11 00:00:00,0.0,0.0,25.04,0.0,6.28,8.02,342.7,26.42,0,9,254,8.837279029330418
2025-09-11 01:00:00,0.0,0.0,24.32,0.0,6.57,8.18,340.2,25.92,1,9,254,9.013583847870676
2025-09-11 02:00:00,0.0,0.0,23.67,0.0,6.71,8.23,336.3,25.51,2,9,254,9.068679103664506
2025-09-11 03:00:00,0.0,0.0,23.03,0.0,6.75,8.2,331.9,25.16,3,9,254,9.035621950188206
2025-09-11 04:00:00,0.0,0.0,22.42,0.0,6.76,8.17,327.8,24.9,4,9,254,9.002564796711908
2025-09-11 05:00:00,5.12,0.0,21.88,5.15,6.92,8.36,326.9,24.74,5,9,254,9.211926768728464
2025-09-11 06:00:00,126.12,149.77,22.88,126.35,7.4,8.36,325.3,25.29,6,9,254,9.211926768728464
2025-09-11 07:00:00,357.27,409.1,25.58,357.62,7.83,8.66,322.7,26.57,7,9,254,9.542498303491449
2025-09-11 08:00:00,592.4,568.15,30.11,592.67,8.0,8.76,318.7,28.04,8,9,254,9.65268881507911
2025-09-11 09:00:00,787.7,662.57,32.72,787.88,7.95,8.76,312.6,29.16,9,9,254,9.65268881507911
2025-09-11 10:00:00,921.08,711.1,34.54,921.17,7.49,8.38,307.5,29.96,10,9,254,9.233964871045998
2025-09-11 11:00:00,987.15,777.17,35.95,987.2,6.44,7.56,305.8,30.56,11,9,254,8.330402676027177
2025-09-11 12:00:00,969.2,761.68,37.0,969.2,5.22,6.57,308.8,30.88,12,9,254,7.239516611309332
2025-09-11 13:00:00,874.47,720.94,37.58,874.65,4.45,5.81,317.3,31.05,13,9,254,6.402068723243108
2025-09-11 14:00:00,710.62,652.75,37.59,710.9,4.01,5.41,329.3,30.99,14,9,254,5.961306676892463
2025-09-11 15:00:00,494.27,539.85,37.0,494.65,3.96,5.33,340.7,30.78,15,9,254,5.8731542676223345
2025-09-11 16:00:00,252.68,347.88,35.8,252.98,4.14,5.4,349.5,30.35,16,9,254,5.950287625733698
2025-09-11 17:00:00,45.83,33.91,33.18,45.85,4.13,5.3,353.4,29.59,17,9,254,5.840097114146037
2025-09-11 18:00:00,0.0,0.0,30.13,0.0,3.59,5.18,343.6,28.66,18,9,254,5.707868500240843
2025-09-11 19:00:00,0.0,0.0,29.23,0.0,3.87,5.83,329.3,28.48,19,9,254,6.42410682556064
2025-09-11 20:00:00,0.0,0.0,28.36,0.0,4.68,7.02,324.3,28.39,20,9,254,7.735373913453806
2025-09-11 21:00:00,0.0,0.0,27.47,0.0,5.85,8.06,325.3,28.13,21,9,254,8.881355233965483
2025-09-11 22:00:00,0.0,0.0,26.57,0.0,6.72,8.51,327.5,27.67,22,9,254,9.377212536109957
2025-09-11 23:00:00,0.0,0.0,25.73,0.0,6.7,8.22,328.0,27.17,23,9,254,9.05766005250574
2025-09-12 00:00:00,0.0,0.0,24.94,0.0,6.5,7.92,327.5,26.76,0,9,255,8.727088517742756
2025-09-12 01:00:00,0.0,0.0,24.23,0.0,6.17,7.53,329.4,26.29,1,9,255,8.297345522550879
2025-09-12 02:00:00,0.0,0.0,23.58,0.0,5.69,6.98,329.6,25.86,2,9,255,7.691297708818743
2025-09-12 03:00:00,0.0,0.0,23.01,0.0,5.35,6.63,323.8,25.64,3,9,255,7.305630918261929
2025-09-12 04:00:00,0.0,0.0,22.52,0.0,5.47,6.84,318.2,25.46,4,9,255,7.537030992596017
2025-09-12 05:00:00,5.0,0.0,22.16,5.07,5.52,6.91,314.8,25.19,5,9,255,7.61416435070738
2025-09-12 06:00:00,124.6,171.91,24.11,126.5,6.08,6.87,311.4,25.77,6,9,255,7.570088146072315
2025-09-12 07:00:00,350.6,428.58,26.98,354.85,6.26,6.8,310.1,26.82,7,9,255,7.492954787960953
2025-09-12 08:00:00,581.0,578.08,31.15,586.05,6.09,6.56,311.2,27.91,8,9,255,7.228497560150566
2025-09-12 09:00:00,773.8,668.0,33.47,777.97,5.75,6.21,309.4,29.13,9,9,255,6.8428307695937525
2025-09-12 10:00:00,906.42,709.16,35.21,909.03,4.97,5.74,312.1,30.23,10,9,255,6.324935365131745
2025-09-12 11:00:00,971.25,765.42,36.62,972.25,3.88,4.98,320.5,31.02,11,9,255,5.487487477065522
2025-09-12 12:00:00,954.65,757.44,37.58,954.65,3.22,4.27,333.7,31.56,12,9,255,4.705134844793127
2025-09-12 13:00:00,861.17,720.49,38.13,861.25,3.21,4.19,349.3,31.97,13,9,255,4.616982435522999
2025-09-12 14:00:00,699.1,657.22,38.11,699.33,3.45,4.55,359.4,32.2,14,9,255,5.013668277238578
2025-09-12 15:00:00,483.98,540.71,37.54,484.35,3.72,4.99,3.1,32.21,15,9,255,5.498506528224287
2025-09-12 16:00:00,244.75,347.07,36.43,245.12,3.85,5.27,4.0,32.02,16,9,255,5.807039960669738
2025-09-12 17:00:00,43.08,34.27,33.3,43.15,3.24,5.06,1.5,31.19,17,9,255,5.575639886335649
2025-09-12 18:00:00,0.0,0.0,30.17,0.0,2.96,4.84,350.8,30.03,18,9,255,5.333220760842796
2025-09-12 19:00:00,0.0,0.0,29.19,0.0,3.11,5.12,338.0,29.74,19,9,255,5.6417541932882465
2025-09-12 20:00:00,0.0,0.0,28.33,0.0,3.33,5.69,331.0,29.39,20,9,255,6.269840109337915
2025-09-12 21:00:00,0.0,0.0,27.57,0.0,3.58,6.11,330.0,28.99,21,9,255,6.732640258006091
2025-09-12 22:00:00,0.0,0.0,26.88,0.0,3.99,6.2,331.6,28.6,22,9,255,6.831811718434986
2025-09-12 23:00:00,0.0,0.0,26.3,0.0,4.43,6.19,328.4,28.11,23,9,255,6.82079266727622
2025-09-13 00:00:00,0.0,0.0,25.8,0.0,5.22,6.75,320.0,27.61,0,9,256,7.437859532167122
2025-09-13 01:00:00,0.0,0.0,25.36,0.0,6.21,7.56,312.2,27.06,1,9,256,8.330402676027177
2025-09-13 02:00:00,0.0,0.0,24.92,0.0,6.9,8.25,308.6,26.57,2,9,256,9.090717205982038
2025-09-13 03:00:00,0.0,0.0,24.43,0.0,7.27,8.67,307.3,26.15,3,9,256,9.553517354650214
2025-09-13 04:00:00,0.0,0.0,23.94,0.0,7.43,8.91,306.4,25.79,4,9,256,9.817974582460602
2025-09-13 05:00:00,4.85,0.0,23.49,4.8,7.53,9.06,306.6,25.49,5,9,256,9.983260349842093
2025-09-13 06:00:00,118.55,125.36,24.87,120.5,7.98,9.03,308.8,26.01,6,9,256,9.950203196365793
2025-09-13 07:00:00,338.52,355.66,27.37,345.15,7.91,8.74,314.9,27.24,7,9,256,9.630650712761577
2025-09-13 08:00:00,568.78,526.28,31.81,576.17,7.69,8.59,319.3,28.81,8,9,256,9.465364945380086
2025-09-13 09:00:00,762.4,628.18,35.24,768.42,7.29,8.53,318.9,30.18,9,9,256,9.399250638427489
2025-09-13 10:00:00,896.0,669.54,37.28,900.05,6.77,8.47,316.6,31.26,10,9,256,9.333136331474893
2025-09-13 11:00:00,955.7,696.55,38.86,957.7,6.2,8.31,317.4,31.99,11,9,256,9.156831512934636
2025-09-13 12:00:00,940.22,713.27,40.05,940.25,5.77,7.96,321.6,32.5,12,9,256,8.77116472237782
2025-09-13 13:00:00,853.49,719.07,40.73,856.29,5.53,7.69,330.2,32.79,13,9,256,8.473650341091137
2025-09-13 14:00:00,683.53,614.01,40.86,683.85,5.52,7.65,339.6,32.86,14,9,256,8.429574136456072
2025-09-13 15:00:00,469.25,497.1,40.44,469.8,5.62,7.81,346.3,32.67,15,9,256,8.60587895499633
2025-09-13 16:00:00,233.18,299.07,39.39,233.68,5.56,7.85,347.8,32.31,16,9,256,8.649955159631393
2025-09-13 17:00:00,39.88,23.53,35.62,39.88,4.74,7.57,343.1,31.48,17,9,256,8.341421727185944
2025-09-13 18:00:00,0.0,0.0,32.69,0.0,4.48,7.96,335.8,30.4,18,9,256,8.77116472237782
2025-09-13 19:00:00,0.0,0.0,31.77,0.0,4.91,8.52,330.2,30.1,19,9,256,9.388231587268722
2025-09-13 20:00:00,0.0,0.0,30.93,0.0,5.4,8.75,329.0,29.75,20,9,256,9.641669763920344
2025-09-13 21:00:00,0.0,0.0,30.16,0.0,5.39,8.27,334.1,29.31,21,9,256,9.112755308299569
2025-09-13 22:00:00,0.0,0.0,29.48,0.0,5.14,7.6,335.8,28.86,22,9,256,8.37447888066224
2025-09-13 23:00:00,0.0,0.0,28.82,0.0,5.09,7.23,332.2,28.43,23,9,256,7.966773987787896
2025-09-14 00:00:00,0.0,0.0,28.22,0.0,5.23,7.05,325.0,27.98,0,9,257,7.768431066930105
2025-09-14 01:00:00,0.0,0.0,27.67,0.0,5.77,7.28,317.7,27.51,1,9,257,8.021869243581726
2025-09-14 02:00:00,0.0,0.0,27.14,0.0,6.32,7.71,313.5,27.02,2,9,257,8.495688443408667
2025-09-14 03:00:00,0.0,0.0,26.62,0.0,6.71,8.11,311.3,26.74,3,9,257,8.936450489759311
2025-09-14 04:00:00,0.0,0.0,26.1,0.0,7.02,8.47,310.1,26.5,4,9,257,9.333136331474893
2025-09-14 05:00:00,4.53,0.0,25.72,4.53,7.27,8.76,311.2,26.25,5,9,257,9.65268881507911
2025-09-14 06:00:00,117.4,153.53,26.85,118.1,7.59,8.59,312.4,26.67,6,9,257,9.465364945380086
2025-09-14 07:00:00,333.8,379.78,29.29,335.67,7.91,8.75,316.4,27.8,7,9,257,9.641669763920344
2025-09-14 08:00:00,563.65,539.68,33.32,566.1,7.93,9.05,321.3,29.45,8,9,257,9.972241298683327
2025-09-14 09:00:00,751.78,631.62,36.62,755.53,7.81,9.47,320.8,30.82,9,9,257,10.435041447351503
2025-09-14 10:00:00,881.08,667.15,38.81,885.85,7.74,9.83,318.6,31.85,10,9,257,10.831727289067082
2025-09-14 11:00:00,924.62,622.87,40.44,930.4,7.58,10.02,316.9,32.6,11,9,257,11.041089261083638
2025-09-14 12:00:00,905.92,636.27,41.52,912.72,7.43,10.12,316.7,33.13,12,9,257,11.151279772671298
2025-09-14 13:00:00,812.15,604.57,42.02,820.05,7.37,10.23,318.3,33.52,13,9,257,11.272489335417728
2025-09-14 14:00:00,658.33,552.07,41.99,661.28,7.4,10.41,320.9,33.75,14,9,257,11.470832256275518
2025-09-14 15:00:00,444.25,419.04,41.36,447.02,7.46,10.61,323.2,33.73,15,9,257,11.691213279450839
2025-09-14 16:00:00,215.18,239.56,40.08,216.27,7.36,10.56,324.1,33.36,16,9,257,11.636118023657009
2025-09-14 17:00:00,35.95,16.28,36.86,36.03,6.64,10.27,324.3,32.39,17,9,257,11.31656554005279
2025-09-14 18:00:00,0.0,0.0,33.92,0.0,6.54,10.53,329.1,31.35,18,9,257,11.603060870180709
2025-09-14 19:00:00,0.0,0.0,33.05,0.0,6.61,10.23,339.0,30.8,19,9,257,11.272489335417728
2025-09-14 20:00:00,0.0,0.0,32.09,0.0,6.59,9.83,346.8,30.2,20,9,257,10.831727289067082
2025-09-14 21:00:00,0.0,0.0,31.17,0.0,6.77,9.53,346.2,29.59,21,9,257,10.501155754304099
2025-09-14 22:00:00,0.0,0.0,30.21,0.0,7.4,9.61,341.8,28.88,22,9,257,10.589308163574227
2025-09-14 23:00:00,0.0,0.0,29.22,0.0,8.11,9.98,338.2,28.11,23,9,257,10.997013056448575
2025-09-15 00:00:00,0.0,0.0,28.37,0.0,8.51,10.28,336.0,27.48,0,9,258,11.327584591211556
2025-09-15 01:00:00,0.0,0.0,27.64,0.0,8.69,10.4,335.5,27.06,1,9,258,11.45981320511675
2025-09-15 02:00:00,0.0,0.0,26.97,0.0,8.6,10.23,336.6,26.65,2,9,258,11.272489335417728
2025-09-15 03:00:00,0.0,0.0,26.42,0.0,8.11,9.61,337.9,26.32,3,9,258,10.589308163574227
2025-09-15 04:00:00,0.0,0.0,25.96,0.0,7.61,9.12,337.4,25.99,4,9,258,10.049374656794688
2025-09-15 05:00:00,4.35,0.0,25.5,4.35,7.48,8.96,336.3,25.72,5,9,258,9.873069838254432
2025-09-15 06:00:00,118.1,171.51,26.13,118.45,7.91,8.99,334.7,26.14,6,9,258,9.90612699173073
2025-09-15 07:00:00,342.02,422.97,28.41,343.0,8.67,9.67,333.1,27.3,7,9,258,10.655422470526824
2025-09-15 08:00:00,569.1,569.63,31.66,570.3,9.45,10.65,332.2,28.86,8,9,258,11.735289484085904
2025-09-15 09:00:00,757.58,651.27,34.91,758.6,9.95,11.54,330.1,30.23,9,9,258,12.715985037216086
2025-09-15 10:00:00,884.85,681.01,37.71,885.53,10.2,12.17,327.4,31.34,10,9,258,13.410185260218352
2025-09-15 11:00:00,919.42,584.64,39.68,927.22,10.01,12.24,325.4,32.05,11,9,258,13.487318618329715
2025-09-15 12:00:00,891.47,554.75,40.98,905.83,9.62,12.06,323.9,32.51,12,9,258,13.288975697471924
2025-09-15 13:00:00,772.3,508.02,41.72,807.22,9.13,11.76,323.3,32.69,13,9,258,12.958404162708941
2025-09-15 14:00:00,641.97,469.8,41.82,643.45,8.58,11.39,324.5,32.76,14,9,258,12.550699269834595
2025-09-15 15:00:00,427.05,337.85,41.24,429.17,8.08,11.01,327.3,32.67,15,9,258,12.131975325801482
2025-09-15 16:00:00,203.35,174.09,39.88,204.8,7.59,10.55,330.3,32.33,16,9,258,11.625098972498243
2025-09-15 17:00:00,32.28,4.95,37.03,32.28,6.54,9.81,332.2,31.54,17,9,258,10.809689186749551
2025-09-15 18:00:00,0.0,0.0,34.45,0.0,6.06,9.83,334.3,30.65,18,9,258,10.831727289067082
2025-09-15 19:00:00,0.0,0.0,33.22,0.0,6.12,9.74,338.0,30.25,19,9,258,10.732555828638189
2025-09-15 20:00:00,0.0,0.0,32.04,0.0,6.0,9.43,339.9,29.82,20,9,258,10.390965242716439
2025-09-15 21:00:00,0.0,0.0,31.04,0.0,6.19,9.35,341.7,29.4,21,9,258,10.302812833446309
2025-09-15 22:00:00,0.0,0.0,30.17,0.0,7.01,9.71,341.7,28.99,22,9,258,10.699498675161891
2025-09-15 23:00:00,0.0,0.0,29.44,0.0,7.92,10.05,340.1,28.4,23,9,258,11.074146414559937
2025-09-16 00:00:00,0.0,0.0,28.68,0.0,8.28,10.01,337.8,27.56,0,9,259,11.030070209924872
2025-09-16 01:00:00,0.0,0.0,27.95,0.0,8.23,9.74,337.6,26.86,1,9,259,10.732555828638189
2025-09-16 02:00:00,0.0,0.0,27.3,0.0,7.94,9.36,337.2,26.4,2,9,259,10.313831884605076
2025-09-16 03:00:00,0.0,0.0,26.7,0.0,7.73,9.15,336.7,26.04,3,9,259,10.082431810270988
2025-09-16 04:00:00,0.0,0.0,26.11,0.0,7.64,9.06,336.5,25.73,4,9,259,9.983260349842093
2025-09-16 05:00:00,4.18,0.0,25.54,4.18,7.67,9.13,337.7,25.46,5,9,259,10.060393707953455
2025-09-16 06:00:00,117.0,151.53,25.98,117.07,8.05,9.12,338.2,25.72,6,9,259,10.049374656794688
2025-09-16 07:00:00,339.75,398.27,28.27,340.0,8.69,9.72,337.9,26.54,7,9,259,10.710517726320656
2025-09-16 08:00:00,566.65,543.96,31.26,566.97,9.17,10.18,334.7,27.43,8,9,259,11.217394079623896
2025-09-16 09:00:00,754.45,614.87,33.66,754.75,9.38,10.34,331.3,28.14,9,9,259,11.393698898164153
2025-09-16 10:00:00,881.25,646.13,35.72,881.5,9.34,10.31,329.2,28.81,10,9,259,11.360641744687857
2025-09-16 11:00:00,926.2,604.05,37.35,926.4,9.18,10.19,328.9,29.42,11,9,259,11.228413130782663
2025-09-16 12:00:00,902.2,579.47,38.51,902.35,8.95,10.05,330.0,29.9,12,9,259,11.074146414559937
2025-09-16 13:00:00,799.3,511.76,39.12,799.53,8.6,9.88,332.5,30.26,13,9,259,10.886822544860914
2025-09-16 14:00:00,629.03,420.58,39.12,629.22,8.27,9.81,335.4,30.57,14,9,259,10.809689186749551
2025-09-16 15:00:00,415.17,294.45,38.47,415.3,8.1,9.83,337.0,30.64,15,9,259,10.831727289067082
2025-09-16 16:00:00,193.82,134.53,37.1,193.9,7.95,9.78,337.8,30.38,16,9,259,10.776632033273252
2025-09-16 17:00:00,30.12,2.05,34.77,30.12,7.2,9.18,339.9,29.76,17,9,259,10.115488963747286
2025-09-16 18:00:00,0.0,0.0,32.41,0.0,6.21,8.52,341.7,28.88,18,9,259,9.388231587268722
2025-09-16 19:00:00,0.0,0.0,31.23,0.0,5.76,7.96,341.8,28.38,19,9,259,8.77116472237782
2025-09-16 20:00:00,0.0,0.0,30.1,0.0,5.38,7.32,343.2,27.92,20,9,259,8.065945448216791
2025-09-16 21:00:00,0.0,0.0,29.1,0.0,4.9,6.51,347.1,27.45,21,9,259,7.173402304356735
2025-09-16 22:00:00,0.0,0.0,28.19,0.0,4.52,5.92,350.9,26.95,22,9,259,6.523278285989535
2025-09-16 23:00:00,0.0,0.0,27.27,0.0,4.42,5.74,348.4,26.54,23,9,259,6.324935365131745
2025-09-17 00:00:00,0.0,0.0,26.44,0.0,4.71,6.11,343.3,26.15,0,9,260,6.732640258006091
2025-09-17 01:00:00,0.0,0.0,25.66,0.0,5.38,6.92,341.4,25.8,1,9,260,7.6251834018661455
2025-09-17 02:00:00,0.0,0.0,24.89,0.0,6.17,7.78,341.3,25.58,2,9,260,8.572821801520032
2025-09-17 03:00:00,0.0,0.0,24.23,0.0,6.58,8.14,341.7,25.35,3,9,260,8.96950764323561
2025-09-17 04:00:00,0.0,0.0,23.63,0.0,6.57,8.13,342.1,25.2,4,9,260,8.958488592076845
2025-09-17 05:00:00,3.95,0.0,23.11,3.9,6.46,8.05,342.2,25.11,5,9,260,8.870336182806717
2025-09-17 06:00:00,106.62,76.42,23.82,107.57,6.8,7.84,341.9,25.63,6,9,260,8.638936108472627
2025-09-17 07:00:00,312.2,271.58,26.31,322.85,7.29,8.1,339.5,26.56,7,9,260,8.925431438600546
2025-09-17 08:00:00,527.4,388.36,30.07,550.58,7.69,8.5,334.9,27.67,8,9,260,9.366193484951191
2025-09-17 09:00:00,710.92,413.96,32.55,742.05,7.85,8.66,330.8,28.74,9,9,260,9.542498303491449
2025-09-17 10:00:00,855.33,552.45,34.68,872.22,7.82,8.71,326.9,29.54,10,9,260,9.59759355928528
2025-09-17 11:00:00,900.6,538.57,36.48,918.83,7.66,8.64,324.6,30.01,11,9,260,9.520460201173917
2025-09-17 12:00:00,861.7,542.33,37.82,898.35,7.35,8.45,325.7,30.27,12,9,260,9.31109822915736
2025-09-17 13:00:00,755.33,465.42,38.58,799.5,6.93,8.22,330.4,30.5,13,9,260,9.05766005250574
2025-09-17 14:00:00,616.5,410.8,38.68,633.0,6.67,8.14,337.3,30.61,14,9,260,8.96950764323561
2025-09-17 15:00:00,413.1,310.08,38.1,421.05,6.66,8.19,344.2,30.44,15,9,260,9.024602899029441
2025-09-17 16:00:00,190.73,141.97,36.78,196.82,6.62,8.13,347.4,30.02,16,9,260,8.958488592076845
2025-09-17 17:00:00,29.23,1.71,34.3,29.3,5.68,7.6,348.2,29.53,17,9,260,8.37447888066224
2025-09-17 18:00:00,0.0,0.0,31.73,0.0,4.7,7.25,344.7,28.79,18,9,260,7.988812090105427
2025-09-17 19:00:00,0.0,0.0,30.64,0.0,4.64,7.16,338.8,28.5,19,9,260,7.889640629676532
2025-09-17 20:00:00,0.0,0.0,29.47,0.0,4.78,7.12,334.3,28.21,20,9,260,7.845564425041468
2025-09-17 21:00:00,0.0,0.0,28.39,0.0,4.94,7.01,331.6,27.84,21,9,260,7.724354862295041
2025-09-17 22:00:00,0.0,0.0,27.41,0.0,4.96,6.73,330.7,27.47,22,9,260,7.41582142984959
2025-09-17 23:00:00,0.0,0.0,26.57,0.0,5.0,6.61,330.6,27.08,23,9,260,7.283592815944397
2025-09-18 00:00:00,0.0,0.0,25.79,0.0,5.19,6.79,331.1,26.67,0,9,261,7.481935736802186
2025-09-18 01:00:00,0.0,0.0,25.09,0.0,5.54,7.2,330.8,26.29,1,9,261,7.933716834311597
2025-09-18 02:00:00,0.0,0.0,24.44,0.0,5.94,7.65,330.3,25.94,2,9,261,8.429574136456072
2025-09-18 03:00:00,0.0,0.0,23.81,0.0,6.46,8.23,328.3,25.65,3,9,261,9.068679103664506
2025-09-18 04:00:00,0.0,0.0,23.17,0.0,6.69,8.39,327.2,25.37,4,9,261,9.244983922204764
2025-09-18 05:00:00,3.9,0.0,22.61,3.9,6.71,8.33,326.2,25.08,5,9,261,9.178869615252166
2025-09-18 06:00:00,116.0,155.68,23.12,116.5,7.06,8.17,326.4,25.54,6,9,261,9.002564796711908
2025-09-18 07:00:00,339.8,415.74,25.44,341.42,7.68,8.55,331.1,26.79,7,9,261,9.421288740745021
2025-09-18 08:00:00,568.53,573.46,29.36,569.62,8.07,8.99,331.9,28.22,8,9,261,9.90612699173073
2025-09-18 09:00:00,757.62,667.1,32.24,758.45,8.3,9.33,329.3,29.38,9,9,261,10.280774731128778
2025-09-18 10:00:00,885.03,711.19,34.39,885.5,8.12,9.41,326.7,30.25,10,9,261,10.368927140398906
2025-09-18 11:00:00,913.35,591.55,36.24,926.5,7.52,9.1,324.1,30.87,11,9,261,10.027336554477156
2025-09-18 12:00:00,880.5,533.35,37.67,905.2,6.94,8.75,323.5,31.19,12,9,261,9.641669763920344
2025-09-18 13:00:00,801.05,617.9,38.55,808.3,6.56,8.56,325.2,31.41,13,9,261,9.432307791903789
2025-09-18 14:00:00,626.88,510.35,38.76,644.25,6.53,8.66,328.4,31.48,14,9,261,9.542498303491449
2025-09-18 15:00:00,421.23,397.91,38.35,431.85,6.69,8.8,332.3,31.31,15,9,261,9.696765019714174
2025-09-18 16:00:00,200.55,217.65,37.27,203.93,6.65,8.74,334.8,30.87,16,9,261,9.630650712761577
2025-09-18 17:00:00,28.1,7.5,34.42,28.23,5.77,8.17,333.9,30.06,17,9,261,9.002564796711908
2025-09-18 18:00:00,0.0,0.0,32.08,0.0,5.02,7.89,330.3,29.08,18,9,261,8.694031364266458
2025-09-18 19:00:00,0.0,0.0,31.35,0.0,4.91,7.65,328.2,28.64,19,9,261,8.429574136456072
2025-09-18 20:00:00,0.0,0.0,30.35,0.0,4.87,7.33,330.6,28.26,20,9,261,8.076964499375556
2025-09-18 21:00:00,0.0,0.0,29.39,0.0,4.92,6.98,336.7,27.86,21,9,261,7.691297708818743
2025-09-18 22:00:00,0.0,0.0,28.47,0.0,5.24,7.06,341.9,27.44,22,9,261,7.779450118088871
2025-09-18 23:00:00,0.0,0.0,27.6,0.0,5.87,7.62,340.8,27.04,23,9,261,8.396516982979774
2025-09-19 00:00:00,0.0,0.0,26.88,0.0,6.61,8.26,336.4,26.6,0,9,262,9.101736257140804
2025-09-19 01:00:00,0.0,0.0,26.32,0.0,7.13,8.7,334.7,26.16,1,9,262,9.586574508126512
2025-09-19 02:00:00,0.0,0.0,25.84,0.0,7.28,8.81,335.4,25.74,2,9,262,9.70778407087294
2025-09-19 03:00:00,0.0,0.0,25.18,0.0,7.19,8.78,337.0,25.47,3,9,262,9.67472691739664
2025-09-19 04:00:00,0.0,0.0,24.54,0.0,7.16,8.84,339.7,25.34,4,9,262,9.740841224349237
2025-09-19 05:00:00,3.72,0.0,23.92,3.72,7.01,8.65,340.1,25.09,5,9,262,9.531479252332682
2025-09-19 06:00:00,114.0,160.78,24.54,114.03,7.49,8.63,338.9,25.43,6,9,262,9.509441150015151
2025-09-19 07:00:00,337.45,421.16,26.81,337.55,8.38,9.45,339.0,26.25,7,9,262,10.41300334503397
2025-09-19 08:00:00,566.03,582.17,30.07,566.15,9.17,10.22,339.0,27.36,8,9,262,11.261470284258962
2025-09-19 09:00:00,755.62,669.38,33.17,755.75,9.4,10.51,336.3,28.55,9,9,262,11.581022767863178
2025-09-19 10:00:00,884.3,725.88,35.25,884.4,9.34,10.64,332.5,29.68,10,9,262,11.724270432927138
2025-09-19 11:00:00,933.1,714.51,36.81,933.2,9.0,10.55,329.7,30.57,11,9,262,11.625098972498243
2025-09-19 12:00:00,911.53,703.94,38.02,911.6,8.68,10.46,327.3,31.12,12,9,262,11.525927512069348
2025-09-19 13:00:00,814.55,665.83,38.73,814.62,8.46,10.45,327.6,31.41,13,9,262,11.514908460910581
2025-09-19 14:00:00,649.53,595.73,38.85,649.62,8.27,10.41,331.5,31.52,14,9,262,11.470832256275518
2025-09-19 15:00:00,435.77,467.01,38.31,435.9,8.03,10.32,335.5,31.45,15,9,262,11.371660795846623
2025-09-19 16:00:00,206.4,265.45,37.05,206.5,7.57,9.94,337.9,31.14,16,9,262,10.95293685181351
2025-09-19 17:00:00,27.52,9.33,34.43,27.55,6.29,9.1,339.7,30.32,17,9,262,10.027336554477156
2025-09-19 18:00:00,0.0,0.0,32.04,0.0,5.52,8.73,339.5,29.3,18,9,262,9.619631661602812
2025-09-19 19:00:00,0.0,0.0,30.75,0.0,5.3,8.37,339.5,28.86,19,9,262,9.222945819887231
2025-09-19 20:00:00,0.0,0.0,29.61,0.0,5.28,8.06,342.5,28.46,20,9,262,8.881355233965483
2025-09-19 21:00:00,0.0,0.0,28.56,0.0,5.37,7.72,348.6,28.01,21,9,262,8.506707494567435
2025-09-19 22:00:00,0.0,0.0,27.61,0.0,5.54,7.51,352.2,27.46,22,9,262,8.275307420233347
2025-09-19 23:00:00,0.0,0.0,26.72,0.0,5.66,7.47,351.0,26.73,23,9,262,8.231231215598282
2025-09-20 00:00:00,0.0,0.0,25.85,0.0,6.03,7.75,347.7,26.04,0,9,263,8.539764648043732
2025-09-20 01:00:00,0.0,0.0,25.13,0.0,6.41,7.99,344.8,25.52,1,9,263,8.80422187585412
2025-09-20 02:00:00,0.0,0.0,24.47,0.0,6.55,8.05,344.0,25.14,2,9,263,8.870336182806717
2025-09-20 03:00:00,0.0,0.0,23.88,0.0,6.55,8.07,344.2,24.91,3,9,263,8.892374285124248
2025-09-20 04:00:00,0.0,0.0,23.31,0.0,6.32,7.82,344.0,24.78,4,9,263,8.616898006155095
2025-09-20 05:00:00,3.53,0.0,22.78,3.53,6.14,7.68,344.4,24.55,5,9,263,8.46263128993237
2025-09-20 06:00:00,110.3,135.34,23.25,110.43,6.68,7.71,346.4,25.03,6,9,263,8.495688443408667
2025-09-20 07:00:00,328.35,378.82,25.66,328.65,7.35,8.17,346.5,26.04,7,9,263,9.002564796711908
2025-09-20 08:00:00,554.22,528.78,28.98,554.6,8.24,9.2,344.8,27.46,8,9,263,10.137527066064818
2025-09-20 09:00:00,742.65,615.23,31.6,743.03,8.89,9.97,340.0,28.85,9,9,263,10.98599400528981
2025-09-20 10:00:00,870.58,670.06,33.52,870.88,9.06,10.35,333.8,29.93,10,9,263,11.40471794932292
2025-09-20 11:00:00,921.25,660.32,35.08,921.45,9.05,10.55,326.9,30.63,11,9,263,11.625098972498243
2025-09-20 12:00:00,899.1,645.71,36.17,899.2,8.95,10.62,320.7,31.03,12,9,263,11.702232330609604
2025-09-20 13:00:00,800.75,605.21,36.79,800.75,8.73,10.56,317.8,31.23,13,9,263,11.636118023657009
2025-09-20 14:00:00,634.78,525.47,36.83,634.85,8.41,10.42,318.1,31.31,14,9,263,11.481851307434283
2025-09-20 15:00:00,421.12,393.57,36.32,421.23,8.14,10.31,319.7,31.26,15,9,263,11.360641744687857
2025-09-20 16:00:00,197.0,204.0,35.13,197.07,8.09,10.33,321.2,30.92,16,9,263,11.382679847005388
2025-09-20 17:00:00,25.25,3.36,32.55,25.25,7.56,10.05,322.9,30.11,17,9,263,11.074146414559937
2025-09-20 18:00:00,0.0,0.0,30.1,0.0,7.69,10.36,326.6,29.14,18,9,263,11.415737000481686
2025-09-20 19:00:00,0.0,0.0,29.18,0.0,8.4,10.67,333.5,28.52,19,9,263,11.757327586403436
2025-09-20 20:00:00,0.0,0.0,28.14,0.0,8.82,10.8,341.0,27.8,20,9,263,11.900575251467396
2025-09-20 21:00:00,0.0,0.0,27.23,0.0,8.88,10.74,346.3,27.19,21,9,263,11.834460944514799
2025-09-20 22:00:00,0.0,0.0,26.38,0.0,8.49,10.22,347.9,26.65,22,9,263,11.261470284258962
2025-09-20 23:00:00,0.0,0.0,25.62,0.0,7.98,9.59,345.5,26.18,23,9,263,10.567270061256696
2025-09-21 00:00:00,0.0,0.0,24.89,0.0,7.54,9.06,342.9,25.66,0,9,264,9.983260349842093
2025-09-21 01:00:00,0.0,0.0,24.24,0.0,7.2,8.72,343.3,25.23,1,9,264,9.608612610444046
2025-09-21 02:00:00,0.0,0.0,23.63,0.0,7.08,8.7,347.0,25.0,2,9,264,9.586574508126512
2025-09-21 03:00:00,0.0,0.0,23.08,0.0,6.89,8.54,347.4,24.8,3,9,264,9.410269689586254
2025-09-21 04:00:00,0.0,0.0,22.58,0.0,6.64,8.31,345.6,24.55,4,9,264,9.156831512934636
2025-09-21 05:00:00,3.38,0.0,22.14,3.38,6.55,8.17,344.1,24.28,5,9,264,9.002564796711908
2025-09-21 06:00:00,110.45,134.83,22.82,110.5,6.81,7.85,342.5,24.69,6,9,264,8.649955159631393
2025-09-21 07:00:00,332.67,395.62,25.21,332.77,7.19,8.01,343.3,25.85,7,9,264,8.82625997817165
2025-09-21 08:00:00,561.25,556.58,29.0,561.35,7.26,7.98,342.2,27.5,8,9,264,8.793202824695353
2025-09-21 09:00:00,751.05,652.29,32.17,751.1,6.93,7.7,335.0,28.81,9,9,264,8.484669392249902
2025-09-21 10:00:00,879.1,715.11,34.23,879.12,6.74,7.79,324.2,29.78,10,9,264,8.583840852678797
2025-09-21 11:00:00,921.12,673.75,35.87,921.12,6.77,8.12,316.8,30.45,11,9,264,8.947469540918078
2025-09-21 12:00:00,900.5,666.22,37.15,900.5,6.67,8.31,313.1,30.85,12,9,264,9.156831512934636
2025-09-21 13:00:00,803.7,638.57,37.93,803.72,6.44,8.29,312.7,31.03,13,9,264,9.134793410617101
2025-09-21 14:00:00,640.05,575.38,38.15,640.1,6.21,8.25,314.3,31.07,14,9,264,9.090717205982038
2025-09-21 15:00:00,427.58,453.89,37.76,427.65,6.19,8.39,316.4,30.99,15,9,264,9.244983922204764
2025-09-21 16:00:00,200.05,256.99,36.68,200.07,6.4,8.7,317.2,30.66,16,9,264,9.586574508126512
2025-09-21 17:00:00,24.5,7.37,33.57,24.5,6.12,8.64,314.9,29.94,17,9,264,9.520460201173917
2025-09-21 18:00:00,0.0,0.0,31.06,0.0,6.22,8.99,312.8,29.17,18,9,264,9.90612699173073
2025-09-21 19:00:00,0.0,0.0,30.29,0.0,6.99,9.46,316.2,28.79,19,9,264,10.424022396192738
2025-09-21 20:00:00,0.0,0.0,29.2,0.0,7.5,9.6,320.9,28.35,20,9,264,10.578289112415462
2025-09-21 21:00:00,0.0,0.0,28.08,0.0,8.01,9.8,324.2,27.77,21,9,264,10.798670135590786
2025-09-21 22:00:00,0.0,0.0,27.12,0.0,8.37,10.02,327.1,27.2,22,9,264,11.041089261083638
2025-09-21 23:00:00,0.0,0.0,26.22,0.0,8.36,9.95,332.3,26.75,23,9,264,10.963955902972275
2025-09-22 00:00:00,0.0,0.0,25.4,0.0,7.98,9.45,336.1,26.26,0,9,265,10.41300334503397
2025-09-22 01:00:00,0.0,0.0,24.66,0.0,7.65,9.1,336.8,25.84,1,9,265,10.027336554477156
2025-09-22 02:00:00,0.0,0.0,23.98,0.0,7.52,9.02,339.2,25.55,2,9,265,9.939184145207028
2025-09-22 03:00:00,0.0,0.0,23.41,0.0,7.29,8.86,341.3,25.38,3,9,265,9.76287932666677
2025-09-22 04:00:00,0.0,0.0,22.85,0.0,7.02,8.61,340.4,25.19,4,9,265,9.487403047697617
2025-09-22 05:00:00,3.38,0.0,22.29,3.38,6.89,8.45,338.4,24.95,5,9,265,9.31109822915736
2025-09-22 06:00:00,117.4,207.36,22.84,117.45,7.33,8.49,337.3,25.27,6,9,265,9.355174433792424
2025-09-22 07:00:00,346.05,488.61,25.14,346.17,7.89,8.77,336.4,26.03,7,9,265,9.663707866237875
2025-09-22 08:00:00,573.55,637.18,29.01,573.7,8.15,8.94,333.0,26.94,8,9,265,9.851031735936898
2025-09-22 09:00:00,760.0,719.21,31.58,760.12,8.22,8.95,327.3,27.91,9,9,265,9.862050787095665
2025-09-22 10:00:00,885.38,774.35,33.48,885.45,7.95,8.7,323.6,28.79,10,9,265,9.586574508126512
2025-09-22 11:00:00,927.62,727.97,35.08,927.67,7.32,8.16,321.1,29.46,11,9,265,8.991545745553143
2025-09-22 12:00:00,911.44,721.07,36.26,914.74,6.47,7.49,319.7,29.85,12,9,265,8.253269317915814
2025-09-22 13:00:00,805.9,673.01,36.95,806.0,5.67,6.91,319.3,30.08,13,9,265,7.61416435070738
2025-09-22 14:00:00,640.3,603.37,37.02,640.5,5.07,6.49,319.8,30.11,14,9,265,7.151364202039203
2025-09-22 15:00:00,426.73,468.24,36.46,426.92,4.65,6.15,321.4,29.98,15,9,265,6.776716462641156
2025-09-22 16:00:00,197.57,260.74,35.26,197.7,4.42,5.93,323.1,29.67,16,9,265,6.534297337148301
2025-09-22 17:00:00,23.4,6.39,32.7,23.42,3.69,5.55,323.3,29.12,17,9,265,6.115573393115189
2025-09-22 18:00:00,0.0,0.0,30.27,0.0,3.32,5.65,318.9,28.47,18,9,265,6.225763904702851
2025-09-22 19:00:00,0.0,0.0,29.32,0.0,3.65,6.2,315.6,28.38,19,9,265,6.831811718434986
2025-09-22 20:00:00,0.0,0.0,28.45,0.0,4.03,6.7,313.9,28.28,20,9,265,7.382764276373291
2025-09-22 21:00:00,0.0,0.0,27.71,0.0,4.6,7.23,314.1,28.13,21,9,265,7.966773987787896
2025-09-22 22:00:00,0.0,0.0,27.09,0.0,5.19,7.65,317.3,27.93,22,9,265,8.429574136456072
2025-09-22 23:00:00,0.0,0.0,26.46,0.0,5.62,7.71,320.2,27.55,23,9,265,8.495688443408667
2025-09-23 00:00:00,0.0,0.0,25.78,0.0,5.55,7.29,322.6,27.0,0,9,266,8.032888294740491
2025-09-23 01:00:00,0.0,0.0,25.09,0.0,5.59,7.19,321.3,26.5,1,9,266,7.922697783152831
2025-09-23 02:00:00,0.0,0.0,24.45,0.0,5.8,7.3,321.8,26.09,2,9,266,8.043907345899258
2025-09-23 03:00:00,0.0,0.0,23.87,0.0,5.96,7.39,323.3,25.71,3,9,266,8.143078806328152
2025-09-23 04:00:00,0.0,0.0,23.3,0.0,6.11,7.49,323.3,25.36,4,9,266,8.253269317915814
2025-09-23 05:00:00,0.0,0.0,22.75,0.0,6.31,7.69,320.9,25.07,5,9,266,8.473650341091137
2025-09-23 06:00:00,121.47,189.3,23.33,121.7,6.9,7.95,319.1,25.47,6,9,266,8.760145671219055
2025-09-23 07:00:00,338.38,442.42,25.69,338.9,7.62,8.47,321.5,26.47,7,9,266,9.333136331474893
2025-09-23 08:00:00,566.2,600.84,29.6,566.8,7.92,8.74,323.2,27.67,8,9,266,9.630650712761577
2025-09-23 09:00:00,754.33,694.01,32.42,754.83,7.78,8.66,322.1,28.76,9,9,266,9.542498303491449
2025-09-23 10:00:00,881.25,750.39,34.56,881.6,7.23,8.34,320.8,29.62,10,9,266,9.189888666410933
2025-09-23 11:00:00,910.62,648.52,36.31,910.88,6.38,7.76,319.8,30.19,11,9,266,8.550783699202498
2025-09-23 12:00:00,888.55,638.88,37.63,888.72,5.5,7.1,319.7,30.57,12,9,266,7.823526322723935
2025-09-23 13:00:00,789.83,604.11,38.39,790.25,5.01,6.73,322.5,30.77,13,9,266,7.41582142984959
2025-09-23 14:00:00,624.25,540.76,38.52,624.7,4.84,6.62,328.6,30.8,14,9,266,7.294611867103162
2025-09-23 15:00:00,411.23,410.08,38.06,411.67,4.77,6.56,335.4,30.64,15,9,266,7.228497560150566
2025-09-23 16:00:00,186.38,219.07,36.92,186.65,4.67,6.42,341.2,30.26,16,9,266,7.0742308439278405
2025-09-23 17:00:00,21.55,3.93,33.7,21.55,4.03,5.92,347.7,29.51,17,9,266,6.523278285989535
2025-09-23 18:00:00,0.0,0.0,31.3,0.0,3.21,5.38,344.6,28.66,18,9,266,5.928249523416166
2025-09-23 19:00:00,0.0,0.0,30.36,0.0,3.09,5.22,332.4,28.39,19,9,266,5.751944704875908
2025-09-23 20:00:00,0.0,0.0,29.24,0.0,3.32,5.6,322.5,28.22,20,9,266,6.170668648909019
2025-09-23 21:00:00,0.0,0.0,28.3,0.0,3.89,6.25,318.5,28.07,21,9,266,6.8869069742288165
2025-09-23 22:00:00,0.0,0.0,27.45,0.0,4.72,6.93,315.8,27.85,22,9,266,7.636202453024912
2025-09-23 23:00:00,0.0,0.0,26.72,0.0,5.71,7.78,311.8,27.59,23,9,266,8.572821801520032
2025-09-24 00:00:00,0.0,0.0,26.19,0.0,6.89,8.9,310.1,27.34,0,9,267,9.806955531301835
2025-09-24 01:00:00,0.0,0.0,25.7,0.0,8.05,9.97,313.1,26.98,1,9,267,10.98599400528981
2025-09-24 02:00:00,0.0,0.0,25.2,0.0,8.97,10.79,318.9,26.39,2,9,267,11.889556200308627
2025-09-24 03:00:00,0.0,0.0,24.61,0.0,9.56,11.34,324.4,25.79,3,9,267,12.495604014040765
2025-09-24 04:00:00,0.0,0.0,24.02,0.0,9.23,10.94,328.5,25.39,4,9,267,12.05484196769012
2025-09-24 05:00:00,0.0,0.0,23.5,0.0,8.79,10.44,332.2,25.11,5,9,267,11.503889409751816
2025-09-24 06:00:00,121.47,215.64,23.86,121.6,8.7,10.01,334.5,25.25,6,9,267,11.030070209924872
2025-09-24 07:00:00,340.8,478.14,26.09,341.17,8.96,10.09,337.1,25.98,7,9,267,11.118222619195002
2025-09-24 08:00:00,569.03,637.19,29.6,569.6,9.1,10.15,335.2,26.96,8,9,267,11.184336926147598
2025-09-24 09:00:00,756.92,730.8,32.08,757.42,9.17,10.22,332.8,27.94,9,9,267,11.261470284258962
2025-09-24 10:00:00,883.2,787.89,33.98,883.62,9.13,10.25,331.1,28.79,10,9,267,11.29452743773526
2025-09-24 11:00:00,906.25,671.29,35.48,906.65,9.05,10.29,331.1,29.5,11,9,267,11.338603642370323
2025-09-24 12:00:00,884.67,666.68,36.49,885.05,8.93,10.38,333.1,29.99,12,9,267,11.43777510279922
2025-09-24 13:00:00,787.9,642.42,36.91,788.28,8.75,10.38,336.5,30.32,13,9,267,11.43777510279922
2025-09-24 14:00:00,625.47,588.51,36.71,625.85,8.4,10.23,340.3,30.5,14,9,267,11.272489335417728
2025-09-24 15:00:00,415.17,469.79,35.92,415.52,7.98,9.96,342.3,30.5,15,9,267,10.974974954131044
2025-09-24 16:00:00,188.9,283.2,34.45,189.12,7.44,9.5,343.2,30.23,16,9,267,10.468098600827801
2025-09-24 17:00:00,20.98,10.79,32.11,20.98,6.13,8.49,344.8,29.47,17,9,267,9.355174433792424
2025-09-24 18:00:00,0.0,0.0,29.93,0.0,5.18,7.88,345.1,28.55,18,9,267,8.683012313107692
2025-09-24 19:00:00,0.0,0.0,28.79,0.0,5.04,7.52,343.3,28.13,19,9,267,8.286326471392112
2025-09-24 20:00:00,0.0,0.0,27.66,0.0,5.33,7.61,339.1,27.77,20,9,267,8.385497931821007
2025-09-24 21:00:00,0.0,0.0,26.65,0.0,6.23,8.49,335.9,27.43,21,9,267,9.355174433792424
2025-09-24 22:00:00,0.0,0.0,25.81,0.0,7.51,9.64,339.2,27.11,22,9,267,10.622365317050527
2025-09-24 23:00:00,0.0,0.0,25.09,0.0,8.13,9.99,346.9,26.54,23,9,267,11.00803210760734
2025-09-25 00:00:00,0.0,0.0,24.4,0.0,8.04,9.89,352.0,25.86,0,9,268,10.89784159601968
2025-09-25 01:00:00,0.0,0.0,23.75,0.0,7.62,9.36,356.7,25.35,1,9,268,10.313831884605076
2025-09-25 02:00:00,0.0,0.0,23.13,0.0,7.12,8.9,359.9,24.96,2,9,268,9.806955531301835
2025-09-25 03:00:00,0.0,0.0,22.57,0.0,6.85,8.72,359.9,24.68,3,9,268,9.608612610444046
2025-09-25 04:00:00,0.0,0.0,22.06,0.0,6.51,8.4,358.4,24.45,4,9,268,9.25600297336353
2025-09-25 05:00:00,0.0,0.0,21.56,0.0,6.16,8.05,356.5,24.13,5,9,268,8.870336182806717
2025-09-25 06:00:00,126.53,279.04,22.04,127.82,6.51,7.79,353.7,24.56,6,9,268,8.583840852678797
2025-09-25 07:00:00,350.17,550.18,24.35,353.17,7.24,8.09,348.6,25.21,7,9,268,8.91441238744178
2025-09-25 08:00:00,577.78,711.27,27.96,581.62,7.73,8.5,343.8,25.81,8,9,268,9.366193484951191
2025-09-25 09:00:00,765.7,790.12,30.15,769.5,8.02,8.79,339.9,26.48,9,9,268,9.685745968555407
2025-09-25 10:00:00,893.28,838.55,31.88,896.62,8.31,9.08,337.1,27.19,10,9,268,10.005298452159625
2025-09-25 11:00:00,931.78,771.73,33.34,934.53,8.47,9.27,335.4,27.82,11,9,268,10.21466042417618
2025-09-25 12:00:00,910.4,763.05,34.42,912.55,8.58,9.43,333.5,28.31,12,9,268,10.390965242716439
2025-09-25 13:00:00,814.42,738.92,35.03,815.22,8.64,9.55,332.2,28.65,13,9,268,10.523193856621633
2025-09-25 14:00:00,648.67,672.24,35.05,650.42,8.61,9.62,331.4,28.89,14,9,268,10.600327214732994
2025-09-25 15:00:00,432.9,553.19,34.49,434.35,8.54,9.65,331.7,28.99,15,9,268,10.633384368209294
2025-09-25 16:00:00,197.6,335.43,33.28,198.3,8.38,9.59,332.4,28.83,16,9,268,10.567270061256696
2025-09-25 17:00:00,20.95,15.48,30.47,20.98,7.38,9.04,332.4,28.23,17,9,268,9.96122224752456
2025-09-25 18:00:00,0.0,0.0,27.91,0.0,6.44,8.57,332.5,27.46,18,9,268,9.443326843062554
2025-09-25 19:00:00,0.0,0.0,27.08,0.0,6.0,8.11,334.3,27.18,19,9,268,8.936450489759311
2025-09-25 20:00:00,0.0,0.0,26.28,0.0,5.71,7.72,339.0,26.96,20,9,268,8.506707494567435
2025-09-25 21:00:00,0.0,0.0,25.52,0.0,5.37,7.17,344.2,26.66,21,9,268,7.9006596808352985
2025-09-25 22:00:00,0.0,0.0,24.81,0.0,5.09,6.74,350.3,26.33,22,9,268,7.426840481008356
2025-09-25 23:00:00,0.0,0.0,24.12,0.0,5.0,6.56,352.8,25.92,23,9,268,7.228497560150566
2025-09-26 00:00:00,0.0,0.0,23.42,0.0,5.25,6.86,352.2,25.44,0,9,269,7.55906909491355
2025-09-26 01:00:00,0.0,0.0,22.77,0.0,5.74,7.51,351.1,25.02,1,9,269,8.275307420233347
2025-09-26 02:00:00,0.0,0.0,22.15,0.0,5.93,7.7,349.2,24.64,2,9,269,8.484669392249902
2025-09-26 03:00:00,0.0,0.0,21.57,0.0,5.89,7.64,345.7,24.38,3,9,269,8.418555085297305
2025-09-26 04:00:00,0.0,0.0,20.98,0.0,5.95,7.73,344.4,24.25,4,9,269,8.517726545726202
2025-09-26 05:00:00,0.0,0.0,20.38,0.0,6.05,7.87,345.1,24.05,5,9,269,8.671993261948925
2025-09-26 06:00:00,129.7,285.95,21.44,130.12,6.55,7.86,346.2,24.54,6,9,269,8.66097421079016
2025-09-26 07:00:00,358.17,564.37,23.92,358.95,7.19,8.03,344.0,25.36,7,9,269,8.848298080489183
2025-09-26 08:00:00,590.22,723.55,28.02,591.17,7.6,8.38,341.8,26.32,8,9,269,9.233964871045998
2025-09-26 09:00:00,778.97,802.7,30.27,780.05,7.91,8.66,339.9,27.29,9,9,269,9.542498303491449
2025-09-26 10:00:00,905.3,858.2,31.81,906.55,8.07,8.83,336.8,28.24,10,9,269,9.729822173190472
2025-09-26 11:00:00,952.08,837.44,33.07,953.5,8.06,8.92,331.5,29.06,11,9,269,9.828993633619367
2025-09-26 12:00:00,926.5,812.96,33.94,928.08,8.12,9.14,326.0,29.58,12,9,269,10.071412759112222
2025-09-26 13:00:00,824.33,760.94,34.43,825.12,8.32,9.59,321.2,29.95,13,9,269,10.567270061256696
2025-09-26 14:00:00,651.72,657.51,34.36,652.83,8.54,10.0,318.6,30.12,14,9,269,11.019051158766107
2025-09-26 15:00:00,427.2,500.91,33.71,428.35,8.6,10.23,318.1,30.05,15,9,269,11.272489335417728
2025-09-26 16:00:00,188.38,254.15,32.42,189.05,8.59,10.31,318.3,29.67,16,9,269,11.360641744687857
2025-09-26 17:00:00,18.75,2.96,29.51,18.77,7.98,9.9,316.9,28.85,17,9,269,10.908860647178447
2025-09-26 18:00:00,0.0,0.0,27.01,0.0,7.56,9.68,317.8,28.05,18,9,269,10.666441521685591
2025-09-26 19:00:00,0.0,0.0,26.16,0.0,7.24,9.33,323.3,27.69,19,9,269,10.280774731128778
2025-09-26 20:00:00,0.0,0.0,25.34,0.0,6.85,8.91,331.7,27.39,20,9,269,9.817974582460602
2025-09-26 21:00:00,0.0,0.0,24.5,0.0,6.46,8.46,343.3,27.03,21,9,269,9.322117280316126
2025-09-26 22:00:00,0.0,0.0,23.69,0.0,6.11,7.97,350.2,26.55,22,9,269,8.782183773536588
2025-09-26 23:00:00,0.0,0.0,22.93,0.0,5.85,7.55,348.5,26.0,23,9,269,8.31938362486841
2025-09-27 00:00:00,0.0,0.0,22.23,0.0,6.07,7.64,341.1,25.47,0,9,270,8.418555085297305
2025-09-27 01:00:00,0.0,0.0,21.6,0.0,6.39,7.76,333.7,24.95,1,9,270,8.550783699202498
2025-09-27 02:00:00,0.0,0.0,20.97,0.0,6.73,8.0,329.4,24.51,2,9,270,8.815240927012885
2025-09-27 03:00:00,0.0,0.0,20.39,0.0,6.88,8.13,328.4,24.22,3,9,270,8.958488592076845
2025-09-27 04:00:00,0.0,0.0,19.82,0.0,6.58,7.83,330.2,24.11,4,9,270,8.627917057313862
2025-09-27 05:00:00,0.0,0.0,19.32,0.0,6.23,7.48,329.5,23.99,5,9,270,8.242250266757049
2025-09-27 06:00:00,122.6,226.75,20.57,123.05,6.4,7.29,326.7,24.35,6,9,270,8.032888294740491
2025-09-27 07:00:00,349.23,515.31,23.16,350.2,6.55,7.05,324.8,25.43,7,9,270,7.768431066930105
2025-09-27 08:00:00,582.67,693.86,27.46,583.67,6.33,6.75,319.5,27.01,8,9,270,7.437859532167122
2025-09-27 09:00:00,773.33,781.44,30.24,773.97,6.67,7.15,313.6,28.16,9,9,270,7.878621578517767
2025-09-27 10:00:00,900.5,839.65,31.91,900.78,6.87,7.46,311.9,28.89,10,9,270,8.220212164439516
2025-09-27 11:00:00,949.72,836.8,33.32,949.83,6.5,7.26,313.2,29.44,11,9,270,7.999831141264194
2025-09-27 12:00:00,925.22,831.65,34.48,925.22,5.78,6.87,315.2,29.87,12,9,270,7.570088146072315
2025-09-27 13:00:00,823.85,791.05,35.25,823.95,4.98,6.4,318.5,30.28,13,9,270,7.052192741610309
2025-09-27 14:00:00,653.92,715.31,35.53,654.22,4.45,6.04,324.0,30.56,14,9,270,6.655506899894728
2025-09-27 15:00:00,432.73,570.44,35.3,433.2,4.27,5.9,328.1,30.68,15,9,270,6.501240183672003
2025-09-27 16:00:00,193.57,344.12,34.43,193.93,4.29,6.04,329.1,30.5,16,9,270,6.655506899894728
2025-09-27 17:00:00,18.35,12.13,30.98,18.38,3.89,6.42,328.6,29.63,17,9,270,7.0742308439278405
2025-09-27 18:00:00,0.0,0.0,28.56,0.0,4.35,7.49,328.0,28.92,18,9,270,8.253269317915814
2025-09-27 19:00:00,0.0,0.0,27.25,0.0,5.36,8.51,327.5,28.76,19,9,270,9.377212536109957
2025-09-27 20:00:00,0.0,0.0,26.21,0.0,6.29,9.01,326.5,28.44,20,9,270,9.928165094048262
2025-09-27 21:00:00,0.0,0.0,25.36,0.0,6.95,9.06,325.8,27.89,21,9,270,9.983260349842093
2025-09-27 22:00:00,0.0,0.0,24.61,0.0,7.07,8.72,327.8,27.21,22,9,270,9.608612610444046
2025-09-27 23:00:00,0.0,0.0,23.97,0.0,6.97,8.34,329.6,26.53,23,9,270,9.189888666410933
2025-09-28 00:00:00,0.0,0.0,23.36,0.0,6.54,7.78,330.2,26.05,0,9,271,8.572821801520032
2025-09-28 01:00:00,0.0,0.0,22.8,0.0,6.47,7.69,327.8,25.55,1,9,271,8.473650341091137
2025-09-28 02:00:00,0.0,0.0,22.24,0.0,6.53,7.71,325.4,25.1,2,9,271,8.495688443408667
2025-09-28 03:00:00,0.0,0.0,21.64,0.0,6.72,7.9,322.2,24.78,3,9,271,8.705050415425225
2025-09-28 04:00:00,0.0,0.0,21.03,0.0,7.02,8.31,320.7,24.61,4,9,271,9.156831512934636
2025-09-28 05:00:00,0.0,0.0,20.44,0.0,7.16,8.49,320.2,24.51,5,9,271,9.355174433792424
2025-09-28 06:00:00,127.03,310.64,21.58,127.68,7.29,8.42,319.8,24.91,6,9,271,9.278041075681061
2025-09-28 07:00:00,354.8,591.96,24.23,356.23,7.53,8.37,319.3,26.09,7,9,271,9.222945819887231
2025-09-28 08:00:00,585.97,743.36,28.33,587.42,7.63,8.42,316.9,27.46,8,9,271,9.278041075681061
2025-09-28 09:00:00,775.08,826.77,32.75,776.17,7.84,8.71,316.3,28.57,9,9,271,9.59759355928528
2025-09-28 10:00:00,901.55,870.29,34.59,902.2,7.56,8.57,316.9,29.31,10,9,271,9.443326843062554
2025-09-28 11:00:00,949.95,868.79,35.88,950.28,7.08,8.3,317.7,29.83,11,9,271,9.145812461775868
2025-09-28 12:00:00,925.83,871.41,36.83,925.9,6.55,8.0,319.8,30.2,12,9,271,8.815240927012885
2025-09-28 13:00:00,825.53,834.16,37.4,825.88,5.92,7.72,323.9,30.51,13,9,271,8.506707494567435
2025-09-28 14:00:00,657.4,770.19,37.49,658.03,5.44,7.48,328.8,30.83,14,9,271,8.242250266757049
2025-09-28 15:00:00,437.42,637.16,37.07,438.23,5.3,7.42,332.9,31.01,15,9,271,8.176135959804451
2025-09-28 16:00:00,197.68,429.2,35.99,198.25,5.4,7.69,335.6,30.8,16,9,271,8.473650341091137
2025-09-28 17:00:00,17.98,29.41,32.19,18.0,5.16,8.2,336.2,29.88,17,9,271,9.035621950188206
2025-09-28 18:00:00,0.0,0.0,29.72,0.0,5.83,9.31,335.9,29.19,18,9,271,10.258736628811246
2025-09-28 19:00:00,0.0,0.0,28.34,0.0,6.85,9.94,336.1,29.01,19,9,271,10.95293685181351
2025-09-28 20:00:00,0.0,0.0,27.35,0.0,7.32,9.94,336.2,28.57,20,9,271,10.95293685181351
2025-09-28 21:00:00,0.0,0.0,26.55,0.0,7.37,9.6,336.7,28.07,21,9,271,10.578289112415462
2025-09-28 22:00:00,0.0,0.0,25.81,0.0,7.39,9.26,335.1,27.56,22,9,271,10.203641373017415
2025-09-28 23:00:00,0.0,0.0,25.08,0.0,7.6,9.22,329.7,27.05,23,9,271,10.15956516838235
2025-09-29 00:00:00,0.0,0.0,24.43,0.0,8.1,9.61,325.7,26.49,0,9,272,10.589308163574227
2025-09-29 01:00:00,0.0,0.0,23.88,0.0,8.25,9.72,324.9,26.05,1,9,272,10.710517726320656
2025-09-29 02:00:00,0.0,0.0,23.35,0.0,8.21,9.64,322.9,25.63,2,9,272,10.622365317050527
2025-09-29 03:00:00,0.0,0.0,22.79,0.0,8.02,9.42,321.9,25.25,3,9,272,10.379946191557673
2025-09-29 04:00:00,0.0,0.0,22.24,0.0,7.68,9.05,320.3,24.95,4,9,272,9.972241298683327
2025-09-29 05:00:00,0.0,0.0,21.77,0.0,7.56,8.94,319.3,24.74,5,9,272,9.851031735936898
2025-09-29 06:00:00,126.1,328.06,22.79,126.68,7.79,8.91,318.7,25.01,6,9,272,9.817974582460602
2025-09-29 07:00:00,352.4,599.46,25.28,353.62,8.22,9.13,319.8,26.01,7,9,272,10.060393707953455
2025-09-29 08:00:00,580.28,747.53,29.28,581.53,8.57,9.56,322.8,27.39,8,9,272,10.534212907780399
2025-09-29 09:00:00,766.1,825.34,33.32,767.08,8.84,10.02,323.5,28.65,9,9,272,11.041089261083638
2025-09-29 10:00:00,890.15,865.77,35.52,890.8,8.9,10.39,322.4,29.69,10,9,272,11.448794153957985
2025-09-29 11:00:00,922.22,798.09,37.02,922.6,8.73,10.6,322.5,30.55,11,9,272,11.680194228292073
2025-09-29 12:00:00,897.42,799.93,38.11,897.62,8.44,10.63,323.9,31.18,12,9,272,11.713251381768373
2025-09-29 13:00:00,795.08,761.86,38.82,795.17,8.2,10.66,325.3,31.57,13,9,272,11.746308535244669
2025-09-29 14:00:00,627.53,689.03,39.0,627.8,8.13,10.78,326.6,31.73,14,9,272,11.878537149149862
2025-09-29 15:00:00,411.73,568.63,38.66,412.17,8.15,10.93,327.1,31.71,15,9,272,12.043822916531354
2025-09-29 16:00:00,181.88,356.21,37.5,182.25,8.2,11.02,326.0,31.36,16,9,272,12.14299437696025
2025-09-29 17:00:00,15.73,18.45,32.94,15.75,8.07,11.11,323.0,30.47,17,9,272,12.242165837389145
2025-09-29 18:00:00,0.0,0.0,30.47,0.0,8.84,11.74,324.3,29.71,18,9,272,12.936366060391409
2025-09-29 19:00:00,0.0,0.0,29.56,0.0,9.11,11.57,328.9,29.01,19,9,272,12.749042190692386
2025-09-29 20:00:00,0.0,0.0,28.83,0.0,8.78,10.86,334.5,28.23,20,9,272,11.966689558419992
2025-09-29 21:00:00,0.0,0.0,28.2,0.0,8.34,10.12,337.9,27.48,21,9,272,11.151279772671298
2025-09-29 22:00:00,0.0,0.0,27.54,0.0,8.02,9.61,335.3,26.67,22,9,272,10.589308163574227
2025-09-29 23:00:00,0.0,0.0,26.73,0.0,7.85,9.33,331.0,25.87,23,9,272,10.280774731128778
2025-09-30 00:00:00,0.0,0.0,25.87,0.0,7.7,9.11,326.8,25.2,0,9,273,10.038355605635923
2025-09-30 01:00:00,0.0,0.0,25.03,0.0,7.61,8.97,324.7,24.71,1,9,273,9.884088889413198
2025-09-30 02:00:00,0.0,0.0,24.23,0.0,7.39,8.74,325.1,24.39,2,9,273,9.630650712761577
2025-09-30 03:00:00,0.0,0.0,23.5,0.0,7.19,8.57,326.8,24.25,3,9,273,9.443326843062554
2025-09-30 04:00:00,0.0,0.0,22.84,0.0,6.95,8.34,327.9,24.26,4,9,273,9.189888666410933
2025-09-30 05:00:00,0.0,0.0,22.23,0.0,6.81,8.22,328.4,24.18,5,9,273,9.05766005250574
2025-09-30 06:00:00,122.68,314.57,23.05,123.25,6.98,8.08,328.8,24.58,6,9,273,8.903393336283015
2025-09-30 07:00:00,350.45,601.28,25.54,351.8,7.48,8.22,326.9,25.76,7,9,273,9.05766005250574
2025-09-30 08:00:00,578.97,749.73,29.11,580.53,8.06,8.96,331.9,27.64,8,9,273,9.873069838254432
2025-09-30 09:00:00,765.58,822.35,32.68,766.9,8.36,9.98,338.2,29.61,9,9,273,10.997013056448575
2025-09-30 10:00:00,890.6,863.97,35.4,891.53,8.63,10.93,343.4,31.36,10,9,273,12.043822916531354
2025-09-30 11:00:00,924.7,795.75,37.1,925.3,9.06,11.76,345.1,32.32,11,9,273,12.958404162708941
2025-09-30 12:00:00,900.33,796.46,38.28,900.7,9.59,12.5,345.5,32.75,12,9,273,13.773813948457633
2025-09-30 13:00:00,800.9,763.16,38.98,801.15,9.98,13.01,344.8,32.87,13,9,273,14.335785557554704
2025-09-30 14:00:00,634.03,693.59,39.14,634.35,10.16,13.25,343.5,32.78,14,9,273,14.600242785365092
2025-09-30 15:00:00,417.58,576.33,38.69,417.95,10.23,13.34,342.2,32.47,15,9,273,14.699414245793987
2025-09-30 16:00:00,182.55,350.52,37.44,182.8,10.02,13.02,341.7,31.83,16,9,273,14.34680460871347
2025-09-30 17:00:00,15.32,12.34,32.84,15.35,9.24,12.35,341.5,30.76,17,9,273,13.60852818107614
2025-09-30 18:00:00,0.0,0.0,30.4,0.0,8.6,11.7,346.1,29.94,18,9,273,12.892289855756344
2025-09-30 19:00:00,0.0,0.0,29.61,0.0,7.87,10.72,354.3,29.32,19,9,273,11.812422842197266
2025-09-30 20:00:00,0.0,0.0,28.88,0.0,6.74,9.3,358.6,28.64,20,9,273,10.24771757765248
2025-09-30 21:00:00,0.0,0.0,28.14,0.0,6.16,8.31,358.3,27.86,21,9,273,9.156831512934636
2025-09-30 22:00:00,0.0,0.0,27.56,0.0,6.23,8.01,354.5,27.15,22,9,273,8.82625997817165
2025-09-30 23:00:00,0.0,0.0,26.7,0.0,6.44,7.99,348.4,26.46,23,9,273,8.80422187585412
2025-10-01 00:00:00,0.0,0.0,25.53,0.0,6.65,8.13,343.6,25.87,0,10,274,8.958488592076845
2025-10-01 01:00:00,0.0,0.0,24.67,0.0,6.81,8.29,340.5,25.35,1,10,274,9.134793410617101
2025-10-01 02:00:00,0.0,0.0,23.99,0.0,7.14,8.73,339.1,24.89,2,10,274,9.619631661602812
2025-10-01 03:00:00,0.0,0.0,23.41,0.0,7.57,9.22,341.3,24.51,3,10,274,10.15956516838235
2025-10-01 04:00:00,0.0,0.0,22.92,0.0,7.53,9.21,342.6,24.09,4,10,274,10.148546117223585
2025-10-01 05:00:00,0.0,0.0,22.5,0.0,7.34,9.01,343.6,23.72,5,10,274,9.928165094048262
2025-10-01 06:00:00,122.75,301.12,23.22,126.55,7.5,8.78,343.7,23.89,6,10,274,9.67472691739664
2025-10-01 07:00:00,351.48,572.57,25.65,359.8,7.93,8.83,342.5,24.7,7,10,274,9.729822173190472
2025-10-01 08:00:00,579.55,743.2,28.89,590.35,8.61,9.56,340.8,25.86,8,10,274,10.534212907780399
2025-10-01 09:00:00,765.62,835.57,31.27,776.47,9.41,10.44,338.5,27.13,9,10,274,11.503889409751816
2025-10-01 10:00:00,890.8,862.4,33.16,900.38,9.98,11.15,334.0,28.38,10,10,274,12.28624204202421
2025-10-01 11:00:00,933.38,805.95,34.66,940.42,10.36,11.71,330.8,29.32,11,10,274,12.903308906915111
2025-10-01 12:00:00,910.7,802.28,35.79,915.25,10.66,12.21,328.9,29.92,12,10,274,13.454261464853417
2025-10-01 13:00:00,813.1,770.55,36.48,814.2,10.94,12.67,327.5,30.23,13,10,274,13.961137818156658
2025-10-01 14:00:00,643.92,720.39,36.66,645.7,11.12,13.02,327.5,30.35,14,10,274,14.34680460871347
2025-10-01 15:00:00,425.08,589.89,36.31,426.27,11.13,13.2,328.3,30.28,15,10,274,14.54514752957126
2025-10-01 16:00:00,185.23,346.13,35.31,185.75,10.78,12.9,328.8,29.93,16,10,274,14.214575994808278
2025-10-01 17:00:00,14.93,7.06,31.59,14.95,9.49,11.78,327.7,29.06,17,10,274,12.980442265026474
2025-10-01 18:00:00,0.0,0.0,29.33,0.0,8.65,11.04,329.8,28.25,18,10,274,12.16503247927778
2025-10-01 19:00:00,0.0,0.0,28.84,0.0,7.92,10.17,337.0,27.77,19,10,274,11.20637502846513
2025-10-01 20:00:00,0.0,0.0,28.36,0.0,7.02,9.15,345.5,27.21,20,10,274,10.082431810270988
2025-10-01 21:00:00,0.0,0.0,27.69,0.0,6.22,8.16,351.3,26.55,21,10,274,8.991545745553143
2025-10-01 22:00:00,0.0,0.0,27.01,0.0,5.7,7.42,353.3,25.92,22,10,274,8.176135959804451
2025-10-01 23:00:00,0.0,0.0,26.07,0.0,5.48,7.09,349.0,25.35,23,10,274,7.8125072715651696
2025-10-02 00:00:00,0.0,0.0,24.61,0.0,5.57,7.15,342.3,24.89,0,10,275,7.878621578517767
2025-10-02 01:00:00,0.0,0.0,23.48,0.0,5.69,7.26,336.5,24.56,1,10,275,7.999831141264194
2025-10-02 02:00:00,0.0,0.0,22.53,0.0,5.81,7.38,331.1,24.29,2,10,275,8.132059755169387
2025-10-02 03:00:00,0.0,0.0,21.75,0.0,5.99,7.59,327.9,24.15,3,10,275,8.363459829503475
2025-10-02 04:00:00,0.0,0.0,21.18,0.0,6.07,7.67,326.4,24.13,4,10,275,8.451612238773604
2025-10-02 05:00:00,0.0,0.0,20.78,0.0,6.03,7.62,325.7,24.1,5,10,275,8.396516982979774
2025-10-02 06:00:00,126.75,320.63,22.01,131.48,6.11,7.33,325.1,24.73,6,10,275,8.076964499375556
2025-10-02 07:00:00,360.7,634.26,24.97,368.65,6.28,6.87,323.8,26.13,7,10,275,7.570088146072315
2025-10-02 08:00:00,592.45,787.19,28.45,599.65,6.26,6.79,324.4,27.73,8,10,275,7.481935736802186
2025-10-02 09:00:00,781.08,851.71,31.46,786.28,5.96,6.78,328.8,29.15,9,10,275,7.47091668564342
2025-10-02 10:00:00,906.72,927.06,33.78,909.8,5.42,6.79,332.2,30.45,10,10,275,7.481935736802186
2025-10-02 11:00:00,948.3,872.58,35.52,949.8,5.07,6.93,331.8,31.63,11,10,275,7.636202453024912
2025-10-02 12:00:00,923.85,874.9,36.73,923.97,5.41,7.49,329.3,32.51,12,10,275,8.253269317915814
2025-10-02 13:00:00,821.5,834.78,37.4,822.03,5.95,8.31,327.2,32.92,13,10,275,9.156831512934636
2025-10-02 14:00:00,651.38,767.2,37.57,652.03,6.46,9.12,326.4,32.99,14,10,275,10.049374656794688
2025-10-02 15:00:00,429.12,649.92,37.2,429.77,6.71,9.57,326.7,32.8,15,10,275,10.545231958939164
2025-10-02 16:00:00,185.65,399.1,36.08,186.02,6.48,9.39,327.1,32.33,16,10,275,10.346889038081375
2025-10-02 17:00:00,13.9,11.75,31.41,13.93,5.16,8.75,328.0,30.98,17,10,275,9.641669763920344
2025-10-02 18:00:00,0.0,0.0,29.05,0.0,4.61,8.21,335.2,29.95,18,10,275,9.046641001346975
2025-10-02 19:00:00,0.0,0.0,28.23,0.0,3.94,7.0,351.2,29.4,19,10,275,7.713335811136274
2025-10-02 20:00:00,0.0,0.0,27.69,0.0,3.23,5.54,11.7,28.77,20,10,275,6.104554341956423
2025-10-02 21:00:00,0.0,0.0,27.16,0.0,2.65,4.3,32.0,28.33,21,10,275,4.738191998269426
2025-10-02 22:00:00,0.0,0.0,26.56,0.0,2.01,3.15,44.4,28.22,22,10,275,3.4710011150113234
2025-10-02 23:00:00,0.0,0.0,25.92,0.0,0.72,1.09,7.4,27.83,23,10,275,1.2010765763055058
2025-10-03 00:00:00,0.0,0.0,25.41,0.0,2.07,3.13,279.6,27.66,0,10,276,3.4489630126937914
2025-10-03 01:00:00,0.0,0.0,24.82,0.0,3.94,5.72,278.1,27.76,1,10,276,6.302897262814213
2025-10-03 02:00:00,0.0,0.0,24.1,0.0,5.16,7.28,280.8,27.4,2,10,276,8.021869243581726
2025-10-03 03:00:00,0.0,0.0,23.41,0.0,6.04,7.88,278.0,26.94,3,10,276,8.683012313107692
2025-10-03 04:00:00,0.0,0.0,22.83,0.0,5.98,7.64,274.4,26.3,4,10,276,8.418555085297305
2025-10-03 05:00:00,0.0,0.0,22.33,0.0,5.38,6.9,275.4,25.86,5,10,276,7.603145299548614
2025-10-03 06:00:00,118.05,259.96,22.56,118.68,4.74,6.04,279.3,26.25,6,10,276,6.655506899894728
2025-10-03 07:00:00,347.65,562.47,24.64,349.1,4.25,4.65,287.5,27.72,7,10,276,5.12385878882624
2025-10-03 08:00:00,576.75,724.55,28.68,578.33,2.95,3.64,309.0,29.21,8,10,276,4.010934621790863
2025-10-03 09:00:00,762.83,795.57,32.35,764.1,2.71,3.5,319.3,30.65,9,10,276,3.856667905568137
2025-10-03 10:00:00,886.33,836.49,34.71,887.2,2.58,3.25,321.5,31.93,10,10,276,3.5811916265989847
2025-10-03 11:00:00,924.03,776.03,36.26,924.58,2.37,2.9,324.1,33.1,11,10,276,3.195524836042171
2025-10-03 12:00:00,896.62,769.86,37.12,896.92,2.34,2.82,327.2,33.81,12,10,276,3.107372426772042
2025-10-03 13:00:00,791.88,723.27,37.46,792.67,2.66,3.24,330.8,33.94,13,10,276,3.570172575440219
2025-10-03 14:00:00,619.75,635.1,37.25,620.75,3.27,4.08,332.9,33.57,14,10,276,4.495772872776572
2025-10-03 15:00:00,398.65,490.28,36.56,399.65,3.93,5.1,332.0,32.97,15,10,276,5.619716090970714
2025-10-03 16:00:00,163.57,244.32,35.27,164.07,4.38,6.11,331.3,32.11,16,10,276,6.732640258006091
2025-10-03 17:00:00,12.07,1.03,31.6,12.07,4.04,6.97,328.9,30.55,17,10,276,7.680278657659976
2025-10-03 18:00:00,0.0,0.0,29.51,0.0,4.33,7.68,322.8,29.68,18,10,276,8.46263128993237
2025-10-03 19:00:00,0.0,0.0,28.7,0.0,4.78,8.28,316.6,29.25,19,10,276,9.123774359458336
2025-10-03 20:00:00,0.0,0.0,27.88,0.0,5.45,8.69,313.5,28.85,20,10,276,9.575555456967747
2025-10-03 21:00:00,0.0,0.0,27.02,0.0,6.12,8.85,314.5,28.36,21,10,276,9.751860275508005
2025-10-03 22:00:00,0.0,0.0,26.13,0.0,6.65,8.91,318.4,27.81,22,10,276,9.817974582460602
2025-10-03 23:00:00,0.0,0.0,25.37,0.0,6.88,8.89,324.4,27.26,23,10,276,9.79593648014307
2025-10-04 00:00:00,0.0,0.0,24.71,0.0,6.9,8.79,332.4,26.82,0,10,277,9.685745968555407
2025-10-04 01:00:00,0.0,0.0,24.08,0.0,6.77,8.6,340.7,26.44,1,10,277,9.476383996538852
2025-10-04 02:00:00,0.0,0.0,23.48,0.0,6.81,8.58,344.2,26.19,2,10,277,9.45434589422132
2025-10-04 03:00:00,0.0,0.0,22.96,0.0,6.87,8.58,344.2,25.98,3,10,277,9.45434589422132
2025-10-04 04:00:00,0.0,0.0,22.46,0.0,6.91,8.54,342.0,25.67,4,10,277,9.410269689586254
2025-10-04 05:00:00,0.0,0.0,21.96,0.0,7.19,8.73,338.9,25.26,5,10,277,9.619631661602812
2025-10-04 06:00:00,107.88,145.12,22.18,109.65,7.64,8.88,336.0,25.2,6,10,277,9.784917428984304
2025-10-04 07:00:00,332.45,451.4,24.35,336.4,8.18,9.15,333.0,25.99,7,10,277,10.082431810270988
2025-10-04 08:00:00,563.25,627.71,28.36,566.83,8.91,10.06,330.9,27.33,8,10,277,11.085165465718704
2025-10-04 09:00:00,733.35,637.78,31.63,753.55,9.77,11.1,327.4,28.45,9,10,277,12.231146786230378
2025-10-04 10:00:00,871.72,763.7,33.41,875.35,10.01,11.52,324.1,29.27,10,10,277,12.693946934898554
2025-10-04 11:00:00,926.5,794.54,34.59,928.12,9.94,11.62,322.1,29.88,11,10,277,12.804137446486216
2025-10-04 12:00:00,898.3,770.96,35.35,898.4,9.71,11.56,321.7,30.33,12,10,277,12.73802313953362
2025-10-04 13:00:00,791.17,701.55,35.67,791.28,9.38,11.39,323.0,30.61,13,10,277,12.550699269834595
2025-10-04 14:00:00,616.08,602.77,35.49,616.17,8.99,11.16,324.6,30.74,14,10,277,12.297261093182975
2025-10-04 15:00:00,392.73,451.7,34.76,392.85,8.63,10.96,325.5,30.69,15,10,277,12.076880070007654
2025-10-04 16:00:00,159.02,211.47,33.4,159.1,8.15,10.57,325.1,30.39,16,10,277,11.647137074815776
2025-10-04 17:00:00,10.85,0.41,30.12,10.85,7.32,10.05,324.1,29.57,17,10,277,11.074146414559937
2025-10-04 18:00:00,0.0,0.0,27.94,0.0,7.46,10.23,323.3,28.93,18,10,277,11.272489335417728
2025-10-04 19:00:00,0.0,0.0,27.14,0.0,7.7,10.2,323.0,28.47,19,10,277,11.239432181941428
2025-10-04 20:00:00,0.0,0.0,26.18,0.0,7.9,10.07,323.4,27.9,20,10,277,11.09618451687747
2025-10-04 21:00:00,0.0,0.0,25.23,0.0,8.16,10.0,325.9,27.33,21,10,277,11.019051158766107
2025-10-04 22:00:00,0.0,0.0,24.33,0.0,8.12,9.74,330.4,26.66,22,10,277,10.732555828638189
2025-10-04 23:00:00,0.0,0.0,23.57,0.0,7.94,9.46,333.8,26.07,23,10,277,10.424022396192738
2025-10-05 00:00:00,0.0,0.0,22.94,0.0,7.99,9.47,333.7,25.56,0,10,278,10.435041447351503
2025-10-05 01:00:00,0.0,0.0,22.36,0.0,8.14,9.66,331.3,25.19,1,10,278,10.644403419368059
2025-10-05 02:00:00,0.0,0.0,21.87,0.0,8.45,10.11,330.5,24.99,2,10,278,11.140260721512533
2025-10-05 03:00:00,0.0,0.0,21.43,0.0,8.78,10.48,328.7,24.76,3,10,278,11.54796561438688
2025-10-05 04:00:00,0.0,0.0,21.04,0.0,9.13,10.9,328.6,24.5,4,10,278,12.010765763055057
2025-10-05 05:00:00,0.0,0.0,20.65,0.0,9.45,11.2,329.7,24.26,5,10,278,12.341337297818038
2025-10-05 06:00:00,108.57,182.99,20.84,108.7,9.75,11.27,331.5,24.27,6,10,278,12.418470655929402
2025-10-05 07:00:00,333.58,474.62,22.96,333.92,10.31,11.66,337.2,25.11,7,10,278,12.84821365112128
2025-10-05 08:00:00,562.78,649.59,26.94,563.22,10.65,12.04,341.9,26.44,8,10,278,13.266937595154392
2025-10-05 09:00:00,749.5,737.27,29.94,749.97,10.87,12.33,342.1,27.68,9,10,278,13.58649007875861
2025-10-05 10:00:00,872.03,768.31,31.83,872.47,10.96,12.57,339.4,28.7,10,10,278,13.850947306568996
2025-10-05 11:00:00,912.9,726.25,33.25,913.35,11.03,12.79,335.3,29.5,11,10,278,14.093366432061849
2025-10-05 12:00:00,881.55,682.67,34.25,882.08,11.1,13.02,329.3,30.04,12,10,278,14.34680460871347
2025-10-05 13:00:00,769.45,594.78,34.75,770.1,11.22,13.3,324.6,30.3,13,10,278,14.655338041158922
2025-10-05 14:00:00,586.17,468.12,34.71,587.12,11.41,13.62,322.0,30.29,14,10,278,15.007947678239436
2025-10-05 15:00:00,358.27,292.91,34.07,359.02,11.55,13.86,320.9,30.07,15,10,278,15.272404906049823
2025-10-05 16:00:00,137.38,84.46,32.73,137.7,11.69,14.06,320.9,29.54,16,10,278,15.492785929225146
2025-10-05 17:00:00,9.4,0.0,29.33,9.4,11.53,14.01,320.7,28.72,17,10,278,15.437690673431316
2025-10-05 18:00:00,0.0,0.0,27.39,0.0,11.55,13.91,322.9,27.95,18,10,278,15.327500161843654
2025-10-05 19:00:00,0.0,0.0,26.79,0.0,11.48,13.7,330.0,27.3,19,10,278,15.096100087509566
2025-10-05 20:00:00,0.0,0.0,26.03,0.0,11.23,13.19,338.9,26.67,20,10,278,14.534128478412494
2025-10-05 21:00:00,0.0,0.0,25.25,0.0,10.93,12.75,342.8,26.0,21,10,278,14.049290227426786
2025-10-05 22:00:00,0.0,0.0,24.57,0.0,10.9,12.76,345.1,25.46,22,10,278,14.060309278585551
2025-10-05 23:00:00,0.0,0.0,23.96,0.0,11.04,12.97,345.5,24.95,23,10,278,14.291709352919641
2025-10-06 00:00:00,0.0,0.0,23.46,0.0,10.89,12.83,344.9,24.49,0,10,279,14.137442636696916
2025-10-06 01:00:00,0.0,0.0,23.03,0.0,10.6,12.5,344.2,24.2,1,10,279,13.773813948457633
2025-10-06 02:00:00,0.0,0.0,22.66,0.0,10.3,12.18,343.6,24.0,2,10,279,13.421204311377117
2025-10-06 03:00:00,0.0,0.0,22.25,0.0,9.96,11.81,343.6,23.85,3,10,279,13.013499418502773
2025-10-06 04:00:00,0.0,0.0,21.78,0.0,9.61,11.48,344.0,23.75,4,10,279,12.64987073026349
2025-10-06 05:00:00,0.0,0.0,21.19,0.0,9.25,11.11,343.8,23.63,5,10,279,12.242165837389145
2025-10-06 06:00:00,87.18,29.72,21.3,87.57,9.15,10.7,342.9,23.68,6,10,279,11.790384739879734
2025-10-06 07:00:00,283.15,204.08,23.3,284.5,9.32,10.48,341.5,24.27,7,10,279,11.54796561438688
2025-10-06 08:00:00,506.73,366.96,26.32,508.62,9.58,10.61,339.2,25.1,8,10,279,11.691213279450839
2025-10-06 09:00:00,698.95,477.52,29.02,700.88,9.71,10.61,333.9,25.96,9,10,279,11.691213279450839
2025-10-06 10:00:00,830.28,547.41,30.98,831.85,9.85,10.7,325.5,26.72,10,10,279,11.790384739879734
2025-10-06 11:00:00,908.08,702.22,32.44,909.15,9.93,10.84,320.2,27.38,11,10,279,11.94465145610246
2025-10-06 12:00:00,880.58,687.99,33.48,881.12,9.92,10.94,318.4,27.91,12,10,279,12.05484196769012
2025-10-06 13:00:00,775.88,650.02,33.99,775.88,9.87,11.0,318.4,28.24,13,10,279,12.120956274642717
2025-10-06 14:00:00,603.3,570.66,33.91,603.42,9.77,11.01,320.2,28.42,14,10,279,12.131975325801482
2025-10-06 15:00:00,382.08,430.29,33.17,382.27,9.54,10.9,321.9,28.44,15,10,279,12.010765763055057
2025-10-06 16:00:00,151.57,192.44,31.75,151.7,9.37,10.86,321.8,28.23,16,10,279,11.966689558419992
2025-10-06 17:00:00,9.48,0.47,28.4,9.48,8.74,10.4,319.3,27.66,17,10,279,11.45981320511675
2025-10-06 18:00:00,0.0,0.0,26.17,0.0,8.46,10.24,317.7,27.09,18,10,279,11.283508386576493
2025-10-06 19:00:00,0.0,0.0,25.28,0.0,8.64,10.41,321.5,26.68,19,10,279,11.470832256275518
2025-10-06 20:00:00,0.0,0.0,24.42,0.0,8.43,10.13,328.6,26.28,20,10,279,11.162298823830067
2025-10-06 21:00:00,0.0,0.0,23.61,0.0,8.07,9.71,335.6,25.85,21,10,279,10.699498675161891
2025-10-06 22:00:00,0.0,0.0,22.78,0.0,7.64,9.22,340.8,25.4,22,10,279,10.15956516838235
2025-10-06 23:00:00,0.0,0.0,21.99,0.0,7.44,9.03,344.1,25.01,23,10,279,9.950203196365793
2025-10-07 00:00:00,0.0,0.0,21.29,0.0,7.14,8.72,344.7,24.6,0,10,280,9.608612610444046
2025-10-07 01:00:00,0.0,0.0,20.67,0.0,6.92,8.5,342.5,24.22,1,10,280,9.366193484951191
2025-10-07 02:00:00,0.0,0.0,20.12,0.0,6.94,8.55,339.0,23.86,2,10,280,9.421288740745021
2025-10-07 03:00:00,0.0,0.0,19.64,0.0,7.02,8.66,336.5,23.55,3,10,280,9.542498303491449
2025-10-07 04:00:00,0.0,0.0,19.18,0.0,6.99,8.64,334.0,23.27,4,10,280,9.520460201173917
2025-10-07 05:00:00,0.0,0.0,18.75,0.0,6.74,8.38,330.9,23.03,5,10,280,9.233964871045998
2025-10-07 06:00:00,112.4,242.21,19.57,113.07,6.63,7.87,328.0,23.27,6,10,280,8.671993261948925
2025-10-07 07:00:00,338.52,550.2,22.15,339.75,6.73,7.44,325.2,24.18,7,10,280,8.198174062121984
2025-10-07 08:00:00,565.08,708.85,25.91,566.17,6.55,7.07,322.1,25.38,8,10,280,7.790469169247638
2025-10-07 09:00:00,749.53,795.31,28.99,750.33,6.16,6.59,317.2,26.63,9,10,280,7.2615547136268646
2025-10-07 10:00:00,871.92,837.95,31.13,872.5,5.72,6.1,313.7,27.74,10,10,280,6.721621206847325
2025-10-07 11:00:00,908.05,783.15,32.83,908.53,5.26,5.66,316.7,28.39,11,10,280,6.236782955861616
2025-10-07 12:00:00,880.45,775.63,34.01,880.78,4.96,5.36,327.0,28.78,12,10,280,5.906211421098633
2025-10-07 13:00:00,777.5,743.58,34.7,777.83,5.01,5.45,342.0,29.0,13,10,280,6.005382881527528
2025-10-07 14:00:00,608.0,680.57,34.81,608.35,5.27,5.78,353.3,28.98,14,10,280,6.36901156976681
2025-10-07 15:00:00,389.23,545.29,34.27,389.52,5.3,5.84,359.4,28.79,15,10,280,6.435125876719406
2025-10-07 16:00:00,156.6,304.72,32.93,156.75,4.99,5.51,3.6,28.38,16,10,280,6.071497188480125
2025-10-07 17:00:00,9.07,3.57,28.87,9.07,3.96,4.91,12.7,27.46,17,10,280,5.410354118954158
2025-10-07 18:00:00,0.0,0.0,26.75,0.0,3.22,4.01,19.4,26.8,18,10,280,4.418639514665209
2025-10-07 19:00:00,0.0,0.0,25.93,0.0,2.37,2.83,22.2,26.79,19,10,280,3.118391477930808
2025-10-07 20:00:00,0.0,0.0,25.14,0.0,1.42,1.63,12.8,27.01,20,10,280,1.7961053388788752
2025-10-07 21:00:00,0.0,0.0,24.44,0.0,0.99,1.17,320.6,26.95,21,10,280,1.2892289855756345
2025-10-07 22:00:00,0.0,0.0,23.82,0.0,1.74,2.08,292.4,26.5,22,10,280,2.2919626410233502
2025-10-07 23:00:00,0.0,0.0,23.26,0.0,2.57,3.14,288.2,26.01,23,10,280,3.4599820638525576
2025-10-08 00:00:00,0.0,0.0,22.7,0.0,3.26,4.04,287.0,25.58,0,10,281,4.4516966681415076
2025-10-08 01:00:00,0.0,0.0,22.13,0.0,3.72,4.63,289.8,25.19,1,10,281,5.101820686508708
2025-10-08 02:00:00,0.0,0.0,21.51,0.0,3.85,4.8,293.5,24.87,2,10,281,5.289144556207731
2025-10-08 03:00:00,0.0,0.0,20.88,0.0,3.81,4.74,293.6,24.57,3,10,281,5.223030249255134
2025-10-08 04:00:00,0.0,0.0,20.25,0.0,3.69,4.55,296.5,24.39,4,10,281,5.013668277238578
2025-10-08 05:00:00,0.0,0.0,19.61,0.0,3.43,4.15,301.0,24.32,5,10,281,4.572906230887934
2025-10-08 06:00:00,111.47,273.73,20.33,111.7,2.99,3.62,306.5,24.69,6,10,281,3.9888965194733306
2025-10-08 07:00:00,340.55,583.39,23.14,341.08,2.82,3.04,313.7,26.09,7,10,281,3.3497915522648967
2025-10-08 08:00:00,567.95,735.79,26.68,568.53,2.54,2.65,326.1,27.23,8,10,281,2.9200485570730184
2025-10-08 09:00:00,751.4,822.82,30.48,751.85,2.42,2.63,324.7,28.67,9,10,281,2.898010454755486
2025-10-08 10:00:00,872.42,865.38,32.84,872.67,2.17,2.92,330.3,29.33,10,10,281,3.217562938359703
2025-10-08 11:00:00,908.88,812.83,34.55,909.0,2.48,3.27,345.3,30.02,11,10,281,3.6032297289165167
2025-10-08 12:00:00,878.88,798.48,35.77,878.92,2.87,3.7,356.7,30.63,12,10,281,4.0770489287434595
2025-10-08 13:00:00,773.58,753.47,36.4,773.72,3.17,4.08,1.7,30.99,13,10,281,4.495772872776572
2025-10-08 14:00:00,602.17,677.15,36.46,602.4,3.31,4.31,0.9,31.16,14,10,281,4.749211049428191
2025-10-08 15:00:00,382.65,528.66,35.95,382.98,3.3,4.34,356.7,31.14,15,10,281,4.78226820290449
2025-10-08 16:00:00,150.68,268.99,34.65,150.88,3.1,4.12,352.5,30.9,16,10,281,4.5398490774116365
2025-10-08 17:00:00,8.27,1.65,30.42,8.27,2.39,3.69,352.0,29.75,17,10,281,4.066029877584693
2025-10-08 18:00:00,0.0,0.0,28.56,0.0,2.24,3.34,343.8,29.2,18,10,281,3.6803630870278794
2025-10-08 19:00:00,0.0,0.0,27.81,0.0,2.18,3.26,328.9,28.84,19,10,281,3.5922106777577505
2025-10-08 20:00:00,0.0,0.0,27.07,0.0,2.4,3.69,313.4,28.24,20,10,281,4.066029877584693
2025-10-08 21:00:00,0.0,0.0,26.25,0.0,2.85,4.68,304.4,27.64,21,10,281,5.156915942302538
2025-10-08 22:00:00,0.0,0.0,25.44,0.0,3.69,5.87,303.0,27.29,22,10,281,6.468183030195704
2025-10-08 23:00:00,0.0,0.0,24.74,0.0,4.93,6.89,304.2,26.93,23,10,281,7.592126248389847
2025-10-09 00:00:00,0.0,0.0,24.09,0.0,5.8,7.67,308.0,26.34,0,10,282,8.451612238773604
2025-10-09 01:00:00,0.0,0.0,23.49,0.0,6.42,8.29,314.1,25.79,1,10,282,9.134793410617101
2025-10-09 02:00:00,0.0,0.0,22.93,0.0,6.96,8.79,320.9,25.37,2,10,282,9.685745968555407
2025-10-09 03:00:00,0.0,0.0,22.38,0.0,7.33,9.15,326.6,24.99,3,10,282,10.082431810270988
2025-10-09 04:00:00,0.0,0.0,21.85,0.0,7.43,9.17,329.7,24.6,4,10,282,10.10446991258852
2025-10-09 05:00:00,0.0,0.0,21.35,0.0,7.37,9.06,332.7,24.3,5,10,282,9.983260349842093
2025-10-09 06:00:00,97.6,120.01,21.64,97.93,7.49,8.87,336.8,24.35,6,10,282,9.773898377825535
2025-10-09 07:00:00,313.48,400.15,23.71,314.45,7.93,8.82,339.6,24.96,7,10,282,9.718803122031707
2025-10-09 08:00:00,536.35,561.34,27.28,537.55,7.84,8.52,338.0,25.7,8,10,282,9.388231587268722
2025-10-09 09:00:00,718.92,647.71,30.63,720.03,7.56,8.14,333.2,26.43,9,10,282,8.96950764323561
2025-10-09 10:00:00,839.97,680.08,33.15,840.83,7.31,7.85,329.4,27.04,10,10,282,8.649955159631393
2025-10-09 11:00:00,899.67,770.0,34.69,900.17,6.98,7.5,332.6,27.61,11,10,282,8.26428836907458
2025-10-09 12:00:00,868.33,742.16,35.62,868.38,6.87,7.38,342.3,28.12,12,10,282,8.132059755169387
2025-10-09 13:00:00,761.7,687.9,36.02,761.92,7.08,7.7,351.0,28.41,13,10,282,8.484669392249902
2025-10-09 14:00:00,589.58,604.04,35.85,590.0,7.35,8.14,355.1,28.56,14,10,282,8.96950764323561
2025-10-09 15:00:00,370.65,453.79,35.16,371.2,7.46,8.51,355.3,28.61,15,10,282,9.377212536109957
2025-10-09 16:00:00,142.3,197.46,33.79,142.6,7.42,8.72,353.1,28.52,16,10,282,9.608612610444046
2025-10-09 17:00:00,7.4,0.0,30.26,7.43,6.92,8.84,348.6,27.87,17,10,282,9.740841224349237
2025-10-09 18:00:00,0.0,0.0,28.43,0.0,7.2,9.4,344.3,27.26,18,10,282,10.35790808924014
2025-10-09 19:00:00,0.0,0.0,27.53,0.0,7.36,9.54,342.7,26.8,19,10,282,10.512174805462864
2025-10-09 20:00:00,0.0,0.0,26.33,0.0,7.33,9.49,343.9,26.32,20,10,282,10.457079549669036
2025-10-09 21:00:00,0.0,0.0,25.21,0.0,7.27,9.4,347.6,25.85,21,10,282,10.35790808924014
2025-10-09 22:00:00,0.0,0.0,24.24,0.0,7.24,9.33,354.2,25.35,22,10,282,10.280774731128778
2025-10-09 23:00:00,0.0,0.0,23.39,0.0,7.21,9.19,358.6,24.8,23,10,282,10.126508014906051
2025-10-10 00:00:00,0.0,0.0,22.63,0.0,7.04,8.92,358.5,24.16,0,10,283,9.828993633619367
2025-10-10 01:00:00,0.0,0.0,22.07,0.0,7.17,9.02,356.6,23.79,1,10,283,9.939184145207028
2025-10-10 02:00:00,0.0,0.0,21.48,0.0,7.19,8.95,355.1,23.45,2,10,283,9.862050787095665
2025-10-10 03:00:00,0.0,0.0,20.92,0.0,7.29,9.14,354.0,23.2,3,10,283,10.071412759112222
2025-10-10 04:00:00,0.0,0.0,20.39,0.0,7.51,9.35,353.4,22.99,4,10,283,10.302812833446309
2025-10-10 05:00:00,0.0,0.0,19.86,0.0,7.53,9.29,352.1,22.8,5,10,283,10.236698526493711
2025-10-10 06:00:00,101.2,157.31,19.96,101.85,7.53,8.95,351.7,23.03,6,10,283,9.862050787095665
2025-10-10 07:00:00,327.55,477.59,21.94,329.55,7.84,8.75,351.2,23.93,7,10,283,9.641669763920344
2025-10-10 08:00:00,555.88,656.65,25.58,558.78,8.07,8.96,349.7,25.32,8,10,283,9.873069838254432
2025-10-10 09:00:00,742.0,746.43,28.86,745.3,8.39,9.24,344.9,26.77,9,10,283,10.181603270699883
2025-10-10 10:00:00,865.1,802.22,30.98,868.42,8.34,9.19,337.8,27.95,10,10,283,10.126508014906051
2025-10-10 11:00:00,909.72,792.32,32.61,912.85,8.41,9.35,329.5,28.69,11,10,283,10.302812833446309
2025-10-10 12:00:00,880.95,787.92,33.84,883.75,8.43,9.49,323.4,29.07,12,10,283,10.457079549669036
2025-10-10 13:00:00,776.72,745.0,34.57,779.03,8.43,9.61,319.8,29.21,13,10,283,10.589308163574227
2025-10-10 14:00:00,605.75,671.38,34.7,607.45,8.48,9.8,318.4,29.14,14,10,283,10.798670135590786
2025-10-10 15:00:00,385.0,531.92,34.24,386.05,8.58,10.05,319.1,28.92,15,10,283,11.074146414559937
2025-10-10 16:00:00,148.9,261.12,32.96,149.27,8.71,10.27,320.5,28.46,16,10,283,11.31656554005279
2025-10-10 17:00:00,7.18,0.57,28.62,7.18,8.24,10.0,319.5,27.55,17,10,283,11.019051158766107
2025-10-10 18:00:00,0.0,0.0,26.7,0.0,7.9,9.71,318.6,26.73,18,10,283,10.699498675161891
2025-10-10 19:00:00,0.0,0.0,25.93,0.0,8.24,9.98,322.1,26.18,19,10,283,10.997013056448575
2025-10-10 20:00:00,0.0,0.0,24.95,0.0,8.7,10.4,327.8,25.72,20,10,283,11.45981320511675
2025-10-10 21:00:00,0.0,0.0,23.88,0.0,8.8,10.36,332.4,25.23,21,10,283,11.415737000481686
2025-10-10 22:00:00,0.0,0.0,22.94,0.0,8.88,10.42,334.8,24.8,22,10,283,11.481851307434283
2025-10-10 23:00:00,0.0,0.0,22.04,0.0,9.04,10.63,339.9,24.43,23,10,283,11.713251381768373
2025-10-11 00:00:00,0.0,0.0,21.2,0.0,8.96,10.6,342.8,24.04,0,10,284,11.680194228292073
2025-10-11 01:00:00,0.0,0.0,20.39,0.0,8.88,10.5,343.0,23.7,1,10,284,11.570003716704411
2025-10-11 02:00:00,0.0,0.0,19.65,0.0,8.69,10.27,343.7,23.42,2,10,284,11.31656554005279
2025-10-11 03:00:00,0.0,0.0,18.99,0.0,8.2,9.74,344.8,23.27,3,10,284,10.732555828638189
2025-10-11 04:00:00,0.0,0.0,18.38,0.0,7.45,8.96,345.9,23.17,4,10,284,9.873069838254432
2025-10-11 05:00:00,0.0,0.0,17.86,0.0,6.87,8.35,346.3,23.05,5,10,284,9.200907717569699
2025-10-11 06:00:00,105.07,202.97,18.02,106.32,6.61,7.78,346.3,23.21,6,10,284,8.572821801520032
2025-10-11 07:00:00,336.17,537.75,20.1,339.42,6.8,7.47,345.7,24.08,7,10,284,8.231231215598282
2025-10-11 08:00:00,563.75,731.9,23.41,568.05,6.62,7.17,337.7,25.35,8,10,284,7.9006596808352985
2025-10-11 09:00:00,748.7,808.25,26.85,753.05,6.92,7.48,330.2,26.58,9,10,284,8.242250266757049
2025-10-11 10:00:00,870.7,848.98,29.38,874.65,7.1,7.76,323.1,27.6,10,10,284,8.550783699202498
2025-10-11 11:00:00,911.1,811.49,31.43,914.35,7.02,7.89,316.1,28.29,11,10,284,8.694031364266458
2025-10-11 12:00:00,882.22,808.88,32.89,884.7,6.91,7.9,311.9,28.69,12,10,284,8.705050415425225
2025-10-11 13:00:00,778.15,766.18,33.71,779.03,6.81,7.93,311.7,28.84,13,10,284,8.738107568901523
2025-10-11 14:00:00,605.33,691.03,33.87,606.5,6.87,8.15,314.1,28.89,14,10,284,8.980526694394378
2025-10-11 15:00:00,383.42,551.98,33.25,384.67,7.14,8.6,316.7,28.8,15,10,284,9.476383996538852
2025-10-11 16:00:00,146.3,275.74,31.72,146.88,7.65,9.21,319.0,28.44,16,10,284,10.148546117223585
2025-10-11 17:00:00,6.72,1.23,27.77,6.75,7.41,9.2,320.3,27.59,17,10,284,10.137527066064818
2025-10-11 18:00:00,0.0,0.0,25.74,0.0,7.31,9.13,321.4,26.86,18,10,284,10.060393707953455
2025-10-11 19:00:00,0.0,0.0,24.67,0.0,7.6,9.34,324.5,26.38,19,10,284,10.291793782287543
2025-10-11 20:00:00,0.0,0.0,23.51,0.0,7.9,9.58,330.2,25.93,20,10,284,10.556251010097931
2025-10-11 21:00:00,0.0,0.0,22.48,0.0,7.89,9.45,338.0,25.43,21,10,284,10.41300334503397
2025-10-11 22:00:00,0.0,0.0,21.56,0.0,8.01,9.58,343.3,24.92,22,10,284,10.556251010097931
2025-10-11 23:00:00,0.0,0.0,20.73,0.0,8.25,9.84,346.2,24.5,23,10,284,10.84274634022585
2025-10-12 00:00:00,0.0,0.0,19.95,0.0,8.04,9.62,345.7,24.09,0,10,285,10.600327214732994
2025-10-12 01:00:00,0.0,0.0,19.24,0.0,7.82,9.45,345.6,23.77,1,10,285,10.41300334503397
2025-10-12 02:00:00,0.0,0.0,18.59,0.0,7.73,9.4,344.4,23.49,2,10,285,10.35790808924014
2025-10-12 03:00:00,0.0,0.0,18.02,0.0,7.83,9.5,342.7,23.27,3,10,285,10.468098600827801
2025-10-12 04:00:00,0.0,0.0,17.51,0.0,7.85,9.55,341.1,23.08,4,10,285,10.523193856621633
2025-10-12 05:00:00,0.0,0.0,17.07,0.0,8.0,9.68,337.9,22.89,5,10,285,10.666441521685591
2025-10-12 06:00:00,99.47,171.32,17.68,99.55,8.34,9.76,335.6,22.96,6,10,285,10.75459393095572
2025-10-12 07:00:00,324.45,479.14,19.97,324.77,8.63,9.6,335.6,23.6,7,10,285,10.578289112415462
2025-10-12 08:00:00,552.1,641.44,23.73,552.62,8.43,9.22,334.6,24.48,8,10,285,10.15956516838235
2025-10-12 09:00:00,736.65,727.68,27.1,737.28,8.12,8.79,332.0,25.43,9,10,285,9.685745968555407
2025-10-12 10:00:00,857.85,768.9,29.29,858.58,7.92,8.55,327.9,26.36,10,10,285,9.421288740745021
2025-10-12 11:00:00,906.55,792.74,31.07,907.35,7.9,8.59,325.0,27.08,11,10,285,9.465364945380086
2025-10-12 12:00:00,874.1,777.4,32.43,874.97,8.02,8.8,324.8,27.63,12,10,285,9.696765019714174
2025-10-12 13:00:00,765.4,731.69,33.28,765.92,8.29,9.23,326.6,28.0,13,10,285,10.170584219541118
2025-10-12 14:00:00,589.38,641.7,33.49,590.17,8.58,9.76,329.3,28.21,14,10,285,10.75459393095572
2025-10-12 15:00:00,365.48,475.98,33.0,366.4,8.69,10.14,332.1,28.37,15,10,285,11.173317874988832
2025-10-12 16:00:00,134.05,197.81,31.63,134.52,8.66,10.29,333.9,28.27,16,10,285,11.338603642370323
2025-10-12 17:00:00,5.85,0.0,27.62,5.85,7.75,9.69,332.3,27.51,17,10,285,10.677460572844357
2025-10-12 18:00:00,0.0,0.0,25.77,0.0,7.49,9.6,330.2,26.84,18,10,285,10.578289112415462
2025-10-12 19:00:00,0.0,0.0,24.99,0.0,7.5,9.54,333.2,26.41,19,10,285,10.512174805462864
2025-10-12 20:00:00,0.0,0.0,24.12,0.0,7.4,9.4,339.1,25.96,20,10,285,10.35790808924014
2025-10-12 21:00:00,0.0,0.0,23.26,0.0,7.65,9.55,346.2,25.48,21,10,285,10.523193856621633
2025-10-12 22:00:00,0.0,0.0,22.49,0.0,7.57,9.32,350.1,24.88,22,10,285,10.269755679970011
2025-10-12 23:00:00,0.0,0.0,21.73,0.0,7.53,9.26,351.6,24.3,23,10,285,10.203641373017415
2025-10-13 00:00:00,0.0,0.0,21.0,0.0,7.64,9.4,351.9,23.86,0,10,286,10.35790808924014
2025-10-13 01:00:00,0.0,0.0,20.29,0.0,7.59,9.36,349.4,23.46,1,10,286,10.313831884605076
2025-10-13 02:00:00,0.0,0.0,19.61,0.0,7.68,9.46,346.9,23.16,2,10,286,10.424022396192738
2025-10-13 03:00:00,0.0,0.0,18.95,0.0,7.72,9.47,345.5,22.93,3,10,286,10.435041447351503
2025-10-13 04:00:00,0.0,0.0,18.37,0.0,7.62,9.35,345.0,22.75,4,10,286,10.302812833446309
2025-10-13 05:00:00,0.0,0.0,17.9,0.0,7.51,9.24,344.4,22.58,5,10,286,10.181603270699883
2025-10-13 06:00:00,93.15,138.25,18.24,93.65,7.53,8.98,342.5,22.7,6,10,286,9.895107940571965
2025-10-13 07:00:00,312.55,446.42,20.36,313.98,7.86,8.68,338.7,23.41,7,10,286,9.56453640580898
2025-10-13 08:00:00,537.97,626.34,23.82,539.45,7.69,8.27,332.8,24.3,8,10,286,9.112755308299569
2025-10-13 09:00:00,721.25,718.93,27.72,722.3,7.3,7.78,327.5,25.25,9,10,286,8.572821801520032
2025-10-13 10:00:00,841.8,769.34,30.42,842.38,6.98,7.42,322.4,26.11,10,10,286,8.176135959804451
2025-10-13 11:00:00,885.72,773.25,32.15,885.97,6.65,7.07,317.9,26.78,11,10,286,7.790469169247638
2025-10-13 12:00:00,854.33,767.08,33.43,854.38,6.21,6.63,317.4,27.26,12,10,286,7.305630918261929
2025-10-13 13:00:00,746.7,719.66,34.33,746.95,5.89,6.3,321.5,27.56,13,10,286,6.942002230022647
2025-10-13 14:00:00,573.03,630.88,34.66,573.55,5.79,6.21,329.2,27.63,14,10,286,6.8428307695937525
2025-10-13 15:00:00,352.77,465.18,34.36,353.48,5.91,6.38,336.6,27.39,15,10,286,7.030154639292776
2025-10-13 16:00:00,127.05,196.36,33.12,127.43,6.08,6.69,341.8,26.93,16,10,286,7.371745225214526
2025-10-13 17:00:00,5.18,0.0,28.89,5.18,5.59,6.9,342.5,26.12,17,10,286,7.603145299548614
2025-10-13 18:00:00,0.0,0.0,27.15,0.0,5.42,7.09,339.8,25.67,18,10,286,7.8125072715651696
2025-10-13 19:00:00,0.0,0.0,26.34,0.0,5.5,7.21,337.7,25.47,19,10,286,7.9447358854703625
2025-10-13 20:00:00,0.0,0.0,25.07,0.0,5.52,7.21,338.3,25.07,20,10,286,7.9447358854703625
2025-10-13 21:00:00,0.0,0.0,23.75,0.0,5.25,6.83,342.9,24.62,21,10,286,7.526011941437251
2025-10-13 22:00:00,0.0,0.0,22.7,0.0,4.79,6.17,347.7,24.19,22,10,286,6.798754564958688
2025-10-13 23:00:00,0.0,0.0,21.9,0.0,4.42,5.67,346.8,23.85,23,10,286,6.247802007020383
2025-10-14 00:00:00,0.0,0.0,21.25,0.0,4.32,5.53,342.5,23.64,0,10,287,6.093535290797657
2025-10-14 01:00:00,0.0,0.0,20.67,0.0,4.37,5.63,337.5,23.4,1,10,287,6.203725802385318
2025-10-14 02:00:00,0.0,0.0,20.1,0.0,4.65,6.01,331.8,23.23,2,10,287,6.62244974641843
2025-10-14 03:00:00,0.0,0.0,19.61,0.0,5.2,6.68,327.5,23.08,3,10,287,7.360726174055759
2025-10-14 04:00:00,0.0,0.0,19.22,0.0,5.54,7.1,325.8,22.95,4,10,287,7.823526322723935
2025-10-14 05:00:00,0.0,0.0,18.88,0.0,5.54,7.08,323.4,22.74,5,10,287,7.801488220406403
2025-10-14 06:00:00,89.97,142.29,19.49,90.55,5.43,6.75,320.9,22.9,6,10,287,7.437859532167122
2025-10-14 07:00:00,306.42,446.95,21.89,308.12,5.71,6.28,318.6,24.01,7,10,287,6.919964127705115
2025-10-14 08:00:00,528.28,620.19,25.09,530.2,5.85,6.31,317.2,25.22,8,10,287,6.953021281181413
2025-10-14 09:00:00,709.25,712.45,29.26,710.75,5.82,6.18,316.6,26.35,9,10,287,6.809773616117454
2025-10-14 10:00:00,827.78,758.74,31.92,828.72,5.46,5.8,317.0,27.18,10,10,287,6.391049672084342
2025-10-14 11:00:00,856.65,693.59,33.79,857.1,5.2,5.52,328.8,27.79,11,10,287,6.08251623963889
2025-10-14 12:00:00,823.85,677.59,35.06,824.05,5.69,6.02,344.3,27.98,12,10,287,6.633468797577196
2025-10-14 13:00:00,713.83,616.52,35.75,714.17,6.56,6.99,354.2,27.8,13,10,287,7.702316759977509
2025-10-14 14:00:00,538.47,512.78,35.86,538.72,7.16,7.78,357.5,27.59,14,10,287,8.572821801520032
2025-10-14 15:00:00,322.08,341.41,35.47,322.25,7.23,8.19,357.1,27.67,15,10,287,9.024602899029441
2025-10-14 16:00:00,110.78,109.91,34.16,110.82,7.01,8.25,352.7,27.69,16,10,287,9.090717205982038
2025-10-14 17:00:00,4.32,0.0,30.21,4.32,6.21,8.06,344.8,27.03,17,10,287,8.881355233965483
2025-10-14 18:00:00,0.0,0.0,28.77,0.0,6.04,8.17,337.7,26.51,18,10,287,9.002564796711908
2025-10-14 19:00:00,0.0,0.0,27.72,0.0,6.02,8.06,333.9,26.11,19,10,287,8.881355233965483
2025-10-14 20:00:00,0.0,0.0,26.17,0.0,5.78,7.6,333.3,25.57,20,10,287,8.37447888066224
2025-10-14 21:00:00,0.0,0.0,24.87,0.0,5.43,7.09,335.8,25.08,21,10,287,7.8125072715651696
2025-10-14 22:00:00,0.0,0.0,23.89,0.0,5.16,6.68,340.0,24.64,22,10,287,7.360726174055759
2025-10-14 23:00:00,0.0,0.0,23.06,0.0,5.02,6.47,339.7,24.26,23,10,287,7.129326099721671
2025-10-15 00:00:00,0.0,0.0,22.32,0.0,5.09,6.53,333.6,23.9,0,10,288,7.195440406674268
2025-10-15 01:00:00,0.0,0.0,21.69,0.0,5.53,7.12,330.7,23.66,1,10,288,7.845564425041468
2025-10-15 02:00:00,0.0,0.0,21.14,0.0,6.07,7.73,331.1,23.52,2,10,288,8.517726545726202
2025-10-15 03:00:00,0.0,0.0,20.66,0.0,6.34,7.98,330.5,23.36,3,10,288,8.793202824695353
2025-10-15 04:00:00,0.0,0.0,20.21,0.0,6.37,8.02,329.2,23.24,4,10,288,8.837279029330418
2025-10-15 05:00:00,0.0,0.0,19.8,0.0,6.38,8.03,326.8,23.11,5,10,288,8.848298080489183
2025-10-15 06:00:00,81.57,101.26,19.9,81.82,6.61,8.03,325.0,23.31,6,10,288,8.848298080489183
2025-10-15 07:00:00,286.95,378.95,21.65,287.75,7.16,7.94,326.6,24.32,7,10,288,8.74912662006029
2025-10-15 08:00:00,504.83,556.2,25.06,505.83,7.31,7.99,327.6,25.51,8,10,288,8.80422187585412
2025-10-15 09:00:00,684.03,653.26,28.86,684.95,7.43,8.1,326.6,26.73,9,10,288,8.925431438600546
2025-10-15 10:00:00,801.8,696.45,31.4,802.5,7.36,8.11,325.0,27.67,10,10,288,8.936450489759311
2025-10-15 11:00:00,834.28,648.51,33.19,834.85,6.92,7.88,322.6,28.31,11,10,288,8.683012313107692
2025-10-15 12:00:00,800.2,618.71,34.54,800.75,6.51,7.66,318.3,28.62,12,10,288,8.440593187614837
2025-10-15 13:00:00,690.95,565.18,35.35,691.2,6.41,7.67,317.3,28.68,13,10,288,8.451612238773604
2025-10-15 14:00:00,516.45,452.27,35.61,517.03,6.57,7.91,322.0,28.58,14,10,288,8.71606946658399
2025-10-15 15:00:00,305.33,291.28,35.33,305.98,6.85,8.3,327.7,28.35,15,10,288,9.145812461775868
2025-10-15 16:00:00,104.35,86.15,34.06,104.65,7.06,8.66,332.6,28.03,16,10,288,9.542498303491449
2025-10-15 17:00:00,3.9,0.0,30.29,3.9,6.75,8.79,333.9,27.37,17,10,288,9.685745968555407
2025-10-15 18:00:00,0.0,0.0,28.99,0.0,6.82,8.98,333.6,26.92,18,10,288,9.895107940571965
2025-10-15 19:00:00,0.0,0.0,28.42,0.0,6.7,8.69,334.7,26.5,19,10,288,9.575555456967747
2025-10-15 20:00:00,0.0,0.0,27.22,0.0,6.34,8.12,338.0,26.05,20,10,288,8.947469540918078
2025-10-15 21:00:00,0.0,0.0,25.84,0.0,6.02,7.63,339.8,25.58,21,10,288,8.40753603413854
2025-10-15 22:00:00,0.0,0.0,24.67,0.0,5.92,7.39,337.1,25.13,22,10,288,8.143078806328152
2025-10-15 23:00:00,0.0,0.0,23.71,0.0,6.24,7.72,332.3,24.78,23,10,288,8.506707494567435
2025-10-16 00:00:00,0.0,0.0,22.91,0.0,6.93,8.47,328.0,24.49,0,10,289,9.333136331474893
2025-10-16 01:00:00,0.0,0.0,22.21,0.0,7.77,9.36,324.9,24.14,1,10,289,10.313831884605076
2025-10-16 02:00:00,0.0,0.0,21.6,0.0,8.43,10.03,323.6,23.86,2,10,289,11.052108312242405
2025-10-16 03:00:00,0.0,0.0,21.02,0.0,8.5,10.07,323.1,23.57,3,10,289,11.09618451687747
2025-10-16 04:00:00,0.0,0.0,20.54,0.0,8.16,9.73,323.9,23.32,4,10,289,10.721536777479422
2025-10-16 05:00:00,0.0,0.0,20.15,0.0,7.72,9.25,325.7,23.08,5,10,289,10.192622321858648
2025-10-16 06:00:00,83.53,117.44,20.49,83.72,7.43,8.74,324.9,23.08,6,10,289,9.630650712761577
2025-10-16 07:00:00,293.98,421.76,22.36,294.67,7.73,8.61,324.3,23.81,7,10,289,9.487403047697617
2025-10-16 08:00:00,514.5,590.44,25.53,515.3,7.88,8.64,324.8,24.85,8,10,289,9.520460201173917
2025-10-16 09:00:00,694.85,692.99,29.12,695.53,8.02,8.76,323.0,25.94,9,10,289,9.65268881507911
2025-10-16 10:00:00,813.12,743.93,31.8,813.58,7.87,8.63,320.6,26.93,10,10,289,9.509441150015151
2025-10-16 11:00:00,846.7,709.66,33.82,846.95,7.39,8.2,316.4,27.68,11,10,289,9.035621950188206
2025-10-16 12:00:00,813.6,690.55,35.4,813.72,6.83,7.8,311.9,28.15,12,10,289,8.594859903837563
2025-10-16 13:00:00,701.5,624.13,36.37,701.5,6.41,7.53,317.6,28.32,13,10,289,8.297345522550879
2025-10-16 14:00:00,519.4,490.21,36.66,519.45,6.49,7.64,329.0,28.2,14,10,289,8.418555085297305
2025-10-16 15:00:00,300.1,303.17,36.4,300.17,6.78,8.03,336.4,27.97,15,10,289,8.848298080489183
2025-10-16 16:00:00,102.03,105.1,34.99,102.07,6.89,8.35,338.6,27.74,16,10,289,9.200907717569699
2025-10-16 17:00:00,3.58,0.0,30.95,3.58,6.88,8.84,337.9,27.2,17,10,289,9.740841224349237
2025-10-16 18:00:00,0.0,0.0,29.1,0.0,7.21,9.32,334.6,26.86,18,10,289,10.269755679970011
2025-10-16 19:00:00,0.0,0.0,28.32,0.0,7.23,9.29,329.1,26.55,19,10,289,10.236698526493711
2025-10-16 20:00:00,0.0,0.0,27.47,0.0,7.15,9.07,323.5,26.15,20,10,289,9.99427940100086
2025-10-16 21:00:00,0.0,0.0,26.38,0.0,7.2,8.93,320.5,25.76,21,10,289,9.840012684778133
2025-10-16 22:00:00,0.0,0.0,25.12,0.0,7.4,9.05,317.9,25.32,22,10,289,9.972241298683327
2025-10-16 23:00:00,0.0,0.0,23.99,0.0,7.74,9.33,314.6,24.85,23,10,289,10.280774731128778
2025-10-17 00:00:00,0.0,0.0,23.13,0.0,8.06,9.61,315.0,24.42,0,10,290,10.589308163574227
2025-10-17 01:00:00,0.0,0.0,22.45,0.0,8.17,9.72,317.9,24.12,1,10,290,10.710517726320656
2025-10-17 02:00:00,0.0,0.0,21.91,0.0,8.16,9.77,320.6,23.96,2,10,290,10.765612982114487
2025-10-17 03:00:00,0.0,0.0,21.43,0.0,8.06,9.68,321.0,23.76,3,10,290,10.666441521685591
2025-10-17 04:00:00,0.0,0.0,20.98,0.0,8.04,9.66,320.6,23.54,4,10,290,10.644403419368059
2025-10-17 05:00:00,0.0,0.0,20.54,0.0,8.08,9.69,319.3,23.33,5,10,290,10.677460572844357
2025-10-17 06:00:00,82.32,111.58,20.85,82.5,8.31,9.73,318.8,23.32,6,10,290,10.721536777479422
2025-10-17 07:00:00,292.83,407.5,22.85,293.35,8.7,9.69,320.6,23.91,7,10,290,10.677460572844357
2025-10-17 08:00:00,512.78,568.71,25.96,513.5,8.78,9.67,322.2,24.77,8,10,290,10.655422470526824
2025-10-17 09:00:00,693.83,673.95,29.7,694.5,8.77,9.63,323.1,25.7,9,10,290,10.611346265891761
2025-10-17 10:00:00,813.38,720.52,32.48,813.92,8.58,9.42,322.0,26.6,10,10,290,10.379946191557673
2025-10-17 11:00:00,843.38,665.36,34.66,843.83,8.06,8.95,317.4,27.39,11,10,290,9.862050787095665
2025-10-17 12:00:00,813.15,659.68,36.38,813.5,7.4,8.47,317.2,28.04,12,10,290,9.333136331474893
2025-10-17 13:00:00,706.95,621.52,37.36,707.17,6.81,8.07,325.0,28.37,13,10,290,8.892374285124248
2025-10-17 14:00:00,536.2,530.7,37.65,536.53,6.47,7.97,333.9,28.52,14,10,290,8.782183773536588
2025-10-17 15:00:00,321.75,387.01,37.33,322.1,6.37,8.16,340.5,28.56,15,10,290,8.991545745553143
2025-10-17 16:00:00,108.78,139.22,35.76,108.93,6.47,8.53,342.8,28.38,16,10,290,9.399250638427489
2025-10-17 17:00:00,3.42,0.0,31.69,3.42,6.54,9.15,340.1,27.75,17,10,290,10.082431810270988
2025-10-17 18:00:00,0.0,0.0,29.49,0.0,7.19,9.75,334.7,27.32,18,10,290,10.743574879796954
2025-10-17 19:00:00,0.0,0.0,28.8,0.0,7.35,9.72,330.4,26.92,19,10,290,10.710517726320656
2025-10-17 20:00:00,0.0,0.0,27.8,0.0,7.36,9.48,327.8,26.5,20,10,290,10.446060498510269
2025-10-17 21:00:00,0.0,0.0,26.36,0.0,7.26,9.12,328.8,26.04,21,10,290,10.049374656794688
2025-10-17 22:00:00,0.0,0.0,25.04,0.0,7.39,9.05,328.0,25.6,22,10,290,9.972241298683327
2025-10-17 23:00:00,0.0,0.0,23.94,0.0,7.81,9.41,325.8,25.16,23,10,290,10.368927140398906
2025-10-18 00:00:00,0.0,0.0,23.16,0.0,8.25,9.85,324.4,24.77,0,10,291,10.853765391384615
2025-10-18 01:00:00,0.0,0.0,22.7,0.0,8.6,10.18,322.3,24.38,1,10,291,11.217394079623896
2025-10-18 02:00:00,0.0,0.0,22.4,0.0,8.97,10.61,321.2,24.02,2,10,291,11.691213279450839
2025-10-18 03:00:00,0.0,0.0,22.17,0.0,8.97,10.64,321.4,23.79,3,10,291,11.724270432927138
2025-10-18 04:00:00,0.0,0.0,21.92,0.0,8.57,10.21,319.4,23.59,4,10,291,11.250451233100195
2025-10-18 05:00:00,0.0,0.0,21.68,0.0,8.32,9.91,317.1,23.3,5,10,291,10.919879698337212
2025-10-18 06:00:00,79.82,103.09,22.03,79.97,8.24,9.65,316.1,23.21,6,10,291,10.633384368209294
2025-10-18 07:00:00,288.0,400.24,24.2,288.45,8.5,9.49,316.7,23.97,7,10,291,10.457079549669036
2025-10-18 08:00:00,506.3,562.85,27.07,506.83,8.67,9.63,319.0,25.27,8,10,291,10.611346265891761
2025-10-18 09:00:00,686.33,662.51,30.61,686.72,9.02,10.06,320.4,26.5,9,10,291,11.085165465718704
2025-10-18 10:00:00,805.17,709.83,33.62,805.42,9.31,10.54,321.4,27.5,10,10,291,11.614079921339476
2025-10-18 11:00:00,842.4,687.1,36.11,842.53,9.45,10.91,320.8,28.31,11,10,291,12.021784814213822
2025-10-18 12:00:00,811.38,677.97,37.58,811.42,9.46,11.19,320.1,28.94,12,10,291,12.330318246659273
2025-10-18 13:00:00,697.53,625.41,38.15,703.47,9.41,11.39,320.1,29.39,13,10,291,12.550699269834595
2025-10-18 14:00:00,523.5,508.98,38.09,531.5,9.48,11.63,321.9,29.52,14,10,291,12.815156497644983
2025-10-18 15:00:00,309.35,339.01,37.49,316.27,9.5,11.75,324.1,29.39,15,10,291,12.947385111550176
2025-10-18 16:00:00,110.07,109.78,35.62,111.85,9.21,11.41,325.1,28.85,16,10,291,12.572737372152128
2025-10-18 17:00:00,0.0,0.0,31.52,0.0,8.75,11.11,324.9,27.72,17,10,291,12.242165837389145
2025-10-18 18:00:00,0.0,0.0,30.48,0.0,9.03,11.14,326.2,26.81,18,10,291,12.275222990865444
2025-10-18 19:00:00,0.0,0.0,29.73,0.0,8.91,10.72,328.3,26.01,19,10,291,11.812422842197266
2025-10-18 20:00:00,0.0,0.0,28.4,0.0,8.42,10.05,332.5,25.25,20,10,291,11.074146414559937
2025-10-18 21:00:00,0.0,0.0,27.18,0.0,7.86,9.4,336.0,24.64,21,10,291,10.35790808924014
2025-10-18 22:00:00,0.0,0.0,26.14,0.0,7.59,9.07,335.4,23.94,22,10,291,9.99427940100086
2025-10-18 23:00:00,0.0,0.0,25.09,0.0,7.66,9.16,331.0,23.28,23,10,291,10.093450861429753
2025-10-19 00:00:00,0.0,0.0,24.18,0.0,8.27,9.85,328.0,22.84,0,10,292,10.853765391384615
2025-10-19 01:00:00,0.0,0.0,23.46,0.0,8.74,10.35,325.6,22.35,1,10,292,11.40471794932292
2025-10-19 02:00:00,0.0,0.0,22.85,0.0,8.88,10.48,324.3,21.93,2,10,292,11.54796561438688
2025-10-19 03:00:00,0.0,0.0,22.3,0.0,8.78,10.37,323.6,21.67,3,10,292,11.426756051640451
2025-10-19 04:00:00,0.0,0.0,21.73,0.0,8.65,10.23,323.2,21.55,4,10,292,11.272489335417728
2025-10-19 05:00:00,0.0,0.0,21.21,0.0,8.49,10.07,323.9,21.56,5,10,292,11.09618451687747
2025-10-19 06:00:00,78.9,101.29,21.36,79.1,8.34,9.81,324.3,21.91,6,10,292,10.809689186749551
2025-10-19 07:00:00,288.95,406.21,23.41,289.6,8.7,9.67,323.5,23.31,7,10,292,10.655422470526824
2025-10-19 08:00:00,508.25,572.17,26.25,509.1,9.02,9.89,325.8,25.18,8,10,292,10.89784159601968
2025-10-19 09:00:00,689.35,674.42,29.45,690.17,8.83,9.92,328.7,27.29,9,10,292,10.930898749495977
2025-10-19 10:00:00,808.88,722.92,32.6,809.5,8.49,9.98,327.0,28.84,10,10,292,10.997013056448575
2025-10-19 11:00:00,858.1,754.66,35.1,858.4,8.4,10.22,323.2,29.75,11,10,292,11.261470284258962
2025-10-19 12:00:00,824.69,741.1,36.38,826.21,8.49,10.55,321.0,30.19,12,10,292,11.625098972498243
2025-10-19 13:00:00,714.83,677.65,36.95,719.35,8.63,10.86,321.6,30.31,13,10,292,11.966689558419992
2025-10-19 14:00:00,539.25,578.26,36.97,547.28,8.72,11.06,323.4,30.2,14,10,292,12.187070581595314
2025-10-19 15:00:00,321.6,368.2,36.42,329.92,8.75,11.15,326.1,29.86,15,10,292,12.28624204202421
2025-10-19 16:00:00,113.4,144.49,34.6,116.5,8.46,10.82,327.6,29.14,16,10,292,11.922613353784927
2025-10-19 17:00:00,0.0,0.0,30.32,0.0,8.16,10.73,325.9,27.8,17,10,292,11.823441893356033
2025-10-19 18:00:00,0.0,0.0,28.75,0.0,8.77,11.01,329.1,26.86,18,10,292,12.131975325801482
2025-10-19 19:00:00,0.0,0.0,28.0,0.0,8.82,10.84,336.6,26.22,19,10,292,11.94465145610246
2025-10-19 20:00:00,0.0,0.0,27.19,0.0,8.44,10.31,339.4,25.67,20,10,292,11.360641744687857
2025-10-19 21:00:00,0.0,0.0,26.17,0.0,8.1,9.76,336.9,24.9,21,10,292,10.75459393095572
2025-10-19 22:00:00,0.0,0.0,25.06,0.0,8.0,9.54,333.8,24.2,22,10,292,10.512174805462864
2025-10-19 23:00:00,0.0,0.0,24.05,0.0,7.93,9.41,332.7,23.58,23,10,292,10.368927140398906
2025-10-20 00:00:00,0.0,0.0,23.12,0.0,7.73,9.15,332.0,23.08,0,10,293,10.082431810270988
2025-10-20 01:00:00,0.0,0.0,22.22,0.0,7.6,8.96,330.8,22.69,1,10,293,9.873069838254432
2025-10-20 02:00:00,0.0,0.0,21.42,0.0,7.53,8.92,331.6,22.43,2,10,293,9.828993633619367
2025-10-20 03:00:00,0.0,0.0,20.73,0.0,7.35,8.77,335.6,22.3,3,10,293,9.663707866237875
2025-10-20 04:00:00,0.0,0.0,20.1,0.0,6.78,8.19,337.0,22.1,4,10,293,9.024602899029441
2025-10-20 05:00:00,0.0,0.0,19.46,0.0,6.22,7.55,336.0,21.86,5,10,293,8.31938362486841
2025-10-20 06:00:00,82.0,139.38,19.65,82.4,5.82,6.93,334.4,21.98,6,10,293,7.636202453024912
2025-10-20 07:00:00,293.17,436.36,22.1,294.17,5.54,5.95,332.7,23.3,7,10,293,6.556335439465833
2025-10-20 08:00:00,513.53,595.34,25.01,514.5,4.8,5.04,332.8,25.41,8,10,293,5.5536017840181175
2025-10-20 09:00:00,693.78,701.55,28.04,694.5,3.71,3.84,331.6,27.45,9,10,293,4.231315644966185
2025-10-20 10:00:00,812.17,742.92,31.62,812.67,2.91,3.05,315.5,29.25,10,10,293,3.3608106034236624
2025-10-20 11:00:00,856.17,755.62,34.45,856.47,2.16,2.71,299.4,30.23,11,10,293,2.986162864025615
2025-10-20 12:00:00,823.55,742.95,35.75,823.65,2.03,2.48,284.9,30.87,12,10,293,2.7327246873739943
2025-10-20 13:00:00,715.8,697.06,36.41,716.12,1.95,2.35,276.9,31.71,13,10,293,2.589477022310035
2025-10-20 14:00:00,543.12,611.47,36.45,543.75,1.83,2.24,279.0,32.26,14,10,293,2.468267459563608
2025-10-20 15:00:00,325.7,448.52,35.93,326.48,1.74,2.17,287.7,32.22,15,10,293,2.391134101452245
2025-10-20 16:00:00,113.82,181.33,34.32,114.25,1.62,2.26,302.7,31.32,16,10,293,2.49030556188114
2025-10-20 17:00:00,0.0,0.0,30.7,0.0,2.04,2.97,324.2,29.39,17,10,293,3.272658194153534
2025-10-20 18:00:00,0.0,0.0,28.83,0.0,2.7,4.12,338.9,28.19,18,10,293,4.5398490774116365
2025-10-20 19:00:00,0.0,0.0,27.5,0.0,2.97,4.83,356.2,27.29,19,10,293,5.3222017096840295
2025-10-20 20:00:00,0.0,0.0,26.52,0.0,2.91,4.8,9.6,26.77,20,10,293,5.289144556207731
2025-10-20 21:00:00,0.0,0.0,25.66,0.0,3.05,4.51,11.6,26.33,21,10,293,4.969592072603514
2025-10-20 22:00:00,0.0,0.0,24.79,0.0,3.54,4.55,14.1,25.66,22,10,293,5.013668277238578
2025-10-20 23:00:00,0.0,0.0,23.88,0.0,3.52,4.38,13.9,24.75,23,10,293,4.826344407539555
2025-10-21 00:00:00,0.0,0.0,22.97,0.0,3.3,4.08,359.0,24.06,0,10,294,4.495772872776572
2025-10-21 01:00:00,0.0,0.0,22.12,0.0,3.61,4.63,334.3,23.71,1,10,294,5.101820686508708
2025-10-21 02:00:00,0.0,0.0,21.4,0.0,4.47,5.74,323.6,23.65,2,10,294,6.324935365131745
2025-10-21 03:00:00,0.0,0.0,20.84,0.0,4.52,5.82,326.6,23.61,3,10,294,6.413087774401874
2025-10-21 04:00:00,0.0,0.0,20.4,0.0,4.03,5.27,330.8,23.64,4,10,294,5.807039960669738
2025-10-21 05:00:00,0.0,0.0,20.04,0.0,3.69,4.86,329.2,23.72,5,10,294,5.355258863160328
2025-10-21 06:00:00,77.3,104.42,20.47,77.35,3.67,4.79,324.1,24.08,6,10,294,5.2781255050489655
2025-10-21 07:00:00,290.9,425.9,24.0,291.08,4.21,4.7,316.6,25.36,7,10,294,5.17895404462007
2025-10-21 08:00:00,512.53,595.63,27.0,512.78,4.58,5.07,305.0,26.3,8,10,294,5.586658937494416
2025-10-21 09:00:00,694.08,696.79,30.64,694.35,4.91,5.46,300.5,27.36,9,10,294,6.0164019326862945
2025-10-21 10:00:00,812.83,738.11,33.92,813.12,4.24,5.21,297.8,28.31,10,10,294,5.740925653717142
2025-10-21 11:00:00,853.35,739.45,35.76,853.7,3.13,4.26,298.8,29.28,11,10,294,4.694115793634361
2025-10-21 12:00:00,820.4,727.58,36.73,820.75,2.35,3.07,314.7,30.33,12,10,294,3.3828487057411945
2025-10-21 13:00:00,712.45,681.17,37.16,712.7,2.23,2.68,346.6,30.92,13,10,294,2.9531057105493166
2025-10-21 14:00:00,539.45,596.12,37.14,539.78,2.6,3.12,10.3,31.22,14,10,294,3.4379439615350256
2025-10-21 15:00:00,322.38,430.01,36.67,322.7,2.83,3.51,20.9,31.14,15,10,294,3.867686956726903
2025-10-21 16:00:00,109.28,165.4,35.12,109.43,2.62,3.62,24.4,30.39,16,10,294,3.9888965194733306
2025-10-21 17:00:00,0.0,0.0,32.37,0.0,2.15,3.25,15.9,28.75,17,10,294,3.5811916265989847
2025-10-21 18:00:00,0.0,0.0,30.13,0.0,2.15,3.16,349.6,28.23,18,10,294,3.48202016617009
2025-10-21 19:00:00,0.0,0.0,28.06,0.0,2.57,3.95,330.5,27.51,19,10,294,4.352525207712612
2025-10-21 20:00:00,0.0,0.0,26.67,0.0,2.99,4.87,323.2,26.93,20,10,294,5.366277914319094
2025-10-21 21:00:00,0.0,0.0,25.73,0.0,3.54,5.23,322.4,26.48,21,10,294,5.762963756034674
2025-10-21 22:00:00,0.0,0.0,24.83,0.0,4.14,5.64,315.9,25.86,22,10,294,6.214744853544084
2025-10-21 23:00:00,0.0,0.0,23.95,0.0,4.91,6.4,308.9,25.37,23,10,294,7.052192741610309
2025-10-22 00:00:00,0.0,0.0,23.14,0.0,5.67,7.07,304.9,25.03,0,10,295,7.790469169247638
2025-10-22 01:00:00,0.0,0.0,22.4,0.0,6.22,7.57,302.2,24.51,1,10,295,8.341421727185944
2025-10-22 02:00:00,0.0,0.0,21.77,0.0,6.41,7.76,301.4,24.07,2,10,295,8.550783699202498
2025-10-22 03:00:00,0.0,0.0,21.21,0.0,6.37,7.71,300.7,23.72,3,10,295,8.495688443408667
2025-10-22 04:00:00,0.0,0.0,20.7,0.0,6.28,7.63,299.7,23.43,4,10,295,8.40753603413854
2025-10-22 05:00:00,0.0,0.0,20.2,0.0,6.11,7.48,297.6,23.2,5,10,295,8.242250266757049
2025-10-22 06:00:00,74.28,93.66,20.5,74.47,6.05,7.31,294.5,23.16,6,10,295,8.054926397058024
2025-10-22 07:00:00,282.92,410.15,23.56,283.7,6.11,6.71,291.8,24.1,7,10,295,7.3937833275320575
2025-10-22 08:00:00,502.05,576.02,26.57,503.08,5.39,5.78,294.7,25.29,8,10,295,6.36901156976681
2025-10-22 09:00:00,682.6,679.75,30.52,683.58,4.47,4.79,297.1,26.52,9,10,295,5.2781255050489655
2025-10-22 10:00:00,801.28,724.22,33.99,802.05,3.02,3.55,292.0,27.68,10,10,295,3.9117631613619674
2025-10-22 11:00:00,835.33,693.41,35.91,835.85,1.48,1.81,300.3,28.88,11,10,295,1.9944482597366653
2025-10-22 12:00:00,802.92,686.61,36.86,803.17,1.13,1.04,26.3,29.85,12,10,295,1.1459813205116751
2025-10-22 13:00:00,694.9,645.49,37.27,694.9,2.12,2.28,65.7,30.16,13,10,295,2.512343664198672
2025-10-22 14:00:00,522.75,552.28,37.28,522.97,2.65,3.12,76.5,30.21,14,10,295,3.4379439615350256
2025-10-22 15:00:00,307.85,390.92,36.83,308.15,2.58,3.12,82.1,30.33,15,10,295,3.4379439615350256
2025-10-22 16:00:00,101.35,131.91,35.34,101.5,2.12,2.88,85.2,30.06,16,10,295,3.1734867337246384
2025-10-22 17:00:00,0.0,0.0,32.18,0.0,1.5,2.11,93.8,29.34,17,10,295,2.3250197944996485
2025-10-22 18:00:00,0.0,0.0,29.73,0.0,0.65,0.88,142.0,29.68,18,10,295,0.9696765019714174
2025-10-22 19:00:00,0.0,0.0,28.23,0.0,1.02,1.43,226.7,29.01,19,10,295,1.5757243157035532
2025-10-22 20:00:00,0.0,0.0,27.36,0.0,1.52,2.21,246.8,28.16,20,10,295,2.4352103060873094
2025-10-22 21:00:00,0.0,0.0,26.58,0.0,1.65,2.45,260.8,27.64,21,10,295,2.6996675338976965
2025-10-22 22:00:00,0.0,0.0,25.72,0.0,1.74,2.66,274.5,27.04,22,10,295,2.9310676082317846
2025-10-22 23:00:00,0.0,0.0,24.75,0.0,2.17,3.28,280.9,26.47,23,10,295,3.614248780075283
2025-10-23 00:00:00,0.0,0.0,23.8,0.0,3.02,3.95,284.2,26.13,0,10,296,4.352525207712612
2025-10-23 01:00:00,0.0,0.0,22.96,0.0,3.42,4.24,289.4,25.6,1,10,296,4.672077691316829
2025-10-23 02:00:00,0.0,0.0,22.18,0.0,3.45,4.23,295.2,25.07,2,10,296,4.661058640158063
2025-10-23 03:00:00,0.0,0.0,21.49,0.0,3.31,4.02,298.7,24.68,3,10,296,4.429658565823974
2025-10-23 04:00:00,0.0,0.0,20.9,0.0,3.12,3.74,302.9,24.44,4,10,296,4.121125133378524
2025-10-23 05:00:00,0.0,0.0,20.38,0.0,2.78,3.29,307.2,24.28,5,10,296,3.625267831234049
2025-10-23 06:00:00,71.3,80.49,20.62,71.5,2.38,2.78,309.5,24.3,6,10,296,3.0632962221369775
2025-10-23 07:00:00,278.15,391.71,23.22,278.92,2.05,2.28,311.1,25.46,7,10,296,2.512343664198672
2025-10-23 08:00:00,496.98,560.76,26.09,497.92,1.58,1.59,315.8,26.7,8,10,296,1.752029134243811
2025-10-23 09:00:00,677.45,670.94,30.04,678.3,0.71,0.92,261.9,27.91,9,10,296,1.0137527066064818
2025-10-23 10:00:00,796.33,712.88,33.35,796.95,0.57,0.99,182.3,29.52,10,10,296,1.0908860647178444
2025-10-23 11:00:00,831.65,687.93,35.36,832.1,1.56,1.84,124.4,30.44,11,10,296,2.0275054132129635
2025-10-23 12:00:00,798.58,673.38,36.42,798.85,2.6,3.11,113.1,30.97,12,10,296,3.426924910376259
2025-10-23 13:00:00,689.65,632.13,36.98,690.1,3.22,3.99,115.9,31.31,13,10,296,4.396601412347676
2025-10-23 14:00:00,517.17,529.47,37.07,517.8,3.5,4.43,120.2,31.4,14,10,296,4.881439663333385
2025-10-23 15:00:00,303.33,375.11,36.63,303.95,3.52,4.55,124.4,31.24,15,10,296,5.013668277238578
2025-10-23 16:00:00,98.07,111.85,34.94,98.32,3.12,4.43,123.9,30.55,16,10,296,4.881439663333385
2025-10-23 17:00:00,0.0,0.0,31.56,0.0,2.49,3.88,129.4,29.06,17,10,296,4.275391849601249
2025-10-23 18:00:00,0.0,0.0,29.47,0.0,1.72,2.49,148.5,29.09,18,10,296,2.743743738532761
2025-10-23 19:00:00,0.0,0.0,28.19,0.0,1.18,1.6,211.2,29.12,19,10,296,1.7630481854025772
2025-10-23 20:00:00,0.0,0.0,27.2,0.0,1.96,2.89,255.6,27.81,20,10,296,3.184505784883405
2025-10-23 21:00:00,0.0,0.0,26.15,0.0,2.54,4.1,273.1,27.06,21,10,296,4.517810975094103
2025-10-23 22:00:00,0.0,0.0,25.18,0.0,3.17,4.97,289.3,26.68,22,10,296,5.476468425906755
2025-10-23 23:00:00,0.0,0.0,24.3,0.0,4.19,5.81,300.5,26.33,23,10,296,6.402068723243108
2025-10-24 00:00:00,0.0,0.0,23.51,0.0,5.04,6.64,305.7,25.77,0,10,297,7.316649969420695
2025-10-24 01:00:00,0.0,0.0,22.75,0.0,5.62,7.3,310.5,25.17,1,10,297,8.043907345899258
2025-10-24 02:00:00,0.0,0.0,22.03,0.0,6.06,7.81,315.9,24.73,2,10,297,8.60587895499633
2025-10-24 03:00:00,0.0,0.0,21.38,0.0,6.2,7.95,320.4,24.41,3,10,297,8.760145671219055
2025-10-24 04:00:00,0.0,0.0,20.8,0.0,5.98,7.64,321.5,24.09,4,10,297,8.418555085297305
2025-10-24 05:00:00,0.0,0.0,20.26,0.0,5.56,7.12,320.4,23.79,5,10,297,7.845564425041468
2025-10-24 06:00:00,73.15,96.26,20.21,73.25,5.42,6.79,317.4,23.83,6,10,297,7.481935736802186
2025-10-24 07:00:00,286.3,439.54,22.01,286.7,6.11,6.81,316.1,24.93,7,10,297,7.503973839119718
2025-10-24 08:00:00,507.6,611.99,25.2,508.05,6.47,7.12,322.0,26.09,8,10,297,7.845564425041468
2025-10-24 09:00:00,688.62,723.42,29.36,689.03,6.52,7.2,327.6,27.35,9,10,297,7.933716834311597
2025-10-24 10:00:00,807.3,762.0,32.58,807.58,6.16,7.18,328.1,28.46,10,10,297,7.911678731994065
2025-10-24 11:00:00,837.8,707.8,34.22,837.95,5.46,6.92,324.8,29.14,11,10,297,7.6251834018661455
2025-10-24 12:00:00,804.97,695.06,35.24,805.05,5.02,6.71,324.2,29.5,12,10,297,7.3937833275320575
2025-10-24 13:00:00,696.88,657.31,35.78,697.17,4.97,6.77,327.8,29.68,13,10,297,7.459897634484654
2025-10-24 14:00:00,525.0,560.91,35.77,525.62,5.22,7.09,333.8,29.68,14,10,297,7.8125072715651696
2025-10-24 15:00:00,309.92,410.0,35.21,310.62,5.48,7.4,339.8,29.44,15,10,297,8.154097857486919
2025-10-24 16:00:00,99.68,134.75,33.2,100.0,5.29,7.3,342.7,28.97,16,10,297,8.043907345899258
2025-10-24 17:00:00,0.0,0.0,28.88,0.0,4.43,7.28,340.6,27.75,17,10,297,8.021869243581726
2025-10-24 18:00:00,0.0,0.0,27.45,0.0,4.93,7.97,337.7,27.39,18,10,297,8.782183773536588
2025-10-24 19:00:00,0.0,0.0,26.65,0.0,5.5,8.41,340.1,27.13,19,10,297,9.267022024522296
2025-10-24 20:00:00,0.0,0.0,25.68,0.0,5.74,8.24,344.7,26.64,20,10,297,9.079698154823273
2025-10-24 21:00:00,0.0,0.0,24.69,0.0,5.63,7.68,350.0,26.08,21,10,297,8.46263128993237
2025-10-24 22:00:00,0.0,0.0,23.83,0.0,5.2,6.89,355.8,25.52,22,10,297,7.592126248389847
2025-10-24 23:00:00,0.0,0.0,23.01,0.0,4.69,6.07,357.8,24.93,23,10,297,6.688564053371027
2025-10-25 00:00:00,0.0,0.0,22.2,0.0,4.23,5.39,355.0,24.33,0,10,298,5.939268574574931
2025-10-25 01:00:00,0.0,0.0,21.47,0.0,4.03,5.1,348.8,23.78,1,10,298,5.619716090970714
2025-10-25 02:00:00,0.0,0.0,20.81,0.0,4.1,5.27,340.4,23.38,2,10,298,5.807039960669738
2025-10-25 03:00:00,0.0,0.0,20.26,0.0,4.25,5.47,334.2,23.13,3,10,298,6.02742098384506
2025-10-25 04:00:00,0.0,0.0,19.72,0.0,4.18,5.37,329.5,22.86,4,10,298,5.917230472257399
2025-10-25 05:00:00,0.0,0.0,19.2,0.0,4.11,5.28,326.4,22.59,5,10,298,5.818059011828504
2025-10-25 06:00:00,73.55,124.64,19.34,74.3,4.17,5.3,322.0,22.67,6,10,298,5.840097114146037
2025-10-25 07:00:00,284.73,433.63,21.59,287.2,4.74,5.19,320.5,24.12,7,10,298,5.71888755139961
2025-10-25 08:00:00,505.0,607.14,24.86,508.17,4.94,5.3,323.5,25.68,8,10,298,5.840097114146037
2025-10-25 09:00:00,685.85,711.85,28.76,688.62,5.31,5.9,330.9,27.48,9,10,298,6.501240183672003
2025-10-25 10:00:00,804.88,762.13,31.88,806.75,5.04,6.2,332.2,29.04,10,10,298,6.831811718434986
2025-10-25 11:00:00,847.95,766.59,33.73,848.8,4.68,6.37,326.7,29.99,11,10,298,7.01913558813401
2025-10-25 12:00:00,815.22,751.35,34.79,815.33,4.84,6.67,320.4,30.38,12,10,298,7.3497071228969935
2025-10-25 13:00:00,706.78,713.93,35.33,706.97,5.08,7.04,317.6,30.44,13,10,298,7.757412015771339
2025-10-25 14:00:00,533.3,617.18,35.37,533.6,5.3,7.38,318.9,30.29,14,10,298,8.132059755169387
2025-10-25 15:00:00,315.3,454.21,34.83,315.6,5.44,7.63,322.7,29.97,15,10,298,8.40753603413854
2025-10-25 16:00:00,99.82,160.18,32.82,99.95,5.2,7.56,328.0,29.36,16,10,298,8.330402676027177
2025-10-25 17:00:00,0.0,0.0,28.3,0.0,4.41,7.48,333.1,27.83,17,10,298,8.242250266757049
2025-10-25 18:00:00,0.0,0.0,26.87,0.0,4.54,7.51,338.0,27.23,18,10,298,8.275307420233347
2025-10-25 19:00:00,0.0,0.0,26.19,0.0,4.59,7.19,344.9,26.8,19,10,298,7.922697783152831
2025-10-25 20:00:00,0.0,0.0,25.48,0.0,4.58,6.61,352.7,26.32,20,10,298,7.283592815944397
2025-10-25 21:00:00,0.0,0.0,24.6,0.0,4.49,5.96,357.6,25.79,21,10,298,6.5673544906245995
2025-10-25 22:00:00,0.0,0.0,23.71,0.0,4.25,5.42,358.8,25.23,22,10,298,5.97232572805123
2025-10-25 23:00:00,0.0,0.0,22.89,0.0,4.02,5.05,359.2,24.77,23,10,298,5.564620835176884
2025-10-26 00:00:00,0.0,0.0,22.17,0.0,3.92,4.89,358.9,24.39,0,10,299,5.388316016636626
2025-10-26 01:00:00,0.0,0.0,21.51,0.0,4.04,5.04,355.1,24.02,1,10,299,5.5536017840181175
2025-10-26 02:00:00,0.0,0.0,20.92,0.0,4.44,5.63,346.4,23.71,2,10,299,6.203725802385318
2025-10-26 03:00:00,0.0,0.0,20.45,0.0,5.07,6.55,339.2,23.49,3,10,299,7.2174785089918
2025-10-26 04:00:00,0.0,0.0,20.02,0.0,5.6,7.23,335.4,23.33,4,10,299,7.966773987787896
2025-10-26 05:00:00,0.0,0.0,19.48,0.0,5.8,7.46,332.7,23.13,5,10,299,8.220212164439516
2025-10-26 06:00:00,73.78,142.01,19.47,74.88,5.84,7.35,329.5,23.13,6,10,299,8.099002601693089
2025-10-26 07:00:00,289.65,498.59,21.83,293.35,6.22,6.99,326.4,24.33,7,10,299,7.702316759977509
2025-10-26 08:00:00,510.42,654.09,24.96,515.3,6.45,7.05,325.2,25.75,8,10,299,7.768431066930105
2025-10-26 09:00:00,690.88,759.93,28.68,695.7,6.37,7.02,324.7,27.29,9,10,299,7.735373913453806
2025-10-26 10:00:00,809.45,804.86,31.79,813.45,5.98,6.98,317.2,28.48,10,10,299,7.691297708818743
2025-10-26 11:00:00,848.45,788.36,33.48,851.2,5.89,7.2,311.7,29.04,11,10,299,7.933716834311597
2025-10-26 12:00:00,816.62,769.36,34.43,817.97,5.81,7.26,313.0,29.19,12,10,299,7.999831141264194
2025-10-26 13:00:00,710.03,741.68,34.91,710.03,5.69,7.23,318.6,29.16,13,10,299,7.966773987787896
2025-10-26 14:00:00,536.2,645.74,34.87,536.55,5.72,7.27,325.8,29.0,14,10,299,8.010850192422959
2025-10-26 15:00:00,316.92,479.84,34.32,317.4,5.92,7.44,331.1,28.64,15,10,299,8.198174062121984
2025-10-26 16:00:00,98.57,171.28,32.38,98.78,6.03,7.52,333.2,28.0,16,10,299,8.286326471392112
2025-10-26 17:00:00,0.0,0.0,28.06,0.0,5.23,7.33,332.4,26.76,17,10,299,8.076964499375556
2025-10-26 18:00:00,0.0,0.0,26.47,0.0,5.26,7.41,332.3,26.24,18,10,299,8.165116908645684
2025-10-26 19:00:00,0.0,0.0,25.72,0.0,5.33,7.33,334.6,25.89,19,10,299,8.076964499375556
2025-10-26 20:00:00,0.0,0.0,24.99,0.0,5.32,7.09,337.9,25.44,20,10,299,7.8125072715651696
2025-10-26 21:00:00,0.0,0.0,24.12,0.0,5.17,6.79,342.1,25.01,21,10,299,7.481935736802186
2025-10-26 22:00:00,0.0,0.0,23.14,0.0,5.08,6.6,343.0,24.62,22,10,299,7.27257376478563
2025-10-26 23:00:00,0.0,0.0,22.2,0.0,5.16,6.68,341.2,24.24,23,10,299,7.360726174055759
2025-10-27 00:00:00,0.0,0.0,21.35,0.0,5.18,6.67,339.2,23.81,0,10,300,7.3497071228969935
2025-10-27 01:00:00,0.0,0.0,20.59,0.0,5.17,6.63,335.9,23.4,1,10,300,7.305630918261929
2025-10-27 02:00:00,0.0,0.0,19.94,0.0,5.31,6.78,330.7,23.12,2,10,300,7.47091668564342
2025-10-27 03:00:00,0.0,0.0,19.38,0.0,5.63,7.14,326.1,22.83,3,10,300,7.867602527359
2025-10-27 04:00:00,0.0,0.0,18.88,0.0,5.84,7.45,325.5,22.61,4,10,300,8.20919311328075
2025-10-27 05:00:00,0.0,0.0,18.43,0.0,5.7,7.28,324.8,22.45,5,10,300,8.021869243581726
2025-10-27 06:00:00,71.12,126.36,18.64,71.55,5.35,6.72,320.3,22.49,6,10,300,7.404802378690824
2025-10-27 07:00:00,287.05,484.68,21.11,288.67,5.6,6.22,313.7,23.58,7,10,300,6.853849820752518
2025-10-27 08:00:00,507.92,656.43,24.21,510.05,5.66,6.15,308.4,24.89,8,10,300,6.776716462641156
2025-10-27 09:00:00,688.03,751.34,28.11,689.97,5.61,6.04,306.5,26.1,9,10,300,6.655506899894728
2025-10-27 10:00:00,806.1,795.44,31.34,807.67,5.01,5.42,301.2,27.22,10,10,300,5.97232572805123
2025-10-27 11:00:00,843.8,781.98,33.16,844.97,3.65,4.35,300.7,28.01,11,10,300,4.793287254063256
2025-10-27 12:00:00,810.38,758.92,34.15,811.25,2.73,3.5,320.9,28.48,12,10,300,3.856667905568137
2025-10-27 13:00:00,701.58,722.81,34.67,702.22,2.92,3.75,351.1,28.66,13,10,300,4.13214418453729
2025-10-27 14:00:00,527.65,620.71,34.75,528.42,3.71,4.72,7.4,28.6,14,10,300,5.200992146937602
2025-10-27 15:00:00,308.98,452.68,34.33,309.7,4.54,5.59,12.3,28.31,15,10,300,6.159649597750254
2025-10-27 16:00:00,92.95,135.21,32.84,93.2,4.83,6.14,12.5,27.86,16,10,300,6.765697411482389
2025-10-27 17:00:00,0.0,0.0,30.07,0.0,4.15,6.13,5.5,26.76,17,10,300,6.754678360323624
2025-10-27 18:00:00,0.0,0.0,27.63,0.0,4.11,6.21,354.0,26.34,18,10,300,6.8428307695937525
2025-10-27 19:00:00,0.0,0.0,25.71,0.0,4.45,6.56,344.8,26.11,19,10,300,7.228497560150566
2025-10-27 20:00:00,0.0,0.0,24.42,0.0,4.89,6.83,339.7,25.78,20,10,300,7.526011941437251
2025-10-27 21:00:00,0.0,0.0,23.41,0.0,5.1,6.83,336.4,25.35,21,10,300,7.526011941437251
2025-10-27 22:00:00,0.0,0.0,22.46,0.0,5.17,6.78,333.4,24.9,22,10,300,7.47091668564342
2025-10-27 23:00:00,0.0,0.0,21.59,0.0,5.21,6.74,330.8,24.49,23,10,300,7.426840481008356
2025-10-28 00:00:00,0.0,0.0,20.84,0.0,5.24,6.73,325.9,24.13,0,10,301,7.41582142984959
2025-10-28 01:00:00,0.0,0.0,20.18,0.0,5.35,6.82,319.0,23.71,1,10,301,7.514992890278485
2025-10-28 02:00:00,0.0,0.0,19.6,0.0,5.44,6.91,313.0,23.26,2,10,301,7.61416435070738
2025-10-28 03:00:00,0.0,0.0,19.11,0.0,5.37,6.83,309.6,22.87,3,10,301,7.526011941437251
2025-10-28 04:00:00,0.0,0.0,18.66,0.0,5.16,6.56,309.5,22.63,4,10,301,7.228497560150566
2025-10-28 05:00:00,0.0,0.0,18.18,0.0,4.85,6.18,312.0,22.58,5,10,301,6.809773616117454
2025-10-28 06:00:00,67.25,99.27,18.25,67.28,4.55,5.78,313.5,22.68,6,10,301,6.36901156976681
2025-10-28 07:00:00,277.3,443.95,20.43,277.45,4.79,5.28,314.4,23.76,7,10,301,5.818059011828504
2025-10-28 08:00:00,494.33,606.28,23.61,494.52,4.66,4.95,318.4,24.71,8,10,301,5.454430323589223
2025-10-28 09:00:00,671.38,703.37,28.06,671.58,4.28,4.46,317.0,25.94,9,10,301,4.914496816809684
2025-10-28 10:00:00,787.05,742.57,31.03,787.25,3.75,4.02,314.8,27.17,10,10,301,4.429658565823974
2025-10-28 11:00:00,829.0,753.43,32.75,829.25,2.93,3.51,326.4,28.05,11,10,301,3.867686956726903
2025-10-28 12:00:00,795.33,732.18,33.84,795.58,2.74,3.35,347.7,28.69,12,10,301,3.6913821381866456
2025-10-28 13:00:00,686.88,701.29,34.44,687.08,2.98,3.71,4.2,29.0,13,10,301,4.088067979902226
2025-10-28 14:00:00,515.62,601.28,34.51,515.92,3.2,4.1,10.7,29.03,14,10,301,4.517810975094103
2025-10-28 15:00:00,301.17,440.37,34.02,301.5,3.32,4.42,12.3,28.79,15,10,301,4.870420612174619
2025-10-28 16:00:00,89.28,128.55,32.08,89.43,3.31,4.85,13.2,28.22,16,10,301,5.344239812001561
2025-10-28 17:00:00,0.0,0.0,27.96,0.0,3.21,5.35,8.6,26.89,17,10,301,5.895192369939867
2025-10-28 18:00:00,0.0,0.0,26.46,0.0,3.64,5.88,358.4,26.52,18,10,301,6.479202081354471
2025-10-28 19:00:00,0.0,0.0,25.61,0.0,4.16,6.48,350.0,26.32,19,10,301,7.140345150880438
2025-10-28 20:00:00,0.0,0.0,24.75,0.0,4.78,6.97,346.6,26.03,20,10,301,7.680278657659976
2025-10-28 21:00:00,0.0,0.0,23.85,0.0,5.21,7.16,345.9,25.58,21,10,301,7.889640629676532
2025-10-28 22:00:00,0.0,0.0,23.0,0.0,5.35,7.16,344.5,25.03,22,10,301,7.889640629676532
2025-10-28 23:00:00,0.0,0.0,22.23,0.0,5.58,7.33,340.5,24.41,23,10,301,8.076964499375556
2025-10-29 00:00:00,0.0,0.0,21.45,0.0,5.94,7.62,336.3,23.76,0,10,302,8.396516982979774
2025-10-29 01:00:00,0.0,0.0,20.68,0.0,6.32,7.89,334.6,23.24,1,10,302,8.694031364266458
2025-10-29 02:00:00,0.0,0.0,19.99,0.0,6.59,8.08,333.0,22.89,2,10,302,8.903393336283015
2025-10-29 03:00:00,0.0,0.0,19.36,0.0,6.84,8.3,331.4,22.63,3,10,302,9.145812461775868
2025-10-29 04:00:00,0.0,0.0,18.81,0.0,7.03,8.49,330.0,22.42,4,10,302,9.355174433792424
2025-10-29 05:00:00,0.0,0.0,18.33,0.0,7.13,8.57,329.1,22.2,5,10,302,9.443326843062554
2025-10-29 06:00:00,64.62,91.83,18.41,64.78,7.14,8.52,327.6,22.14,6,10,302,9.388231587268722
2025-10-29 07:00:00,271.58,431.94,20.42,272.15,7.65,8.58,325.7,23.03,7,10,302,9.45434589422132
2025-10-29 08:00:00,488.85,605.02,23.49,489.45,8.02,8.82,323.3,24.21,8,10,302,9.718803122031707
2025-10-29 09:00:00,666.53,711.41,27.74,666.97,8.36,9.13,321.7,25.54,9,10,302,10.060393707953455
2025-10-29 10:00:00,782.5,758.62,30.53,782.72,8.76,9.67,318.0,26.68,10,10,302,10.655422470526824
2025-10-29 11:00:00,816.33,729.2,32.19,816.4,8.92,10.07,316.3,27.58,11,10,302,11.09618451687747
2025-10-29 12:00:00,782.17,711.76,33.3,782.17,8.86,10.25,317.8,28.2,12,10,302,11.29452743773526
2025-10-29 13:00:00,673.75,672.66,33.93,673.85,8.68,10.4,320.3,28.79,13,10,302,11.45981320511675
2025-10-29 14:00:00,502.17,567.11,34.01,502.4,8.61,10.68,322.9,29.21,14,10,302,11.768346637562201
2025-10-29 15:00:00,289.05,400.73,33.59,289.38,8.65,10.91,325.5,29.23,15,10,302,12.021784814213822
2025-10-29 16:00:00,83.93,108.51,31.8,84.05,8.36,10.77,327.4,28.69,16,10,302,11.867518097991097
2025-10-29 17:00:00,0.0,0.0,28.36,0.0,8.17,10.97,332.9,27.56,17,10,302,12.08789912116642
2025-10-29 18:00:00,0.0,0.0,26.56,0.0,8.47,10.89,343.7,26.78,18,10,302,11.999746711896291
2025-10-29 19:00:00,0.0,0.0,25.57,0.0,8.18,10.22,348.3,25.87,19,10,302,11.261470284258962
2025-10-29 20:00:00,0.0,0.0,24.77,0.0,7.67,9.41,347.8,24.98,20,10,302,10.368927140398906
2025-10-29 21:00:00,0.0,0.0,23.92,0.0,7.52,9.09,342.6,24.19,21,10,302,10.01631750331839
2025-10-29 22:00:00,0.0,0.0,22.96,0.0,7.56,8.97,339.4,23.41,22,10,302,9.884088889413198
2025-10-29 23:00:00,0.0,0.0,21.98,0.0,7.21,8.6,339.3,22.87,23,10,302,9.476383996538852
2025-10-30 00:00:00,0.0,0.0,21.07,0.0,6.84,8.28,337.9,22.6,0,10,303,9.123774359458336
2025-10-30 01:00:00,0.0,0.0,20.31,0.0,6.53,8.0,338.4,22.44,1,10,303,8.815240927012885
2025-10-30 02:00:00,0.0,0.0,19.7,0.0,6.13,7.62,338.4,22.33,2,10,303,8.396516982979774
2025-10-30 03:00:00,0.0,0.0,19.19,0.0,5.85,7.39,342.3,22.23,3,10,303,8.143078806328152
2025-10-30 04:00:00,0.0,0.0,18.7,0.0,5.47,7.01,349.8,22.13,4,10,303,7.724354862295041
2025-10-30 05:00:00,0.0,0.0,18.2,0.0,4.97,6.38,355.6,22.06,5,10,303,7.030154639292776
2025-10-30 06:00:00,63.5,105.2,18.24,63.83,4.5,5.72,358.2,22.17,6,10,303,6.302897262814213
2025-10-30 07:00:00,270.73,448.74,20.59,272.0,4.47,4.93,355.9,23.51,7,10,303,5.43239222127169
2025-10-30 08:00:00,486.17,630.0,23.32,487.83,3.99,4.17,344.3,24.86,8,10,303,4.594944333205467
2025-10-30 09:00:00,662.55,727.27,26.35,664.03,3.88,4.05,325.9,26.3,9,10,303,4.462715719300273
2025-10-30 10:00:00,777.92,773.84,29.19,779.0,4.33,4.63,313.2,27.38,10,10,303,5.101820686508708
2025-10-30 11:00:00,814.0,754.48,32.17,814.53,4.53,5.14,306.9,28.26,11,10,303,5.663792295605778
2025-10-30 12:00:00,780.65,738.99,33.66,780.65,4.45,5.55,306.0,28.66,12,10,303,6.115573393115189
2025-10-30 13:00:00,673.22,696.88,34.36,673.53,4.53,5.9,308.3,28.75,13,10,303,6.501240183672003
2025-10-30 14:00:00,502.42,599.01,34.49,502.98,4.68,6.2,310.6,28.72,14,10,303,6.831811718434986
2025-10-30 15:00:00,289.58,432.13,34.04,290.12,4.78,6.43,311.3,28.54,15,10,303,7.085249895086606
2025-10-30 16:00:00,82.3,120.21,32.0,82.45,4.76,6.59,310.7,28.06,16,10,303,7.2615547136268646
2025-10-30 17:00:00,0.0,0.0,27.9,0.0,4.36,6.9,312.8,26.84,17,10,303,7.603145299548614
2025-10-30 18:00:00,0.0,0.0,26.74,0.0,4.79,7.33,320.0,26.41,18,10,303,8.076964499375556
2025-10-30 19:00:00,0.0,0.0,26.07,0.0,5.01,7.22,327.3,26.01,19,10,303,7.955754936629129
2025-10-30 20:00:00,0.0,0.0,24.95,0.0,5.11,6.82,332.0,25.41,20,10,303,7.514992890278485
2025-10-30 21:00:00,0.0,0.0,23.8,0.0,5.18,6.66,332.0,24.75,21,10,303,7.338688071738227
2025-10-30 22:00:00,0.0,0.0,23.04,0.0,5.47,6.8,328.5,24.04,22,10,303,7.492954787960953
2025-10-30 23:00:00,0.0,0.0,22.47,0.0,5.69,6.89,327.8,23.43,23,10,303,7.592126248389847
2025-10-31 00:00:00,0.0,0.0,21.8,0.0,5.54,6.74,329.9,23.03,0,10,304,7.426840481008356
2025-10-31 01:00:00,0.0,0.0,21.12,0.0,5.58,6.87,329.4,22.78,1,10,304,7.570088146072315
2025-10-31 02:00:00,0.0,0.0,20.52,0.0,6.08,7.43,327.1,22.68,2,10,304,8.187155010963217
2025-10-31 03:00:00,0.0,0.0,19.86,0.0,6.44,7.82,326.3,22.64,3,10,304,8.616898006155095
2025-10-31 04:00:00,0.0,0.0,19.24,0.0,6.47,7.88,326.3,22.64,4,10,304,8.683012313107692
2025-10-31 05:00:00,0.0,0.0,18.61,0.0,6.33,7.79,328.0,22.64,5,10,304,8.583840852678797
2025-10-31 06:00:00,59.62,85.07,18.66,60.28,5.96,7.37,331.7,22.82,6,10,304,8.121040704010621
2025-10-31 07:00:00,262.17,423.56,20.61,264.4,5.78,6.55,332.3,23.95,7,10,304,7.2174785089918
2025-10-31 08:00:00,477.2,610.41,23.52,478.92,5.54,6.02,322.1,25.17,8,10,304,6.633468797577196
2025-10-31 09:00:00,654.95,719.1,27.14,655.4,5.49,6.01,313.1,26.47,9,10,304,6.62244974641843
2025-10-31 10:00:00,766.1,756.06,30.26,770.35,5.17,5.78,306.9,27.36,10,10,304,6.36901156976681
2025-10-31 11:00:00,784.78,646.31,32.57,789.38,4.63,5.47,302.0,28.02,11,10,304,6.02742098384506
2025-10-31 12:00:00,731.53,613.75,33.74,754.15,3.82,4.99,298.8,28.46,12,10,304,5.498506528224287
2025-10-31 13:00:00,609.83,589.75,34.33,647.8,3.24,4.32,297.1,28.89,13,10,304,4.760230100586958
2025-10-31 14:00:00,458.58,471.08,34.37,479.95,2.68,3.62,300.2,29.13,14,10,304,3.9888965194733306
2025-10-31 15:00:00,255.68,318.51,33.91,272.38,2.24,3.04,309.1,29.0,15,10,304,3.3497915522648967
2025-10-31 16:00:00,70.88,64.02,31.96,74.8,1.72,2.54,323.8,28.18,16,10,304,2.7988389943265912
2025-10-31 17:00:00,0.0,0.0,28.1,0.0,1.46,2.25,330.1,26.73,17,10,304,2.479286510722374
2025-10-31 18:00:00,0.0,0.0,26.74,0.0,1.58,2.38,324.2,26.53,18,10,304,2.6225341757863334
2025-10-31 19:00:00,0.0,0.0,25.93,0.0,1.98,3.05,320.1,26.26,19,10,304,3.3608106034236624
2025-10-31 20:00:00,0.0,0.0,24.91,0.0,2.93,4.43,318.3,25.74,20,10,304,4.881439663333385
2025-10-31 21:00:00,0.0,0.0,23.85,0.0,4.7,6.21,318.7,25.16,21,10,304,6.8428307695937525
2025-10-31 22:00:00,0.0,0.0,22.98,0.0,5.63,7.26,316.3,24.19,22,10,304,7.999831141264194
2025-10-31 23:00:00,0.0,0.0,22.25,0.0,6.33,7.85,313.7,23.49,23,10,304,8.649955159631393
2025-11-01 00:00:00,0.0,0.0,21.51,0.0,6.42,7.81,313.1,23.11,0,11,305,8.60587895499633
2025-11-01 01:00:00,0.0,0.0,20.73,0.0,6.2,7.52,311.4,22.9,1,11,305,8.286326471392112
2025-11-01 02:00:00,0.0,0.0,19.98,0.0,6.06,7.37,308.2,22.81,2,11,305,8.121040704010621
2025-11-01 03:00:00,0.0,0.0,19.34,0.0,5.99,7.3,305.0,22.76,3,11,305,8.043907345899258
2025-11-01 04:00:00,0.0,0.0,18.7,0.0,5.92,7.29,305.3,22.72,4,11,305,8.032888294740491
2025-11-01 05:00:00,0.0,0.0,18.2,0.0,5.31,6.73,307.5,22.54,5,11,305,7.41582142984959
2025-11-01 06:00:00,57.2,84.06,18.33,57.22,4.67,5.97,308.9,22.51,6,11,305,6.578373541783366
2025-11-01 07:00:00,255.23,409.85,20.76,255.38,4.54,5.04,309.4,23.4,7,11,305,5.5536017840181175
2025-11-01 08:00:00,467.35,585.01,23.64,467.52,4.27,4.53,304.8,24.19,8,11,305,4.991630174921046
2025-11-01 09:00:00,641.7,684.22,27.52,641.88,3.88,4.01,310.6,25.14,9,11,305,4.418639514665209
2025-11-01 10:00:00,756.0,737.59,30.96,756.15,3.3,3.37,314.8,25.97,10,11,305,3.713420240504178
2025-11-01 11:00:00,785.22,690.97,32.93,785.35,2.72,2.8,319.6,26.74,11,11,305,3.0853343244545095
2025-11-01 12:00:00,750.08,674.11,34.12,750.2,2.03,2.25,338.3,27.29,12,11,305,2.479286510722374
2025-11-01 13:00:00,642.33,625.57,34.7,642.45,1.79,2.12,7.9,27.48,13,11,305,2.3360388456584147
2025-11-01 14:00:00,471.35,513.92,34.82,473.05,1.98,2.34,24.8,27.62,14,11,305,2.578457971151269
2025-11-01 15:00:00,263.67,338.38,34.46,265.52,2.16,2.49,25.9,27.65,15,11,305,2.743743738532761
2025-11-01 16:00:00,72.2,81.94,33.14,72.68,2.29,2.76,20.1,27.19,16,11,305,3.041258119819445
2025-11-01 17:00:00,0.0,0.0,30.49,0.0,2.08,2.76,10.0,26.24,17,11,305,3.041258119819445
2025-11-01 18:00:00,0.0,0.0,28.09,0.0,1.95,2.58,352.4,26.07,18,11,305,2.8429151989616557
2025-11-01 19:00:00,0.0,0.0,26.74,0.0,1.99,2.59,328.3,25.89,19,11,305,2.8539342501204215
2025-11-01 20:00:00,0.0,0.0,25.95,0.0,2.35,3.05,317.3,25.65,20,11,305,3.3608106034236624
2025-11-01 21:00:00,0.0,0.0,25.06,0.0,2.66,3.45,322.3,25.48,21,11,305,3.801572649774307
2025-11-01 22:00:00,0.0,0.0,24.04,0.0,2.85,3.64,326.3,25.34,22,11,305,4.010934621790863
2025-11-01 23:00:00,0.0,0.0,23.0,0.0,3.04,3.8,320.0,25.1,23,11,305,4.18723944033112
2025-11-02 00:00:00,0.0,0.0,22.1,0.0,3.46,4.41,308.9,24.65,0,11,306,4.859401561015853
2025-11-02 01:00:00,0.0,0.0,21.38,0.0,4.01,5.17,302.8,24.11,1,11,306,5.696849449082077
2025-11-02 02:00:00,0.0,0.0,20.79,0.0,4.39,5.64,300.7,23.59,2,11,306,6.214744853544084
2025-11-02 03:00:00,0.0,0.0,20.4,0.0,4.55,5.81,299.7,23.09,3,11,306,6.402068723243108
2025-11-02 04:00:00,0.0,0.0,20.22,0.0,4.58,5.83,299.0,22.72,4,11,306,6.42410682556064
2025-11-02 05:00:00,0.0,0.0,20.19,0.0,4.42,5.61,298.1,22.57,5,11,306,6.181687700067786
2025-11-02 06:00:00,42.65,8.02,20.53,52.08,4.17,5.25,299.9,22.73,6,11,306,5.785001858352206
2025-11-02 07:00:00,162.1,44.01,23.2,243.45,4.08,4.63,304.8,24.01,7,11,306,5.101820686508708
2025-11-02 08:00:00,291.98,126.61,25.71,450.55,3.71,3.94,313.3,25.16,8,11,306,4.341506156553846
2025-11-02 09:00:00,434.1,205.72,28.84,621.25,3.26,3.43,320.7,26.51,9,11,306,3.779534547456775
2025-11-02 10:00:00,514.6,314.95,32.12,734.35,2.5,2.93,328.1,27.55,10,11,306,3.2285819895184695
2025-11-02 11:00:00,600.08,298.5,34.3,758.67,2.3,2.71,355.1,28.02,11,11,306,2.986162864025615
2025-11-02 12:00:00,600.97,324.36,35.67,725.28,2.61,3.17,21.1,28.3,12,11,306,3.493039217328856
2025-11-02 13:00:00,469.02,389.03,36.48,618.72,2.79,3.47,33.0,28.65,13,11,306,3.8236107520918394
2025-11-02 14:00:00,356.12,268.63,36.7,451.27,2.6,3.32,35.2,29.02,14,11,306,3.6583249847103474
2025-11-02 15:00:00,204.05,167.03,36.24,248.77,2.27,2.92,28.8,29.15,15,11,306,3.217562938359703
2025-11-02 16:00:00,59.67,27.6,33.85,65.15,1.81,2.52,13.8,28.71,16,11,306,2.7768008920090588
2025-11-02 17:00:00,0.0,0.0,30.98,0.0,1.36,1.93,342.5,28.09,17,11,306,2.1266768736418586
2025-11-02 18:00:00,0.0,0.0,30.72,0.0,2.47,3.92,295.8,27.02,18,11,306,4.319468054236314
2025-11-02 19:00:00,0.0,0.0,30.02,0.0,4.44,7.27,300.7,26.69,19,11,306,8.010850192422959
2025-11-02 20:00:00,0.0,0.0,28.72,0.0,6.05,8.82,311.2,26.37,20,11,306,9.718803122031707
2025-11-02 21:00:00,0.0,0.0,27.28,0.0,6.64,9.02,319.0,25.76,21,11,306,9.939184145207028
2025-11-02 22:00:00,0.0,0.0,26.0,0.0,6.9,9.0,322.8,25.23,22,11,306,9.917146042889495
2025-11-02 23:00:00,0.0,0.0,24.93,0.0,7.07,8.93,324.5,24.75,23,11,306,9.840012684778133
2025-11-03 00:00:00,0.0,0.0,24.06,0.0,6.92,8.55,325.3,24.25,0,11,307,9.421288740745021
2025-11-03 01:00:00,0.0,0.0,23.22,0.0,6.11,7.59,327.0,23.9,1,11,307,8.363459829503475
2025-11-03 02:00:00,0.0,0.0,22.56,0.0,5.58,6.96,322.3,23.74,2,11,307,7.66925960650121
2025-11-03 03:00:00,0.0,0.0,22.1,0.0,5.58,6.93,316.4,23.72,3,11,307,7.636202453024912
2025-11-03 04:00:00,0.0,0.0,21.64,0.0,5.47,6.85,315.7,23.71,4,11,307,7.548050043754783
2025-11-03 05:00:00,0.0,0.0,21.12,0.0,5.0,6.36,314.8,23.6,5,11,307,7.008116536975244
2025-11-03 06:00:00,51.4,40.22,21.03,52.45,4.65,5.87,311.4,23.58,6,11,307,6.468183030195704
2025-11-03 07:00:00,237.6,311.48,23.27,247.32,4.93,5.41,303.4,24.24,7,11,307,5.961306676892463
2025-11-03 08:00:00,443.73,502.25,26.08,459.25,4.77,5.02,302.1,25.15,8,11,307,5.531563681700585
2025-11-03 09:00:00,611.22,573.72,29.6,634.28,3.23,3.29,308.3,26.23,9,11,307,3.625267831234049
2025-11-03 10:00:00,728.4,620.55,32.8,749.12,1.28,1.47,258.2,27.02,10,11,307,1.6198005203386177
2025-11-03 11:00:00,758.83,559.75,34.89,768.47,2.08,2.75,203.4,28.1,11,11,307,3.0302390686606793
2025-11-03 12:00:00,713.25,563.71,35.99,736.35,1.8,2.56,171.9,29.35,12,11,307,2.8208770966441232
2025-11-03 13:00:00,611.6,496.92,36.41,629.3,2.44,3.16,130.2,29.87,13,11,307,3.48202016617009
2025-11-03 14:00:00,447.27,429.68,36.22,460.73,3.2,4.16,115.3,30.04,14,11,307,4.5839252820467005
2025-11-03 15:00:00,247.6,272.0,35.48,254.88,3.65,4.99,109.4,29.68,15,11,307,5.498506528224287
2025-11-03 16:00:00,64.1,40.95,33.1,65.4,3.13,4.64,110.7,28.9,16,11,307,5.112839737667473
2025-11-03 17:00:00,0.0,0.0,29.16,0.0,1.97,3.34,121.8,27.79,17,11,307,3.6803630870278794
2025-11-03 18:00:00,0.0,0.0,27.87,0.0,1.36,2.26,134.1,27.34,18,11,307,2.49030556188114
2025-11-03 19:00:00,0.0,0.0,26.88,0.0,1.1,1.83,146.6,27.14,19,11,307,2.0164863620541977
2025-11-03 20:00:00,0.0,0.0,25.89,0.0,1.23,2.03,165.5,27.01,20,11,307,2.2368673852295196
2025-11-03 21:00:00,0.0,0.0,24.97,0.0,1.43,2.33,172.6,26.71,21,11,307,2.5674389199925027
2025-11-03 22:00:00,0.0,0.0,24.1,0.0,1.53,2.44,173.4,26.4,22,11,307,2.68864848273893
2025-11-03 23:00:00,0.0,0.0,23.3,0.0,1.91,2.83,172.7,26.1,23,11,307,3.118391477930808
2025-11-04 00:00:00,0.0,0.0,22.69,0.0,2.49,3.38,174.7,25.8,0,11,308,3.724439291662944
2025-11-04 01:00:00,0.0,0.0,22.29,0.0,2.73,3.58,181.4,25.39,1,11,308,3.944820314838266
2025-11-04 02:00:00,0.0,0.0,21.94,0.0,2.91,3.78,182.6,24.98,2,11,308,4.165201338013588
2025-11-04 03:00:00,0.0,0.0,21.6,0.0,3.24,4.06,180.8,24.68,3,11,308,4.473734770459039
2025-11-04 04:00:00,0.0,0.0,21.46,0.0,3.5,4.33,178.9,24.4,4,11,308,4.7712491517457245
2025-11-04 05:00:00,0.0,0.0,21.17,0.0,3.53,4.35,179.3,24.22,5,11,308,4.793287254063256
2025-11-04 06:00:00,50.28,46.87,20.89,50.33,3.47,4.27,183.4,24.19,6,11,308,4.705134844793127
2025-11-04 07:00:00,242.95,340.39,22.97,243.35,3.42,4.03,187.7,25.33,7,11,308,4.440677616982741
2025-11-04 08:00:00,452.9,515.59,25.29,453.42,3.67,4.18,175.6,26.53,8,11,308,4.605963384364232
2025-11-04 09:00:00,627.47,612.36,28.73,628.0,4.15,5.36,168.0,27.72,9,11,308,5.906211421098633
2025-11-04 10:00:00,742.25,667.47,31.68,742.67,4.3,6.08,162.7,28.83,10,11,308,6.699583104529793
2025-11-04 11:00:00,792.53,711.8,33.32,792.85,4.6,6.54,156.7,29.7,11,11,308,7.206459457833033
2025-11-04 12:00:00,758.55,701.48,34.36,758.78,4.85,6.85,149.2,30.31,12,11,308,7.548050043754783
2025-11-04 13:00:00,650.72,648.31,34.91,651.1,5.17,7.26,142.4,30.66,13,11,308,7.999831141264194
2025-11-04 14:00:00,480.0,539.65,34.97,480.5,5.48,7.72,138.7,30.67,14,11,308,8.506707494567435
2025-11-04 15:00:00,269.02,367.88,34.56,269.5,5.74,8.16,136.9,30.28,15,11,308,8.991545745553143
2025-11-04 16:00:00,68.45,67.27,32.67,68.55,5.66,8.46,135.1,29.22,16,11,308,9.322117280316126
2025-11-04 17:00:00,0.0,0.0,29.19,0.0,5.39,8.63,139.0,27.76,17,11,308,9.509441150015151
2025-11-04 18:00:00,0.0,0.0,27.12,0.0,5.11,8.3,147.4,27.16,18,11,308,9.145812461775868
2025-11-04 19:00:00,0.0,0.0,25.9,0.0,4.49,7.36,158.6,26.65,19,11,308,8.110021652851854
2025-11-04 20:00:00,0.0,0.0,24.96,0.0,3.64,6.04,171.1,26.24,20,11,308,6.655506899894728
2025-11-04 21:00:00,0.0,0.0,24.18,0.0,2.77,4.56,183.5,26.1,21,11,308,5.024687328397344
2025-11-04 22:00:00,0.0,0.0,23.42,0.0,2.05,3.22,194.0,26.32,22,11,308,3.5481344731226865
2025-11-04 23:00:00,0.0,0.0,22.49,0.0,1.55,2.32,208.3,26.48,23,11,308,2.5564198688337365
2025-11-05 00:00:00,0.0,0.0,21.71,0.0,1.23,1.8,223.2,26.47,0,11,309,1.9834292085778993
2025-11-05 01:00:00,0.0,0.0,21.07,0.0,0.99,1.37,238.4,26.43,1,11,309,1.5096100087509567
2025-11-05 02:00:00,0.0,0.0,20.49,0.0,1.15,1.38,253.1,26.31,2,11,309,1.5206290599097225
2025-11-05 03:00:00,0.0,0.0,19.97,0.0,1.52,1.76,257.5,25.9,3,11,309,1.9393530039428348
2025-11-05 04:00:00,0.0,0.0,19.51,0.0,1.74,2.0,254.9,25.53,4,11,309,2.2038102317532213
2025-11-05 05:00:00,0.0,0.0,19.1,0.0,1.73,1.98,246.8,25.24,5,11,309,2.181772129435689
2025-11-05 06:00:00,47.55,30.32,19.12,47.62,1.73,1.98,233.8,24.99,6,11,309,2.181772129435689
2025-11-05 07:00:00,235.23,289.74,22.22,235.93,1.84,2.14,220.3,25.57,7,11,309,2.358076947975947
2025-11-05 08:00:00,445.52,478.81,24.71,446.48,2.31,2.57,195.5,26.72,8,11,309,2.831896147802889
2025-11-05 09:00:00,623.28,589.25,28.85,624.15,2.91,3.73,178.0,27.73,9,11,309,4.110106082219758
2025-11-05 10:00:00,740.5,648.75,32.28,741.15,3.44,4.81,167.5,28.48,10,11,309,5.300163607366497
2025-11-05 11:00:00,792.45,705.88,33.73,792.85,3.82,5.42,159.9,29.21,11,11,309,5.97232572805123
2025-11-05 12:00:00,759.9,700.78,34.54,760.1,4.13,5.83,149.7,29.82,12,11,309,6.42410682556064
2025-11-05 13:00:00,653.15,650.34,34.78,653.65,4.63,6.51,140.6,30.18,13,11,309,7.173402304356735
2025-11-05 14:00:00,482.83,553.07,34.43,483.6,5.18,7.27,136.4,30.23,14,11,309,8.010850192422959
2025-11-05 15:00:00,271.25,379.38,33.54,272.05,5.61,7.93,135.1,29.93,15,11,309,8.738107568901523
2025-11-05 16:00:00,68.35,74.08,31.16,68.57,5.46,8.17,135.3,28.97,16,11,309,9.002564796711908
2025-11-05 17:00:00,0.0,0.0,27.25,0.0,5.28,8.53,140.3,27.54,17,11,309,9.399250638427489
2025-11-05 18:00:00,0.0,0.0,26.14,0.0,5.21,8.34,146.7,26.92,18,11,309,9.189888666410933
2025-11-05 19:00:00,0.0,0.0,25.36,0.0,4.23,6.9,155.4,26.35,19,11,309,7.603145299548614
2025-11-05 20:00:00,0.0,0.0,24.49,0.0,2.81,4.58,175.2,26.03,20,11,309,5.046725430714877
2025-11-05 21:00:00,0.0,0.0,23.65,0.0,2.56,3.72,227.7,25.89,21,11,309,4.099087031060992
2025-11-05 22:00:00,0.0,0.0,22.87,0.0,3.75,4.92,260.6,25.49,22,11,309,5.421373170112925
2025-11-05 23:00:00,0.0,0.0,22.14,0.0,4.23,5.42,277.6,24.87,23,11,309,5.97232572805123
2025-11-06 00:00:00,0.0,0.0,21.41,0.0,4.27,5.45,288.3,24.33,0,11,310,6.005382881527528
2025-11-06 01:00:00,0.0,0.0,20.69,0.0,4.16,5.26,299.0,23.95,1,11,310,5.796020909510972
2025-11-06 02:00:00,0.0,0.0,19.96,0.0,4.06,5.12,307.8,23.63,2,11,310,5.6417541932882465
2025-11-06 03:00:00,0.0,0.0,19.23,0.0,4.1,5.17,312.6,23.33,3,11,310,5.696849449082077
2025-11-06 04:00:00,0.0,0.0,18.56,0.0,4.32,5.49,316.6,23.16,4,11,310,6.049459086162593
2025-11-06 05:00:00,0.0,0.0,17.93,0.0,4.53,5.78,323.2,23.07,5,11,310,6.36901156976681
2025-11-06 06:00:00,48.47,44.39,17.74,48.78,4.6,5.9,327.6,23.03,6,11,310,6.501240183672003
2025-11-06 07:00:00,239.05,341.46,19.31,240.8,5.1,5.82,328.6,23.96,7,11,310,6.413087774401874
2025-11-06 08:00:00,449.62,532.61,22.3,452.17,5.28,5.72,331.4,24.87,8,11,310,6.302897262814213
2025-11-06 09:00:00,624.47,637.56,26.08,627.03,5.1,5.43,332.3,25.74,9,11,310,5.983344779209996
2025-11-06 10:00:00,739.38,688.9,29.01,741.42,4.71,4.99,329.9,26.56,10,11,310,5.498506528224287
2025-11-06 11:00:00,771.97,651.64,30.82,773.38,4.16,4.41,327.7,27.14,11,11,310,4.859401561015853
2025-11-06 12:00:00,737.97,635.84,32.0,738.65,3.3,3.63,335.4,27.59,12,11,310,3.999915570632097
2025-11-06 13:00:00,629.9,572.78,32.63,629.9,2.77,3.2,358.6,27.8,13,11,310,3.5260963708051545
2025-11-06 14:00:00,458.27,460.62,32.6,458.52,3.01,3.51,20.3,27.79,14,11,310,3.867686956726903
2025-11-06 15:00:00,251.98,292.3,31.92,252.27,3.35,3.94,32.0,27.65,15,11,310,4.341506156553846
2025-11-06 16:00:00,62.92,40.31,29.91,63.03,3.29,4.16,33.9,27.25,16,11,310,4.5839252820467005
2025-11-06 17:00:00,0.0,0.0,26.26,0.0,2.7,3.92,23.0,26.42,17,11,310,4.319468054236314
2025-11-06 18:00:00,0.0,0.0,25.11,0.0,2.7,3.92,357.7,26.16,18,11,310,4.319468054236314
2025-11-06 19:00:00,0.0,0.0,24.14,0.0,3.44,4.87,334.3,26.0,19,11,310,5.366277914319094
2025-11-06 20:00:00,0.0,0.0,23.09,0.0,4.54,6.2,325.8,25.75,20,11,310,6.831811718434986
2025-11-06 21:00:00,0.0,0.0,22.22,0.0,5.39,7.18,326.4,25.35,21,11,310,7.911678731994065
2025-11-06 22:00:00,0.0,0.0,21.45,0.0,5.91,7.76,328.7,24.96,22,11,310,8.550783699202498
2025-11-06 23:00:00,0.0,0.0,20.72,0.0,6.1,7.96,330.1,24.6,23,11,310,8.77116472237782
2025-11-07 00:00:00,0.0,0.0,20.01,0.0,6.15,7.98,330.8,24.28,0,11,311,8.793202824695353
2025-11-07 01:00:00,0.0,0.0,19.39,0.0,6.19,8.02,331.8,23.99,1,11,311,8.837279029330418
2025-11-07 02:00:00,0.0,0.0,18.82,0.0,6.17,7.96,331.7,23.63,2,11,311,8.77116472237782
2025-11-07 03:00:00,0.0,0.0,18.31,0.0,6.01,7.71,329.5,23.27,3,11,311,8.495688443408667
2025-11-07 04:00:00,0.0,0.0,17.88,0.0,5.76,7.43,326.9,22.98,4,11,311,8.187155010963217
2025-11-07 05:00:00,0.0,0.0,17.51,0.0,5.71,7.37,325.9,22.85,5,11,311,8.121040704010621
2025-11-07 06:00:00,49.15,67.83,17.49,49.33,5.65,7.24,324.9,22.86,6,11,311,7.977793038946661
2025-11-07 07:00:00,250.23,435.38,19.09,251.12,6.0,6.85,323.7,23.78,7,11,311,7.548050043754783
2025-11-07 08:00:00,464.33,625.87,22.2,465.45,6.14,6.76,323.7,24.79,8,11,311,7.448878583325888
2025-11-07 09:00:00,639.45,738.77,25.86,640.38,6.24,6.79,324.1,26.01,9,11,311,7.481935736802186
2025-11-07 10:00:00,753.55,796.99,28.23,754.15,6.04,6.63,323.3,27.16,10,11,311,7.305630918261929
2025-11-07 11:00:00,771.0,667.99,29.76,771.33,5.62,6.37,321.8,27.86,11,11,311,7.01913558813401
2025-11-07 12:00:00,737.58,657.51,30.76,737.72,5.05,6.0,326.1,28.21,12,11,311,6.6114306952596635
2025-11-07 13:00:00,631.45,608.13,31.31,631.47,4.61,5.71,337.9,28.36,13,11,311,6.291878211655447
2025-11-07 14:00:00,464.2,512.7,31.39,464.38,4.77,5.9,352.1,28.27,14,11,311,6.501240183672003
2025-11-07 15:00:00,258.12,346.88,30.9,258.35,5.16,6.29,2.3,27.93,15,11,311,6.930983178863881
2025-11-07 16:00:00,62.85,56.5,29.12,62.92,4.94,6.3,5.8,27.37,16,11,311,6.942002230022647
2025-11-07 17:00:00,0.0,0.0,25.59,0.0,4.14,5.96,359.7,26.31,17,11,311,6.5673544906245995
2025-11-07 18:00:00,0.0,0.0,24.47,0.0,4.1,5.81,347.7,25.98,18,11,311,6.402068723243108
2025-11-07 19:00:00,0.0,0.0,23.84,0.0,4.41,6.01,335.2,25.71,19,11,311,6.62244974641843
2025-11-07 20:00:00,0.0,0.0,23.04,0.0,4.81,6.37,328.0,25.32,20,11,311,7.01913558813401
2025-11-07 21:00:00,0.0,0.0,22.05,0.0,5.14,6.73,323.8,24.87,21,11,311,7.41582142984959
2025-11-07 22:00:00,0.0,0.0,21.19,0.0,5.47,7.09,322.3,24.49,22,11,311,7.8125072715651696
2025-11-07 23:00:00,0.0,0.0,20.45,0.0,5.63,7.24,323.4,24.14,23,11,311,7.977793038946661
2025-11-08 00:00:00,0.0,0.0,19.88,0.0,5.68,7.24,326.2,23.79,0,11,312,7.977793038946661
2025-11-08 01:00:00,0.0,0.0,19.45,0.0,5.73,7.28,328.5,23.46,1,11,312,8.021869243581726
2025-11-08 02:00:00,0.0,0.0,19.08,0.0,5.75,7.27,329.1,23.15,2,11,312,8.010850192422959
2025-11-08 03:00:00,0.0,0.0,18.65,0.0,5.74,7.22,327.4,22.91,3,11,312,7.955754936629129
2025-11-08 04:00:00,0.0,0.0,18.23,0.0,5.72,7.13,324.8,22.69,4,11,312,7.856583476200234
2025-11-08 05:00:00,0.0,0.0,17.86,0.0,5.77,7.14,322.9,22.52,5,11,312,7.867602527359
2025-11-08 06:00:00,45.2,46.04,17.81,46.15,5.83,7.13,321.5,22.48,6,11,312,7.856583476200234
2025-11-08 07:00:00,237.18,357.24,19.41,242.5,6.13,6.9,320.5,23.34,7,11,312,7.603145299548614
2025-11-08 08:00:00,444.52,546.06,22.13,453.55,6.2,6.76,321.2,24.64,8,11,312,7.448878583325888
2025-11-08 09:00:00,617.05,634.74,25.57,626.88,6.06,6.53,318.5,26.14,9,11,312,7.195440406674268
2025-11-08 10:00:00,712.45,608.84,28.27,740.05,5.9,6.48,311.9,27.24,10,11,312,7.140345150880438
2025-11-08 11:00:00,744.33,590.1,30.12,763.25,5.55,6.41,305.0,27.96,11,11,312,7.063211792769074
2025-11-08 12:00:00,724.95,622.5,31.37,727.65,4.87,6.02,306.3,28.34,12,11,312,6.633468797577196
2025-11-08 13:00:00,614.35,551.39,32.08,620.35,4.23,5.47,319.1,28.46,13,11,312,6.02742098384506
2025-11-08 14:00:00,446.75,434.84,32.27,451.65,4.14,5.38,336.6,28.36,14,11,312,5.928249523416166
2025-11-08 15:00:00,238.27,233.94,31.95,245.85,4.55,5.81,350.1,28.05,15,11,312,6.402068723243108
2025-11-08 16:00:00,55.33,20.55,30.2,57.53,4.65,6.05,353.6,27.45,16,11,312,6.666525951053495
2025-11-08 17:00:00,0.0,0.0,26.8,0.0,4.32,6.17,346.9,26.33,17,11,312,6.798754564958688
2025-11-08 18:00:00,0.0,0.0,25.55,0.0,4.48,6.27,337.8,25.88,18,11,312,6.908945076546348
2025-11-08 19:00:00,0.0,0.0,25.04,0.0,4.47,6.1,333.7,25.52,19,11,312,6.721621206847325
2025-11-08 20:00:00,0.0,0.0,24.27,0.0,4.24,5.58,336.3,25.12,20,11,312,6.1486305465914874
2025-11-08 21:00:00,0.0,0.0,23.21,0.0,3.75,4.84,338.6,24.71,21,11,312,5.333220760842796
2025-11-08 22:00:00,0.0,0.0,22.07,0.0,3.45,4.45,328.7,24.36,22,11,312,4.903477765650917
2025-11-08 23:00:00,0.0,0.0,21.19,0.0,3.69,4.74,315.6,24.1,23,11,312,5.223030249255134
2025-11-09 00:00:00,0.0,0.0,20.56,0.0,4.27,5.42,306.8,23.83,0,11,313,5.97232572805123
2025-11-09 01:00:00,0.0,0.0,20.08,0.0,5.04,6.27,302.4,23.48,1,11,313,6.908945076546348
2025-11-09 02:00:00,0.0,0.0,19.62,0.0,5.83,7.02,300.6,23.12,2,11,313,7.735373913453806
2025-11-09 03:00:00,0.0,0.0,19.09,0.0,6.52,7.85,299.4,22.76,3,11,313,8.649955159631393
2025-11-09 04:00:00,0.0,0.0,18.49,0.0,6.85,8.23,302.2,22.56,4,11,313,9.068679103664506
2025-11-09 05:00:00,0.0,0.0,17.9,0.0,6.73,8.11,304.7,22.4,5,11,313,8.936450489759311
2025-11-09 06:00:00,42.33,26.83,17.69,42.55,6.63,7.94,305.3,22.35,6,11,313,8.74912662006029
2025-11-09 07:00:00,229.35,312.15,19.84,230.73,6.59,7.4,306.1,23.12,7,11,313,8.154097857486919
2025-11-09 08:00:00,438.67,499.06,22.52,440.35,6.2,6.7,306.7,24.2,8,11,313,7.382764276373291
2025-11-09 09:00:00,615.25,615.29,25.76,616.55,5.56,5.88,307.6,25.32,9,11,313,6.479202081354471
2025-11-09 10:00:00,731.65,676.03,28.37,732.47,4.73,4.94,303.0,26.32,10,11,313,5.443411272430457
2025-11-09 11:00:00,768.7,662.7,30.57,769.15,3.51,3.8,300.2,27.22,11,11,313,4.18723944033112
2025-11-09 12:00:00,735.2,647.83,32.13,735.22,2.32,2.74,312.2,27.66,12,11,313,3.0192200175019135
2025-11-09 13:00:00,629.0,593.26,32.99,629.1,1.77,2.12,341.8,27.98,13,11,313,2.3360388456584147
2025-11-09 14:00:00,460.73,496.36,33.26,460.92,1.77,2.17,12.5,27.97,14,11,313,2.391134101452245
2025-11-09 15:00:00,253.77,326.46,32.93,254.02,1.91,2.45,27.2,27.74,15,11,313,2.6996675338976965
2025-11-09 16:00:00,59.72,47.63,30.89,59.78,2.06,2.77,31.3,27.1,16,11,313,3.0522771709782117
2025-11-09 17:00:00,0.0,0.0,27.78,0.0,1.97,2.61,23.5,26.02,17,11,313,2.875972352437954
2025-11-09 18:00:00,0.0,0.0,26.17,0.0,1.77,2.32,2.0,25.84,18,11,313,2.5564198688337365
2025-11-09 19:00:00,0.0,0.0,25.1,0.0,2.01,2.58,333.3,25.52,19,11,313,2.8429151989616557
2025-11-09 20:00:00,0.0,0.0,24.23,0.0,2.67,3.4,316.1,25.15,20,11,313,3.7464773939804763
2025-11-09 21:00:00,0.0,0.0,23.44,0.0,3.24,4.19,311.2,25.01,21,11,313,4.616982435522999
2025-11-09 22:00:00,0.0,0.0,22.74,0.0,3.57,4.6,313.9,24.99,22,11,313,5.068763533032409
2025-11-09 23:00:00,0.0,0.0,22.05,0.0,3.76,4.82,316.4,24.96,23,11,313,5.311182658525263
2025-11-10 00:00:00,0.0,0.0,21.35,0.0,4.06,5.23,314.9,24.83,0,11,314,5.762963756034674
2025-11-10 01:00:00,0.0,0.0,20.61,0.0,4.58,5.88,312.6,24.51,1,11,314,6.479202081354471
2025-11-10 02:00:00,0.0,0.0,19.9,0.0,5.04,6.47,312.1,24.01,2,11,314,7.129326099721671
2025-11-10 03:00:00,0.0,0.0,19.27,0.0,5.29,6.77,312.8,23.53,3,11,314,7.459897634484654
2025-11-10 04:00:00,0.0,0.0,18.64,0.0,5.32,6.78,312.6,23.16,4,11,314,7.47091668564342
2025-11-10 05:00:00,0.0,0.0,18.02,0.0,5.29,6.72,310.8,22.87,5,11,314,7.404802378690824
2025-11-10 06:00:00,43.95,49.13,17.78,44.1,5.29,6.71,307.0,22.77,6,11,314,7.3937833275320575
2025-11-10 07:00:00,236.98,383.2,20.3,237.75,5.74,6.58,303.0,23.72,7,11,314,7.250535662468098
2025-11-10 08:00:00,448.38,572.85,22.93,449.5,5.57,5.97,303.0,24.84,8,11,314,6.578373541783366
2025-11-10 09:00:00,622.92,679.19,26.27,624.08,4.81,5.09,309.3,25.96,9,11,314,5.608697039811948
2025-11-10 10:00:00,737.9,734.3,29.39,738.88,3.9,4.12,316.7,26.85,10,11,314,4.5398490774116365
2025-11-10 11:00:00,775.97,719.11,32.18,776.65,3.14,3.34,329.0,27.26,11,11,314,3.6803630870278794
2025-11-10 12:00:00,743.83,708.82,33.55,744.05,2.66,2.85,346.4,27.58,12,11,314,3.1404295802483406
2025-11-10 13:00:00,637.58,653.81,34.01,637.92,2.36,2.63,3.5,27.73,13,11,314,2.898010454755486
2025-11-10 14:00:00,468.73,554.54,33.89,469.1,2.31,2.61,19.0,27.77,14,11,314,2.875972352437954
2025-11-10 15:00:00,260.65,392.31,33.3,260.98,2.27,2.66,28.8,27.83,15,11,314,2.9310676082317846
2025-11-10 16:00:00,60.97,68.12,30.47,61.05,2.12,2.72,31.2,27.33,16,11,314,2.997181915184381
2025-11-10 17:00:00,0.0,0.0,26.99,0.0,2.08,2.71,24.4,26.35,17,11,314,2.986162864025615
2025-11-10 18:00:00,0.0,0.0,25.57,0.0,2.04,2.68,6.0,26.24,18,11,314,2.9531057105493166
2025-11-10 19:00:00,0.0,0.0,24.66,0.0,2.24,3.11,342.8,26.04,19,11,314,3.426924910376259
2025-11-10 20:00:00,0.0,0.0,23.87,0.0,2.89,4.07,329.4,25.67,20,11,314,4.484753821617805
2025-11-10 21:00:00,0.0,0.0,22.95,0.0,3.7,4.97,323.8,25.34,21,11,314,5.476468425906755
2025-11-10 22:00:00,0.0,0.0,22.02,0.0,4.44,5.77,319.9,24.92,22,11,314,6.357992518608043
2025-11-10 23:00:00,0.0,0.0,21.45,0.0,4.85,6.26,318.4,24.45,23,11,314,6.897926025387583
2025-11-11 00:00:00,0.0,0.0,20.59,0.0,5.06,6.49,317.8,24.02,0,11,315,7.151364202039203
2025-11-11 01:00:00,0.0,0.0,19.95,0.0,5.25,6.73,317.1,23.69,1,11,315,7.41582142984959
2025-11-11 02:00:00,0.0,0.0,19.58,0.0,5.41,6.93,316.8,23.42,2,11,315,7.636202453024912
2025-11-11 03:00:00,0.0,0.0,19.36,0.0,5.52,7.07,316.8,23.2,3,11,315,7.790469169247638
2025-11-11 04:00:00,0.0,0.0,18.88,0.0,5.59,7.14,316.7,22.99,4,11,315,7.867602527359
2025-11-11 05:00:00,0.0,0.0,18.25,0.0,5.75,7.38,315.3,22.83,5,11,315,8.132059755169387
2025-11-11 06:00:00,40.5,23.72,18.03,40.92,5.9,7.54,314.4,22.69,6,11,315,8.308364573709644
2025-11-11 07:00:00,221.9,298.57,19.61,227.55,6.33,7.28,314.6,23.56,7,11,315,8.021869243581726
2025-11-11 08:00:00,426.33,499.86,22.33,435.9,6.38,6.91,317.7,24.49,8,11,315,7.61416435070738
2025-11-11 09:00:00,597.92,588.14,25.97,609.62,6.14,6.55,319.2,25.32,9,11,315,7.2174785089918
2025-11-11 10:00:00,711.75,648.88,29.07,724.47,5.98,6.35,318.5,25.97,10,11,315,6.997097485816477
2025-11-11 11:00:00,743.3,625.0,31.06,756.3,5.74,6.1,321.3,26.45,11,11,315,6.721621206847325
2025-11-11 12:00:00,711.62,595.08,32.23,724.12,5.35,5.69,330.5,26.8,12,11,315,6.269840109337915
2025-11-11 13:00:00,607.67,559.89,32.8,618.62,5.09,5.41,343.8,26.96,13,11,315,5.961306676892463
2025-11-11 14:00:00,443.05,464.13,32.78,451.6,4.96,5.36,354.3,26.99,14,11,315,5.906211421098633
2025-11-11 15:00:00,240.98,288.87,32.18,245.77,4.81,5.36,0.5,26.83,15,11,315,5.906211421098633
2025-11-11 16:00:00,55.8,33.54,29.49,56.53,4.4,5.27,1.7,26.36,16,11,315,5.807039960669738
2025-11-11 17:00:00,0.0,0.0,25.9,0.0,3.78,5.23,352.2,25.48,17,11,315,5.762963756034674
2025-11-11 18:00:00,0.0,0.0,24.95,0.0,4.22,5.84,338.2,25.29,18,11,315,6.435125876719406
2025-11-11 19:00:00,0.0,0.0,24.36,0.0,4.95,6.72,332.5,25.12,19,11,315,7.404802378690824
2025-11-11 20:00:00,0.0,0.0,23.52,0.0,5.44,7.24,332.7,24.83,20,11,315,7.977793038946661
2025-11-11 21:00:00,0.0,0.0,22.49,0.0,5.72,7.52,334.8,24.46,21,11,315,8.286326471392112
2025-11-11 22:00:00,0.0,0.0,21.53,0.0,6.09,7.81,334.3,24.14,22,11,315,8.60587895499633
2025-11-11 23:00:00,0.0,0.0,20.77,0.0,6.44,8.04,335.2,23.8,23,11,315,8.859317131647948
2025-11-12 00:00:00,0.0,0.0,20.2,0.0,6.54,8.01,334.9,23.41,0,11,316,8.82625997817165
2025-11-12 01:00:00,0.0,0.0,19.71,0.0,6.61,8.02,331.5,23.06,1,11,316,8.837279029330418
2025-11-12 02:00:00,0.0,0.0,19.25,0.0,6.84,8.29,328.6,22.8,2,11,316,9.134793410617101
2025-11-12 03:00:00,0.0,0.0,18.85,0.0,7.06,8.54,326.8,22.52,3,11,316,9.410269689586254
2025-11-12 04:00:00,0.0,0.0,18.51,0.0,7.07,8.53,324.8,22.19,4,11,316,9.399250638427489
2025-11-12 05:00:00,0.0,0.0,18.08,0.0,7.02,8.48,323.0,22.01,5,11,316,9.344155382633659
2025-11-12 06:00:00,39.65,34.15,17.88,39.65,6.9,8.32,321.6,21.96,6,11,316,9.167850564093401
2025-11-12 07:00:00,223.6,339.93,19.14,224.0,6.93,7.87,321.0,22.69,7,11,316,8.671993261948925
2025-11-12 08:00:00,428.73,526.36,21.8,429.35,6.9,7.57,321.0,23.7,8,11,316,8.341421727185944
2025-11-12 09:00:00,599.67,632.88,24.94,600.35,6.69,7.25,321.7,24.88,9,11,316,7.988812090105427
2025-11-12 10:00:00,711.3,672.5,27.7,711.92,6.31,6.83,320.3,25.93,10,11,316,7.526011941437251
2025-11-12 11:00:00,737.33,610.16,29.7,737.85,5.9,6.47,315.3,26.67,11,11,316,7.129326099721671
2025-11-12 12:00:00,702.53,580.92,31.09,702.92,5.42,6.07,314.9,27.13,12,11,316,6.688564053371027
2025-11-12 13:00:00,593.65,507.79,31.81,593.88,4.93,5.63,324.6,27.33,13,11,316,6.203725802385318
2025-11-12 14:00:00,425.95,391.63,31.98,426.25,4.91,5.64,339.4,27.18,14,11,316,6.214744853544084
2025-11-12 15:00:00,226.57,221.06,31.55,226.77,5.42,6.15,352.8,26.82,15,11,316,6.776716462641156
2025-11-12 16:00:00,51.72,18.88,29.32,51.72,5.63,6.53,1.5,26.17,16,11,316,7.195440406674268
2025-11-12 17:00:00,0.0,0.0,26.09,0.0,4.83,6.37,0.3,25.34,17,11,316,7.01913558813401
2025-11-12 18:00:00,0.0,0.0,25.47,0.0,4.66,6.24,349.3,25.04,18,11,316,6.875887923070051
2025-11-12 19:00:00,0.0,0.0,25.01,0.0,4.88,6.46,335.9,24.76,19,11,316,7.1183070485629045
2025-11-12 20:00:00,0.0,0.0,23.86,0.0,5.38,7.04,326.2,24.36,20,11,316,7.757412015771339
2025-11-12 21:00:00,0.0,0.0,22.73,0.0,5.94,7.64,323.1,24.0,21,11,316,8.418555085297305
2025-11-12 22:00:00,0.0,0.0,21.87,0.0,6.33,7.92,322.9,23.69,22,11,316,8.727088517742756
2025-11-12 23:00:00,0.0,0.0,21.03,0.0,6.39,7.94,322.0,23.38,23,11,316,8.74912662006029
2025-11-13 00:00:00,0.0,0.0,20.12,0.0,6.83,8.45,320.8,23.17,0,11,317,9.31109822915736
2025-11-13 01:00:00,0.0,0.0,19.27,0.0,7.2,8.86,321.6,22.84,1,11,317,9.76287932666677
2025-11-13 02:00:00,0.0,0.0,18.59,0.0,7.32,9.04,325.1,22.52,2,11,317,9.96122224752456
2025-11-13 03:00:00,0.0,0.0,17.94,0.0,7.4,9.16,328.7,22.31,3,11,317,10.093450861429753
2025-11-13 04:00:00,0.0,0.0,17.8,0.0,7.33,9.08,331.9,22.07,4,11,317,10.005298452159625
2025-11-13 05:00:00,0.0,0.0,17.7,0.0,7.14,8.88,335.4,21.83,5,11,317,9.784917428984304
2025-11-13 06:00:00,35.78,15.67,17.57,36.03,7.04,8.77,338.5,21.73,6,11,317,9.663707866237875
2025-11-13 07:00:00,209.73,255.52,18.31,211.43,7.65,8.78,340.0,22.39,7,11,317,9.67472691739664
2025-11-13 08:00:00,412.85,455.42,20.76,415.5,8.05,8.93,338.9,23.09,8,11,317,9.840012684778133
2025-11-13 09:00:00,587.08,571.65,23.71,589.67,8.21,8.97,335.4,23.82,9,11,317,9.884088889413198
2025-11-13 10:00:00,703.15,632.86,25.95,705.2,8.17,8.84,328.5,24.54,10,11,317,9.740841224349237
2025-11-13 11:00:00,749.28,656.93,27.57,750.53,7.98,8.6,322.6,25.03,11,11,317,9.476383996538852
2025-11-13 12:00:00,718.28,644.41,28.65,718.85,7.59,8.19,321.7,25.38,12,11,317,9.024602899029441
2025-11-13 13:00:00,613.53,591.35,29.23,613.7,7.08,7.66,326.8,25.7,13,11,317,8.440593187614837
2025-11-13 14:00:00,448.48,489.68,29.18,448.62,6.97,7.6,334.6,25.89,14,11,317,8.37447888066224
2025-11-13 15:00:00,245.45,316.91,28.47,245.55,7.08,7.81,340.1,25.81,15,11,317,8.60587895499633
2025-11-13 16:00:00,55.85,43.56,26.65,55.85,6.9,7.97,342.2,25.37,16,11,317,8.782183773536588
2025-11-13 17:00:00,0.0,0.0,23.32,0.0,6.07,7.88,340.1,24.39,17,11,317,8.683012313107692
2025-11-13 18:00:00,0.0,0.0,22.26,0.0,5.78,7.58,334.5,24.0,18,11,317,8.35244077834471
2025-11-13 19:00:00,0.0,0.0,21.04,0.0,5.68,7.43,329.2,23.71,19,11,317,8.187155010963217
2025-11-13 20:00:00,0.0,0.0,19.92,0.0,5.71,7.46,324.4,23.36,20,11,317,8.220212164439516
2025-11-13 21:00:00,0.0,0.0,19.0,0.0,5.96,7.78,320.5,23.01,21,11,317,8.572821801520032
2025-11-13 22:00:00,0.0,0.0,18.19,0.0,6.25,8.12,319.1,22.64,22,11,317,8.947469540918078
2025-11-13 23:00:00,0.0,0.0,17.53,0.0,6.51,8.4,318.7,22.28,23,11,317,9.25600297336353
2025-11-14 00:00:00,0.0,0.0,17.02,0.0,6.62,8.56,321.2,21.93,0,11,318,9.432307791903789
2025-11-14 01:00:00,0.0,0.0,16.57,0.0,6.67,8.64,326.6,21.67,1,11,318,9.520460201173917
2025-11-14 02:00:00,0.0,0.0,16.14,0.0,6.7,8.69,330.6,21.45,2,11,318,9.575555456967747
2025-11-14 03:00:00,0.0,0.0,15.92,0.0,6.74,8.74,332.2,21.23,3,11,318,9.630650712761577
2025-11-14 04:00:00,0.0,0.0,15.54,0.0,6.83,8.84,332.9,21.03,4,11,318,9.740841224349237
2025-11-14 05:00:00,0.0,0.0,14.9,0.0,6.92,8.93,333.5,20.79,5,11,318,9.840012684778133
2025-11-14 06:00:00,41.58,73.13,14.58,41.72,7.0,8.94,334.8,20.6,6,11,318,9.851031735936898
2025-11-14 07:00:00,240.62,462.65,15.98,241.5,7.66,8.79,336.0,21.2,7,11,318,9.685745968555407
2025-11-14 08:00:00,454.52,679.92,19.28,455.83,8.21,9.05,336.7,21.69,8,11,318,9.972241298683327
2025-11-14 09:00:00,629.45,769.38,21.9,631.03,8.32,9.1,335.7,22.25,9,11,318,10.027336554477156
2025-11-14 10:00:00,742.22,819.11,23.53,744.05,8.4,9.19,334.2,22.89,10,11,318,10.126508014906051
2025-11-14 11:00:00,771.9,735.52,24.68,773.92,8.23,8.98,333.6,23.49,11,11,318,9.895107940571965
2025-11-14 12:00:00,739.65,715.65,25.46,740.88,7.93,8.67,333.7,24.04,12,11,318,9.553517354650214
2025-11-14 13:00:00,631.1,650.05,25.84,633.58,7.83,8.57,334.2,24.52,13,11,318,9.443326843062554
2025-11-14 14:00:00,461.88,537.67,25.69,464.02,7.89,8.69,334.9,24.73,14,11,318,9.575555456967747
2025-11-14 15:00:00,253.6,348.47,24.95,254.9,7.97,8.85,334.8,24.65,15,11,318,9.751860275508005
2025-11-14 16:00:00,56.92,50.84,23.51,57.17,7.72,8.86,335.1,24.28,16,11,318,9.76287932666677
2025-11-14 17:00:00,0.0,0.0,20.83,0.0,6.92,8.8,335.7,23.57,17,11,318,9.696765019714174
2025-11-14 18:00:00,0.0,0.0,19.83,0.0,6.67,8.67,335.4,23.31,18,11,318,9.553517354650214
2025-11-14 19:00:00,0.0,0.0,19.09,0.0,6.38,8.36,334.6,23.08,19,11,318,9.211926768728464
2025-11-14 20:00:00,0.0,0.0,18.34,0.0,6.17,8.11,333.3,22.8,20,11,318,8.936450489759311
2025-11-14 21:00:00,0.0,0.0,17.68,0.0,6.07,7.97,332.0,22.54,21,11,318,8.782183773536588
2025-11-14 22:00:00,0.0,0.0,17.14,0.0,6.1,8.0,331.0,22.29,22,11,318,8.815240927012885
2025-11-14 23:00:00,0.0,0.0,16.61,0.0,6.37,8.34,330.3,22.01,23,11,318,9.189888666410933
2025-11-15 00:00:00,0.0,0.0,16.1,0.0,6.66,8.69,331.7,21.61,0,11,319,9.575555456967747
2025-11-15 01:00:00,0.0,0.0,15.62,0.0,6.94,8.99,334.2,21.15,1,11,319,9.90612699173073
2025-11-15 02:00:00,0.0,0.0,15.37,0.0,6.99,9.02,337.5,20.72,2,11,319,9.939184145207028
2025-11-15 03:00:00,0.0,0.0,14.85,0.0,6.7,8.68,339.8,20.36,3,11,319,9.56453640580898
2025-11-15 04:00:00,0.0,0.0,14.27,0.0,6.16,8.03,340.0,20.03,4,11,319,8.848298080489183
2025-11-15 05:00:00,0.0,0.0,13.76,0.0,5.59,7.27,338.5,19.71,5,11,319,8.010850192422959
2025-11-15 06:00:00,39.83,70.13,13.55,40.15,5.13,6.65,336.5,19.49,6,11,319,7.327669020579461
2025-11-15 07:00:00,237.4,456.84,15.0,239.32,5.15,5.97,334.8,20.43,7,11,319,6.578373541783366
2025-11-15 08:00:00,451.15,668.43,18.14,453.62,5.35,5.83,334.5,21.16,8,11,319,6.42410682556064
2025-11-15 09:00:00,625.65,756.68,21.28,627.85,5.28,5.67,333.0,21.83,9,11,319,6.247802007020383
2025-11-15 10:00:00,740.03,807.59,23.09,741.53,5.32,5.7,332.4,22.45,10,11,319,6.280859160496681
2025-11-15 11:00:00,790.22,859.81,24.4,790.92,5.26,5.62,333.3,22.96,11,11,319,6.192706751226552
2025-11-15 12:00:00,758.65,837.98,25.37,758.72,5.15,5.51,335.4,23.45,12,11,319,6.071497188480125
2025-11-15 13:00:00,653.88,782.86,25.93,654.05,5.16,5.54,338.6,23.93,13,11,319,6.104554341956423
2025-11-15 14:00:00,485.98,677.7,25.93,486.27,5.28,5.69,340.9,24.24,14,11,319,6.269840109337915
2025-11-15 15:00:00,274.75,509.79,25.32,275.05,5.39,5.87,342.2,24.32,15,11,319,6.468183030195704
2025-11-15 16:00:00,63.28,121.78,23.61,63.38,5.07,5.89,343.1,24.03,16,11,319,6.490221132513237
2025-11-15 17:00:00,0.0,0.0,19.99,0.0,4.55,5.85,340.1,23.12,17,11,319,6.446144927878172
2025-11-15 18:00:00,0.0,0.0,18.94,0.0,4.41,5.58,334.1,22.97,18,11,319,6.1486305465914874
2025-11-15 19:00:00,0.0,0.0,18.2,0.0,4.19,5.25,326.7,22.79,19,11,319,5.785001858352206
2025-11-15 20:00:00,0.0,0.0,17.42,0.0,3.99,4.96,318.3,22.55,20,11,319,5.465449374747989
2025-11-15 21:00:00,0.0,0.0,16.64,0.0,3.86,4.74,308.3,22.21,21,11,319,5.223030249255134
2025-11-15 22:00:00,0.0,0.0,15.9,0.0,3.87,4.73,301.1,21.83,22,11,319,5.212011198096369
2025-11-15 23:00:00,0.0,0.0,15.21,0.0,4.02,4.89,300.9,21.48,23,11,319,5.388316016636626
2025-11-16 00:00:00,0.0,0.0,14.56,0.0,4.08,4.98,307.5,21.21,0,11,320,5.487487477065522
2025-11-16 01:00:00,0.0,0.0,13.98,0.0,4.03,4.95,318.4,20.99,1,11,320,5.454430323589223
2025-11-16 02:00:00,0.0,0.0,13.44,0.0,3.96,4.88,334.0,20.81,2,11,320,5.37729696547786
2025-11-16 03:00:00,0.0,0.0,12.95,0.0,3.9,4.82,347.3,20.65,3,11,320,5.311182658525263
2025-11-16 04:00:00,0.0,0.0,12.55,0.0,3.82,4.69,356.0,20.54,4,11,320,5.167934993461304
2025-11-16 05:00:00,0.0,0.0,12.2,0.0,3.64,4.44,358.8,20.47,5,11,320,4.892458714492152
2025-11-16 06:00:00,38.47,48.29,12.17,39.03,3.44,4.18,356.8,20.46,6,11,320,4.605963384364232
2025-11-16 07:00:00,233.95,408.3,14.51,237.45,3.36,4.03,354.2,21.59,7,11,320,4.440677616982741
2025-11-16 08:00:00,447.52,607.44,17.42,451.75,3.87,4.14,349.7,22.54,8,11,320,4.561887179729168
2025-11-16 09:00:00,624.97,732.25,21.04,628.33,4.13,4.32,342.4,23.14,9,11,320,4.760230100586958
2025-11-16 10:00:00,742.2,791.35,23.56,744.3,4.34,4.52,337.8,23.63,10,11,320,4.98061112376228
2025-11-16 11:00:00,796.22,879.27,25.04,797.17,4.53,4.7,337.2,23.97,11,11,320,5.17895404462007
2025-11-16 12:00:00,766.5,873.45,26.09,766.55,4.85,5.05,340.6,24.2,12,11,320,5.564620835176884
2025-11-16 13:00:00,663.85,825.14,26.79,664.1,5.33,5.59,346.4,24.31,13,11,320,6.159649597750254
2025-11-16 14:00:00,496.42,729.38,26.98,496.77,5.86,6.2,351.4,24.3,14,11,320,6.831811718434986
2025-11-16 15:00:00,282.92,567.14,26.58,283.15,6.26,6.74,353.9,24.16,15,11,320,7.426840481008356
2025-11-16 16:00:00,65.65,156.19,24.32,65.7,6.28,7.17,354.1,23.86,16,11,320,7.9006596808352985
2025-11-16 17:00:00,0.0,0.0,20.55,0.0,5.91,7.67,352.7,23.15,17,11,320,8.451612238773604
2025-11-16 18:00:00,0.0,0.0,19.39,0.0,6.15,8.09,352.7,23.06,18,11,320,8.91441238744178
2025-11-16 19:00:00,0.0,0.0,18.6,0.0,6.2,8.16,356.8,22.93,19,11,320,8.991545745553143
2025-11-16 20:00:00,0.0,0.0,17.93,0.0,6.03,7.93,2.0,22.67,20,11,320,8.738107568901523
2025-11-16 21:00:00,0.0,0.0,17.38,0.0,5.73,7.49,6.7,22.34,21,11,320,8.253269317915814
2025-11-16 22:00:00,0.0,0.0,16.87,0.0,5.3,6.83,11.3,21.96,22,11,320,7.526011941437251
2025-11-16 23:00:00,0.0,0.0,16.31,0.0,4.83,6.09,15.9,21.63,23,11,320,6.710602155688559
2025-11-17 00:00:00,0.0,0.0,15.63,0.0,4.39,5.43,17.7,21.38,0,11,321,5.983344779209996
2025-11-17 01:00:00,0.0,0.0,14.92,0.0,4.05,4.95,15.6,21.16,1,11,321,5.454430323589223
2025-11-17 02:00:00,0.0,0.0,14.28,0.0,3.83,4.67,10.6,20.93,2,11,321,5.145896891143772
2025-11-17 03:00:00,0.0,0.0,13.68,0.0,3.74,4.58,5.5,20.72,3,11,321,5.046725430714877
2025-11-17 04:00:00,0.0,0.0,13.15,0.0,3.71,4.58,0.6,20.55,4,11,321,5.046725430714877
2025-11-17 05:00:00,0.0,0.0,12.71,0.0,3.71,4.63,353.8,20.48,5,11,321,5.101820686508708
2025-11-17 06:00:00,42.67,154.32,12.61,42.95,3.75,4.75,346.0,20.51,6,11,321,5.234049300413901
2025-11-17 07:00:00,252.6,627.14,15.07,253.77,3.83,4.86,339.9,21.51,7,11,321,5.355258863160328
2025-11-17 08:00:00,471.2,815.66,17.9,472.3,4.55,5.02,333.9,22.64,8,11,321,5.531563681700585
2025-11-17 09:00:00,646.35,899.2,21.21,647.17,5.1,5.47,329.7,23.54,9,11,321,6.02742098384506
2025-11-17 10:00:00,760.95,959.7,24.38,761.6,5.43,5.74,325.7,24.56,10,11,321,6.324935365131745
2025-11-17 11:00:00,795.1,887.23,26.06,795.65,5.62,5.92,324.2,25.2,11,11,321,6.523278285989535
2025-11-17 12:00:00,763.95,872.06,27.04,764.4,5.79,6.14,323.2,25.51,12,11,321,6.765697411482389
2025-11-17 13:00:00,660.8,829.89,27.56,661.05,6.04,6.46,322.3,25.57,13,11,321,7.1183070485629045
2025-11-17 14:00:00,493.48,734.66,27.6,494.33,6.34,6.83,321.1,25.4,14,11,321,7.526011941437251
2025-11-17 15:00:00,281.02,571.07,27.1,281.8,6.69,7.32,319.2,25.02,15,11,321,8.065945448216791
2025-11-17 16:00:00,64.4,161.76,24.64,64.62,6.75,7.91,317.8,24.29,16,11,321,8.71606946658399
2025-11-17 17:00:00,0.0,0.0,20.85,0.0,6.56,8.54,317.8,23.17,17,11,321,9.410269689586254
2025-11-17 18:00:00,0.0,0.0,19.55,0.0,6.76,8.81,319.1,22.84,18,11,321,9.70778407087294
2025-11-17 19:00:00,0.0,0.0,18.73,0.0,6.74,8.73,321.3,22.48,19,11,321,9.619631661602812
2025-11-17 20:00:00,0.0,0.0,18.07,0.0,6.48,8.34,325.0,21.97,20,11,321,9.189888666410933
2025-11-17 21:00:00,0.0,0.0,17.44,0.0,5.86,7.56,332.1,21.56,21,11,321,8.330402676027177
2025-11-17 22:00:00,0.0,0.0,16.74,0.0,5.25,6.76,332.6,21.21,22,11,321,7.448878583325888
2025-11-17 23:00:00,0.0,0.0,15.93,0.0,4.98,6.39,328.4,20.94,23,11,321,7.041173690451542
2025-11-18 00:00:00,0.0,0.0,15.2,0.0,4.9,6.29,324.8,20.69,0,11,322,6.930983178863881
2025-11-18 01:00:00,0.0,0.0,14.62,0.0,4.99,6.41,322.4,20.42,1,11,322,7.063211792769074
2025-11-18 02:00:00,0.0,0.0,14.11,0.0,5.16,6.61,320.6,20.19,2,11,322,7.283592815944397
2025-11-18 03:00:00,0.0,0.0,13.6,0.0,5.32,6.81,318.6,20.0,3,11,322,7.503973839119718
2025-11-18 04:00:00,0.0,0.0,13.07,0.0,5.49,7.02,316.4,19.91,4,11,322,7.735373913453806
2025-11-18 05:00:00,0.0,0.0,12.51,0.0,5.59,7.13,314.6,19.7,5,11,322,7.856583476200234
2025-11-18 06:00:00,40.28,130.05,12.17,40.88,5.64,7.16,313.5,19.52,6,11,322,7.889640629676532
2025-11-18 07:00:00,246.02,602.42,14.07,249.1,5.9,6.83,313.2,20.44,7,11,322,7.526011941437251
2025-11-18 08:00:00,464.08,790.73,16.81,467.35,5.84,6.34,314.6,21.43,8,11,322,6.986078434657712
2025-11-18 09:00:00,639.65,863.71,20.7,642.65,5.55,5.86,313.4,22.32,9,11,322,6.457163979036939
2025-11-18 10:00:00,754.35,921.28,24.06,757.15,5.26,5.45,307.9,23.2,10,11,322,6.005382881527528
2025-11-18 11:00:00,784.6,832.34,26.14,787.38,5.1,5.28,301.3,23.89,11,11,322,5.818059011828504
2025-11-18 12:00:00,753.75,834.04,27.35,756.5,4.88,5.1,304.3,24.65,12,11,322,5.619716090970714
2025-11-18 13:00:00,650.05,790.92,27.99,652.03,4.67,4.91,318.1,25.3,13,11,322,5.410354118954158
2025-11-18 14:00:00,481.95,686.71,28.07,484.52,4.69,4.96,333.9,25.52,14,11,322,5.465449374747989
2025-11-18 15:00:00,271.17,480.84,27.55,273.1,4.83,5.17,343.0,25.31,15,11,322,5.696849449082077
2025-11-18 16:00:00,61.0,113.66,24.78,61.38,4.53,5.41,345.0,24.45,16,11,322,5.961306676892463
2025-11-18 17:00:00,0.0,0.0,21.04,0.0,4.67,5.91,340.3,23.05,17,11,322,6.512259234830769
2025-11-18 18:00:00,0.0,0.0,19.48,0.0,5.12,6.49,334.3,22.68,18,11,322,7.151364202039203
2025-11-18 19:00:00,0.0,0.0,18.45,0.0,5.39,6.87,330.3,22.38,19,11,322,7.570088146072315
2025-11-18 20:00:00,0.0,0.0,17.56,0.0,5.59,7.15,326.9,22.05,20,11,322,7.878621578517767
2025-11-18 21:00:00,0.0,0.0,16.66,0.0,5.78,7.44,324.9,21.77,21,11,322,8.198174062121984
2025-11-18 22:00:00,0.0,0.0,15.88,0.0,5.99,7.71,325.7,21.57,22,11,322,8.495688443408667
2025-11-18 23:00:00,0.0,0.0,15.16,0.0,5.74,7.39,327.4,21.43,23,11,322,8.143078806328152
2025-11-19 00:00:00,0.0,0.0,14.66,0.0,5.59,7.19,321.2,21.57,0,11,323,7.922697783152831
2025-11-19 01:00:00,0.0,0.0,14.41,0.0,6.0,7.59,311.0,21.62,1,11,323,8.363459829503475
2025-11-19 02:00:00,0.0,0.0,14.25,0.0,6.54,8.09,305.5,21.46,2,11,323,8.91441238744178
2025-11-19 03:00:00,0.0,0.0,14.11,0.0,6.63,8.17,303.6,21.21,3,11,323,9.002564796711908
2025-11-19 04:00:00,0.0,0.0,13.49,0.0,6.24,7.82,302.4,20.98,4,11,323,8.616898006155095
2025-11-19 05:00:00,0.0,0.0,12.34,0.0,5.81,7.35,301.4,20.8,5,11,323,8.099002601693089
2025-11-19 06:00:00,37.1,87.86,11.96,37.83,5.41,6.83,300.3,20.76,6,11,323,7.526011941437251
2025-11-19 07:00:00,237.3,518.45,15.1,241.4,5.27,6.14,298.6,21.83,7,11,323,6.765697411482389
2025-11-19 08:00:00,454.2,749.97,17.9,458.25,4.92,5.19,296.7,22.96,8,11,323,5.71888755139961
2025-11-19 09:00:00,631.03,834.02,21.68,633.95,3.95,4.04,298.1,23.97,9,11,323,4.4516966681415076
2025-11-19 10:00:00,747.42,890.78,25.52,749.3,2.83,2.81,291.3,25.08,10,11,323,3.096353375613276
2025-11-19 11:00:00,783.2,847.83,27.52,784.25,1.83,1.82,279.8,26.02,11,11,323,2.0054673108954315
2025-11-19 12:00:00,753.22,856.99,28.48,753.45,0.8,0.87,239.0,27.18,12,11,323,0.9586574508126513
2025-11-19 13:00:00,649.22,809.16,28.96,649.83,0.42,0.7,170.1,27.74,13,11,323,0.7713335811136274
2025-11-19 14:00:00,482.55,708.37,28.96,483.38,0.67,0.89,135.0,27.86,14,11,323,0.9806955531301835
2025-11-19 15:00:00,271.73,543.2,28.44,272.5,0.62,0.75,110.4,27.83,15,11,323,0.8264288369074579
2025-11-19 16:00:00,60.72,141.27,26.36,60.95,0.45,0.59,38.8,27.16,16,11,323,0.6501240183672002
2025-11-19 17:00:00,0.0,0.0,23.6,0.0,0.8,1.17,355.6,26.36,17,11,323,1.2892289855756345
2025-11-19 18:00:00,0.0,0.0,21.53,0.0,1.27,1.76,350.9,25.7,18,11,323,1.9393530039428348
2025-11-19 19:00:00,0.0,0.0,19.82,0.0,1.5,2.02,350.9,25.07,19,11,323,2.2258483340707538
2025-11-19 20:00:00,0.0,0.0,18.61,0.0,1.56,1.93,341.3,24.85,20,11,323,2.1266768736418586
2025-11-19 21:00:00,0.0,0.0,17.73,0.0,1.69,1.97,323.2,24.51,21,11,323,2.170753078276923
2025-11-19 22:00:00,0.0,0.0,17.01,0.0,2.06,2.38,307.5,24.05,22,11,323,2.6225341757863334
2025-11-19 23:00:00,0.0,0.0,16.4,0.0,2.51,2.93,301.0,23.52,23,11,323,3.2285819895184695
2025-11-20 00:00:00,0.0,0.0,15.84,0.0,2.79,3.27,301.9,23.07,0,11,324,3.6032297289165167
2025-11-20 01:00:00,0.0,0.0,15.22,0.0,2.98,3.49,303.6,22.7,1,11,324,3.8456488544093714
2025-11-20 02:00:00,0.0,0.0,14.6,0.0,3.16,3.7,306.4,22.36,2,11,324,4.0770489287434595
2025-11-20 03:00:00,0.0,0.0,14.08,0.0,3.28,3.86,309.8,22.09,3,11,324,4.253353747283717
2025-11-20 04:00:00,0.0,0.0,13.65,0.0,3.27,3.86,313.3,21.9,4,11,324,4.253353747283717
2025-11-20 05:00:00,0.0,0.0,13.21,0.0,3.2,3.76,314.4,21.8,5,11,324,4.143163235696056
2025-11-20 06:00:00,34.38,71.05,13.03,34.42,3.16,3.73,311.7,21.71,6,11,324,4.110106082219758
2025-11-20 07:00:00,229.65,506.08,15.91,229.95,3.17,3.8,308.4,22.6,7,11,324,4.18723944033112
2025-11-20 08:00:00,443.27,703.22,18.76,443.6,3.5,3.65,304.7,23.96,8,11,324,4.021953672949629
2025-11-20 09:00:00,617.55,805.63,22.28,617.88,3.17,3.25,298.9,25.24,9,11,324,3.5811916265989847
2025-11-20 10:00:00,731.15,860.34,25.64,731.45,2.5,2.75,294.7,26.3,10,11,324,3.0302390686606793
2025-11-20 11:00:00,765.42,812.61,29.06,765.72,1.71,2.0,289.0,27.25,11,11,324,2.2038102317532213
2025-11-20 12:00:00,734.15,804.9,30.45,734.35,0.8,0.98,284.7,28.16,12,11,324,1.0798670135590784
2025-11-20 13:00:00,630.47,745.9,30.99,630.85,0.23,0.1,354.3,28.51,13,11,324,0.11019051158766108
2025-11-20 14:00:00,465.38,647.45,31.02,465.92,0.64,0.72,72.3,28.52,14,11,324,0.7933716834311596
2025-11-20 15:00:00,258.85,476.27,30.52,259.35,0.89,1.06,62.0,28.35,15,11,324,1.1680194228292073
2025-11-20 16:00:00,56.58,106.66,28.3,56.7,0.91,1.28,32.0,27.45,16,11,324,1.4104385483220616
2025-11-20 17:00:00,0.0,0.0,24.96,0.0,1.15,1.63,8.1,26.59,17,11,324,1.7961053388788752
2025-11-20 18:00:00,0.0,0.0,23.04,0.0,1.37,1.96,355.0,26.08,18,11,324,2.159734027118157
2025-11-20 19:00:00,0.0,0.0,21.81,0.0,1.54,2.28,342.1,25.47,19,11,324,2.512343664198672
2025-11-20 20:00:00,0.0,0.0,20.88,0.0,1.82,2.76,328.0,25.0,20,11,324,3.041258119819445
2025-11-20 21:00:00,0.0,0.0,20.11,0.0,2.33,3.22,318.4,24.67,21,11,324,3.5481344731226865
2025-11-20 22:00:00,0.0,0.0,19.36,0.0,2.68,3.48,311.6,24.36,22,11,324,3.834629803250605
2025-11-20 23:00:00,0.0,0.0,18.54,0.0,2.9,3.68,304.8,24.08,23,11,324,4.055010826425927
2025-11-21 00:00:00,0.0,0.0,17.76,0.0,2.99,3.75,300.9,23.78,0,11,325,4.13214418453729
2025-11-21 01:00:00,0.0,0.0,17.1,0.0,2.91,3.59,299.2,23.54,1,11,325,3.9558393659970323
2025-11-21 02:00:00,0.0,0.0,16.61,0.0,2.71,3.26,297.8,23.36,2,11,325,3.5922106777577505
2025-11-21 03:00:00,0.0,0.0,16.28,0.0,2.44,2.92,297.5,23.22,3,11,325,3.217562938359703
2025-11-21 04:00:00,0.0,0.0,15.96,0.0,2.15,2.55,296.3,23.14,4,11,325,2.809858045485357
2025-11-21 05:00:00,0.0,0.0,15.62,0.0,1.88,2.23,292.7,23.1,5,11,325,2.457248408404842
2025-11-21 06:00:00,30.38,41.14,15.46,30.58,1.67,1.95,285.5,23.1,6,11,325,2.1487149759593906
2025-11-21 07:00:00,210.32,401.89,17.96,211.8,1.46,1.75,271.0,23.69,7,11,325,1.9283339527840686
2025-11-21 08:00:00,416.48,603.85,20.53,418.42,1.47,1.47,238.4,24.94,8,11,325,1.6198005203386177
2025-11-21 09:00:00,587.28,712.7,23.88,589.05,2.14,2.46,194.6,26.1,9,11,325,2.7106865850564623
2025-11-21 10:00:00,700.8,756.26,27.33,702.3,2.72,3.66,175.1,26.99,10,11,325,4.0329727241083955
2025-11-21 11:00:00,720.5,627.96,30.24,721.8,3.31,4.64,167.4,28.07,11,11,325,5.112839737667473
2025-11-21 12:00:00,691.38,624.99,31.65,692.55,3.72,5.16,164.4,28.91,12,11,325,5.685830397923311
2025-11-21 13:00:00,589.25,557.94,32.34,590.92,3.96,5.47,161.0,29.39,13,11,325,6.02742098384506
2025-11-21 14:00:00,427.0,461.63,32.31,429.0,4.12,5.67,157.4,29.49,14,11,325,6.247802007020383
2025-11-21 15:00:00,228.65,282.84,31.69,230.25,4.05,5.62,155.9,29.16,15,11,325,6.192706751226552
2025-11-21 16:00:00,48.03,29.89,29.6,48.38,3.25,5.32,156.5,27.71,16,11,325,5.862135216463569
2025-11-21 17:00:00,0.0,0.0,27.41,0.0,3.31,5.47,157.9,26.33,17,11,325,6.02742098384506
2025-11-21 18:00:00,0.0,0.0,25.5,0.0,3.25,5.38,159.5,25.74,18,11,325,5.928249523416166
2025-11-21 19:00:00,0.0,0.0,23.69,0.0,2.96,4.85,164.1,25.26,19,11,325,5.344239812001561
2025-11-21 20:00:00,0.0,0.0,22.17,0.0,2.58,4.08,173.4,24.9,20,11,325,4.495772872776572
2025-11-21 21:00:00,0.0,0.0,21.23,0.0,2.25,3.32,187.6,24.68,21,11,325,3.6583249847103474
2025-11-21 22:00:00,0.0,0.0,20.41,0.0,2.02,2.69,203.2,24.54,22,11,325,2.964124761708083
2025-11-21 23:00:00,0.0,0.0,19.65,0.0,1.75,2.14,223.9,24.45,23,11,325,2.358076947975947
2025-11-22 00:00:00,0.0,0.0,18.99,0.0,1.53,1.8,244.7,24.27,0,11,326,1.9834292085778993
2025-11-22 01:00:00,0.0,0.0,18.36,0.0,1.46,1.69,257.4,24.09,1,11,326,1.862219645831472
2025-11-22 02:00:00,0.0,0.0,17.65,0.0,1.39,1.62,262.2,23.96,2,11,326,1.7850862877201095
2025-11-22 03:00:00,0.0,0.0,16.94,0.0,1.29,1.45,265.7,23.79,3,11,326,1.5977624180210854
2025-11-22 04:00:00,0.0,0.0,16.25,0.0,1.04,1.11,271.5,23.72,4,11,326,1.223114678623038
2025-11-22 05:00:00,0.0,0.0,15.7,0.0,1.05,1.13,272.5,23.63,5,11,326,1.24515278094057
2025-11-22 06:00:00,28.33,21.9,15.46,28.7,1.18,1.3,271.8,23.58,6,11,326,1.4324766506395938
2025-11-22 07:00:00,202.85,346.32,17.93,205.57,1.3,1.57,268.2,24.23,7,11,326,1.7299910319262788
2025-11-22 08:00:00,407.42,554.6,20.35,411.42,1.52,1.52,264.0,25.61,8,11,326,1.6748957761324483
2025-11-22 09:00:00,580.25,661.08,24.23,584.05,1.12,1.23,235.9,26.45,9,11,326,1.3553432925282312
2025-11-22 10:00:00,696.4,713.82,28.95,699.4,1.14,1.54,183.7,27.38,10,11,326,1.6969338784499806
2025-11-22 11:00:00,717.4,600.83,31.29,719.6,2.08,2.85,164.9,28.81,11,11,326,3.1404295802483406
2025-11-22 12:00:00,687.7,589.48,32.39,689.4,2.71,3.65,166.2,29.56,12,11,326,4.021953672949629
2025-11-22 13:00:00,586.45,534.28,32.84,587.72,3.05,4.1,166.7,29.86,13,11,326,4.517810975094103
2025-11-22 14:00:00,423.15,434.01,32.72,424.5,3.22,4.34,165.5,29.84,14,11,326,4.78226820290449
2025-11-22 15:00:00,224.75,253.66,31.93,225.7,3.19,4.33,165.5,29.46,15,11,326,4.7712491517457245
2025-11-22 16:00:00,47.95,27.3,30.24,48.05,2.53,3.98,167.7,27.99,16,11,326,4.38558236118891
2025-11-22 17:00:00,0.0,0.0,28.63,0.0,2.45,3.77,167.7,26.82,17,11,326,4.154182286854822
2025-11-22 18:00:00,0.0,0.0,26.76,0.0,2.19,3.35,168.5,26.45,18,11,326,3.6913821381866456
2025-11-22 19:00:00,0.0,0.0,24.7,0.0,1.78,2.7,175.5,26.13,19,11,326,2.975143812866849
2025-11-22 20:00:00,0.0,0.0,23.07,0.0,1.35,2.07,192.6,25.86,20,11,326,2.280943589864584
2025-11-22 21:00:00,0.0,0.0,21.68,0.0,1.1,1.6,219.9,25.6,21,11,326,1.7630481854025772
2025-11-22 22:00:00,0.0,0.0,20.73,0.0,0.98,1.26,258.6,25.27,22,11,326,1.3884004460045294
2025-11-22 23:00:00,0.0,0.0,20.33,0.0,1.12,1.35,306.3,25.03,23,11,326,1.4875719064334245
2025-11-23 00:00:00,0.0,0.0,20.17,0.0,1.42,1.72,337.5,24.77,0,11,327,1.8952767993077704
2025-11-23 01:00:00,0.0,0.0,19.82,0.0,1.44,1.75,349.8,24.56,1,11,327,1.9283339527840686
2025-11-23 02:00:00,0.0,0.0,19.32,0.0,1.07,1.19,339.3,24.51,2,11,327,1.3112670878931667
2025-11-23 03:00:00,0.0,0.0,18.63,0.0,1.08,1.09,284.3,24.32,3,11,327,1.2010765763055058
2025-11-23 04:00:00,0.0,0.0,17.93,0.0,1.65,1.9,256.0,24.02,4,11,327,2.09361972016556
2025-11-23 05:00:00,0.0,0.0,17.29,0.0,2.08,2.5,243.8,23.63,5,11,327,2.7547627896915268
2025-11-23 06:00:00,22.98,4.88,17.0,25.23,2.36,2.88,233.3,23.41,6,11,327,3.1734867337246384
2025-11-23 07:00:00,167.68,177.99,19.15,187.0,2.58,3.29,226.4,24.13,7,11,327,3.625267831234049
2025-11-23 08:00:00,352.7,321.17,21.39,385.0,3.16,3.44,217.6,25.41,8,11,327,3.7905535986155408
2025-11-23 09:00:00,515.95,446.69,25.1,553.0,3.47,3.91,196.2,26.36,9,11,327,4.3084490030775475
2025-11-23 10:00:00,640.42,579.65,28.53,664.47,3.57,4.59,182.2,27.06,10,11,327,5.057744481873643
2025-11-23 11:00:00,662.97,479.56,30.45,686.15,3.63,5.04,177.0,27.67,11,11,327,5.5536017840181175
2025-11-23 12:00:00,646.65,502.01,31.54,655.33,3.72,5.21,172.6,28.32,12,11,327,5.740925653717142
2025-11-23 13:00:00,527.97,440.04,32.06,553.67,3.77,5.24,166.9,28.67,13,11,327,5.77398280719344
2025-11-23 14:00:00,379.7,335.04,32.03,394.88,3.75,5.17,162.9,28.64,14,11,327,5.696849449082077
2025-11-23 15:00:00,200.57,184.51,31.56,206.25,3.62,5.05,161.2,28.22,15,11,327,5.564620835176884
2025-11-23 16:00:00,42.15,10.68,30.33,42.78,3.05,4.98,162.7,27.14,16,11,327,5.487487477065522
2025-11-23 17:00:00,0.0,0.0,29.14,0.0,2.99,5.03,166.9,26.06,17,11,327,5.542582732859352
2025-11-23 18:00:00,0.0,0.0,27.9,0.0,3.03,4.83,174.4,25.47,18,11,327,5.3222017096840295
2025-11-23 19:00:00,0.0,0.0,26.63,0.0,3.08,4.51,183.6,24.83,19,11,327,4.969592072603514
2025-11-23 20:00:00,0.0,0.0,25.7,0.0,2.92,3.99,190.7,24.33,20,11,327,4.396601412347676
2025-11-23 21:00:00,0.0,0.0,25.19,0.0,2.58,3.26,195.7,24.02,21,11,327,3.5922106777577505
2025-11-23 22:00:00,0.0,0.0,24.69,0.0,2.09,2.52,200.7,23.83,22,11,327,2.7768008920090588
2025-11-23 23:00:00,0.0,0.0,24.24,0.0,1.81,2.13,212.3,23.63,23,11,327,2.3470578968171805
2025-11-24 00:00:00,0.0,0.0,23.92,0.0,1.91,2.22,228.5,23.37,0,11,328,2.446229357246076
2025-11-24 01:00:00,0.0,0.0,23.56,0.0,2.23,2.6,241.6,23.06,1,11,328,2.8649533012791877
2025-11-24 02:00:00,0.0,0.0,23.05,0.0,2.13,2.47,244.9,22.92,2,11,328,2.7217056362152285
2025-11-24 03:00:00,0.0,0.0,22.43,0.0,1.46,1.64,239.7,23.0,3,11,328,1.8071243900376415
2025-11-24 04:00:00,0.0,0.0,21.88,0.0,1.09,1.21,236.4,23.03,4,11,328,1.333305190210699
2025-11-24 05:00:00,0.0,0.0,21.37,0.0,1.37,1.53,258.3,22.88,5,11,328,1.6859148272912143
2025-11-24 06:00:00,22.08,1.79,21.12,22.62,1.79,1.98,280.2,22.78,6,11,328,2.181772129435689
2025-11-24 07:00:00,164.23,147.26,22.59,169.25,2.18,2.56,300.3,23.24,7,11,328,2.8208770966441232
2025-11-24 08:00:00,347.42,315.55,24.43,358.52,2.5,2.47,317.8,24.34,8,11,328,2.7217056362152285
2025-11-24 09:00:00,510.85,419.3,27.24,524.4,1.85,1.74,313.1,25.15,9,11,328,1.9173149016253026
2025-11-24 10:00:00,628.4,473.23,29.44,635.72,1.3,1.24,294.3,25.81,10,11,328,1.3663623436869972
2025-11-24 11:00:00,685.4,553.68,30.65,685.92,0.86,0.77,305.5,26.25,11,11,328,0.8484669392249903
2025-11-24 12:00:00,628.33,490.17,31.33,655.25,1.09,1.08,7.5,26.45,12,11,328,1.1900575251467396
2025-11-24 13:00:00,534.08,412.66,31.51,554.6,2.07,2.38,26.1,26.46,13,11,328,2.6225341757863334
2025-11-24 14:00:00,344.05,264.43,30.98,395.08,3.11,3.68,29.5,26.31,14,11,328,4.055010826425927
2025-11-24 15:00:00,175.9,102.29,30.22,206.5,3.84,4.54,17.8,26.15,15,11,328,5.0026492260798125
2025-11-24 16:00:00,37.78,2.51,29.07,42.1,4.5,5.55,4.4,25.68,16,11,328,6.115573393115189
2025-11-24 17:00:00,0.0,0.0,27.45,0.0,5.07,6.62,356.5,25.24,17,11,328,7.294611867103162
2025-11-24 18:00:00,0.0,0.0,26.41,0.0,5.79,7.42,351.6,25.22,18,11,328,8.176135959804451
2025-11-24 19:00:00,0.0,0.0,25.21,0.0,6.05,7.73,347.1,25.1,19,11,328,8.517726545726202
2025-11-24 20:00:00,0.0,0.0,24.39,0.0,6.18,7.92,342.8,24.9,20,11,328,8.727088517742756
2025-11-24 21:00:00,0.0,0.0,23.78,0.0,6.65,8.34,337.3,24.68,21,11,328,9.189888666410933
2025-11-24 22:00:00,0.0,0.0,23.34,0.0,7.64,9.18,330.4,24.33,22,11,328,10.115488963747286
2025-11-24 23:00:00,0.0,0.0,22.98,0.0,8.87,10.41,333.4,23.49,23,11,328,11.470832256275518
2025-11-25 00:00:00,0.0,0.0,22.53,0.0,9.65,11.11,338.1,22.45,0,11,329,12.242165837389145
2025-11-25 01:00:00,0.0,0.0,22.17,0.0,9.85,11.3,342.5,21.8,1,11,329,12.451527809405702
2025-11-25 02:00:00,0.0,0.0,21.86,0.0,9.75,11.18,348.7,21.57,2,11,329,12.319299195500507
2025-11-25 03:00:00,0.0,0.0,21.5,0.0,9.35,10.78,354.5,21.59,3,11,329,11.878537149149862
2025-11-25 04:00:00,0.0,0.0,20.94,0.0,8.57,10.16,353.7,21.57,4,11,329,11.195355977306365
2025-11-25 05:00:00,0.0,0.0,20.26,0.0,7.94,9.62,350.9,21.49,5,11,329,10.600327214732994
2025-11-25 06:00:00,20.83,0.36,19.59,20.85,7.9,9.6,348.8,21.38,6,11,329,10.578289112415462
2025-11-25 07:00:00,166.35,153.44,19.99,166.8,8.6,9.83,347.1,21.71,7,11,329,10.831727289067082
2025-11-25 08:00:00,349.8,297.86,22.0,350.6,9.02,10.03,345.0,22.17,8,11,329,11.052108312242405
2025-11-25 09:00:00,518.42,411.83,24.42,519.33,9.09,9.98,342.3,22.71,9,11,329,10.997013056448575
2025-11-25 10:00:00,634.5,485.91,26.37,635.28,8.79,9.53,339.0,23.21,10,11,329,10.501155754304099
2025-11-25 11:00:00,678.53,495.65,27.74,679.12,8.45,9.08,334.5,23.73,11,11,329,10.005298452159625
2025-11-25 12:00:00,649.45,483.19,28.67,649.85,8.23,8.85,330.2,24.22,12,11,329,9.751860275508005
2025-11-25 13:00:00,549.08,421.88,29.16,549.78,8.09,8.71,327.9,24.48,13,11,329,9.59759355928528
2025-11-25 14:00:00,391.77,315.62,29.11,392.58,8.04,8.7,326.2,24.52,14,11,329,9.586574508126512
2025-11-25 15:00:00,208.93,173.99,28.53,209.45,8.02,8.78,325.3,24.35,15,11,329,9.67472691739664
2025-11-25 16:00:00,43.42,7.56,26.9,43.47,7.69,8.87,325.8,23.86,16,11,329,9.773898377825535
2025-11-25 17:00:00,0.0,0.0,23.98,0.0,7.22,9.17,331.0,23.03,17,11,329,10.10446991258852
2025-11-25 18:00:00,0.0,0.0,23.28,0.0,7.22,9.33,340.5,22.74,18,11,329,10.280774731128778
2025-11-25 19:00:00,0.0,0.0,22.29,0.0,7.09,9.24,352.1,22.47,19,11,329,10.181603270699883
2025-11-25 20:00:00,0.0,0.0,21.0,0.0,6.95,9.06,2.7,22.11,20,11,329,9.983260349842093
2025-11-25 21:00:00,0.0,0.0,19.87,0.0,6.71,8.73,9.0,21.61,21,11,329,9.619631661602812
2025-11-25 22:00:00,0.0,0.0,18.98,0.0,6.48,8.4,11.3,21.15,22,11,329,9.25600297336353
2025-11-25 23:00:00,0.0,0.0,18.27,0.0,6.15,7.94,10.7,20.71,23,11,329,8.74912662006029
2025-11-26 00:00:00,0.0,0.0,17.63,0.0,5.94,7.67,7.9,20.37,0,11,330,8.451612238773604
2025-11-26 01:00:00,0.0,0.0,17.06,0.0,5.9,7.62,5.9,20.09,1,11,330,8.396516982979774
2025-11-26 02:00:00,0.0,0.0,16.53,0.0,5.8,7.49,4.7,19.85,2,11,330,8.253269317915814
2025-11-26 03:00:00,0.0,0.0,16.0,0.0,5.66,7.3,2.7,19.62,3,11,330,8.043907345899258
2025-11-26 04:00:00,0.0,0.0,15.49,0.0,5.54,7.15,0.6,19.4,4,11,330,7.878621578517767
2025-11-26 05:00:00,0.0,0.0,14.99,0.0,5.48,7.06,359.8,19.17,5,11,330,7.779450118088871
2025-11-26 06:00:00,23.23,8.84,14.57,23.48,5.37,6.91,0.3,19.02,6,11,330,7.61416435070738
2025-11-26 07:00:00,184.18,266.36,15.73,187.25,5.36,6.5,1.0,20.12,7,11,330,7.162383253197969
2025-11-26 08:00:00,383.4,477.21,18.31,390.08,5.42,5.88,357.9,21.18,8,11,330,6.479202081354471
2025-11-26 09:00:00,555.62,585.96,21.88,564.47,4.94,5.22,347.2,22.25,9,11,330,5.751944704875908
2025-11-26 10:00:00,671.33,671.19,24.8,681.12,4.62,4.73,328.7,23.13,10,11,330,5.212011198096369
2025-11-26 11:00:00,719.22,712.08,26.51,729.3,4.42,4.49,311.4,23.68,11,11,330,4.947553970285982
2025-11-26 12:00:00,691.4,680.68,27.35,701.83,4.59,4.72,299.9,23.99,12,11,330,5.200992146937602
2025-11-26 13:00:00,569.2,553.95,27.52,603.12,4.96,5.21,298.8,24.1,13,11,330,5.740925653717142
2025-11-26 14:00:00,424.3,504.59,27.44,443.9,4.77,5.07,311.4,24.09,14,11,330,5.586658937494416
2025-11-26 15:00:00,234.98,339.51,27.19,244.2,4.5,4.79,332.4,23.78,15,11,330,5.2781255050489655
2025-11-26 16:00:00,49.88,51.99,25.0,51.33,4.24,5.02,343.0,22.97,16,11,330,5.531563681700585
2025-11-26 17:00:00,0.0,0.0,21.79,0.0,4.11,5.25,346.2,22.07,17,11,330,5.785001858352206
2025-11-26 18:00:00,0.0,0.0,20.66,0.0,4.12,5.17,347.7,22.01,18,11,330,5.696849449082077
2025-11-26 19:00:00,0.0,0.0,19.8,0.0,4.02,4.94,345.0,21.94,19,11,330,5.443411272430457
2025-11-26 20:00:00,0.0,0.0,18.84,0.0,3.69,4.43,343.1,21.68,20,11,330,4.881439663333385
2025-11-26 21:00:00,0.0,0.0,17.93,0.0,3.2,3.8,337.4,21.52,21,11,330,4.18723944033112
2025-11-26 22:00:00,0.0,0.0,17.08,0.0,3.04,3.65,324.1,21.37,22,11,330,4.021953672949629
2025-11-26 23:00:00,0.0,0.0,16.27,0.0,3.14,3.84,313.2,21.19,23,11,330,4.231315644966185
2025-11-27 00:00:00,0.0,0.0,15.57,0.0,3.18,3.88,304.5,20.93,0,11,331,4.275391849601249
2025-11-27 01:00:00,0.0,0.0,14.94,0.0,3.31,3.99,295.5,20.54,1,11,331,4.396601412347676
2025-11-27 02:00:00,0.0,0.0,14.32,0.0,3.42,4.03,289.3,20.11,2,11,331,4.440677616982741
2025-11-27 03:00:00,0.0,0.0,13.75,0.0,3.53,4.12,287.4,19.74,3,11,331,4.5398490774116365
2025-11-27 04:00:00,0.0,0.0,13.3,0.0,3.52,4.1,291.0,19.5,4,11,331,4.517810975094103
2025-11-27 05:00:00,0.0,0.0,13.13,0.0,3.56,4.19,298.5,19.35,5,11,331,4.616982435522999
2025-11-27 06:00:00,22.35,16.66,13.6,23.38,3.73,4.43,305.6,19.29,6,11,331,4.881439663333385
2025-11-27 07:00:00,179.65,298.82,15.24,194.32,3.64,4.36,313.5,20.26,7,11,331,4.804306305222023
2025-11-27 08:00:00,371.98,450.59,17.32,399.1,3.81,4.01,319.6,21.49,8,11,331,4.418639514665209
2025-11-27 09:00:00,535.75,524.73,20.85,571.8,3.45,3.53,321.0,22.44,9,11,331,3.8897250590444354
2025-11-27 10:00:00,647.33,574.4,24.7,686.65,3.09,3.13,321.6,23.23,10,11,331,3.4489630126937914
2025-11-27 11:00:00,682.28,600.71,26.67,723.25,3.0,3.04,324.4,23.84,11,11,331,3.3497915522648967
2025-11-27 12:00:00,686.5,671.16,27.8,695.92,2.79,2.77,337.3,24.31,12,11,331,3.0522771709782117
2025-11-27 13:00:00,589.85,625.31,28.38,596.92,2.96,2.91,357.8,24.55,13,11,331,3.206543887200937
2025-11-27 14:00:00,430.98,520.24,28.5,436.67,3.31,3.32,13.2,24.48,14,11,331,3.6583249847103474
2025-11-27 15:00:00,235.15,353.97,28.1,238.32,3.44,3.55,16.3,24.28,15,11,331,3.9117631613619674
2025-11-27 16:00:00,48.6,46.27,25.76,49.0,3.13,3.68,16.8,23.63,16,11,331,4.055010826425927
2025-11-27 17:00:00,0.0,0.0,23.2,0.0,2.99,3.56,6.4,22.83,17,11,331,3.922782212520734
2025-11-27 18:00:00,0.0,0.0,21.61,0.0,3.12,3.68,349.5,22.74,18,11,331,4.055010826425927
2025-11-27 19:00:00,0.0,0.0,19.96,0.0,3.25,3.86,340.5,22.59,19,11,331,4.253353747283717
2025-11-27 20:00:00,0.0,0.0,18.72,0.0,3.17,3.8,338.6,22.52,20,11,331,4.18723944033112
2025-11-27 21:00:00,0.0,0.0,17.94,0.0,2.94,3.54,339.5,22.33,21,11,331,3.9007441102032017
2025-11-27 22:00:00,0.0,0.0,16.95,0.0,2.87,3.46,329.1,21.88,22,11,331,3.8125917009330728
2025-11-27 23:00:00,0.0,0.0,16.03,0.0,3.43,4.24,316.7,21.56,23,11,331,4.672077691316829
2025-11-28 00:00:00,0.0,0.0,15.43,0.0,3.8,4.77,314.7,21.31,0,11,332,5.256087402731432
2025-11-28 01:00:00,0.0,0.0,14.8,0.0,4.35,5.45,310.6,21.06,1,11,332,6.005382881527528
2025-11-28 02:00:00,0.0,0.0,14.45,0.0,4.36,5.42,312.4,20.72,2,11,332,5.97232572805123
2025-11-28 03:00:00,0.0,0.0,13.87,0.0,4.14,5.06,310.5,20.41,3,11,332,5.575639886335649
2025-11-28 04:00:00,0.0,0.0,13.59,0.0,4.23,5.13,308.3,20.11,4,11,332,5.652773244447013
2025-11-28 05:00:00,0.0,0.0,13.29,0.0,4.15,5.02,308.6,19.88,5,11,332,5.531563681700585
2025-11-28 06:00:00,21.45,15.27,13.01,21.65,3.71,4.45,310.6,19.78,6,11,332,4.903477765650917
2025-11-28 07:00:00,184.05,315.32,15.24,187.85,3.23,3.96,311.2,20.66,7,11,332,4.363544258871378
2025-11-28 08:00:00,381.65,521.54,17.91,390.88,3.25,3.46,311.0,21.98,8,11,332,3.8125917009330728
2025-11-28 09:00:00,551.05,619.23,21.61,564.0,2.85,2.89,306.7,22.86,9,11,332,3.184505784883405
2025-11-28 10:00:00,664.03,676.08,24.84,679.67,2.25,2.26,284.3,23.74,10,11,332,2.49030556188114
2025-11-28 11:00:00,698.35,652.68,27.26,718.55,1.98,2.05,276.7,24.55,11,11,332,2.2589054875470516
2025-11-28 12:00:00,690.08,697.81,28.68,692.05,1.82,1.87,306.1,25.4,12,11,332,2.060562566689262
2025-11-28 13:00:00,579.47,633.47,29.28,591.8,2.05,2.01,350.0,25.91,13,11,332,2.214829282911987
2025-11-28 14:00:00,395.98,384.68,29.34,432.42,2.74,2.72,20.2,25.9,14,11,332,2.997181915184381
2025-11-28 15:00:00,208.35,181.35,28.78,235.62,3.42,3.55,28.6,25.41,15,11,332,3.9117631613619674
2025-11-28 16:00:00,44.33,17.25,26.11,48.1,3.3,3.99,21.0,24.3,16,11,332,4.396601412347676
2025-11-28 17:00:00,0.0,0.0,23.27,0.0,3.51,4.3,0.7,23.4,17,11,332,4.738191998269426
2025-11-28 18:00:00,0.0,0.0,21.46,0.0,4.07,5.1,343.2,23.22,18,11,332,5.619716090970714
2025-11-28 19:00:00,0.0,0.0,20.24,0.0,4.62,5.91,333.6,22.95,19,11,332,6.512259234830769
2025-11-28 20:00:00,0.0,0.0,19.46,0.0,5.09,6.55,330.1,22.62,20,11,332,7.2174785089918
2025-11-28 21:00:00,0.0,0.0,18.86,0.0,5.19,6.67,329.4,22.25,21,11,332,7.3497071228969935
2025-11-28 22:00:00,0.0,0.0,17.99,0.0,5.21,6.67,326.0,21.87,22,11,332,7.3497071228969935
2025-11-28 23:00:00,0.0,0.0,17.08,0.0,5.3,6.76,319.5,21.55,23,11,332,7.448878583325888
2025-11-29 00:00:00,0.0,0.0,16.39,0.0,5.46,6.95,315.6,21.31,0,11,333,7.658240555342444
2025-11-29 01:00:00,0.0,0.0,16.16,0.0,5.49,7.0,316.4,21.29,1,11,333,7.713335811136274
2025-11-29 02:00:00,0.0,0.0,16.37,0.0,5.54,7.07,316.3,21.12,2,11,333,7.790469169247638
2025-11-29 03:00:00,0.0,0.0,15.59,0.0,5.49,6.99,318.1,20.83,3,11,333,7.702316759977509
2025-11-29 04:00:00,0.0,0.0,15.18,0.0,5.31,6.73,319.6,20.67,4,11,333,7.41582142984959
2025-11-29 05:00:00,0.0,0.0,15.19,0.0,4.95,6.21,321.5,20.48,5,11,333,6.8428307695937525
2025-11-29 06:00:00,19.98,12.39,14.89,19.98,4.4,5.42,321.8,20.28,6,11,333,5.97232572805123
2025-11-29 07:00:00,178.15,315.11,17.47,179.6,3.91,4.87,318.2,20.94,7,11,333,5.366277914319094
2025-11-29 08:00:00,376.3,532.51,20.11,379.15,3.71,3.99,320.3,22.07,8,11,333,4.396601412347676
2025-11-29 09:00:00,548.12,656.29,23.45,551.97,3.08,3.21,325.0,23.11,9,11,333,3.5371154219639203
2025-11-29 10:00:00,666.45,709.55,27.15,668.95,2.49,2.53,325.6,24.24,10,11,333,2.7878199431678246
2025-11-29 11:00:00,675.67,594.35,29.04,717.33,2.03,2.05,328.6,24.99,11,11,333,2.2589054875470516
2025-11-29 12:00:00,648.03,548.34,30.05,691.85,2.02,1.97,349.5,25.42,12,11,333,2.170753078276923
2025-11-29 13:00:00,513.62,498.9,30.52,595.35,2.52,2.47,11.7,25.56,13,11,333,2.7217056362152285
2025-11-29 14:00:00,385.67,474.76,30.47,437.77,3.08,3.15,17.2,25.36,14,11,333,3.4710011150113234
2025-11-29 15:00:00,219.6,340.39,29.85,240.75,3.61,3.91,14.8,25.0,15,11,333,4.3084490030775475
2025-11-29 16:00:00,47.17,51.72,27.56,49.78,3.71,4.64,6.9,24.18,16,11,333,5.112839737667473
2025-11-29 17:00:00,0.0,0.0,24.86,0.0,4.05,5.1,357.6,23.48,17,11,333,5.619716090970714
2025-11-29 18:00:00,0.0,0.0,22.76,0.0,4.16,5.21,348.9,23.3,18,11,333,5.740925653717142
2025-11-29 19:00:00,0.0,0.0,21.59,0.0,4.09,5.1,340.4,23.06,19,11,333,5.619716090970714
2025-11-29 20:00:00,0.0,0.0,20.91,0.0,4.01,4.97,331.6,22.73,20,11,333,5.476468425906755
2025-11-29 21:00:00,0.0,0.0,20.13,0.0,4.12,5.13,322.1,22.29,21,11,333,5.652773244447013
2025-11-29 22:00:00,0.0,0.0,19.24,0.0,4.37,5.49,315.7,21.83,22,11,333,6.049459086162593
2025-11-29 23:00:00,0.0,0.0,18.47,0.0,4.68,5.92,310.5,21.51,23,11,333,6.523278285989535
2025-11-30 00:00:00,0.0,0.0,17.9,0.0,5.11,6.52,308.6,21.32,0,11,334,7.184421355515501
2025-11-30 01:00:00,0.0,0.0,17.44,0.0,5.34,6.86,312.6,21.21,1,11,334,7.55906909491355
2025-11-30 02:00:00,0.0,0.0,17.03,0.0,5.63,7.29,319.8,21.18,2,11,334,8.032888294740491
2025-11-30 03:00:00,0.0,0.0,16.65,0.0,5.97,7.77,326.0,21.15,3,11,334,8.561802750361265
2025-11-30 04:00:00,0.0,0.0,16.3,0.0,6.25,8.14,331.5,21.12,4,11,334,8.96950764323561
2025-11-30 05:00:00,0.0,0.0,16.02,0.0,6.39,8.3,335.7,21.03,5,11,334,9.145812461775868
2025-11-30 06:00:00,18.92,5.26,15.87,19.73,6.5,8.41,337.6,20.91,6,11,334,9.267022024522296
2025-11-30 07:00:00,156.2,102.69,16.73,181.12,6.83,8.37,342.0,21.23,7,11,334,9.222945819887231
2025-11-30 08:00:00,320.0,195.65,18.56,382.62,7.41,8.49,341.9,21.6,8,11,334,9.355174433792424
2025-11-30 09:00:00,469.88,305.76,20.83,555.03,7.89,8.77,341.2,21.76,9,11,334,9.663707866237875
2025-11-30 10:00:00,536.85,199.47,23.1,670.8,8.15,8.95,339.6,21.84,10,11,334,9.862050787095665
2025-11-30 11:00:00,569.3,205.82,25.3,698.45,8.09,8.84,340.0,21.87,11,11,334,9.740841224349237
2025-11-30 12:00:00,550.3,304.78,26.99,672.05,7.95,8.65,338.4,22.08,12,11,334,9.531479252332682
2025-11-30 13:00:00,448.2,175.18,27.73,573.05,7.67,8.38,337.0,22.41,13,11,334,9.233964871045998
2025-11-30 14:00:00,316.15,105.84,27.33,414.12,7.42,8.18,337.4,22.6,14,11,334,9.013583847870676
2025-11-30 15:00:00,180.12,55.31,26.38,222.2,6.93,7.91,340.4,22.6,15,11,334,8.71606946658399
2025-11-30 16:00:00,43.17,5.82,24.0,44.92,6.14,7.72,344.2,22.16,16,11,334,8.506707494567435
2025-11-30 17:00:00,0.0,0.0,21.21,0.0,6.0,7.79,346.0,21.72,17,11,334,8.583840852678797
2025-11-30 18:00:00,0.0,0.0,20.25,0.0,6.28,8.23,347.2,21.64,18,11,334,9.068679103664506
2025-11-30 19:00:00,0.0,0.0,18.82,0.0,6.72,8.87,348.9,21.54,19,11,334,9.773898377825535
2025-11-30 20:00:00,0.0,0.0,17.55,0.0,7.08,9.31,351.3,21.29,20,11,334,10.258736628811246
2025-11-30 21:00:00,0.0,0.0,16.61,0.0,7.29,9.53,354.5,21.01,21,11,334,10.501155754304099
2025-11-30 22:00:00,0.0,0.0,15.66,0.0,7.4,9.62,356.6,20.78,22,11,334,10.600327214732994
2025-11-30 23:00:00,0.0,0.0,14.94,0.0,7.54,9.67,356.1,20.72,23,11,334,10.655422470526824
2025-12-01 00:00:00,0.0,0.0,14.49,0.0,7.69,9.78,354.5,20.61,0,12,335,10.776632033273252
2025-12-01 01:00:00,0.0,0.0,14.23,0.0,7.73,9.73,355.2,20.47,1,12,335,10.721536777479422
2025-12-01 02:00:00,0.0,0.0,14.07,0.0,7.58,9.52,355.7,20.33,2,12,335,10.490136703145334
2025-12-01 03:00:00,0.0,0.0,14.23,0.0,7.44,9.35,355.8,20.19,3,12,335,10.302812833446309
2025-12-01 04:00:00,0.0,0.0,14.36,0.0,7.44,9.36,355.8,20.09,4,12,335,10.313831884605076
2025-12-01 05:00:00,0.0,0.0,14.26,0.0,7.61,9.47,356.2,20.06,5,12,335,10.435041447351503
2025-12-01 06:00:00,17.02,1.2,14.07,18.2,7.77,9.59,359.1,20.0,6,12,335,10.567270061256696
2025-12-01 07:00:00,131.77,38.11,14.55,173.82,7.98,9.67,357.6,20.06,7,12,335,10.655422470526824
2025-12-01 08:00:00,268.58,63.89,16.18,376.38,8.18,9.4,357.1,20.47,8,12,335,10.35790808924014
2025-12-01 09:00:00,398.27,125.57,18.08,548.92,8.1,9.11,354.2,21.34,9,12,335,10.038355605635923
2025-12-01 10:00:00,397.25,82.62,19.94,666.53,8.54,9.45,347.2,22.31,10,12,335,10.41300334503397
2025-12-01 11:00:00,497.33,173.65,21.53,716.17,8.7,9.55,341.8,23.06,11,12,335,10.523193856621633
2025-12-01 12:00:00,513.95,197.41,21.73,689.8,8.86,9.71,333.9,23.51,12,12,335,10.699498675161891
2025-12-01 13:00:00,377.05,91.11,21.73,594.1,9.05,9.95,329.1,23.61,13,12,335,10.963955902972275
2025-12-01 14:00:00,293.12,155.28,21.65,437.3,9.22,10.22,325.7,23.45,14,12,335,11.261470284258962
2025-12-01 15:00:00,178.35,177.47,21.34,241.2,9.22,10.49,324.2,23.11,15,12,335,11.558984665545646
2025-12-01 16:00:00,41.88,39.26,20.05,50.2,8.77,10.43,325.7,22.52,16,12,335,11.492870358593049
2025-12-01 17:00:00,0.0,0.0,17.04,0.0,8.64,10.5,328.9,22.11,17,12,335,11.570003716704411
2025-12-01 18:00:00,0.0,0.0,16.13,0.0,8.75,10.58,338.4,22.09,18,12,335,11.658156125974541
2025-12-01 19:00:00,0.0,0.0,15.65,0.0,8.75,10.74,348.2,21.82,19,12,335,11.834460944514799
2025-12-01 20:00:00,0.0,0.0,15.27,0.0,8.32,10.45,356.1,21.42,20,12,335,11.514908460910581
2025-12-01 21:00:00,0.0,0.0,15.06,0.0,7.52,9.59,359.8,20.82,21,12,335,10.567270061256696
2025-12-01 22:00:00,0.0,0.0,14.83,0.0,6.97,8.95,2.1,20.26,22,12,335,9.862050787095665
2025-12-01 23:00:00,0.0,0.0,14.56,0.0,6.62,8.52,4.4,19.72,23,12,335,9.388231587268722
2025-12-02 00:00:00,0.0,0.0,14.14,0.0,6.48,8.38,6.0,19.33,0,12,336,9.233964871045998
2025-12-02 01:00:00,0.0,0.0,13.74,0.0,6.49,8.4,5.8,19.05,1,12,336,9.25600297336353
2025-12-02 02:00:00,0.0,0.0,13.4,0.0,6.54,8.47,4.4,18.69,2,12,336,9.333136331474893
2025-12-02 03:00:00,0.0,0.0,12.96,0.0,6.56,8.53,1.6,18.5,3,12,336,9.399250638427489
2025-12-02 04:00:00,0.0,0.0,12.45,0.0,6.62,8.63,359.9,18.37,4,12,336,9.509441150015151
2025-12-02 05:00:00,0.0,0.0,12.0,0.0,6.56,8.55,358.1,18.27,5,12,336,9.421288740745021
2025-12-02 06:00:00,19.23,27.49,11.71,19.33,6.62,8.62,357.1,18.2,6,12,336,9.498422098856382
2025-12-02 07:00:00,186.2,422.67,13.15,188.23,7.13,8.63,356.5,19.09,7,12,336,9.509441150015151
2025-12-02 08:00:00,391.98,650.5,15.79,394.83,7.75,8.72,354.6,20.17,8,12,336,9.608612610444046
2025-12-02 09:00:00,565.9,777.11,18.82,568.47,8.39,9.36,352.9,21.48,9,12,336,10.313831884605076
2025-12-02 10:00:00,683.78,831.73,21.68,685.72,8.94,9.91,348.7,22.75,10,12,336,10.919879698337212
2025-12-02 11:00:00,718.97,776.66,23.67,720.22,9.42,10.43,344.1,23.62,11,12,336,11.492870358593049
2025-12-02 12:00:00,696.78,774.56,24.94,697.15,9.99,11.12,341.5,24.16,12,12,336,12.25318488854791
2025-12-02 13:00:00,604.1,744.07,25.67,604.1,10.43,11.7,340.1,24.39,13,12,336,12.892289855756344
2025-12-02 14:00:00,442.3,620.68,25.78,448.75,10.57,11.96,338.7,24.35,14,12,336,13.178785185884264
2025-12-02 15:00:00,244.25,431.18,25.1,251.88,10.59,12.13,338.0,24.04,15,12,336,13.366109055583289
2025-12-02 16:00:00,53.12,92.46,22.35,54.53,9.95,11.82,338.1,23.3,16,12,336,13.024518469661539
2025-12-02 17:00:00,0.0,0.0,19.48,0.0,9.17,11.32,340.9,22.47,17,12,336,12.473565911723233
2025-12-02 18:00:00,0.0,0.0,18.68,0.0,8.2,10.28,346.3,21.99,18,12,336,11.327584591211556
2025-12-02 19:00:00,0.0,0.0,17.33,0.0,7.65,9.81,354.4,21.5,19,12,336,10.809689186749551
2025-12-02 20:00:00,0.0,0.0,16.37,0.0,7.17,9.33,2.7,20.88,20,12,336,10.280774731128778
2025-12-02 21:00:00,0.0,0.0,15.7,0.0,6.68,8.73,11.4,20.31,21,12,336,9.619631661602812
2025-12-02 22:00:00,0.0,0.0,15.07,0.0,6.17,7.99,16.0,19.8,22,12,336,8.80422187585412
2025-12-02 23:00:00,0.0,0.0,14.4,0.0,5.96,7.64,15.1,19.41,23,12,336,8.418555085297305
2025-12-03 00:00:00,0.0,0.0,13.84,0.0,5.77,7.37,16.8,19.31,0,12,337,8.121040704010621
2025-12-03 01:00:00,0.0,0.0,13.74,0.0,5.32,6.76,18.9,19.17,1,12,337,7.448878583325888
2025-12-03 02:00:00,0.0,0.0,13.16,0.0,4.75,5.98,19.4,19.01,2,12,337,6.589392592942132
2025-12-03 03:00:00,0.0,0.0,12.63,0.0,4.28,5.3,20.8,18.94,3,12,337,5.840097114146037
2025-12-03 04:00:00,0.0,0.0,12.17,0.0,3.91,4.75,18.7,18.92,4,12,337,5.234049300413901
2025-12-03 05:00:00,0.0,0.0,11.84,0.0,3.43,4.09,17.2,19.05,5,12,337,4.506791923935338
2025-12-03 06:00:00,18.83,39.6,12.19,19.23,2.67,3.15,15.4,19.29,6,12,337,3.4710011150113234
2025-12-03 07:00:00,178.35,407.61,14.1,187.35,1.93,2.26,11.0,19.65,7,12,337,2.49030556188114
2025-12-03 08:00:00,371.75,586.45,15.53,390.98,1.49,1.76,10.2,20.33,8,12,337,1.9393530039428348
2025-12-03 09:00:00,533.55,683.66,18.13,561.05,1.38,1.42,346.9,21.72,9,12,337,1.564705264544787
2025-12-03 10:00:00,652.35,726.06,21.17,675.3,1.33,1.3,311.6,23.06,10,12,337,1.4324766506395938
2025-12-03 11:00:00,663.12,594.46,23.9,707.4,1.96,1.93,291.6,24.09,11,12,337,2.1266768736418586
2025-12-03 12:00:00,660.3,641.49,25.46,682.28,2.64,2.67,287.9,24.62,12,12,337,2.9420866593905504
2025-12-03 13:00:00,525.47,478.71,26.15,588.2,3.31,3.44,289.7,24.69,13,12,337,3.7905535986155408
2025-12-03 14:00:00,358.38,270.1,26.17,433.17,3.59,3.82,301.5,24.29,14,12,337,4.209277542648652
2025-12-03 15:00:00,187.88,107.69,25.41,237.88,3.56,4.16,308.4,23.77,15,12,337,4.5839252820467005
2025-12-03 16:00:00,40.0,14.95,22.86,49.75,3.61,4.59,310.0,22.82,16,12,337,5.057744481873643
2025-12-03 17:00:00,0.0,0.0,20.65,0.0,3.88,4.81,309.9,22.23,17,12,337,5.300163607366497
2025-12-03 18:00:00,0.0,0.0,20.01,0.0,3.96,4.91,313.2,21.98,18,12,337,5.410354118954158
2025-12-03 19:00:00,0.0,0.0,19.53,0.0,3.92,4.82,314.3,21.67,19,12,337,5.311182658525263
2025-12-03 20:00:00,0.0,0.0,19.53,0.0,3.72,4.55,317.6,21.22,20,12,337,5.013668277238578
2025-12-03 21:00:00,0.0,0.0,19.37,0.0,3.43,4.19,325.1,20.81,21,12,337,4.616982435522999
2025-12-03 22:00:00,0.0,0.0,18.35,0.0,3.11,3.82,330.3,20.49,22,12,337,4.209277542648652
2025-12-03 23:00:00,0.0,0.0,17.91,0.0,2.94,3.63,325.6,20.37,23,12,337,3.999915570632097
2025-12-04 00:00:00,0.0,0.0,17.49,0.0,2.81,3.51,320.3,20.34,0,12,338,3.867686956726903
2025-12-04 01:00:00,0.0,0.0,16.26,0.0,2.96,3.71,313.6,20.3,1,12,338,4.088067979902226
2025-12-04 02:00:00,0.0,0.0,14.99,0.0,3.53,4.44,306.7,20.12,2,12,338,4.892458714492152
2025-12-04 03:00:00,0.0,0.0,14.11,0.0,4.06,5.07,304.3,19.71,3,12,338,5.586658937494416
2025-12-04 04:00:00,0.0,0.0,13.55,0.0,4.38,5.46,304.2,19.34,4,12,338,6.0164019326862945
2025-12-04 05:00:00,0.0,0.0,13.07,0.0,4.5,5.58,306.3,19.08,5,12,338,6.1486305465914874
2025-12-04 06:00:00,17.08,18.14,12.76,17.17,4.36,5.37,309.0,18.98,6,12,338,5.917230472257399
2025-12-04 07:00:00,171.32,366.48,14.82,177.65,4.13,5.08,310.8,19.82,7,12,338,5.5976779886531824
2025-12-04 08:00:00,374.4,554.42,17.33,382.17,4.1,4.37,313.1,21.1,8,12,338,4.8153253563807885
2025-12-04 09:00:00,548.17,704.57,20.79,554.05,3.72,3.88,315.4,22.05,9,12,338,4.275391849601249
2025-12-04 10:00:00,662.6,775.54,23.72,670.53,3.49,3.61,314.3,22.88,10,12,338,3.9778774683145643
2025-12-04 11:00:00,709.33,779.77,26.04,716.03,3.35,3.49,315.5,23.61,11,12,338,3.8456488544093714
2025-12-04 12:00:00,667.05,633.31,27.67,691.2,3.47,3.67,321.6,24.2,12,12,338,4.043991775267161
2025-12-04 13:00:00,549.08,535.21,29.24,596.1,3.85,4.13,329.6,24.57,13,12,338,4.550868128570402
2025-12-04 14:00:00,402.77,512.4,29.86,440.92,4.22,4.56,338.0,24.73,14,12,338,5.024687328397344
2025-12-04 15:00:00,225.15,357.17,29.49,242.82,4.3,4.71,342.2,24.5,15,12,338,5.189973095778837
2025-12-04 16:00:00,49.7,75.03,26.77,51.55,3.57,4.44,342.8,23.52,16,12,338,4.892458714492152
2025-12-04 17:00:00,0.0,0.0,24.24,0.0,3.3,4.05,337.8,22.68,17,12,338,4.462715719300273
2025-12-04 18:00:00,0.0,0.0,23.08,0.0,2.98,3.59,328.2,22.67,18,12,338,3.9558393659970323
2025-12-04 19:00:00,0.0,0.0,22.45,0.0,2.72,3.28,315.0,22.53,19,12,338,3.614248780075283
2025-12-04 20:00:00,0.0,0.0,21.99,0.0,2.43,3.0,300.9,22.37,20,12,338,3.3057153476298318
2025-12-04 21:00:00,0.0,0.0,21.3,0.0,2.29,2.86,283.4,21.98,21,12,338,3.1514486314071064
2025-12-04 22:00:00,0.0,0.0,20.94,0.0,2.26,2.79,264.9,21.62,22,12,338,3.0743152732957437
2025-12-04 23:00:00,0.0,0.0,20.93,0.0,2.47,2.97,243.2,21.3,23,12,338,3.272658194153534
2025-12-05 00:00:00,0.0,0.0,20.58,0.0,2.9,3.41,228.1,21.0,0,12,339,3.7574964451392425
2025-12-05 01:00:00,0.0,0.0,20.15,0.0,3.11,3.62,222.6,20.91,1,12,339,3.9888965194733306
2025-12-05 02:00:00,0.0,0.0,19.8,0.0,2.92,3.39,216.4,21.26,2,12,339,3.73545834282171
2025-12-05 03:00:00,0.0,0.0,19.35,0.0,2.33,2.72,171.5,21.66,3,12,339,2.997181915184381
2025-12-05 04:00:00,0.0,0.0,19.07,0.0,3.94,4.8,136.2,21.27,4,12,339,5.289144556207731
2025-12-05 05:00:00,0.0,0.0,18.53,0.0,5.09,6.41,139.6,21.17,5,12,339,7.063211792769074
2025-12-05 06:00:00,14.75,10.1,17.84,16.33,5.84,7.54,151.5,21.14,6,12,339,8.308364573709644
2025-12-05 07:00:00,150.23,212.82,18.64,173.95,6.51,8.44,161.6,22.24,7,12,339,9.300079177998594
2025-12-05 08:00:00,337.2,352.94,20.84,374.67,7.33,8.3,166.7,23.71,8,12,339,9.145812461775868
2025-12-05 09:00:00,503.7,542.97,24.09,542.15,7.47,8.63,165.6,25.0,9,12,339,9.509441150015151
2025-12-05 10:00:00,608.67,585.62,26.75,653.88,7.63,9.34,164.2,26.21,10,12,339,10.291793782287543
2025-12-05 11:00:00,588.75,405.67,28.24,694.55,7.22,9.39,159.8,27.03,11,12,339,10.346889038081375
2025-12-05 12:00:00,485.8,279.38,29.31,664.97,6.95,9.38,154.0,27.55,12,12,339,10.335869986922608
2025-12-05 13:00:00,385.98,173.42,29.96,572.97,6.73,9.29,149.2,27.74,13,12,339,10.236698526493711
2025-12-05 14:00:00,266.17,92.48,30.1,422.6,6.67,9.28,143.9,27.53,14,12,339,10.225679475334946
2025-12-05 15:00:00,147.43,67.3,29.53,233.23,6.83,9.36,136.9,26.87,15,12,339,10.313831884605076
2025-12-05 16:00:00,33.65,0.0,27.54,49.25,6.77,9.43,134.7,25.76,16,12,339,10.390965242716439
2025-12-05 17:00:00,0.0,0.0,25.57,0.0,5.91,8.65,142.3,24.56,17,12,339,9.531479252332682
2025-12-05 18:00:00,0.0,0.0,24.47,0.0,4.76,6.95,154.8,23.73,18,12,339,7.658240555342444
2025-12-05 19:00:00,0.0,0.0,23.67,0.0,3.68,5.07,167.0,23.21,19,12,339,5.586658937494416
2025-12-05 20:00:00,0.0,0.0,22.99,0.0,2.47,3.11,179.1,23.04,20,12,339,3.426924910376259
2025-12-05 21:00:00,0.0,0.0,22.49,0.0,1.18,1.38,206.8,23.0,21,12,339,1.5206290599097225
2025-12-05 22:00:00,0.0,0.0,22.08,0.0,0.95,1.02,267.8,22.7,22,12,339,1.123943218194143
2025-12-05 23:00:00,0.0,0.0,21.69,0.0,1.1,1.16,291.2,22.39,23,12,339,1.2782099344168683
2025-12-06 00:00:00,0.0,0.0,21.52,0.0,1.03,1.08,281.2,22.25,0,12,340,1.1900575251467396
2025-12-06 01:00:00,0.0,0.0,21.51,0.0,1.19,1.31,246.6,22.1,1,12,340,1.44349570179836
2025-12-06 02:00:00,0.0,0.0,21.18,0.0,1.81,2.05,229.9,21.89,2,12,340,2.2589054875470516
2025-12-06 03:00:00,0.0,0.0,20.48,0.0,2.09,2.39,221.8,21.77,3,12,340,2.6335532269450996
2025-12-06 04:00:00,0.0,0.0,19.79,0.0,1.95,2.2,224.4,21.79,4,12,340,2.4241912549285436
2025-12-06 05:00:00,0.0,0.0,18.89,0.0,2.4,2.71,253.3,21.56,5,12,340,2.986162864025615
2025-12-06 06:00:00,11.07,2.52,18.24,14.15,3.26,3.9,272.2,21.18,6,12,340,4.297429951918781
2025-12-06 07:00:00,138.27,155.23,19.69,156.25,3.06,3.69,286.9,21.07,7,12,340,4.066029877584693
2025-12-06 08:00:00,331.12,390.56,21.86,349.73,2.72,2.85,306.4,21.61,8,12,340,3.1404295802483406
2025-12-06 09:00:00,511.35,580.01,24.81,516.03,2.09,2.06,305.9,22.62,9,12,340,2.2699245387058182
2025-12-06 10:00:00,625.12,630.81,27.25,629.05,1.66,1.78,280.7,23.88,10,12,340,1.961391106260367
2025-12-06 11:00:00,621.12,447.21,29.07,652.6,1.17,1.38,269.2,25.01,11,12,340,1.5206290599097225
2025-12-06 12:00:00,570.38,294.0,30.47,631.08,0.72,0.81,288.0,25.86,12,12,340,0.8925431438600547
2025-12-06 13:00:00,481.23,310.18,31.3,539.25,1.21,1.22,326.0,26.46,13,12,340,1.344324241369465
2025-12-06 14:00:00,351.02,249.65,31.51,388.92,2.21,2.52,332.6,26.34,14,12,340,2.7768008920090588
2025-12-06 15:00:00,193.0,146.73,31.01,204.55,3.44,4.23,330.1,25.82,15,12,340,4.661058640158063
2025-12-06 16:00:00,42.4,10.16,28.46,42.53,4.54,5.95,327.5,24.53,16,12,340,6.556335439465833
2025-12-06 17:00:00,0.0,0.0,25.35,0.0,5.39,7.01,322.2,22.96,17,12,340,7.724354862295041
2025-12-06 18:00:00,0.0,0.0,24.24,0.0,5.48,7.09,317.2,22.22,18,12,340,7.8125072715651696
2025-12-06 19:00:00,0.0,0.0,22.64,0.0,5.11,6.58,315.5,21.57,19,12,340,7.250535662468098
2025-12-06 20:00:00,0.0,0.0,21.22,0.0,4.8,6.11,315.0,21.11,20,12,340,6.732640258006091
2025-12-06 21:00:00,0.0,0.0,20.13,0.0,4.79,6.07,315.2,20.75,21,12,340,6.688564053371027
2025-12-06 22:00:00,0.0,0.0,19.05,0.0,5.02,6.39,317.6,20.44,22,12,340,7.041173690451542
2025-12-06 23:00:00,0.0,0.0,18.09,0.0,5.3,6.79,321.0,20.13,23,12,340,7.481935736802186
2025-12-07 00:00:00,0.0,0.0,17.53,0.0,5.51,7.08,321.7,19.78,0,12,341,7.801488220406403
2025-12-07 01:00:00,0.0,0.0,17.12,0.0,5.65,7.25,321.9,19.43,1,12,341,7.988812090105427
2025-12-07 02:00:00,0.0,0.0,16.76,0.0,5.71,7.32,324.1,19.12,2,12,341,8.065945448216791
2025-12-07 03:00:00,0.0,0.0,16.42,0.0,5.64,7.23,326.5,18.88,3,12,341,7.966773987787896
2025-12-07 04:00:00,0.0,0.0,16.11,0.0,5.44,6.94,327.0,18.59,4,12,341,7.647221504183679
2025-12-07 05:00:00,0.0,0.0,15.79,0.0,5.36,6.82,323.2,18.28,5,12,341,7.514992890278485
2025-12-07 06:00:00,10.55,0.0,15.47,14.57,5.37,6.85,318.8,17.92,6,12,341,7.548050043754783
2025-12-07 07:00:00,73.68,0.0,15.56,162.0,5.48,6.77,317.6,18.47,7,12,341,7.459897634484654
2025-12-07 08:00:00,148.48,0.0,16.46,360.27,6.03,6.63,320.1,19.38,8,12,341,7.305630918261929
2025-12-07 09:00:00,205.1,15.28,17.77,530.55,6.09,6.57,320.1,19.97,9,12,341,7.239516611309332
2025-12-07 10:00:00,405.8,6.42,18.56,646.62,5.98,6.44,316.3,20.45,10,12,341,7.096268946245373
2025-12-07 11:00:00,253.2,14.74,19.04,696.17,5.92,6.39,316.2,20.97,11,12,341,7.041173690451542
2025-12-07 12:00:00,471.38,61.35,19.64,674.65,6.05,6.53,320.4,21.48,12,12,341,7.195440406674268
2025-12-07 13:00:00,305.33,0.87,21.33,584.33,6.28,6.78,320.3,21.69,13,12,341,7.47091668564342
2025-12-07 14:00:00,251.15,103.03,21.37,436.92,6.35,6.87,318.4,21.64,14,12,341,7.570088146072315
2025-12-07 15:00:00,166.35,150.77,21.27,243.85,6.17,6.73,318.6,21.34,15,12,341,7.41582142984959
2025-12-07 16:00:00,45.62,49.57,19.8,53.28,5.47,6.76,316.6,20.42,16,12,341,7.448878583325888
2025-12-07 17:00:00,0.0,0.0,16.98,0.0,5.44,6.97,312.7,19.38,17,12,341,7.680278657659976
2025-12-07 18:00:00,0.0,0.0,15.92,0.0,5.41,6.9,310.5,18.93,18,12,341,7.603145299548614
2025-12-07 19:00:00,0.0,0.0,14.98,0.0,5.19,6.57,309.9,18.54,19,12,341,7.239516611309332
2025-12-07 20:00:00,0.0,0.0,14.06,0.0,4.95,6.18,308.0,18.25,20,12,341,6.809773616117454
2025-12-07 21:00:00,0.0,0.0,13.18,0.0,4.8,5.93,304.9,18.05,21,12,341,6.534297337148301
2025-12-07 22:00:00,0.0,0.0,12.43,0.0,4.68,5.74,302.6,17.89,22,12,341,6.324935365131745
2025-12-07 23:00:00,0.0,0.0,11.79,0.0,4.63,5.66,299.6,17.69,23,12,341,6.236782955861616
2025-12-08 00:00:00,0.0,0.0,11.25,0.0,4.6,5.6,297.3,17.42,0,12,342,6.170668648909019
2025-12-08 01:00:00,0.0,0.0,10.81,0.0,4.57,5.56,294.5,17.16,1,12,342,6.126592444273955
2025-12-08 02:00:00,0.0,0.0,10.41,0.0,4.56,5.53,292.2,16.92,2,12,342,6.093535290797657
2025-12-08 03:00:00,0.0,0.0,10.08,0.0,4.56,5.51,290.4,16.67,3,12,342,6.071497188480125
2025-12-08 04:00:00,0.0,0.0,9.76,0.0,4.48,5.4,287.9,16.4,4,12,342,5.950287625733698
2025-12-08 05:00:00,0.0,0.0,9.39,0.0,4.36,5.2,286.1,16.19,5,12,342,5.729906602558375
2025-12-08 06:00:00,14.35,3.65,9.11,14.4,4.31,5.13,284.2,16.03,6,12,342,5.652773244447013
2025-12-08 07:00:00,165.68,283.52,11.12,167.18,4.13,4.92,283.2,16.75,7,12,342,5.421373170112925
2025-12-08 08:00:00,371.0,507.05,13.71,373.6,4.17,4.39,286.7,17.95,8,12,342,4.83736345869832
2025-12-08 09:00:00,547.38,631.73,17.2,550.0,3.64,3.82,292.0,18.85,9,12,342,4.209277542648652
2025-12-08 10:00:00,668.05,692.74,19.12,670.33,3.15,3.36,295.6,19.55,10,12,342,3.702401189345412
2025-12-08 11:00:00,724.97,761.95,20.56,726.83,2.67,2.92,304.9,20.25,11,12,342,3.217562938359703
2025-12-08 12:00:00,702.42,747.34,21.69,703.78,2.51,2.72,317.7,20.95,12,12,342,2.997181915184381
2025-12-08 13:00:00,608.05,698.3,22.31,608.72,2.78,2.96,322.0,21.51,13,12,342,3.2616391429947673
2025-12-08 14:00:00,449.3,591.65,22.34,450.02,3.22,3.41,323.0,21.8,14,12,342,3.7574964451392425
2025-12-08 15:00:00,247.62,386.0,21.66,248.15,3.75,3.99,321.2,21.79,15,12,342,4.396601412347676
2025-12-08 16:00:00,53.15,50.74,19.56,53.25,3.81,4.68,311.6,21.04,16,12,342,5.156915942302538
2025-12-08 17:00:00,0.0,0.0,16.17,0.0,3.97,4.91,307.1,20.05,17,12,342,5.410354118954158
2025-12-08 18:00:00,0.0,0.0,14.96,0.0,4.02,4.94,297.1,19.61,18,12,342,5.443411272430457
2025-12-08 19:00:00,0.0,0.0,14.07,0.0,4.13,5.06,288.4,19.22,19,12,342,5.575639886335649
2025-12-08 20:00:00,0.0,0.0,13.35,0.0,4.23,5.18,283.7,18.83,20,12,342,5.707868500240843
2025-12-08 21:00:00,0.0,0.0,12.79,0.0,4.11,5.0,281.1,18.52,21,12,342,5.5095255793830535
2025-12-08 22:00:00,0.0,0.0,12.32,0.0,3.86,4.67,279.7,18.35,22,12,342,5.145896891143772
2025-12-08 23:00:00,0.0,0.0,11.82,0.0,3.77,4.53,279.0,18.03,23,12,342,4.991630174921046
2025-12-09 00:00:00,0.0,0.0,11.25,0.0,3.75,4.49,278.6,17.74,0,12,343,4.947553970285982
2025-12-09 01:00:00,0.0,0.0,10.77,0.0,3.73,4.45,277.9,17.47,1,12,343,4.903477765650917
2025-12-09 02:00:00,0.0,0.0,10.42,0.0,3.88,4.65,277.5,17.34,2,12,343,5.12385878882624
2025-12-09 03:00:00,0.0,0.0,10.15,0.0,3.97,4.8,279.3,17.32,3,12,343,5.289144556207731
2025-12-09 04:00:00,0.0,0.0,9.95,0.0,4.12,5.04,280.6,17.25,4,12,343,5.5536017840181175
2025-12-09 05:00:00,0.0,0.0,9.89,0.0,4.27,5.27,280.4,17.18,5,12,343,5.807039960669738
2025-12-09 06:00:00,12.68,0.51,9.9,12.7,4.43,5.47,278.8,17.03,6,12,343,6.02742098384506
2025-12-09 07:00:00,147.5,160.91,12.08,148.23,4.49,5.41,275.5,17.39,7,12,343,5.961306676892463
2025-12-09 08:00:00,336.55,351.04,14.69,339.1,4.5,4.84,271.2,17.85,8,12,343,5.333220760842796
2025-12-09 09:00:00,505.62,471.98,18.52,510.62,3.68,3.94,269.6,18.13,9,12,343,4.341506156553846
2025-12-09 10:00:00,621.33,529.97,20.33,628.9,2.88,3.13,269.6,18.56,10,12,343,3.4489630126937914
2025-12-09 11:00:00,699.5,726.33,21.57,709.72,2.47,2.79,275.5,19.38,11,12,343,3.0743152732957437
2025-12-09 12:00:00,674.0,706.33,22.37,685.55,2.35,2.7,286.8,20.13,12,12,343,2.975143812866849
2025-12-09 13:00:00,581.6,637.62,22.64,591.03,2.34,2.64,297.1,20.64,13,12,343,2.909029505914252
2025-12-09 14:00:00,428.62,538.03,22.31,435.98,2.54,2.81,301.5,20.97,14,12,343,3.096353375613276
2025-12-09 15:00:00,237.48,360.22,21.43,240.85,2.86,3.13,302.9,21.05,15,12,343,3.4489630126937914
2025-12-09 16:00:00,51.58,47.67,19.67,52.08,2.86,3.5,302.9,20.39,16,12,343,3.856667905568137
2025-12-09 17:00:00,0.0,0.0,16.74,0.0,3.28,3.97,301.8,19.56,17,12,343,4.374563310030145
2025-12-09 18:00:00,0.0,0.0,15.9,0.0,3.54,4.3,297.9,19.28,18,12,343,4.738191998269426
2025-12-09 19:00:00,0.0,0.0,15.09,0.0,3.65,4.4,291.9,18.99,19,12,343,4.848382509857087
2025-12-09 20:00:00,0.0,0.0,14.26,0.0,3.81,4.56,285.7,18.7,20,12,343,5.024687328397344
2025-12-09 21:00:00,0.0,0.0,13.47,0.0,4.0,4.8,282.0,18.42,21,12,343,5.289144556207731
2025-12-09 22:00:00,0.0,0.0,12.76,0.0,4.27,5.13,282.8,18.17,22,12,343,5.652773244447013
2025-12-09 23:00:00,0.0,0.0,12.12,0.0,4.59,5.58,287.9,17.9,23,12,343,6.1486305465914874
2025-12-10 00:00:00,0.0,0.0,11.59,0.0,4.91,6.06,295.5,17.65,0,12,344,6.67754500221226
2025-12-10 01:00:00,0.0,0.0,11.18,0.0,5.09,6.33,302.5,17.44,1,12,344,6.975059383498945
2025-12-10 02:00:00,0.0,0.0,10.82,0.0,5.11,6.39,309.5,17.29,2,12,344,7.041173690451542
2025-12-10 03:00:00,0.0,0.0,10.45,0.0,5.06,6.34,316.4,17.19,3,12,344,6.986078434657712
2025-12-10 04:00:00,0.0,0.0,10.06,0.0,4.88,6.14,323.9,17.17,4,12,344,6.765697411482389
2025-12-10 05:00:00,0.0,0.0,9.67,0.0,4.72,5.92,330.6,17.12,5,12,344,6.523278285989535
2025-12-10 06:00:00,12.82,2.01,9.45,12.85,4.52,5.64,334.3,17.05,6,12,344,6.214744853544084
2025-12-10 07:00:00,156.6,258.86,11.52,157.82,4.19,5.18,336.1,17.86,7,12,344,5.707868500240843
2025-12-10 08:00:00,355.27,497.86,14.36,359.62,4.41,4.79,339.3,18.55,8,12,344,5.2781255050489655
2025-12-10 09:00:00,526.47,626.12,17.65,534.88,4.45,4.74,338.6,18.88,9,12,344,5.223030249255134
2025-12-10 10:00:00,642.38,697.14,19.29,654.97,4.8,5.09,335.0,19.24,10,12,344,5.608697039811948
2025-12-10 11:00:00,701.0,797.31,20.46,717.42,5.2,5.53,333.9,19.69,11,12,344,6.093535290797657
2025-12-10 12:00:00,675.65,769.81,21.4,695.38,5.43,5.8,334.4,20.21,12,12,344,6.391049672084342
2025-12-10 13:00:00,568.42,611.45,21.95,602.17,5.41,5.82,335.4,20.68,13,12,344,6.413087774401874
2025-12-10 14:00:00,424.12,540.9,22.04,447.12,5.4,5.85,336.2,21.05,14,12,344,6.446144927878172
2025-12-10 15:00:00,238.32,369.93,21.56,250.3,5.4,5.91,336.5,21.25,15,12,344,6.512259234830769
2025-12-10 16:00:00,53.25,69.14,19.71,55.08,4.86,5.99,334.7,20.81,16,12,344,6.600411644100898
2025-12-10 17:00:00,0.0,0.0,16.61,0.0,4.88,6.21,330.2,19.98,17,12,344,6.8428307695937525
2025-12-10 18:00:00,0.0,0.0,15.89,0.0,5.0,6.35,325.3,19.77,18,12,344,6.997097485816477
2025-12-10 19:00:00,0.0,0.0,15.33,0.0,5.05,6.41,322.4,19.44,19,12,344,7.063211792769074
2025-12-10 20:00:00,0.0,0.0,14.97,0.0,5.02,6.37,322.5,19.11,20,12,344,7.01913558813401
2025-12-10 21:00:00,0.0,0.0,14.72,0.0,4.91,6.21,323.5,18.82,21,12,344,6.8428307695937525
2025-12-10 22:00:00,0.0,0.0,14.12,0.0,4.72,5.92,326.8,18.59,22,12,344,6.523278285989535
2025-12-10 23:00:00,0.0,0.0,13.56,0.0,4.73,5.93,325.4,18.34,23,12,344,6.534297337148301
2025-12-11 00:00:00,0.0,0.0,12.76,0.0,5.04,6.35,320.9,18.06,0,12,345,6.997097485816477
2025-12-11 01:00:00,0.0,0.0,12.19,0.0,5.33,6.77,319.5,17.81,1,12,345,7.459897634484654
2025-12-11 02:00:00,0.0,0.0,11.68,0.0,5.54,7.07,318.7,17.57,2,12,345,7.790469169247638
2025-12-11 03:00:00,0.0,0.0,11.07,0.0,5.47,6.97,317.0,17.3,3,12,345,7.680278657659976
2025-12-11 04:00:00,0.0,0.0,11.16,0.0,5.36,6.78,311.5,17.01,4,12,345,7.47091668564342
2025-12-11 05:00:00,0.0,0.0,10.61,0.0,5.27,6.62,309.7,16.78,5,12,345,7.294611867103162
2025-12-11 06:00:00,12.43,4.49,10.18,12.5,5.15,6.44,313.5,16.67,6,12,345,7.096268946245373
2025-12-11 07:00:00,157.93,298.88,11.76,160.82,4.91,6.05,316.8,17.6,7,12,345,6.666525951053495
2025-12-11 08:00:00,361.0,555.15,14.4,365.98,4.93,5.34,322.4,18.73,8,12,345,5.884173318781101
2025-12-11 09:00:00,538.72,687.81,17.91,541.72,4.56,4.85,328.6,19.47,9,12,345,5.344239812001561
2025-12-11 10:00:00,662.45,771.76,19.77,663.0,4.29,4.53,331.1,20.07,10,12,345,4.991630174921046
2025-12-11 11:00:00,719.1,836.91,21.0,719.97,4.01,4.21,332.1,20.43,11,12,345,4.639020537840531
2025-12-11 12:00:00,699.03,820.34,21.88,700.33,3.71,3.89,330.6,20.65,12,12,345,4.286410900760016
2025-12-11 13:00:00,607.7,779.57,22.39,609.67,3.61,3.79,332.5,20.86,13,12,345,4.176220389172355
2025-12-11 14:00:00,454.7,692.82,22.43,456.38,3.79,3.98,338.3,21.04,14,12,345,4.38558236118891
2025-12-11 15:00:00,257.33,508.88,21.93,258.42,4.08,4.34,341.3,21.01,15,12,345,4.78226820290449
2025-12-11 16:00:00,58.35,127.11,19.51,58.58,3.93,4.74,338.8,20.44,16,12,345,5.223030249255134
2025-12-11 17:00:00,0.0,0.0,16.24,0.0,4.17,5.22,328.9,19.65,17,12,345,5.751944704875908
2025-12-11 18:00:00,0.0,0.0,15.33,0.0,4.61,5.83,316.8,19.55,18,12,345,6.42410682556064
2025-12-11 19:00:00,0.0,0.0,14.56,0.0,5.0,6.36,308.5,19.34,19,12,345,7.008116536975244
2025-12-11 20:00:00,0.0,0.0,13.83,0.0,5.16,6.55,304.3,19.11,20,12,345,7.2174785089918
2025-12-11 21:00:00,0.0,0.0,13.15,0.0,5.21,6.58,303.0,18.82,21,12,345,7.250535662468098
2025-12-11 22:00:00,0.0,0.0,12.53,0.0,5.23,6.55,303.0,18.55,22,12,345,7.2174785089918
2025-12-11 23:00:00,0.0,0.0,11.97,0.0,5.25,6.55,304.3,18.27,23,12,345,7.2174785089918
2025-12-12 00:00:00,0.0,0.0,11.4,0.0,5.28,6.56,305.1,17.89,0,12,346,7.228497560150566
2025-12-12 01:00:00,0.0,0.0,10.84,0.0,5.21,6.46,307.3,17.58,1,12,346,7.1183070485629045
2025-12-12 02:00:00,0.0,0.0,10.32,0.0,5.17,6.41,310.7,17.3,2,12,346,7.063211792769074
2025-12-12 03:00:00,0.0,0.0,9.81,0.0,5.13,6.37,313.2,17.05,3,12,346,7.01913558813401
2025-12-12 04:00:00,0.0,0.0,9.24,0.0,4.99,6.18,314.9,16.82,4,12,346,6.809773616117454
2025-12-12 05:00:00,0.0,0.0,8.7,0.0,4.82,5.94,317.0,16.62,5,12,346,6.545316388307068
2025-12-12 06:00:00,12.68,13.41,8.32,12.7,4.59,5.64,319.4,16.52,6,12,346,6.214744853544084
2025-12-12 07:00:00,167.1,428.2,10.56,167.82,4.26,5.28,319.5,17.42,7,12,346,5.818059011828504
2025-12-12 08:00:00,374.15,665.61,13.22,375.15,4.5,4.88,319.7,18.68,8,12,346,5.37729696547786
2025-12-12 09:00:00,550.0,794.08,16.85,550.9,4.3,4.57,322.7,19.5,9,12,346,5.035706379556111
2025-12-12 10:00:00,670.33,854.12,18.97,670.97,4.06,4.31,324.5,20.12,10,12,346,4.749211049428191
2025-12-12 11:00:00,721.58,884.02,20.21,722.03,3.95,4.19,329.9,20.54,11,12,346,4.616982435522999
2025-12-12 12:00:00,702.05,871.31,21.13,702.2,3.93,4.16,336.8,20.81,12,12,346,4.5839252820467005
2025-12-12 13:00:00,611.6,832.63,21.68,611.78,4.02,4.25,342.2,21.01,13,12,346,4.683096742475596
2025-12-12 14:00:00,459.4,749.79,21.72,459.6,4.17,4.43,342.0,21.13,14,12,346,4.881439663333385
2025-12-12 15:00:00,262.95,582.42,21.15,263.15,4.47,4.81,339.7,21.08,15,12,346,5.300163607366497
2025-12-12 16:00:00,61.62,194.25,18.86,61.67,4.37,5.32,338.3,20.49,16,12,346,5.862135216463569
2025-12-12 17:00:00,0.0,0.0,15.56,0.0,4.64,5.89,333.0,19.72,17,12,346,6.490221132513237
2025-12-12 18:00:00,0.0,0.0,14.69,0.0,4.89,6.23,327.6,19.61,18,12,346,6.864868871911285
2025-12-12 19:00:00,0.0,0.0,13.93,0.0,4.99,6.34,323.2,19.4,19,12,346,6.986078434657712
2025-12-12 20:00:00,0.0,0.0,13.21,0.0,5.03,6.4,321.9,19.11,20,12,346,7.052192741610309
2025-12-12 21:00:00,0.0,0.0,12.57,0.0,5.05,6.42,323.2,18.86,21,12,346,7.0742308439278405
2025-12-12 22:00:00,0.0,0.0,12.02,0.0,5.0,6.35,325.8,18.65,22,12,346,6.997097485816477
2025-12-12 23:00:00,0.0,0.0,11.45,0.0,4.88,6.17,328.5,18.41,23,12,346,6.798754564958688
2025-12-13 00:00:00,0.0,0.0,11.1,0.0,4.76,5.99,330.1,18.28,0,12,347,6.600411644100898
2025-12-13 01:00:00,0.0,0.0,10.83,0.0,4.7,5.91,332.5,18.09,1,12,347,6.512259234830769
2025-12-13 02:00:00,0.0,0.0,10.14,0.0,4.7,5.89,336.9,17.97,2,12,347,6.490221132513237
2025-12-13 03:00:00,0.0,0.0,9.7,0.0,4.68,5.87,341.9,17.84,3,12,347,6.468183030195704
2025-12-13 04:00:00,0.0,0.0,9.29,0.0,4.59,5.72,346.4,17.69,4,12,347,6.302897262814213
2025-12-13 05:00:00,0.0,0.0,8.88,0.0,4.43,5.49,349.4,17.55,5,12,347,6.049459086162593
2025-12-13 06:00:00,12.05,16.36,8.61,12.07,4.29,5.31,352.9,17.42,6,12,347,5.851116165304802
2025-12-13 07:00:00,164.5,427.59,10.57,165.15,4.01,5.06,359.0,18.26,7,12,347,5.575639886335649
2025-12-13 08:00:00,371.58,673.27,13.22,372.42,4.34,4.73,1.6,19.45,8,12,347,5.212011198096369
2025-12-13 09:00:00,548.03,796.7,16.72,548.83,4.1,4.36,356.4,20.1,9,12,347,4.804306305222023
2025-12-13 10:00:00,669.33,851.04,18.98,670.0,4.19,4.44,345.9,20.68,10,12,347,4.892458714492152
2025-12-13 11:00:00,719.12,845.72,20.39,719.75,4.67,4.9,335.4,21.21,11,12,347,5.399335067795393
2025-12-13 12:00:00,700.5,842.01,21.49,701.1,5.24,5.5,327.7,21.58,12,12,347,6.0604781373213585
2025-12-13 13:00:00,610.85,804.15,22.16,611.45,5.78,6.11,325.1,21.8,13,12,347,6.732640258006091
2025-12-13 14:00:00,458.38,709.3,22.24,458.98,6.21,6.65,324.5,21.81,14,12,347,7.327669020579461
2025-12-13 15:00:00,260.33,524.94,21.63,260.8,6.48,7.05,324.3,21.64,15,12,347,7.768431066930105
2025-12-13 16:00:00,60.2,139.52,18.98,60.3,6.03,7.34,323.2,21.0,16,12,347,8.087983550534322
2025-12-13 17:00:00,0.0,0.0,15.61,0.0,5.92,7.68,324.1,20.22,17,12,347,8.46263128993237
2025-12-13 18:00:00,0.0,0.0,14.65,0.0,5.9,7.67,328.8,20.19,18,12,347,8.451612238773604
2025-12-13 19:00:00,0.0,0.0,13.85,0.0,5.66,7.38,337.5,20.28,19,12,347,8.132059755169387
2025-12-13 20:00:00,0.0,0.0,13.3,0.0,5.34,6.98,347.8,20.27,20,12,347,7.691297708818743
2025-12-13 21:00:00,0.0,0.0,12.99,0.0,4.96,6.46,356.7,20.04,21,12,347,7.1183070485629045
2025-12-13 22:00:00,0.0,0.0,12.58,0.0,4.67,6.03,6.8,19.85,22,12,347,6.644487848735962
2025-12-13 23:00:00,0.0,0.0,12.1,0.0,4.39,5.61,22.1,19.71,23,12,347,6.181687700067786
2025-12-14 00:00:00,0.0,0.0,11.62,0.0,4.15,5.22,30.9,19.6,0,12,348,5.751944704875908
2025-12-14 01:00:00,0.0,0.0,11.23,0.0,3.84,4.76,35.4,19.5,1,12,348,5.245068351572667
2025-12-14 02:00:00,0.0,0.0,10.83,0.0,3.72,4.57,33.8,19.41,2,12,348,5.035706379556111
2025-12-14 03:00:00,0.0,0.0,10.36,0.0,3.73,4.56,31.6,19.32,3,12,348,5.024687328397344
2025-12-14 04:00:00,0.0,0.0,9.95,0.0,3.68,4.46,29.3,19.22,4,12,348,4.914496816809684
2025-12-14 05:00:00,0.0,0.0,9.56,0.0,3.6,4.35,26.9,19.12,5,12,348,4.793287254063256
2025-12-14 06:00:00,11.48,17.77,9.29,11.48,3.5,4.21,25.5,19.03,6,12,348,4.639020537840531
2025-12-14 07:00:00,162.82,445.78,10.74,162.98,3.2,3.9,25.2,19.56,7,12,348,4.297429951918781
2025-12-14 08:00:00,368.9,686.46,13.38,369.23,2.92,3.36,23.9,20.64,8,12,348,3.702401189345412
2025-12-14 09:00:00,544.15,817.63,17.22,544.6,2.55,2.66,20.2,21.31,9,12,348,2.9310676082317846
2025-12-14 10:00:00,663.62,868.29,20.01,664.22,1.97,1.99,1.2,21.92,10,12,348,2.192791180594455
2025-12-14 11:00:00,700.3,787.71,21.47,701.0,2.38,2.34,323.9,22.49,11,12,348,2.578457971151269
2025-12-14 12:00:00,679.08,761.14,22.3,679.85,3.96,4.02,312.2,22.98,12,12,348,4.429658565823974
2025-12-14 13:00:00,586.88,695.56,22.67,587.4,5.28,5.53,314.4,23.13,13,12,348,6.093535290797657
2025-12-14 14:00:00,432.52,580.73,22.56,434.1,6.28,6.74,318.2,23.04,14,12,348,7.426840481008356
2025-12-14 15:00:00,240.12,391.99,21.9,241.6,7.13,7.87,322.2,22.74,15,12,348,8.671993261948925
2025-12-14 16:00:00,54.3,67.98,19.74,54.6,7.29,8.76,325.0,22.04,16,12,348,9.65268881507911
2025-12-14 17:00:00,0.0,0.0,16.74,0.0,7.59,9.71,328.0,21.17,17,12,348,10.699498675161891
2025-12-14 18:00:00,0.0,0.0,16.43,0.0,7.83,9.92,334.3,20.84,18,12,348,10.930898749495977
2025-12-14 19:00:00,0.0,0.0,16.05,0.0,7.6,9.59,344.2,20.37,19,12,348,10.567270061256696
2025-12-14 20:00:00,0.0,0.0,15.28,0.0,6.99,8.92,352.1,19.83,20,12,348,9.828993633619367
2025-12-14 21:00:00,0.0,0.0,14.62,0.0,6.1,7.9,0.3,19.25,21,12,348,8.705050415425225
2025-12-14 22:00:00,0.0,0.0,13.92,0.0,5.26,6.79,7.0,18.83,22,12,348,7.481935736802186
2025-12-14 23:00:00,0.0,0.0,13.31,0.0,4.72,5.96,15.1,18.6,23,12,348,6.5673544906245995
2025-12-15 00:00:00,0.0,0.0,12.79,0.0,4.37,5.39,15.7,18.51,0,12,349,5.939268574574931
2025-12-15 01:00:00,0.0,0.0,12.39,0.0,4.33,5.33,6.7,18.44,1,12,349,5.8731542676223345
2025-12-15 02:00:00,0.0,0.0,12.12,0.0,4.72,5.92,354.5,18.35,2,12,349,6.523278285989535
2025-12-15 03:00:00,0.0,0.0,11.77,0.0,5.31,6.84,345.4,18.23,3,12,349,7.537030992596017
2025-12-15 04:00:00,0.0,0.0,11.34,0.0,5.75,7.52,341.9,18.09,4,12,349,8.286326471392112
2025-12-15 05:00:00,0.0,0.0,10.81,0.0,6.05,7.92,342.8,17.94,5,12,349,8.727088517742756
2025-12-15 06:00:00,11.3,30.22,10.45,11.35,6.11,7.98,343.4,17.78,6,12,349,8.793202824695353
2025-12-15 07:00:00,163.2,474.35,11.87,166.43,6.39,7.88,340.7,18.58,7,12,349,8.683012313107692
2025-12-15 08:00:00,365.2,692.52,14.52,374.2,7.18,8.01,341.7,19.42,8,12,349,8.82625997817165
2025-12-15 09:00:00,538.1,789.07,18.09,549.25,7.4,8.05,342.2,19.84,9,12,349,8.870336182806717
2025-12-15 10:00:00,650.35,819.11,20.36,669.1,7.45,8.04,340.4,20.22,10,12,349,8.859317131647948
2025-12-15 11:00:00,686.3,755.05,21.74,709.53,7.46,8.01,336.4,20.62,11,12,349,8.82625997817165
2025-12-15 12:00:00,688.55,847.16,22.66,691.1,7.52,8.08,331.9,20.99,12,12,349,8.903393336283015
2025-12-15 13:00:00,601.55,813.03,23.16,601.75,7.58,8.2,328.7,21.23,13,12,349,9.035621950188206
2025-12-15 14:00:00,450.98,717.79,23.14,452.27,7.66,8.38,327.0,21.3,14,12,349,9.233964871045998
2025-12-15 15:00:00,256.05,530.84,22.51,257.5,7.62,8.46,325.4,21.23,15,12,349,9.322117280316126
2025-12-15 16:00:00,60.15,154.49,20.44,60.65,6.96,8.34,322.9,20.84,16,12,349,9.189888666410933
2025-12-15 17:00:00,0.0,0.0,17.58,0.0,6.32,8.25,318.8,20.2,17,12,349,9.090717205982038
2025-12-15 18:00:00,0.0,0.0,16.98,0.0,6.03,7.9,315.8,19.94,18,12,349,8.705050415425225
2025-12-15 19:00:00,0.0,0.0,16.2,0.0,6.01,7.89,313.8,19.69,19,12,349,8.694031364266458
2025-12-15 20:00:00,0.0,0.0,15.38,0.0,6.29,8.18,313.8,19.5,20,12,349,9.013583847870676
2025-12-15 21:00:00,0.0,0.0,14.66,0.0,6.76,8.58,316.7,19.48,21,12,349,9.45434589422132
2025-12-15 22:00:00,0.0,0.0,13.94,0.0,7.28,9.11,323.3,19.36,22,12,349,10.038355605635923
2025-12-15 23:00:00,0.0,0.0,13.32,0.0,7.9,9.78,328.5,19.1,23,12,349,10.776632033273252
2025-12-16 00:00:00,0.0,0.0,12.77,0.0,7.99,9.98,329.8,18.48,0,12,350,10.997013056448575
2025-12-16 01:00:00,0.0,0.0,12.34,0.0,7.84,9.81,327.2,17.95,1,12,350,10.809689186749551
2025-12-16 02:00:00,0.0,0.0,11.95,0.0,7.49,9.43,323.1,17.54,2,12,350,10.390965242716439
2025-12-16 03:00:00,0.0,0.0,11.5,0.0,7.16,9.09,318.2,17.18,3,12,350,10.01631750331839
2025-12-16 04:00:00,0.0,0.0,11.03,0.0,6.95,8.88,313.8,16.86,4,12,350,9.784917428984304
2025-12-16 05:00:00,0.0,0.0,10.58,0.0,6.97,8.89,312.4,16.65,5,12,350,9.79593648014307
2025-12-16 06:00:00,8.4,0.0,10.23,8.4,6.97,8.92,314.5,16.57,6,12,350,9.828993633619367
2025-12-16 07:00:00,117.07,49.42,11.28,117.28,7.36,8.61,315.1,17.28,7,12,350,9.487403047697617
2025-12-16 08:00:00,292.8,203.98,13.91,293.4,7.51,8.27,319.8,17.88,8,12,350,9.112755308299569
2025-12-16 09:00:00,468.95,345.72,16.4,469.8,7.64,8.37,329.3,18.58,9,12,350,9.222945819887231
2025-12-16 10:00:00,599.6,443.69,18.09,600.5,7.59,8.3,336.7,19.17,10,12,350,9.145812461775868
2025-12-16 11:00:00,714.38,791.94,19.36,715.25,7.81,8.53,338.6,19.74,11,12,350,9.399250638427489
2025-12-16 12:00:00,698.08,781.7,20.22,698.83,8.22,9.02,337.8,20.19,12,12,350,9.939184145207028
2025-12-16 13:00:00,609.75,731.97,20.67,610.55,8.6,9.47,335.0,20.63,13,12,350,10.435041447351503
2025-12-16 14:00:00,457.48,634.29,20.66,458.38,8.6,9.53,334.5,20.87,14,12,350,10.501155754304099
2025-12-16 15:00:00,258.58,448.73,20.11,259.33,8.88,9.95,333.9,20.89,15,12,350,10.963955902972275
2025-12-16 16:00:00,61.0,95.34,18.16,61.17,8.96,10.54,336.7,20.51,16,12,350,11.614079921339476
2025-12-16 17:00:00,0.0,0.0,15.52,0.0,8.67,10.68,341.4,20.05,17,12,350,11.768346637562201
2025-12-16 18:00:00,0.0,0.0,15.29,0.0,8.54,10.65,347.6,19.69,18,12,350,11.735289484085904
2025-12-16 19:00:00,0.0,0.0,15.47,0.0,8.26,10.36,354.6,19.15,19,12,350,11.415737000481686
2025-12-16 20:00:00,0.0,0.0,15.25,0.0,7.73,9.87,356.6,18.64,20,12,350,10.875803493702147
2025-12-16 21:00:00,0.0,0.0,14.84,0.0,7.5,9.67,353.1,18.29,21,12,350,10.655422470526824
2025-12-16 22:00:00,0.0,0.0,14.34,0.0,7.36,9.41,348.9,18.2,22,12,350,10.368927140398906
2025-12-16 23:00:00,0.0,0.0,13.54,0.0,7.45,9.45,345.1,18.08,23,12,350,10.41300334503397
2025-12-17 00:00:00,0.0,0.0,12.9,0.0,7.62,9.76,339.9,17.76,0,12,351,10.75459393095572
2025-12-17 01:00:00,0.0,0.0,12.36,0.0,7.75,9.91,338.3,17.49,1,12,351,10.919879698337212
2025-12-17 02:00:00,0.0,0.0,12.32,0.0,7.63,9.65,340.1,17.38,2,12,351,10.633384368209294
2025-12-17 03:00:00,0.0,0.0,12.27,0.0,7.53,9.48,340.4,17.2,3,12,351,10.446060498510269
2025-12-17 04:00:00,0.0,0.0,11.31,0.0,7.29,9.2,340.0,17.04,4,12,351,10.137527066064818
2025-12-17 05:00:00,0.0,0.0,10.92,0.0,6.8,8.7,337.9,16.87,5,12,351,9.586574508126512
2025-12-17 06:00:00,9.8,9.45,10.56,9.77,6.25,8.11,334.8,16.68,6,12,351,8.936450489759311
2025-12-17 07:00:00,153.93,391.98,11.99,155.23,6.26,7.63,333.9,17.25,7,12,351,8.40753603413854
2025-12-17 08:00:00,358.98,661.89,14.45,361.67,7.01,7.88,337.1,17.97,8,12,351,8.683012313107692
2025-12-17 09:00:00,540.65,812.53,17.16,541.22,7.68,8.49,338.7,18.34,9,12,351,9.355174433792424
2025-12-17 10:00:00,665.2,885.07,18.78,665.65,8.29,9.18,339.3,18.8,10,12,351,10.115488963747286
2025-12-17 11:00:00,715.3,882.1,19.92,715.55,8.86,9.87,339.0,19.32,11,12,351,10.875803493702147
2025-12-17 12:00:00,699.8,881.01,20.83,699.95,9.32,10.45,339.5,19.68,12,12,351,11.514908460910581
2025-12-17 13:00:00,613.47,846.2,21.34,613.65,9.87,11.11,341.4,19.99,13,12,351,12.242165837389145
2025-12-17 14:00:00,465.12,771.37,21.44,465.35,10.36,11.72,343.9,20.15,14,12,351,12.914327958073878
2025-12-17 15:00:00,268.75,608.61,20.97,268.92,10.44,11.9,346.4,20.05,15,12,351,13.112670878931667
2025-12-17 16:00:00,67.53,227.76,19.01,67.57,10.0,11.75,351.0,19.47,16,12,351,12.947385111550176
2025-12-17 17:00:00,0.0,0.0,15.81,0.0,9.59,11.61,358.1,18.6,17,12,351,12.793118395327449
2025-12-17 18:00:00,0.0,0.0,15.25,0.0,9.12,11.17,6.3,17.77,18,12,351,12.30828014434174
2025-12-17 19:00:00,0.0,0.0,14.94,0.0,8.25,10.33,12.5,16.94,19,12,351,11.382679847005388
2025-12-17 20:00:00,0.0,0.0,14.36,0.0,7.37,9.52,15.7,16.36,20,12,351,10.490136703145334
2025-12-17 21:00:00,0.0,0.0,13.64,0.0,6.59,8.75,20.3,15.86,21,12,351,9.641669763920344
2025-12-17 22:00:00,0.0,0.0,13.15,0.0,5.79,7.68,28.0,15.41,22,12,351,8.46263128993237
2025-12-17 23:00:00,0.0,0.0,12.49,0.0,4.97,6.45,38.6,15.05,23,12,351,7.107287997404139
2025-12-18 00:00:00,0.0,0.0,11.9,0.0,4.23,5.36,49.4,14.91,0,12,352,5.906211421098633
2025-12-18 01:00:00,0.0,0.0,11.12,0.0,3.62,4.48,56.1,14.99,1,12,352,4.936534919127216
2025-12-18 02:00:00,0.0,0.0,10.33,0.0,3.38,4.09,58.5,15.06,2,12,352,4.506791923935338
2025-12-18 03:00:00,0.0,0.0,9.61,0.0,3.1,3.69,55.3,15.14,3,12,352,4.066029877584693
2025-12-18 04:00:00,0.0,0.0,9.22,0.0,2.77,3.23,44.6,15.24,4,12,352,3.5591535242814523
2025-12-18 05:00:00,0.0,0.0,8.75,0.0,2.78,3.23,37.6,15.21,5,12,352,3.5591535242814523
2025-12-18 06:00:00,10.7,39.38,8.3,11.05,2.79,3.27,34.9,15.14,6,12,352,3.6032297289165167
2025-12-18 07:00:00,164.57,507.53,10.42,171.23,2.69,3.23,32.2,15.69,7,12,352,3.5591535242814523
2025-12-18 08:00:00,371.77,754.94,13.38,384.73,2.68,2.97,26.8,17.06,8,12,352,3.272658194153534
2025-12-18 09:00:00,550.33,887.54,16.51,563.92,2.62,2.81,17.2,17.89,9,12,352,3.096353375613276
2025-12-18 10:00:00,680.3,938.82,18.15,687.08,2.61,2.74,0.2,18.7,10,12,352,3.0192200175019135
2025-12-18 11:00:00,730.22,921.84,19.61,733.58,2.87,2.95,344.5,19.53,11,12,352,3.2506200918360015
2025-12-18 12:00:00,702.33,796.78,20.81,717.97,3.38,3.41,327.6,20.33,12,12,352,3.7574964451392425
2025-12-18 13:00:00,580.58,733.13,21.62,632.4,3.98,4.07,321.9,20.96,13,12,352,4.484753821617805
2025-12-18 14:00:00,427.85,491.65,21.95,483.23,4.16,4.36,327.7,21.37,14,12,352,4.804306305222023
2025-12-18 15:00:00,255.05,354.67,21.64,286.6,4.21,4.57,332.9,21.53,15,12,352,5.035706379556111
2025-12-18 16:00:00,66.57,138.08,18.91,76.43,4.07,5.1,339.2,20.52,16,12,352,5.619716090970714
2025-12-18 17:00:00,0.0,0.0,15.87,0.0,4.93,6.19,351.1,19.47,17,12,352,6.82079266727622
2025-12-18 18:00:00,0.0,0.0,15.05,0.0,5.55,7.06,7.5,18.97,18,12,352,7.779450118088871
2025-12-18 19:00:00,0.0,0.0,14.34,0.0,5.79,7.4,21.8,18.42,19,12,352,8.154097857486919
2025-12-18 20:00:00,0.0,0.0,13.5,0.0,5.61,7.16,30.6,17.91,20,12,352,7.889640629676532
2025-12-18 21:00:00,0.0,0.0,12.5,0.0,5.48,6.96,36.9,17.47,21,12,352,7.66925960650121
2025-12-18 22:00:00,0.0,0.0,11.46,0.0,5.31,6.67,40.0,17.06,22,12,352,7.3497071228969935
2025-12-18 23:00:00,0.0,0.0,10.54,0.0,5.05,6.23,40.1,16.78,23,12,352,6.864868871911285
2025-12-19 00:00:00,0.0,0.0,9.76,0.0,4.82,5.88,36.8,16.61,0,12,353,6.479202081354471
2025-12-19 01:00:00,0.0,0.0,9.11,0.0,4.55,5.44,32.1,16.44,1,12,353,5.994363830368762
2025-12-19 02:00:00,0.0,0.0,8.65,0.0,4.18,4.96,26.2,16.24,2,12,353,5.465449374747989
2025-12-19 03:00:00,0.0,0.0,8.38,0.0,3.6,4.23,24.3,16.08,3,12,353,4.661058640158063
2025-12-19 04:00:00,0.0,0.0,8.26,0.0,2.8,3.23,21.6,16.06,4,12,353,3.5591535242814523
2025-12-19 05:00:00,0.0,0.0,7.89,0.0,2.2,2.48,13.5,16.1,5,12,353,2.7327246873739943
2025-12-19 06:00:00,10.85,68.16,7.53,10.98,1.98,2.24,356.9,16.04,6,12,353,2.468267459563608
2025-12-19 07:00:00,168.1,610.34,9.92,170.25,2.07,2.49,341.0,16.47,7,12,353,2.743743738532761
2025-12-19 08:00:00,377.55,801.76,12.57,380.35,2.63,2.86,326.7,17.85,8,12,353,3.1514486314071064
2025-12-19 09:00:00,554.45,919.8,16.11,557.15,3.3,3.42,315.2,18.69,9,12,353,3.7685154962980083
2025-12-19 10:00:00,676.6,956.97,19.59,679.5,3.79,3.87,312.6,19.63,10,12,353,4.2643727984424835
2025-12-19 11:00:00,718.85,898.83,21.13,719.4,4.03,4.1,313.6,20.24,11,12,353,4.517810975094103
2025-12-19 12:00:00,690.25,789.19,22.15,704.0,4.22,4.34,317.3,20.52,12,12,353,4.78226820290449
2025-12-19 13:00:00,607.08,815.91,22.56,618.72,4.69,4.89,319.5,20.74,13,12,353,5.388316016636626
2025-12-19 14:00:00,458.67,733.33,22.65,471.08,4.99,5.28,323.0,20.86,14,12,353,5.818059011828504
2025-12-19 15:00:00,267.6,553.79,22.24,276.77,4.75,5.08,325.4,20.67,15,12,353,5.5976779886531824
2025-12-19 16:00:00,69.35,209.48,19.24,72.3,4.71,5.83,316.2,19.7,16,12,353,6.42410682556064
2025-12-19 17:00:00,0.0,0.0,15.99,0.0,5.42,6.92,315.2,18.92,17,12,353,7.6251834018661455
2025-12-19 18:00:00,0.0,0.0,15.16,0.0,5.6,7.18,320.3,18.67,18,12,353,7.911678731994065
2025-12-19 19:00:00,0.0,0.0,14.42,0.0,5.24,6.7,327.2,18.41,19,12,353,7.382764276373291
2025-12-19 20:00:00,0.0,0.0,13.51,0.0,4.59,5.83,331.5,18.14,20,12,353,6.42410682556064
2025-12-19 21:00:00,0.0,0.0,12.28,0.0,4.16,5.27,331.5,17.93,21,12,353,5.807039960669738
2025-12-19 22:00:00,0.0,0.0,11.24,0.0,3.87,4.89,334.2,17.88,22,12,353,5.388316016636626
2025-12-19 23:00:00,0.0,0.0,10.39,0.0,3.4,4.24,340.0,17.7,23,12,353,4.672077691316829
2025-12-20 00:00:00,0.0,0.0,9.78,0.0,2.84,3.47,343.2,17.66,0,12,354,3.8236107520918394
2025-12-20 01:00:00,0.0,0.0,9.21,0.0,2.4,2.88,334.3,17.59,1,12,354,3.1734867337246384
2025-12-20 02:00:00,0.0,0.0,8.87,0.0,2.05,2.43,316.3,17.47,2,12,354,2.677629431580164
2025-12-20 03:00:00,0.0,0.0,8.17,0.0,2.16,2.53,297.3,17.47,3,12,354,2.7878199431678246
2025-12-20 04:00:00,0.0,0.0,7.68,0.0,2.12,2.43,288.2,17.45,4,12,354,2.677629431580164
2025-12-20 05:00:00,0.0,0.0,7.34,0.0,2.51,2.89,274.4,17.21,5,12,354,3.184505784883405
2025-12-20 06:00:00,9.43,35.77,7.01,9.55,2.85,3.28,266.2,16.94,6,12,354,3.614248780075283
2025-12-20 07:00:00,157.5,509.15,9.26,159.65,2.87,3.37,256.8,17.18,7,12,354,3.713420240504178
2025-12-20 08:00:00,364.55,727.93,12.28,367.95,2.99,3.07,243.1,18.27,8,12,354,3.3828487057411945
2025-12-20 09:00:00,542.12,848.5,15.52,545.28,2.61,2.71,212.6,19.01,9,12,354,2.986162864025615
2025-12-20 10:00:00,665.72,894.94,18.22,668.0,2.59,2.79,188.4,19.9,10,12,354,3.0743152732957437
2025-12-20 11:00:00,711.62,856.38,20.12,713.05,2.64,2.86,178.0,20.77,11,12,354,3.1514486314071064
2025-12-20 12:00:00,698.45,867.72,21.22,699.22,2.58,2.79,169.9,21.52,12,12,354,3.0743152732957437
2025-12-20 13:00:00,614.35,841.51,21.87,614.6,2.44,2.63,156.9,22.05,13,12,354,2.898010454755486
2025-12-20 14:00:00,466.25,762.04,22.07,467.08,2.38,2.51,140.7,22.25,14,12,354,2.7657818408502926
2025-12-20 15:00:00,272.12,604.91,21.68,273.05,2.5,2.62,123.1,22.03,15,12,354,2.88699140359672
2025-12-20 16:00:00,70.88,230.43,19.7,71.22,2.65,3.17,110.3,20.84,16,12,354,3.493039217328856
2025-12-20 17:00:00,0.0,0.0,17.17,0.0,2.99,3.54,110.0,19.89,17,12,354,3.9007441102032017
2025-12-20 18:00:00,0.0,0.0,15.73,0.0,3.12,3.69,116.7,19.65,18,12,354,4.066029877584693
2025-12-20 19:00:00,0.0,0.0,14.62,0.0,3.2,3.79,127.9,19.42,19,12,354,4.176220389172355
2025-12-20 20:00:00,0.0,0.0,13.78,0.0,3.27,3.9,143.1,19.18,20,12,354,4.297429951918781
2025-12-20 21:00:00,0.0,0.0,13.0,0.0,3.43,4.12,154.1,18.91,21,12,354,4.5398490774116365
2025-12-20 22:00:00,0.0,0.0,12.29,0.0,3.66,4.42,162.5,18.62,22,12,354,4.870420612174619
2025-12-20 23:00:00,0.0,0.0,11.63,0.0,3.72,4.5,167.0,18.39,23,12,354,4.958573021444748
2025-12-21 00:00:00,0.0,0.0,11.1,0.0,3.68,4.45,170.6,18.25,0,12,355,4.903477765650917
2025-12-21 01:00:00,0.0,0.0,10.66,0.0,3.51,4.22,177.8,18.16,1,12,355,4.650039588999297
2025-12-21 02:00:00,0.0,0.0,10.07,0.0,3.19,3.8,184.7,18.14,2,12,355,4.18723944033112
2025-12-21 03:00:00,0.0,0.0,9.54,0.0,2.97,3.53,184.1,18.12,3,12,355,3.8897250590444354
2025-12-21 04:00:00,0.0,0.0,9.26,0.0,3.05,3.65,175.9,18.01,4,12,355,4.021953672949629
2025-12-21 05:00:00,0.0,0.0,9.21,0.0,3.58,4.34,170.3,17.84,5,12,355,4.78226820290449
2025-12-21 06:00:00,8.82,27.76,9.26,8.93,4.15,5.11,171.2,17.78,6,12,355,5.630735142129481
2025-12-21 07:00:00,152.82,454.92,11.0,156.77,4.35,5.51,178.1,18.37,7,12,355,6.071497188480125
2025-12-21 08:00:00,359.9,699.91,13.33,365.5,4.72,5.62,181.2,19.6,8,12,355,6.192706751226552
2025-12-21 09:00:00,538.58,832.02,16.95,543.4,4.94,5.47,176.2,20.42,9,12,355,6.02742098384506
2025-12-21 10:00:00,658.15,900.56,20.74,665.4,5.26,5.81,170.8,21.3,10,12,355,6.402068723243108
2025-12-21 11:00:00,634.25,447.13,22.53,701.67,5.45,5.96,166.9,22.14,11,12,355,6.5673544906245995
2025-12-21 12:00:00,494.8,61.45,23.35,685.55,5.36,5.83,163.2,22.94,12,12,355,6.42410682556064
2025-12-21 13:00:00,381.5,18.75,23.59,601.1,5.05,5.56,161.1,23.46,13,12,355,6.126592444273955
2025-12-21 14:00:00,304.2,99.04,23.21,454.45,4.68,5.24,159.1,23.6,14,12,355,5.77398280719344
2025-12-21 15:00:00,182.05,121.7,22.58,263.27,4.28,4.96,154.3,23.27,15,12,355,5.465449374747989
2025-12-21 16:00:00,54.45,55.54,20.7,67.9,3.74,4.72,148.8,21.87,16,12,355,5.200992146937602
2025-12-21 17:00:00,0.0,0.0,19.1,0.0,3.58,4.34,146.6,20.89,17,12,355,4.78226820290449
2025-12-21 18:00:00,0.0,0.0,17.78,0.0,3.16,3.76,149.1,20.62,18,12,355,4.143163235696056
2025-12-21 19:00:00,0.0,0.0,16.32,0.0,2.69,3.17,164.3,20.35,19,12,355,3.493039217328856
2025-12-21 20:00:00,0.0,0.0,14.99,0.0,2.52,2.96,184.7,19.86,20,12,355,3.2616391429947673
2025-12-21 21:00:00,0.0,0.0,14.24,0.0,2.53,2.99,202.2,19.35,21,12,355,3.294696296471066
2025-12-21 22:00:00,0.0,0.0,13.41,0.0,2.65,3.13,217.1,18.91,22,12,355,3.4489630126937914
2025-12-21 23:00:00,0.0,0.0,12.57,0.0,2.96,3.49,232.8,18.52,23,12,355,3.8456488544093714
2025-12-22 00:00:00,0.0,0.0,12.11,0.0,3.18,3.73,244.3,18.21,0,12,356,4.110106082219758
2025-12-22 01:00:00,0.0,0.0,11.55,0.0,3.17,3.69,253.3,17.99,1,12,356,4.066029877584693
2025-12-22 02:00:00,0.0,0.0,11.0,0.0,3.13,3.63,260.2,17.78,2,12,356,3.999915570632097
2025-12-22 03:00:00,0.0,0.0,10.51,0.0,3.04,3.51,264.8,17.58,3,12,356,3.867686956726903
2025-12-22 04:00:00,0.0,0.0,10.08,0.0,2.88,3.27,266.5,17.48,4,12,356,3.6032297289165167
2025-12-22 05:00:00,0.0,0.0,9.76,0.0,2.76,3.1,266.7,17.4,5,12,356,3.415905859217493
2025-12-22 06:00:00,7.62,7.23,10.11,7.65,2.64,2.9,267.4,17.33,6,12,356,3.195524836042171
2025-12-22 07:00:00,140.35,354.38,12.32,141.35,2.42,2.67,268.1,17.75,7,12,356,2.9420866593905504
2025-12-22 08:00:00,342.95,598.65,14.62,344.7,1.89,1.87,266.6,19.13,8,12,356,2.060562566689262
2025-12-22 09:00:00,521.8,739.0,17.56,523.78,0.78,0.71,239.5,20.16,9,12,356,0.7823526322723935
2025-12-22 10:00:00,648.4,804.49,20.58,649.67,0.75,0.9,183.2,21.18,10,12,356,0.9917146042889496
2025-12-22 11:00:00,719.12,890.94,22.8,719.72,1.02,1.13,165.6,22.17,11,12,356,1.24515278094057
2025-12-22 12:00:00,706.22,886.83,23.92,706.33,1.12,1.1,140.5,22.98,12,12,356,1.2120956274642718
2025-12-22 13:00:00,621.62,849.14,24.48,621.75,1.25,1.13,110.2,23.49,13,12,356,1.24515278094057
2025-12-22 14:00:00,473.77,767.89,24.42,473.92,1.19,1.12,82.8,23.59,14,12,356,1.234133729781804
2025-12-22 15:00:00,278.35,604.76,23.77,278.5,1.2,1.26,48.9,23.39,15,12,356,1.3884004460045294
2025-12-22 16:00:00,73.9,226.61,20.12,73.95,1.42,1.63,14.9,22.4,16,12,356,1.7961053388788752
2025-12-22 17:00:00,0.0,0.0,17.1,0.0,1.78,2.04,327.6,21.57,17,12,356,2.247886436388286
2025-12-22 18:00:00,0.0,0.0,15.96,0.0,3.08,3.64,296.3,20.45,18,12,356,4.010934621790863
2025-12-22 19:00:00,0.0,0.0,15.18,0.0,4.33,5.28,287.9,19.17,19,12,356,5.818059011828504
2025-12-22 20:00:00,0.0,0.0,14.61,0.0,4.77,5.88,285.2,18.29,20,12,356,6.479202081354471
2025-12-22 21:00:00,0.0,0.0,14.08,0.0,4.69,5.74,283.6,17.76,21,12,356,6.324935365131745
2025-12-22 22:00:00,0.0,0.0,13.44,0.0,4.53,5.49,283.0,17.37,22,12,356,6.049459086162593
2025-12-22 23:00:00,0.0,0.0,12.86,0.0,4.54,5.49,286.6,16.98,23,12,356,6.049459086162593
2025-12-23 00:00:00,0.0,0.0,12.41,0.0,4.7,5.73,292.3,16.66,0,12,357,6.31391631397298
2025-12-23 01:00:00,0.0,0.0,11.61,0.0,4.8,5.85,298.3,16.44,1,12,357,6.446144927878172
2025-12-23 02:00:00,0.0,0.0,10.93,0.0,4.71,5.72,305.5,16.26,2,12,357,6.302897262814213
2025-12-23 03:00:00,0.0,0.0,10.25,0.0,4.49,5.42,312.4,16.13,3,12,357,5.97232572805123
2025-12-23 04:00:00,0.0,0.0,9.62,0.0,4.28,5.14,317.4,16.05,4,12,357,5.663792295605778
2025-12-23 05:00:00,0.0,0.0,9.59,0.0,4.11,4.95,322.4,16.0,5,12,357,5.454430323589223
2025-12-23 06:00:00,7.15,1.35,9.73,7.4,3.97,4.8,326.6,16.0,6,12,357,5.289144556207731
2025-12-23 07:00:00,117.47,146.66,10.59,138.57,3.74,4.61,329.2,16.71,7,12,357,5.079782584191175
2025-12-23 08:00:00,297.67,312.06,12.47,343.4,4.08,4.53,331.1,18.29,8,12,357,4.991630174921046
2025-12-23 09:00:00,461.65,465.6,15.19,521.3,4.33,4.61,336.5,19.17,9,12,357,5.079782584191175
2025-12-23 10:00:00,455.17,86.23,17.97,645.2,4.35,4.61,335.8,19.85,10,12,357,5.079782584191175
2025-12-23 11:00:00,575.88,253.32,19.61,705.33,4.62,4.88,334.6,20.33,11,12,357,5.37729696547786
2025-12-23 12:00:00,609.47,396.19,20.34,688.55,4.92,5.23,336.2,20.67,12,12,357,5.762963756034674
2025-12-23 13:00:00,415.6,116.07,20.55,602.47,5.02,5.34,341.6,20.9,13,12,357,5.884173318781101
2025-12-23 14:00:00,285.75,48.53,20.12,454.92,5.1,5.46,347.0,20.97,14,12,357,6.0164019326862945
2025-12-23 15:00:00,160.73,29.29,19.21,263.15,5.27,5.72,349.6,20.84,15,12,357,6.302897262814213
2025-12-23 16:00:00,45.03,6.52,17.29,68.3,5.0,6.26,350.2,20.04,16,12,357,6.897926025387583
2025-12-23 17:00:00,0.0,0.0,15.89,0.0,5.29,6.8,348.1,19.44,17,12,357,7.492954787960953
2025-12-23 18:00:00,0.0,0.0,15.37,0.0,5.48,7.07,345.5,19.46,18,12,357,7.790469169247638
2025-12-23 19:00:00,0.0,0.0,14.81,0.0,5.6,7.25,344.5,19.39,19,12,357,7.988812090105427
2025-12-23 20:00:00,0.0,0.0,14.12,0.0,5.61,7.28,345.9,19.2,20,12,357,8.021869243581726
2025-12-23 21:00:00,0.0,0.0,13.09,0.0,5.57,7.22,350.0,18.92,21,12,357,7.955754936629129
2025-12-23 22:00:00,0.0,0.0,12.72,0.0,5.39,6.98,352.3,18.65,22,12,357,7.691297708818743
2025-12-23 23:00:00,0.0,0.0,12.45,0.0,5.28,6.82,354.4,18.35,23,12,357,7.514992890278485
2025-12-24 00:00:00,0.0,0.0,12.59,0.0,5.35,6.91,356.7,18.13,0,12,358,7.61416435070738
2025-12-24 01:00:00,0.0,0.0,12.84,0.0,5.57,7.2,359.8,17.99,1,12,358,7.933716834311597
2025-12-24 02:00:00,0.0,0.0,12.79,0.0,5.71,7.38,3.0,17.83,2,12,358,8.132059755169387
2025-12-24 03:00:00,0.0,0.0,12.53,0.0,5.64,7.24,3.3,17.64,3,12,358,7.977793038946661
2025-12-24 04:00:00,0.0,0.0,12.2,0.0,5.45,6.93,3.5,17.54,4,12,358,7.636202453024912
2025-12-24 05:00:00,0.0,0.0,11.52,0.0,5.11,6.44,3.6,17.46,5,12,358,7.096268946245373
2025-12-24 06:00:00,7.2,0.94,10.51,7.2,4.56,5.67,1.0,17.35,6,12,358,6.247802007020383
2025-12-24 07:00:00,119.47,123.09,11.87,140.18,3.77,4.76,357.3,18.16,7,12,358,5.245068351572667
2025-12-24 08:00:00,304.23,333.57,14.05,349.17,3.36,3.76,351.6,19.81,8,12,358,4.143163235696056
2025-12-24 09:00:00,485.62,556.48,17.17,531.35,3.01,3.17,345.0,20.72,9,12,358,3.493039217328856
2025-12-24 10:00:00,608.5,541.22,20.18,658.92,2.82,2.87,333.3,21.65,10,12,358,3.1624676825658726
2025-12-24 11:00:00,704.75,805.84,22.61,707.0,2.9,2.91,320.0,22.19,11,12,358,3.206543887200937
2025-12-24 12:00:00,693.6,798.83,23.87,696.97,3.18,3.25,311.3,22.44,12,12,358,3.5811916265989847
2025-12-24 13:00:00,612.12,792.2,24.55,615.58,3.3,3.42,314.8,22.47,13,12,358,3.7685154962980083
2025-12-24 14:00:00,465.77,689.83,24.69,470.73,3.11,3.23,329.7,22.31,14,12,358,3.5591535242814523
2025-12-24 15:00:00,272.52,520.75,24.15,278.27,3.04,3.22,340.8,21.91,15,12,358,3.5481344731226865
2025-12-24 16:00:00,72.78,152.97,20.7,75.97,2.77,3.37,347.2,20.69,16,12,358,3.713420240504178
2025-12-24 17:00:00,0.0,0.0,17.49,0.0,2.97,3.57,349.0,19.85,17,12,358,3.9338012636795
2025-12-24 18:00:00,0.0,0.0,16.45,0.0,3.07,3.65,348.0,19.67,18,12,358,4.021953672949629
2025-12-24 19:00:00,0.0,0.0,15.81,0.0,3.01,3.55,345.0,19.55,19,12,358,3.9117631613619674
2025-12-24 20:00:00,0.0,0.0,15.15,0.0,2.88,3.38,340.3,19.53,20,12,358,3.724439291662944
2025-12-24 21:00:00,0.0,0.0,14.46,0.0,2.64,3.09,331.6,19.52,21,12,358,3.404886808058727
2025-12-24 22:00:00,0.0,0.0,14.42,0.0,2.39,2.81,325.6,19.41,22,12,358,3.096353375613276
2025-12-24 23:00:00,0.0,0.0,14.41,0.0,2.24,2.64,324.3,19.34,23,12,358,2.909029505914252
2025-12-25 00:00:00,0.0,0.0,14.0,0.0,2.36,2.79,316.3,19.22,0,12,359,3.0743152732957437
2025-12-25 01:00:00,0.0,0.0,13.66,0.0,2.43,2.84,314.7,19.08,1,12,359,3.129410529089574
2025-12-25 02:00:00,0.0,0.0,13.41,0.0,2.67,3.12,314.4,18.93,2,12,359,3.4379439615350256
2025-12-25 03:00:00,0.0,0.0,13.3,0.0,2.95,3.47,315.9,18.79,3,12,359,3.8236107520918394
2025-12-25 04:00:00,0.0,0.0,13.17,0.0,3.05,3.58,320.0,18.71,4,12,359,3.944820314838266
2025-12-25 05:00:00,0.0,0.0,12.79,0.0,3.28,3.87,319.8,18.62,5,12,359,4.2643727984424835
2025-12-25 06:00:00,5.68,0.0,12.1,7.15,3.75,4.43,319.7,18.24,6,12,359,4.881439663333385
2025-12-25 07:00:00,104.05,54.78,13.86,142.93,3.95,4.82,323.8,18.74,7,12,359,5.311182658525263
2025-12-25 08:00:00,255.52,125.31,16.07,349.23,4.48,4.85,328.6,20.19,8,12,359,5.344239812001561
2025-12-25 09:00:00,401.08,221.98,18.79,528.78,4.51,4.72,332.2,21.08,9,12,359,5.200992146937602
2025-12-25 10:00:00,525.92,366.33,22.11,657.7,4.49,4.68,328.4,21.95,10,12,359,5.156915942302538
2025-12-25 11:00:00,659.2,591.06,24.57,706.0,4.83,5.08,325.0,22.56,11,12,359,5.5976779886531824
2025-12-25 12:00:00,686.45,760.29,25.82,695.53,5.5,5.87,324.6,22.9,12,12,359,6.468183030195704
2025-12-25 13:00:00,608.55,736.14,26.46,613.0,6.36,6.9,326.8,23.02,13,12,359,7.603145299548614
2025-12-25 14:00:00,462.65,641.13,26.5,466.67,7.25,8.01,329.2,23.0,14,12,359,8.82625997817165
2025-12-25 15:00:00,271.0,477.49,25.73,273.98,7.93,8.98,330.1,22.8,15,12,359,9.895107940571965
2025-12-25 16:00:00,73.9,148.28,21.63,74.75,7.73,9.46,329.3,21.9,16,12,359,10.424022396192738
2025-12-25 17:00:00,0.0,0.0,18.08,0.0,7.55,9.76,330.3,20.85,17,12,359,10.75459393095572
2025-12-25 18:00:00,0.0,0.0,16.97,0.0,7.57,9.75,336.6,20.45,18,12,359,10.743574879796954
2025-12-25 19:00:00,0.0,0.0,16.11,0.0,7.31,9.45,345.0,19.92,19,12,359,10.41300334503397
2025-12-25 20:00:00,0.0,0.0,15.24,0.0,7.38,9.57,353.8,19.41,20,12,359,10.545231958939164
2025-12-25 21:00:00,0.0,0.0,14.38,0.0,7.41,9.58,359.3,18.88,21,12,359,10.556251010097931
2025-12-25 22:00:00,0.0,0.0,13.6,0.0,7.24,9.35,0.2,18.34,22,12,359,10.302812833446309
2025-12-25 23:00:00,0.0,0.0,12.9,0.0,6.99,9.06,0.1,17.87,23,12,359,9.983260349842093
2025-12-26 00:00:00,0.0,0.0,12.26,0.0,6.83,8.88,359.5,17.51,0,12,360,9.784917428984304
2025-12-26 01:00:00,0.0,0.0,11.63,0.0,6.8,8.85,358.2,17.25,1,12,360,9.751860275508005
2025-12-26 02:00:00,0.0,0.0,10.99,0.0,6.84,8.89,357.6,17.04,2,12,360,9.79593648014307
2025-12-26 03:00:00,0.0,0.0,10.39,0.0,6.69,8.7,357.0,16.81,3,12,360,9.586574508126512
2025-12-26 04:00:00,0.0,0.0,9.87,0.0,6.64,8.64,356.0,16.57,4,12,360,9.520460201173917
2025-12-26 05:00:00,0.0,0.0,9.4,0.0,6.85,8.88,354.6,16.48,5,12,360,9.784917428984304
2025-12-26 06:00:00,7.25,6.6,9.07,7.28,7.13,9.22,354.0,16.46,6,12,360,10.15956516838235
2025-12-26 07:00:00,146.23,407.0,10.82,147.65,7.78,9.32,354.6,17.21,7,12,360,10.269755679970011
2025-12-26 08:00:00,358.45,686.64,13.4,360.25,8.13,9.13,354.6,18.17,8,12,360,10.060393707953455
2025-12-26 09:00:00,541.97,824.07,16.63,543.35,8.4,9.32,350.6,19.31,9,12,360,10.269755679970011
2025-12-26 10:00:00,671.4,892.66,19.63,672.05,8.78,9.68,344.7,20.33,10,12,360,10.666441521685591
2025-12-26 11:00:00,723.92,851.72,21.64,724.55,9.2,10.13,340.8,21.06,11,12,360,11.162298823830067
2025-12-26 12:00:00,714.35,848.45,22.78,714.47,9.66,10.67,337.6,21.51,12,12,360,11.757327586403436
2025-12-26 13:00:00,631.03,812.56,23.35,631.72,9.86,10.93,336.6,21.78,13,12,360,12.043822916531354
2025-12-26 14:00:00,483.95,719.62,23.28,484.55,9.78,10.91,335.9,21.87,14,12,360,12.021784814213822
2025-12-26 15:00:00,288.2,574.48,22.49,288.65,9.7,10.95,334.7,21.7,15,12,360,12.065861018848887
2025-12-26 16:00:00,81.82,197.84,19.2,81.97,9.18,10.85,335.7,21.1,16,12,360,11.955670507261225
2025-12-26 17:00:00,0.0,0.0,15.83,0.0,8.5,10.55,339.2,20.33,17,12,360,11.625098972498243
2025-12-26 18:00:00,0.0,0.0,14.76,0.0,7.98,10.03,347.5,19.98,18,12,360,11.052108312242405
2025-12-26 19:00:00,0.0,0.0,14.2,0.0,7.61,9.67,356.6,19.65,19,12,360,10.655422470526824
2025-12-26 20:00:00,0.0,0.0,13.57,0.0,7.07,9.11,3.5,19.2,20,12,360,10.038355605635923
2025-12-26 21:00:00,0.0,0.0,12.88,0.0,6.51,8.49,6.8,18.71,21,12,360,9.355174433792424
2025-12-26 22:00:00,0.0,0.0,12.2,0.0,6.09,7.97,6.3,18.12,22,12,360,8.782183773536588
2025-12-26 23:00:00,0.0,0.0,11.65,0.0,5.81,7.61,2.7,17.69,23,12,360,8.385497931821007
2025-12-27 00:00:00,0.0,0.0,11.32,0.0,5.8,7.59,359.2,17.35,0,12,361,8.363459829503475
2025-12-27 01:00:00,0.0,0.0,10.91,0.0,5.81,7.62,357.1,17.05,1,12,361,8.396516982979774
2025-12-27 02:00:00,0.0,0.0,10.42,0.0,5.87,7.72,355.1,16.82,2,12,361,8.506707494567435
2025-12-27 03:00:00,0.0,0.0,10.08,0.0,5.93,7.81,355.9,16.67,3,12,361,8.60587895499633
2025-12-27 04:00:00,0.0,0.0,9.44,0.0,6.13,8.08,354.7,16.5,4,12,361,8.903393336283015
2025-12-27 05:00:00,0.0,0.0,8.98,0.0,6.45,8.46,352.4,16.42,5,12,361,9.322117280316126
2025-12-27 06:00:00,6.82,10.07,8.88,6.85,6.77,8.81,351.5,16.43,6,12,361,9.70778407087294
2025-12-27 07:00:00,142.4,398.26,10.74,143.23,7.14,8.68,351.7,17.04,7,12,361,9.56453640580898
2025-12-27 08:00:00,351.8,676.22,13.25,352.8,7.55,8.47,350.9,17.85,8,12,361,9.333136331474893
2025-12-27 09:00:00,533.88,812.81,16.75,534.6,7.53,8.23,345.3,18.6,9,12,361,9.068679103664506
2025-12-27 10:00:00,662.0,874.76,19.45,662.42,7.51,8.16,338.9,19.3,10,12,361,8.991545745553143
2025-12-27 11:00:00,718.65,870.06,21.1,718.9,7.39,8.01,334.7,19.82,11,12,361,8.82625997817165
2025-12-27 12:00:00,708.55,866.57,22.25,708.58,7.14,7.75,332.6,20.22,12,12,361,8.539764648043732
2025-12-27 13:00:00,626.65,830.42,22.94,626.85,6.88,7.51,332.3,20.62,13,12,361,8.275307420233347
2025-12-27 14:00:00,480.73,731.75,23.02,481.12,6.63,7.27,334.2,20.96,14,12,361,8.010850192422959
2025-12-27 15:00:00,286.67,583.91,22.4,287.17,6.43,7.14,336.2,21.06,15,12,361,7.867602527359
2025-12-27 16:00:00,82.5,210.2,19.13,82.72,5.5,6.9,336.0,20.35,16,12,361,7.603145299548614
2025-12-27 17:00:00,0.0,0.0,15.94,0.0,5.24,6.78,331.2,19.48,17,12,361,7.47091668564342
2025-12-27 18:00:00,0.0,0.0,15.72,0.0,5.17,6.66,323.9,19.27,18,12,361,7.338688071738227
2025-12-27 19:00:00,0.0,0.0,14.87,0.0,5.23,6.72,315.7,18.89,19,12,361,7.404802378690824
2025-12-27 20:00:00,0.0,0.0,13.8,0.0,5.41,6.93,309.0,18.43,20,12,361,7.636202453024912
2025-12-27 21:00:00,0.0,0.0,13.03,0.0,5.7,7.29,307.3,17.97,21,12,361,8.032888294740491
2025-12-27 22:00:00,0.0,0.0,12.36,0.0,5.97,7.65,311.4,17.58,22,12,361,8.429574136456072
2025-12-27 23:00:00,0.0,0.0,11.69,0.0,6.22,8.05,319.1,17.28,23,12,361,8.870336182806717
2025-12-28 00:00:00,0.0,0.0,10.94,0.0,6.16,8.04,329.5,17.05,0,12,362,8.859317131647948
2025-12-28 01:00:00,0.0,0.0,10.28,0.0,5.89,7.69,338.6,16.82,1,12,362,8.473650341091137
2025-12-28 02:00:00,0.0,0.0,9.72,0.0,5.51,7.16,341.6,16.59,2,12,362,7.889640629676532
2025-12-28 03:00:00,0.0,0.0,9.18,0.0,5.06,6.49,341.4,16.36,3,12,362,7.151364202039203
2025-12-28 04:00:00,0.0,0.0,8.65,0.0,4.6,5.81,338.8,16.14,4,12,362,6.402068723243108
2025-12-28 05:00:00,0.0,0.0,8.16,0.0,4.29,5.38,334.9,15.93,5,12,362,5.928249523416166
2025-12-28 06:00:00,6.53,4.29,7.78,6.55,4.17,5.2,330.9,15.75,6,12,362,5.729906602558375
2025-12-28 07:00:00,141.48,372.5,10.12,142.48,4.11,5.17,328.1,16.52,7,12,362,5.696849449082077
2025-12-28 08:00:00,352.1,653.3,12.7,353.4,4.88,5.42,328.1,17.54,8,12,362,5.97232572805123
2025-12-28 09:00:00,536.6,792.14,15.91,537.6,5.41,5.89,329.2,17.99,9,12,362,6.490221132513237
2025-12-28 10:00:00,667.3,858.36,19.05,667.92,5.79,6.27,331.2,18.38,10,12,362,6.908945076546348
2025-12-28 11:00:00,727.15,864.64,20.85,727.5,5.84,6.31,335.9,18.87,11,12,362,6.953021281181413
2025-12-28 12:00:00,716.8,858.94,22.18,716.85,5.75,6.18,339.9,19.46,12,12,362,6.809773616117454
2025-12-28 13:00:00,633.65,818.62,23.12,633.78,5.66,6.08,341.2,19.91,13,12,362,6.699583104529793
2025-12-28 14:00:00,485.95,715.77,23.5,486.1,5.47,5.89,341.0,20.15,14,12,362,6.490221132513237
2025-12-28 15:00:00,290.3,563.54,23.14,290.48,5.18,5.61,340.5,20.16,15,12,362,6.181687700067786
2025-12-28 16:00:00,84.82,188.31,20.17,84.9,4.39,5.34,342.8,19.45,16,12,362,5.884173318781101
2025-12-28 17:00:00,0.0,0.0,17.68,0.0,4.29,5.33,341.9,18.49,17,12,362,5.8731542676223345
2025-12-28 18:00:00,0.0,0.0,15.99,0.0,4.25,5.28,337.8,18.3,18,12,362,5.818059011828504
2025-12-28 19:00:00,0.0,0.0,14.48,0.0,4.11,5.09,333.0,18.09,19,12,362,5.608697039811948
2025-12-28 20:00:00,0.0,0.0,13.57,0.0,3.84,4.73,328.0,17.89,20,12,362,5.212011198096369
2025-12-28 21:00:00,0.0,0.0,12.8,0.0,3.47,4.22,321.9,17.74,21,12,362,4.650039588999297
2025-12-28 22:00:00,0.0,0.0,12.12,0.0,3.27,3.92,316.0,17.59,22,12,362,4.319468054236314
2025-12-28 23:00:00,0.0,0.0,11.56,0.0,3.37,4.02,317.2,17.41,23,12,362,4.429658565823974
2025-12-29 00:00:00,0.0,0.0,11.1,0.0,3.6,4.32,324.1,17.27,0,12,363,4.760230100586958
2025-12-29 01:00:00,0.0,0.0,10.76,0.0,3.81,4.59,333.6,17.15,1,12,363,5.057744481873643
2025-12-29 02:00:00,0.0,0.0,10.56,0.0,3.86,4.69,343.3,17.06,2,12,363,5.167934993461304
2025-12-29 03:00:00,0.0,0.0,10.47,0.0,3.82,4.62,349.8,16.99,3,12,363,5.0908016353499415
2025-12-29 04:00:00,0.0,0.0,10.27,0.0,3.64,4.39,353.7,16.99,4,12,363,4.83736345869832
2025-12-29 05:00:00,0.0,0.0,9.74,0.0,3.45,4.14,353.8,16.89,5,12,363,4.561887179729168
2025-12-29 06:00:00,6.38,2.3,9.19,6.38,3.28,3.96,346.7,16.73,6,12,363,4.363544258871378
2025-12-29 07:00:00,140.02,331.96,10.84,140.75,3.24,4.03,337.8,17.23,7,12,363,4.440677616982741
2025-12-29 08:00:00,353.4,628.31,13.14,354.3,3.9,4.37,333.2,18.52,8,12,363,4.8153253563807885
2025-12-29 09:00:00,540.12,770.45,16.74,540.65,4.55,5.0,326.5,19.23,9,12,363,5.5095255793830535
2025-12-29 10:00:00,672.25,842.57,20.58,672.95,5.11,5.62,321.6,19.85,10,12,363,6.192706751226552
2025-12-29 11:00:00,731.05,831.62,22.38,731.95,5.32,5.85,320.9,20.47,11,12,363,6.446144927878172
2025-12-29 12:00:00,720.47,820.64,23.25,721.5,5.41,5.97,320.3,21.06,12,12,363,6.578373541783366
2025-12-29 13:00:00,635.05,766.95,23.53,636.3,5.74,6.33,318.5,21.49,13,12,363,6.975059383498945
2025-12-29 14:00:00,484.42,652.68,23.22,485.73,6.12,6.78,318.2,21.64,14,12,363,7.47091668564342
2025-12-29 15:00:00,287.05,489.86,22.25,288.08,6.38,7.13,318.8,21.42,15,12,363,7.856583476200234
2025-12-29 16:00:00,83.68,144.47,18.73,84.0,5.76,7.28,319.5,20.46,16,12,363,8.021869243581726
2025-12-29 17:00:00,0.0,0.0,15.35,0.0,5.4,7.03,317.6,19.38,17,12,363,7.746392964612573
2025-12-29 18:00:00,0.0,0.0,14.42,0.0,5.15,6.62,312.6,19.0,18,12,363,7.294611867103162
2025-12-29 19:00:00,0.0,0.0,13.77,0.0,4.9,6.19,306.8,18.63,19,12,363,6.82079266727622
2025-12-29 20:00:00,0.0,0.0,13.42,0.0,4.75,5.93,303.2,18.28,20,12,363,6.534297337148301
2025-12-29 21:00:00,0.0,0.0,13.1,0.0,4.51,5.56,304.1,17.93,21,12,363,6.126592444273955
2025-12-29 22:00:00,0.0,0.0,12.47,0.0,4.27,5.2,306.3,17.64,22,12,363,5.729906602558375
2025-12-29 23:00:00,0.0,0.0,11.76,0.0,4.23,5.12,308.5,17.4,23,12,363,5.6417541932882465
2025-12-30 00:00:00,0.0,0.0,11.1,0.0,4.32,5.25,312.1,17.2,0,12,364,5.785001858352206
2025-12-30 01:00:00,0.0,0.0,10.54,0.0,4.42,5.4,318.5,17.09,1,12,364,5.950287625733698
2025-12-30 02:00:00,0.0,0.0,10.08,0.0,4.59,5.65,323.6,16.98,2,12,364,6.225763904702851
2025-12-30 03:00:00,0.0,0.0,9.69,0.0,4.63,5.71,328.1,16.88,3,12,364,6.291878211655447
2025-12-30 04:00:00,0.0,0.0,9.26,0.0,4.46,5.5,332.5,16.82,4,12,364,6.0604781373213585
2025-12-30 05:00:00,0.0,0.0,8.8,0.0,4.16,5.12,336.9,16.75,5,12,364,5.6417541932882465
2025-12-30 06:00:00,6.07,3.49,8.41,6.07,3.79,4.63,340.7,16.67,6,12,364,5.101820686508708
2025-12-30 07:00:00,139.05,361.91,10.14,139.77,3.21,4.02,344.9,17.37,7,12,364,4.429658565823974
2025-12-30 08:00:00,352.2,650.78,12.64,353.2,3.11,3.41,353.6,18.65,8,12,364,3.7574964451392425
2025-12-30 09:00:00,537.6,792.64,16.3,538.62,2.67,2.76,356.7,19.39,9,12,364,3.041258119819445
2025-12-30 10:00:00,667.97,857.55,19.43,668.65,2.1,2.1,353.4,19.92,10,12,364,2.3140007433408827
2025-12-30 11:00:00,724.03,821.07,21.26,724.42,1.68,1.63,351.9,20.17,11,12,364,1.7961053388788752
2025-12-30 12:00:00,715.17,816.12,22.14,715.4,1.58,1.5,352.4,20.28,12,12,364,1.6528576738149159
2025-12-30 13:00:00,633.8,781.71,22.56,633.9,1.94,1.84,6.5,20.35,13,12,364,2.0275054132129635
2025-12-30 14:00:00,487.3,684.75,22.58,487.52,2.62,2.53,22.0,20.29,14,12,364,2.7878199431678246
2025-12-30 15:00:00,291.9,541.32,22.06,292.2,3.26,3.3,30.8,19.96,15,12,364,3.636286882392815
2025-12-30 16:00:00,87.05,179.1,19.83,87.18,3.47,4.0,36.7,19.13,16,12,364,4.407620463506443
2025-12-30 17:00:00,0.0,0.0,17.28,0.0,3.33,4.05,37.2,18.22,17,12,364,4.462715719300273
2025-12-30 18:00:00,0.0,0.0,16.04,0.0,2.92,3.44,41.7,18.07,18,12,364,3.7905535986155408
2025-12-30 19:00:00,0.0,0.0,14.86,0.0,2.14,2.41,50.6,18.16,19,12,364,2.6555913292626316
2025-12-30 20:00:00,0.0,0.0,13.8,0.0,1.13,1.2,48.7,18.36,20,12,364,1.3222861390519327
2025-12-30 21:00:00,0.0,0.0,12.94,0.0,0.31,0.31,3.7,18.31,21,12,364,0.3415905859217493
2025-12-30 22:00:00,0.0,0.0,12.17,0.0,0.49,0.58,266.1,18.1,22,12,364,0.6391049672084341
2025-12-30 23:00:00,0.0,0.0,11.43,0.0,0.53,0.59,225.0,17.84,23,12,364,0.6501240183672002
2025-12-31 00:00:00,0.0,0.0,10.7,0.0,0.67,0.74,182.3,17.57,0,12,365,0.8154097857486918
2025-12-31 01:00:00,0.0,0.0,9.93,0.0,0.84,0.94,188.0,17.43,1,12,365,1.035790808924014
2025-12-31 02:00:00,0.0,0.0,9.25,0.0,1.09,1.23,189.4,17.16,2,12,365,1.3553432925282312
2025-12-31 03:00:00,0.0,0.0,8.8,0.0,1.58,1.8,171.4,16.82,3,12,365,1.9834292085778993
2025-12-31 04:00:00,0.0,0.0,8.69,0.0,2.06,2.38,170.8,16.57,4,12,365,2.6225341757863334
2025-12-31 05:00:00,0.0,0.0,8.87,0.0,2.33,2.68,178.3,16.4,5,12,365,2.9531057105493166
2025-12-31 06:00:00,6.0,5.17,9.15,6.03,2.44,2.81,192.6,16.25,6,12,365,3.096353375613276
2025-12-31 07:00:00,140.9,384.77,11.1,141.12,2.58,3.05,207.6,16.58,7,12,365,3.3608106034236624
2025-12-31 08:00:00,354.98,665.42,13.65,355.5,2.75,2.96,209.8,17.93,8,12,365,3.2616391429947673
2025-12-31 09:00:00,540.78,790.4,17.01,541.58,2.53,2.76,210.5,19.02,9,12,365,3.041258119819445
2025-12-31 10:00:00,671.62,855.9,20.69,672.33,2.16,2.46,218.7,20.08,10,12,365,2.7106865850564623
2025-12-31 11:00:00,729.08,838.96,22.48,729.78,1.71,2.04,223.6,21.09,11,12,365,2.247886436388286
2025-12-31 12:00:00,720.72,835.31,23.64,721.15,1.56,1.93,227.3,22.05,12,12,365,2.1266768736418586
2025-12-31 13:00:00,638.28,800.78,24.26,638.5,1.35,1.71,228.8,22.74,13,12,365,1.8842577481490042
2025-12-31 14:00:00,490.83,702.7,24.23,491.1,1.9,2.28,245.9,23.06,14,12,365,2.512343664198672
2025-12-31 15:00:00,294.58,558.22,23.47,294.83,2.41,2.89,253.1,22.89,15,12,365,3.184505784883405
2025-12-31 16:00:00,89.1,191.49,19.64,89.2,2.89,3.68,254.9,21.68,16,12,365,4.055010826425927
2025-12-31 17:00:00,0.0,0.0,16.2,0.0,3.21,3.98,256.2,20.73,17,12,365,4.38558236118891
2025-12-31 18:00:00,0.0,0.0,15.01,0.0,3.08,3.75,245.6,20.04,18,12,365,4.13214418453729
2025-12-31 19:00:00,0.0,0.0,14.1,0.0,3.18,3.85,231.6,19.33,19,12,365,4.242334696124951
2025-12-31 20:00:00,0.0,0.0,13.31,0.0,3.58,4.38,227.3,18.91,20,12,365,4.826344407539555
2025-12-31 21:00:00,0.0,0.0,12.65,0.0,4.13,5.09,228.6,18.15,21,12,365,5.608697039811948
2025-12-31 22:00:00,0.0,0.0,12.11,0.0,4.58,5.73,234.4,17.52,22,12,365,6.31391631397298
2025-12-31 23:00:00,0.0,0.0,11.67,0.0,4.83,6.09,242.0,16.96,23,12,365,6.710602155688559
