timestamp_utc,ALLSKY_SFC_SW_DWN,ALLSKY_SFC_SW_DNI,T2M,CLRSKY_SFC_SW_DWN
2025-01-01 00:00:00,0.0,0.0,9.43,0.0
2025-01-01 01:00:00,0.0,0.0,8.98,0.0
2025-01-01 02:00:00,0.0,0.0,8.43,0.0
2025-01-01 03:00:00,0.0,0.0,7.8,0.0
2025-01-01 04:00:00,0.0,0.0,7.29,0.0
2025-01-01 05:00:00,0.0,0.0,6.95,0.0
2025-01-01 06:00:00,5.62,2.45,6.87,5.62
2025-01-01 07:00:00,134.6,342.24,8.07,135.57
2025-01-01 08:00:00,346.42,640.07,10.66,348.05
2025-01-01 09:00:00,531.92,787.08,14.83,533.25
2025-01-01 10:00:00,658.75,837.21,17.24,664.75
2025-01-01 11:00:00,710.7,753.03,18.73,717.3
2025-01-01 12:00:00,706.58,756.61,19.79,710.4
2025-01-01 13:00:00,624.08,717.04,20.45,631.95
2025-01-01 14:00:00,480.75,649.18,20.58,487.45
2025-01-01 15:00:00,290.77,512.81,20.07,294.45
2025-01-01 16:00:00,89.57,164.46,17.3,90.12
2025-01-01 17:00:00,0.0,0.0,13.9,0.0
2025-01-01 18:00:00,0.0,0.0,13.15,0.0
2025-01-01 19:00:00,0.0,0.0,12.63,0.0
2025-01-01 20:00:00,0.0,0.0,12.03,0.0
2025-01-01 21:00:00,0.0,0.0,11.25,0.0
2025-01-01 22:00:00,0.0,0.0,10.24,0.0
2025-01-01 23:00:00,0.0,0.0,9.27,0.0
2025-01-02 00:00:00,0.0,0.0,8.51,0.0
2025-01-02 01:00:00,0.0,0.0,7.86,0.0
2025-01-02 02:00:00,0.0,0.0,7.34,0.0
2025-01-02 03:00:00,0.0,0.0,6.98,0.0
2025-01-02 04:00:00,0.0,0.0,6.75,0.0
2025-01-02 05:00:00,0.0,0.0,6.66,0.0
2025-01-02 06:00:00,5.93,19.06,6.57,6.0
2025-01-02 07:00:00,140.85,461.26,8.76,143.1
2025-01-02 08:00:00,351.85,723.78,11.4,355.0
2025-01-02 09:00:00,534.97,827.46,15.32,537.97
2025-01-02 10:00:00,665.5,908.18,19.21,668.05
2025-01-02 11:00:00,714.85,824.01,21.06,717.05
2025-01-02 12:00:00,708.47,823.52,22.44,710.35
2025-01-02 13:00:00,630.9,782.61,23.3,631.72
2025-01-02 14:00:00,488.08,707.98,23.56,489.02
2025-01-02 15:00:00,296.5,563.98,23.08,297.35
2025-01-02 16:00:00,94.97,232.88,19.45,95.3
2025-01-02 17:00:00,0.0,0.0,16.07,0.0
2025-01-02 18:00:00,0.0,0.0,15.0,0.0
2025-01-02 19:00:00,0.0,0.0,14.2,0.0
2025-01-02 20:00:00,0.0,0.0,13.36,0.0
2025-01-02 21:00:00,0.0,0.0,12.33,0.0
2025-01-02 22:00:00,0.0,0.0,11.21,0.0
2025-01-02 23:00:00,0.0,0.0,10.21,0.0
2025-01-03 00:00:00,0.0,0.0,9.4,0.0
2025-01-03 01:00:00,0.0,0.0,8.78,0.0
2025-01-03 02:00:00,0.0,0.0,8.24,0.0
2025-01-03 03:00:00,0.0,0.0,7.71,0.0
2025-01-03 04:00:00,0.0,0.0,7.21,0.0
2025-01-03 05:00:00,0.0,0.0,6.78,0.0
2025-01-03 06:00:00,5.62,9.92,6.51,5.68
2025-01-03 07:00:00,134.75,381.88,9.18,138.9
2025-01-03 08:00:00,339.3,649.88,11.79,350.65
2025-01-03 09:00:00,516.95,772.24,15.55,535.38
2025-01-03 10:00:00,643.12,836.93,19.05,667.97
2025-01-03 11:00:00,696.38,767.29,21.46,726.6
2025-01-03 12:00:00,687.05,784.14,23.18,721.42
2025-01-03 13:00:00,619.4,703.04,24.29,643.0
2025-01-03 14:00:00,469.65,657.01,24.72,499.58
2025-01-03 15:00:00,289.15,487.68,24.24,306.15
2025-01-03 16:00:00,95.78,225.69,20.21,100.22
2025-01-03 17:00:00,0.0,0.0,17.11,0.0
2025-01-03 18:00:00,0.0,0.0,16.16,0.0
2025-01-03 19:00:00,0.0,0.0,15.4,0.0
2025-01-03 20:00:00,0.0,0.0,14.4,0.0
2025-01-03 21:00:00,0.0,0.0,13.23,0.0
2025-01-03 22:00:00,0.0,0.0,12.21,0.0
2025-01-03 23:00:00,0.0,0.0,11.49,0.0
2025-01-04 00:00:00,0.0,0.0,10.76,0.0
2025-01-04 01:00:00,0.0,0.0,10.08,0.0
2025-01-04 02:00:00,0.0,0.0,9.61,0.0
2025-01-04 03:00:00,0.0,0.0,9.21,0.0
2025-01-04 04:00:00,0.0,0.0,8.81,0.0
2025-01-04 05:00:00,0.0,0.0,8.51,0.0
2025-01-04 06:00:00,5.47,7.27,8.31,5.47
2025-01-04 07:00:00,136.02,383.94,9.84,136.55
2025-01-04 08:00:00,347.77,655.92,12.24,348.62
2025-01-04 09:00:00,533.67,788.19,15.35,534.47
2025-01-04 10:00:00,666.4,848.24,18.21,667.03
2025-01-04 11:00:00,732.17,880.09,20.94,732.62
2025-01-04 12:00:00,727.2,873.86,23.15,727.53
2025-01-04 13:00:00,648.88,827.78,24.82,649.47
2025-01-04 14:00:00,503.48,745.09,25.74,504.33
2025-01-04 15:00:00,310.23,604.83,25.39,311.1
2025-01-04 16:00:00,104.15,266.58,22.87,104.55
2025-01-04 17:00:00,0.0,0.0,20.19,0.0
2025-01-04 18:00:00,0.0,0.0,18.75,0.0
2025-01-04 19:00:00,0.0,0.0,17.86,0.0
2025-01-04 20:00:00,0.0,0.0,17.26,0.0
2025-01-04 21:00:00,0.0,0.0,16.92,0.0
2025-01-04 22:00:00,0.0,0.0,16.62,0.0
2025-01-04 23:00:00,0.0,0.0,16.2,0.0
2025-01-05 00:00:00,0.0,0.0,15.65,0.0
2025-01-05 01:00:00,0.0,0.0,14.99,0.0
2025-01-05 02:00:00,0.0,0.0,14.29,0.0
2025-01-05 03:00:00,0.0,0.0,13.41,0.0
2025-01-05 04:00:00,0.0,0.0,12.46,0.0
2025-01-05 05:00:00,0.0,0.0,11.43,0.0
2025-01-05 06:00:00,5.25,5.0,10.46,5.28
2025-01-05 07:00:00,133.12,352.07,12.87,133.75
2025-01-05 08:00:00,344.1,620.72,15.66,345.23
2025-01-05 09:00:00,530.58,753.04,18.82,531.65
2025-01-05 10:00:00,663.85,793.37,21.61,664.67
2025-01-05 11:00:00,721.9,756.86,23.22,722.4
2025-01-05 12:00:00,714.28,722.26,24.2,714.55
2025-01-05 13:00:00,632.28,647.4,24.48,632.55
2025-01-05 14:00:00,482.73,531.87,24.05,482.98
2025-01-05 15:00:00,285.42,349.82,22.76,285.62
2025-01-05 16:00:00,90.8,77.54,19.34,90.88
2025-01-05 17:00:00,0.0,0.0,15.66,0.0
2025-01-05 18:00:00,0.0,0.0,14.59,0.0
2025-01-05 19:00:00,0.0,0.0,13.69,0.0
2025-01-05 20:00:00,0.0,0.0,12.92,0.0
2025-01-05 21:00:00,0.0,0.0,12.31,0.0
2025-01-05 22:00:00,0.0,0.0,11.8,0.0
2025-01-05 23:00:00,0.0,0.0,11.28,0.0
2025-01-06 00:00:00,0.0,0.0,10.81,0.0
2025-01-06 01:00:00,0.0,0.0,10.45,0.0
2025-01-06 02:00:00,0.0,0.0,10.14,0.0
2025-01-06 03:00:00,0.0,0.0,9.81,0.0
2025-01-06 04:00:00,0.0,0.0,9.45,0.0
2025-01-06 05:00:00,0.0,0.0,9.14,0.0
2025-01-06 06:00:00,4.32,0.0,8.89,4.4
2025-01-06 07:00:00,98.53,67.96,10.3,101.85
2025-01-06 08:00:00,280.67,272.4,12.69,293.48
2025-01-06 09:00:00,468.52,440.74,15.35,487.5
2025-01-06 10:00:00,613.35,557.75,17.69,631.08
2025-01-06 11:00:00,700.38,661.04,19.75,710.92
2025-01-06 12:00:00,702.47,699.01,21.31,707.03
2025-01-06 13:00:00,630.0,682.84,22.2,630.22
2025-01-06 14:00:00,487.25,603.3,22.45,487.6
2025-01-06 15:00:00,296.77,467.97,22.09,297.15
2025-01-06 16:00:00,99.7,176.8,19.51,99.85
2025-01-06 17:00:00,0.0,0.0,16.33,0.0
2025-01-06 18:00:00,0.0,0.0,15.89,0.0
2025-01-06 19:00:00,0.0,0.0,15.49,0.0
2025-01-06 20:00:00,0.0,0.0,14.86,0.0
2025-01-06 21:00:00,0.0,0.0,14.29,0.0
2025-01-06 22:00:00,0.0,0.0,13.54,0.0
2025-01-06 23:00:00,0.0,0.0,12.71,0.0
2025-01-07 00:00:00,0.0,0.0,11.92,0.0
2025-01-07 01:00:00,0.0,0.0,11.21,0.0
2025-01-07 02:00:00,0.0,0.0,10.46,0.0
2025-01-07 03:00:00,0.0,0.0,10.0,0.0
2025-01-07 04:00:00,0.0,0.0,9.8,0.0
2025-01-07 05:00:00,0.0,0.0,9.53,0.0
2025-01-07 06:00:00,4.95,4.59,9.25,4.95
2025-01-07 07:00:00,129.93,334.35,10.65,130.18
2025-01-07 08:00:00,338.9,611.39,13.24,339.4
2025-01-07 09:00:00,524.3,759.95,16.25,524.88
2025-01-07 10:00:00,657.58,821.18,19.48,658.12
2025-01-07 11:00:00,710.67,769.77,21.41,711.2
2025-01-07 12:00:00,705.75,766.32,22.58,706.22
2025-01-07 13:00:00,629.0,723.42,23.24,629.4
2025-01-07 14:00:00,486.2,631.28,23.41,488.0
2025-01-07 15:00:00,296.77,490.4,22.92,297.85
2025-01-07 16:00:00,100.8,190.1,20.25,101.07
2025-01-07 17:00:00,0.0,0.0,17.0,0.0
2025-01-07 18:00:00,0.0,0.0,16.04,0.0
2025-01-07 19:00:00,0.0,0.0,15.36,0.0
2025-01-07 20:00:00,0.0,0.0,14.62,0.0
2025-01-07 21:00:00,0.0,0.0,13.72,0.0
2025-01-07 22:00:00,0.0,0.0,12.74,0.0
2025-01-07 23:00:00,0.0,0.0,11.81,0.0
2025-01-08 00:00:00,0.0,0.0,11.13,0.0
2025-01-08 01:00:00,0.0,0.0,10.72,0.0
2025-01-08 02:00:00,0.0,0.0,10.23,0.0
2025-01-08 03:00:00,0.0,0.0,9.64,0.0
2025-01-08 04:00:00,0.0,0.0,9.22,0.0
2025-01-08 05:00:00,0.0,0.0,8.83,0.0
2025-01-08 06:00:00,4.93,3.87,8.5,4.93
2025-01-08 07:00:00,129.2,333.55,10.36,129.98
2025-01-08 08:00:00,339.1,624.6,12.79,341.65
2025-01-08 09:00:00,526.0,755.98,16.35,529.58
2025-01-08 10:00:00,647.53,776.47,19.22,666.55
2025-01-08 11:00:00,615.08,350.5,21.0,726.3
2025-01-08 12:00:00,639.67,544.98,22.0,722.72
2025-01-08 13:00:00,546.03,313.8,22.13,645.25
2025-01-08 14:00:00,374.0,127.89,22.19,500.0
2025-01-08 15:00:00,231.25,87.37,21.55,307.98
2025-01-08 16:00:00,80.93,33.75,19.07,108.22
2025-01-08 17:00:00,0.0,0.0,16.83,0.0
2025-01-08 18:00:00,0.0,0.0,16.07,0.0
2025-01-08 19:00:00,0.0,0.0,15.68,0.0
2025-01-08 20:00:00,0.0,0.0,15.19,0.0
2025-01-08 21:00:00,0.0,0.0,14.56,0.0
2025-01-08 22:00:00,0.0,0.0,13.77,0.0
2025-01-08 23:00:00,0.0,0.0,12.97,0.0
2025-01-09 00:00:00,0.0,0.0,12.2,0.0
2025-01-09 01:00:00,0.0,0.0,11.67,0.0
2025-01-09 02:00:00,0.0,0.0,11.28,0.0
2025-01-09 03:00:00,0.0,0.0,10.89,0.0
2025-01-09 04:00:00,0.0,0.0,10.37,0.0
2025-01-09 05:00:00,0.0,0.0,9.68,0.0
2025-01-09 06:00:00,4.4,0.0,9.63,4.82
2025-01-09 07:00:00,110.95,154.78,11.62,125.82
2025-01-09 08:00:00,280.9,244.07,13.96,336.48
2025-01-09 09:00:00,448.7,395.99,17.03,525.15
2025-01-09 10:00:00,572.45,417.89,19.79,662.2
2025-01-09 11:00:00,574.15,135.06,21.29,721.1
2025-01-09 12:00:00,587.03,235.22,22.41,720.78
2025-01-09 13:00:00,498.55,126.4,22.97,646.08
2025-01-09 14:00:00,363.6,62.47,22.85,506.17
2025-01-09 15:00:00,223.68,40.47,22.39,314.55
2025-01-09 16:00:00,80.15,16.92,20.37,112.35
2025-01-09 17:00:00,0.0,0.0,18.16,0.0
2025-01-09 18:00:00,0.0,0.0,16.56,0.0
2025-01-09 19:00:00,0.0,0.0,15.14,0.0
2025-01-09 20:00:00,0.0,0.0,14.24,0.0
2025-01-09 21:00:00,0.0,0.0,13.8,0.0
2025-01-09 22:00:00,0.0,0.0,13.43,0.0
2025-01-09 23:00:00,0.0,0.0,13.01,0.0
2025-01-10 00:00:00,0.0,0.0,12.5,0.0
2025-01-10 01:00:00,0.0,0.0,12.03,0.0
2025-01-10 02:00:00,0.0,0.0,11.58,0.0
2025-01-10 03:00:00,0.0,0.0,11.04,0.0
2025-01-10 04:00:00,0.0,0.0,10.47,0.0
2025-01-10 05:00:00,0.0,0.0,9.93,0.0
2025-01-10 06:00:00,4.65,0.76,9.55,4.65
2025-01-10 07:00:00,122.35,239.69,11.22,122.78
2025-01-10 08:00:00,329.0,505.08,13.87,329.73
2025-01-10 09:00:00,519.95,671.29,17.87,520.65
2025-01-10 10:00:00,659.55,748.96,20.03,660.1
2025-01-10 11:00:00,740.05,847.13,21.22,740.42
2025-01-10 12:00:00,738.95,858.92,21.92,739.05
2025-01-10 13:00:00,664.42,820.43,22.18,664.72
2025-01-10 14:00:00,523.15,754.29,21.87,523.53
2025-01-10 15:00:00,329.58,619.03,20.98,329.98
2025-01-10 16:00:00,122.97,296.89,18.64,123.2
2025-01-10 17:00:00,0.0,0.0,15.06,0.0
2025-01-10 18:00:00,0.0,0.0,14.12,0.0
2025-01-10 19:00:00,0.0,0.0,13.34,0.0
2025-01-10 20:00:00,0.0,0.0,12.64,0.0
2025-01-10 21:00:00,0.0,0.0,12.04,0.0
2025-01-10 22:00:00,0.0,0.0,11.78,0.0
2025-01-10 23:00:00,0.0,0.0,11.44,0.0
2025-01-11 00:00:00,0.0,0.0,10.99,0.0
2025-01-11 01:00:00,0.0,0.0,10.41,0.0
2025-01-11 02:00:00,0.0,0.0,9.88,0.0
2025-01-11 03:00:00,0.0,0.0,9.53,0.0
2025-01-11 04:00:00,0.0,0.0,9.24,0.0
2025-01-11 05:00:00,0.0,0.0,8.95,0.0
2025-01-11 06:00:00,4.5,0.0,8.78,4.53
2025-01-11 07:00:00,111.75,138.59,10.39,115.4
2025-01-11 08:00:00,303.12,364.22,13.12,318.25
2025-01-11 09:00:00,482.58,467.78,16.56,507.25
2025-01-11 10:00:00,636.55,625.22,18.87,646.1
2025-01-11 11:00:00,720.55,732.09,20.32,727.12
2025-01-11 12:00:00,720.33,730.41,21.27,723.85
2025-01-11 13:00:00,647.58,707.86,21.73,647.9
2025-01-11 14:00:00,504.75,624.38,21.58,505.17
2025-01-11 15:00:00,312.67,477.13,20.8,313.08
2025-01-11 16:00:00,115.1,200.48,18.86,115.28
2025-01-11 17:00:00,0.0,0.0,15.59,0.0
2025-01-11 18:00:00,0.0,0.0,14.65,0.0
2025-01-11 19:00:00,0.0,0.0,13.86,0.0
2025-01-11 20:00:00,0.0,0.0,13.04,0.0
2025-01-11 21:00:00,0.0,0.0,12.3,0.0
2025-01-11 22:00:00,0.0,0.0,11.62,0.0
2025-01-11 23:00:00,0.0,0.0,11.05,0.0
2025-01-12 00:00:00,0.0,0.0,10.53,0.0
2025-01-12 01:00:00,0.0,0.0,10.02,0.0
2025-01-12 02:00:00,0.0,0.0,9.52,0.0
2025-01-12 03:00:00,0.0,0.0,9.12,0.0
2025-01-12 04:00:00,0.0,0.0,8.74,0.0
2025-01-12 05:00:00,0.0,0.0,8.34,0.0
2025-01-12 06:00:00,4.78,3.17,8.09,4.78
2025-01-12 07:00:00,130.57,326.29,9.83,130.88
2025-01-12 08:00:00,346.92,626.02,12.6,347.45
2025-01-12 09:00:00,539.33,777.85,16.05,539.83
2025-01-12 10:00:00,678.15,850.5,19.05,678.6
2025-01-12 11:00:00,737.65,804.09,20.65,738.03
2025-01-12 12:00:00,736.85,809.51,21.67,737.17
2025-01-12 13:00:00,662.58,776.63,22.28,662.83
2025-01-12 14:00:00,514.65,675.4,22.41,522.58
2025-01-12 15:00:00,319.83,504.96,21.93,329.9
2025-01-12 16:00:00,121.18,249.61,19.31,125.95
2025-01-12 17:00:00,0.0,0.0,16.33,0.0
2025-01-12 18:00:00,0.0,0.0,15.14,0.0
2025-01-12 19:00:00,0.0,0.0,14.2,0.0
2025-01-12 20:00:00,0.0,0.0,13.45,0.0
2025-01-12 21:00:00,0.0,0.0,12.81,0.0
2025-01-12 22:00:00,0.0,0.0,12.14,0.0
2025-01-12 23:00:00,0.0,0.0,11.43,0.0
2025-01-13 00:00:00,0.0,0.0,10.73,0.0
2025-01-13 01:00:00,0.0,0.0,10.08,0.0
2025-01-13 02:00:00,0.0,0.0,9.61,0.0
2025-01-13 03:00:00,0.0,0.0,9.1,0.0
2025-01-13 04:00:00,0.0,0.0,8.65,0.0
2025-01-13 05:00:00,0.0,0.0,8.16,0.0
2025-01-13 06:00:00,5.2,14.43,7.84,5.2
2025-01-13 07:00:00,141.55,471.08,10.56,142.3
2025-01-13 08:00:00,360.98,743.97,13.18,362.35
2025-01-13 09:00:00,551.67,871.76,16.49,553.22
2025-01-13 10:00:00,689.75,926.83,20.43,691.4
2025-01-13 11:00:00,746.08,851.81,22.91,747.75
2025-01-13 12:00:00,744.67,850.04,24.52,746.35
2025-01-13 13:00:00,670.6,805.96,25.52,671.15
2025-01-13 14:00:00,527.55,725.95,25.86,529.58
2025-01-13 15:00:00,332.4,576.98,25.46,335.2
2025-01-13 16:00:00,128.18,277.41,22.18,129.95
2025-01-13 17:00:00,0.0,0.0,19.02,0.0
2025-01-13 18:00:00,0.0,0.0,17.53,0.0
2025-01-13 19:00:00,0.0,0.0,16.42,0.0
2025-01-13 20:00:00,0.0,0.0,15.65,0.0
2025-01-13 21:00:00,0.0,0.0,14.81,0.0
2025-01-13 22:00:00,0.0,0.0,13.74,0.0
2025-01-13 23:00:00,0.0,0.0,12.75,0.0
2025-01-14 00:00:00,0.0,0.0,11.99,0.0
2025-01-14 01:00:00,0.0,0.0,11.33,0.0
2025-01-14 02:00:00,0.0,0.0,10.78,0.0
2025-01-14 03:00:00,0.0,0.0,10.36,0.0
2025-01-14 04:00:00,0.0,0.0,10.03,0.0
2025-01-14 05:00:00,0.0,0.0,9.79,0.0
2025-01-14 06:00:00,4.45,0.74,9.63,4.55
2025-01-14 07:00:00,113.3,185.9,12.18,120.55
2025-01-14 08:00:00,305.73,415.23,15.05,325.8
2025-01-14 09:00:00,477.9,496.76,18.25,511.23
2025-01-14 10:00:00,605.33,513.62,21.54,645.7
2025-01-14 11:00:00,660.22,470.27,24.27,704.78
2025-01-14 12:00:00,576.45,204.19,25.54,703.25
2025-01-14 13:00:00,488.6,125.37,26.21,626.3
2025-01-14 14:00:00,405.38,315.28,26.02,487.1
2025-01-14 15:00:00,235.68,175.63,25.63,296.33
2025-01-14 16:00:00,82.93,40.19,23.22,102.03
2025-01-14 17:00:00,3.2,0.0,20.76,3.6
2025-01-14 18:00:00,0.0,0.0,20.14,0.0
2025-01-14 19:00:00,0.0,0.0,19.68,0.0
2025-01-14 20:00:00,0.0,0.0,18.79,0.0
2025-01-14 21:00:00,0.0,0.0,18.09,0.0
2025-01-14 22:00:00,0.0,0.0,17.25,0.0
2025-01-14 23:00:00,0.0,0.0,16.68,0.0
2025-01-15 00:00:00,0.0,0.0,16.38,0.0
2025-01-15 01:00:00,0.0,0.0,15.9,0.0
2025-01-15 02:00:00,0.0,0.0,15.46,0.0
2025-01-15 03:00:00,0.0,0.0,15.22,0.0
2025-01-15 04:00:00,0.0,0.0,14.93,0.0
2025-01-15 05:00:00,0.0,0.0,14.59,0.0
2025-01-15 06:00:00,4.1,0.0,14.58,4.32
2025-01-15 07:00:00,87.97,40.01,16.32,110.38
2025-01-15 08:00:00,236.5,110.85,18.29,307.5
2025-01-15 09:00:00,385.27,211.29,21.03,492.1
2025-01-15 10:00:00,504.85,231.0,24.06,628.38
2025-01-15 11:00:00,595.4,328.06,26.18,704.47
2025-01-15 12:00:00,632.0,429.05,27.35,703.5
2025-01-15 13:00:00,591.92,564.87,27.78,630.6
2025-01-15 14:00:00,430.23,401.77,27.86,492.02
2025-01-15 15:00:00,275.4,331.35,27.42,305.38
2025-01-15 16:00:00,100.9,131.41,25.18,106.68
2025-01-15 17:00:00,3.85,0.0,22.16,3.9
2025-01-15 18:00:00,0.0,0.0,21.56,0.0
2025-01-15 19:00:00,0.0,0.0,20.8,0.0
2025-01-15 20:00:00,0.0,0.0,19.89,0.0
2025-01-15 21:00:00,0.0,0.0,19.09,0.0
2025-01-15 22:00:00,0.0,0.0,18.22,0.0
2025-01-15 23:00:00,0.0,0.0,17.34,0.0
2025-01-16 00:00:00,0.0,0.0,16.44,0.0
2025-01-16 01:00:00,0.0,0.0,15.74,0.0
2025-01-16 02:00:00,0.0,0.0,15.2,0.0
2025-01-16 03:00:00,0.0,0.0,14.8,0.0
2025-01-16 04:00:00,0.0,0.0,14.66,0.0
2025-01-16 05:00:00,0.0,0.0,14.56,0.0
2025-01-16 06:00:00,4.3,0.0,14.21,4.32
2025-01-16 07:00:00,111.88,167.09,16.25,112.15
2025-01-16 08:00:00,308.65,424.07,18.65,309.3
2025-01-16 09:00:00,495.8,566.76,21.73,496.1
2025-01-16 10:00:00,633.9,641.11,24.81,634.62
2025-01-16 11:00:00,716.17,735.21,27.54,717.05
2025-01-16 12:00:00,716.9,738.73,28.81,717.88
2025-01-16 13:00:00,631.25,659.21,29.43,644.85
2025-01-16 14:00:00,450.1,445.91,29.49,506.62
2025-01-16 15:00:00,276.08,328.72,29.0,318.2
2025-01-16 16:00:00,103.5,123.34,25.87,115.78
2025-01-16 17:00:00,4.22,0.0,22.61,4.38
2025-01-16 18:00:00,0.0,0.0,22.3,0.0
2025-01-16 19:00:00,0.0,0.0,21.88,0.0
2025-01-16 20:00:00,0.0,0.0,21.06,0.0
2025-01-16 21:00:00,0.0,0.0,20.26,0.0
2025-01-16 22:00:00,0.0,0.0,19.58,0.0
2025-01-16 23:00:00,0.0,0.0,18.78,0.0
2025-01-17 00:00:00,0.0,0.0,17.68,0.0
2025-01-17 01:00:00,0.0,0.0,16.65,0.0
2025-01-17 02:00:00,0.0,0.0,16.03,0.0
2025-01-17 03:00:00,0.0,0.0,15.55,0.0
2025-01-17 04:00:00,0.0,0.0,15.03,0.0
2025-01-17 05:00:00,0.0,0.0,14.62,0.0
2025-01-17 06:00:00,4.68,3.23,14.55,4.7
2025-01-17 07:00:00,121.9,271.5,16.78,126.45
2025-01-17 08:00:00,328.55,562.98,19.31,336.38
2025-01-17 09:00:00,516.47,695.61,22.42,524.58
2025-01-17 10:00:00,653.88,787.67,25.64,659.17
2025-01-17 11:00:00,711.38,726.22,28.8,714.28
2025-01-17 12:00:00,711.88,724.77,30.38,713.65
2025-01-17 13:00:00,641.05,690.64,31.23,641.58
2025-01-17 14:00:00,500.62,598.9,31.49,505.15
2025-01-17 15:00:00,314.23,445.83,31.02,320.27
2025-01-17 16:00:00,114.62,182.71,27.91,118.35
2025-01-17 17:00:00,4.85,0.74,24.55,4.78
2025-01-17 18:00:00,0.0,0.0,23.69,0.0
2025-01-17 19:00:00,0.0,0.0,22.47,0.0
2025-01-17 20:00:00,0.0,0.0,21.12,0.0
2025-01-17 21:00:00,0.0,0.0,19.53,0.0
2025-01-17 22:00:00,0.0,0.0,18.04,0.0
2025-01-17 23:00:00,0.0,0.0,17.01,0.0
2025-01-18 00:00:00,0.0,0.0,16.14,0.0
2025-01-18 01:00:00,0.0,0.0,15.11,0.0
2025-01-18 02:00:00,0.0,0.0,14.49,0.0
2025-01-18 03:00:00,0.0,0.0,14.12,0.0
2025-01-18 04:00:00,0.0,0.0,14.28,0.0
2025-01-18 05:00:00,0.0,0.0,13.76,0.0
2025-01-18 06:00:00,5.03,7.08,13.42,5.05
2025-01-18 07:00:00,132.35,373.3,14.74,133.55
2025-01-18 08:00:00,343.25,611.4,17.27,345.27
2025-01-18 09:00:00,529.42,726.17,20.07,531.9
2025-01-18 10:00:00,664.55,757.69,22.58,666.62
2025-01-18 11:00:00,742.05,797.68,24.74,742.47
2025-01-18 12:00:00,721.72,720.34,26.44,737.97
2025-01-18 13:00:00,611.38,506.77,27.06,659.03
2025-01-18 14:00:00,450.35,410.54,27.0,512.28
2025-01-18 15:00:00,284.5,304.39,26.45,315.7
2025-01-18 16:00:00,106.62,103.71,23.7,111.8
2025-01-18 17:00:00,4.88,0.0,21.63,4.82
2025-01-18 18:00:00,0.0,0.0,21.34,0.0
2025-01-18 19:00:00,0.0,0.0,20.59,0.0
2025-01-18 20:00:00,0.0,0.0,19.4,0.0
2025-01-18 21:00:00,0.0,0.0,18.36,0.0
2025-01-18 22:00:00,0.0,0.0,16.48,0.0
2025-01-18 23:00:00,0.0,0.0,15.45,0.0
2025-01-19 00:00:00,0.0,0.0,14.58,0.0
2025-01-19 01:00:00,0.0,0.0,14.02,0.0
2025-01-19 02:00:00,0.0,0.0,13.55,0.0
2025-01-19 03:00:00,0.0,0.0,12.82,0.0
2025-01-19 04:00:00,0.0,0.0,12.17,0.0
2025-01-19 05:00:00,0.0,0.0,11.7,0.0
2025-01-19 06:00:00,4.53,1.7,11.49,4.53
2025-01-19 07:00:00,122.82,269.65,13.28,122.97
2025-01-19 08:00:00,332.2,552.73,15.87,332.58
2025-01-19 09:00:00,525.28,697.13,18.55,525.8
2025-01-19 10:00:00,668.0,771.56,21.12,668.42
2025-01-19 11:00:00,750.0,843.85,23.39,750.8
2025-01-19 12:00:00,749.72,838.1,25.08,749.75
2025-01-19 13:00:00,646.12,695.5,26.14,675.6
2025-01-19 14:00:00,472.05,513.39,26.48,534.3
2025-01-19 15:00:00,308.23,443.57,25.98,341.58
2025-01-19 16:00:00,122.18,228.31,23.74,129.45
2025-01-19 17:00:00,5.43,1.25,20.81,5.47
2025-01-19 18:00:00,0.0,0.0,19.64,0.0
2025-01-19 19:00:00,0.0,0.0,18.22,0.0
2025-01-19 20:00:00,0.0,0.0,17.46,0.0
2025-01-19 21:00:00,0.0,0.0,16.49,0.0
2025-01-19 22:00:00,0.0,0.0,15.77,0.0
2025-01-19 23:00:00,0.0,0.0,15.29,0.0
2025-01-20 00:00:00,0.0,0.0,14.66,0.0
2025-01-20 01:00:00,0.0,0.0,14.23,0.0
2025-01-20 02:00:00,0.0,0.0,14.22,0.0
2025-01-20 03:00:00,0.0,0.0,14.27,0.0
2025-01-20 04:00:00,0.0,0.0,14.19,0.0
2025-01-20 05:00:00,0.0,0.0,13.78,0.0
2025-01-20 06:00:00,4.78,2.91,12.87,4.78
2025-01-20 07:00:00,126.28,298.1,14.71,128.5
2025-01-20 08:00:00,334.62,563.09,17.13,341.83
2025-01-20 09:00:00,523.45,695.76,19.05,534.3
2025-01-20 10:00:00,624.6,671.53,21.14,674.9
2025-01-20 11:00:00,654.03,441.42,24.07,743.75
2025-01-20 12:00:00,646.08,330.34,26.24,742.78
2025-01-20 13:00:00,571.92,391.41,27.19,669.3
2025-01-20 14:00:00,416.77,238.99,27.33,529.22
2025-01-20 15:00:00,271.15,206.14,26.37,338.48
2025-01-20 16:00:00,110.82,111.52,23.61,129.12
2025-01-20 17:00:00,5.88,0.6,20.6,5.75
2025-01-20 18:00:00,0.0,0.0,19.31,0.0
2025-01-20 19:00:00,0.0,0.0,18.29,0.0
2025-01-20 20:00:00,0.0,0.0,17.38,0.0
2025-01-20 21:00:00,0.0,0.0,16.78,0.0
2025-01-20 22:00:00,0.0,0.0,16.47,0.0
2025-01-20 23:00:00,0.0,0.0,16.09,0.0
2025-01-21 00:00:00,0.0,0.0,15.58,0.0
2025-01-21 01:00:00,0.0,0.0,15.04,0.0
2025-01-21 02:00:00,0.0,0.0,14.38,0.0
2025-01-21 03:00:00,0.0,0.0,13.36,0.0
2025-01-21 04:00:00,0.0,0.0,12.63,0.0
2025-01-21 05:00:00,0.0,0.0,12.14,0.0
2025-01-21 06:00:00,4.82,2.6,11.92,4.82
2025-01-21 07:00:00,126.65,301.77,14.78,127.32
2025-01-21 08:00:00,338.42,584.5,17.3,339.52
2025-01-21 09:00:00,532.78,738.9,19.94,533.17
2025-01-21 10:00:00,675.17,809.85,22.86,675.65
2025-01-21 11:00:00,757.33,875.54,24.8,757.8
2025-01-21 12:00:00,758.92,875.93,26.01,759.58
2025-01-21 13:00:00,690.03,852.46,26.71,690.45
2025-01-21 14:00:00,516.22,657.61,26.78,551.58
2025-01-21 15:00:00,317.75,432.95,26.21,359.73
2025-01-21 16:00:00,120.65,187.58,23.38,143.2
2025-01-21 17:00:00,5.82,2.97,20.32,6.65
2025-01-21 18:00:00,0.0,0.0,19.79,0.0
2025-01-21 19:00:00,0.0,0.0,19.38,0.0
2025-01-21 20:00:00,0.0,0.0,18.75,0.0
2025-01-21 21:00:00,0.0,0.0,17.63,0.0
2025-01-21 22:00:00,0.0,0.0,16.53,0.0
2025-01-21 23:00:00,0.0,0.0,15.47,0.0
2025-01-22 00:00:00,0.0,0.0,14.72,0.0
2025-01-22 01:00:00,0.0,0.0,14.03,0.0
2025-01-22 02:00:00,0.0,0.0,13.44,0.0
2025-01-22 03:00:00,0.0,0.0,13.01,0.0
2025-01-22 04:00:00,0.0,0.0,12.74,0.0
2025-01-22 05:00:00,0.0,0.0,12.98,0.0
2025-01-22 06:00:00,4.45,0.99,13.15,5.03
2025-01-22 07:00:00,109.32,154.3,14.86,129.02
2025-01-22 08:00:00,310.48,441.06,17.12,340.85
2025-01-22 09:00:00,506.62,646.47,19.98,532.75
2025-01-22 10:00:00,597.6,593.49,22.54,673.65
2025-01-22 11:00:00,707.7,679.34,25.02,749.42
2025-01-22 12:00:00,751.25,808.3,26.59,752.33
2025-01-22 13:00:00,681.12,790.26,27.31,681.42
2025-01-22 14:00:00,543.35,715.42,27.4,543.78
2025-01-22 15:00:00,353.35,589.89,26.91,353.83
2025-01-22 16:00:00,140.75,333.33,24.4,141.05
2025-01-22 17:00:00,7.1,4.74,20.68,7.1
2025-01-22 18:00:00,0.0,0.0,20.17,0.0
2025-01-22 19:00:00,0.0,0.0,19.78,0.0
2025-01-22 20:00:00,0.0,0.0,18.91,0.0
2025-01-22 21:00:00,0.0,0.0,18.01,0.0
2025-01-22 22:00:00,0.0,0.0,17.1,0.0
2025-01-22 23:00:00,0.0,0.0,16.24,0.0
2025-01-23 00:00:00,0.0,0.0,15.35,0.0
2025-01-23 01:00:00,0.0,0.0,14.52,0.0
2025-01-23 02:00:00,0.0,0.0,13.8,0.0
2025-01-23 03:00:00,0.0,0.0,13.1,0.0
2025-01-23 04:00:00,0.0,0.0,12.39,0.0
2025-01-23 05:00:00,0.0,0.0,11.86,0.0
2025-01-23 06:00:00,5.45,3.49,11.61,5.45
2025-01-23 07:00:00,136.32,321.03,13.34,136.62
2025-01-23 08:00:00,352.95,579.93,16.22,353.52
2025-01-23 09:00:00,548.88,699.32,19.77,549.47
2025-01-23 10:00:00,694.33,768.7,21.93,694.8
2025-01-23 11:00:00,766.42,754.36,23.3,766.75
2025-01-23 12:00:00,766.33,732.95,24.19,766.53
2025-01-23 13:00:00,691.35,690.51,24.53,691.45
2025-01-23 14:00:00,548.65,606.86,24.27,548.88
2025-01-23 15:00:00,352.88,462.4,23.3,353.23
2025-01-23 16:00:00,139.07,221.26,21.31,139.3
2025-01-23 17:00:00,7.38,0.56,17.91,7.38
2025-01-23 18:00:00,0.0,0.0,16.88,0.0
2025-01-23 19:00:00,0.0,0.0,16.06,0.0
2025-01-23 20:00:00,0.0,0.0,15.26,0.0
2025-01-23 21:00:00,0.0,0.0,14.62,0.0
2025-01-23 22:00:00,0.0,0.0,14.06,0.0
2025-01-23 23:00:00,0.0,0.0,13.49,0.0
2025-01-24 00:00:00,0.0,0.0,12.86,0.0
2025-01-24 01:00:00,0.0,0.0,12.27,0.0
2025-01-24 02:00:00,0.0,0.0,11.7,0.0
2025-01-24 03:00:00,0.0,0.0,11.08,0.0
2025-01-24 04:00:00,0.0,0.0,10.41,0.0
2025-01-24 05:00:00,0.0,0.0,9.84,0.0
2025-01-24 06:00:00,5.47,2.72,9.58,5.5
2025-01-24 07:00:00,140.0,360.42,11.17,140.57
2025-01-24 08:00:00,363.12,667.61,14.27,364.2
2025-01-24 09:00:00,562.35,808.87,17.32,563.35
2025-01-24 10:00:00,708.55,888.1,19.11,709.22
2025-01-24 11:00:00,773.45,820.62,20.51,773.83
2025-01-24 12:00:00,777.3,824.8,21.61,777.45
2025-01-24 13:00:00,705.95,803.19,22.29,706.33
2025-01-24 14:00:00,566.1,734.03,22.5,566.47
2025-01-24 15:00:00,371.38,607.77,22.06,371.75
2025-01-24 16:00:00,151.62,336.47,20.21,151.82
2025-01-24 17:00:00,8.2,3.86,16.42,8.23
2025-01-24 18:00:00,0.0,0.0,15.48,0.0
2025-01-24 19:00:00,0.0,0.0,14.97,0.0
2025-01-24 20:00:00,0.0,0.0,14.52,0.0
2025-01-24 21:00:00,0.0,0.0,13.92,0.0
2025-01-24 22:00:00,0.0,0.0,13.28,0.0
2025-01-24 23:00:00,0.0,0.0,12.61,0.0
2025-01-25 00:00:00,0.0,0.0,11.84,0.0
2025-01-25 01:00:00,0.0,0.0,10.94,0.0
2025-01-25 02:00:00,0.0,0.0,10.07,0.0
2025-01-25 03:00:00,0.0,0.0,9.53,0.0
2025-01-25 04:00:00,0.0,0.0,9.08,0.0
2025-01-25 05:00:00,0.0,0.0,8.68,0.0
2025-01-25 06:00:00,5.93,13.39,8.63,5.93
2025-01-25 07:00:00,146.3,454.14,11.27,146.62
2025-01-25 08:00:00,369.7,712.98,14.11,370.3
2025-01-25 09:00:00,566.35,843.97,17.2,566.95
2025-01-25 10:00:00,710.1,911.24,20.25,710.53
2025-01-25 11:00:00,782.45,906.33,22.23,782.7
2025-01-25 12:00:00,785.03,904.1,23.38,785.03
2025-01-25 13:00:00,712.78,875.19,24.1,713.15
2025-01-25 14:00:00,572.53,801.29,24.23,573.3
2025-01-25 15:00:00,378.08,670.9,23.75,379.15
2025-01-25 16:00:00,157.43,414.6,21.35,158.2
2025-01-25 17:00:00,8.82,13.84,17.51,8.82
2025-01-25 18:00:00,0.0,0.0,16.75,0.0
2025-01-25 19:00:00,0.0,0.0,16.19,0.0
2025-01-25 20:00:00,0.0,0.0,15.39,0.0
2025-01-25 21:00:00,0.0,0.0,14.5,0.0
2025-01-25 22:00:00,0.0,0.0,13.7,0.0
2025-01-25 23:00:00,0.0,0.0,13.02,0.0
2025-01-26 00:00:00,0.0,0.0,12.47,0.0
2025-01-26 01:00:00,0.0,0.0,11.96,0.0
2025-01-26 02:00:00,0.0,0.0,11.43,0.0
2025-01-26 03:00:00,0.0,0.0,10.85,0.0
2025-01-26 04:00:00,0.0,0.0,10.23,0.0
2025-01-26 05:00:00,0.0,0.0,9.61,0.0
2025-01-26 06:00:00,6.2,17.56,9.5,6.25
2025-01-26 07:00:00,150.48,484.92,12.06,151.75
2025-01-26 08:00:00,377.1,758.07,15.01,379.0
2025-01-26 09:00:00,576.62,879.65,18.7,578.3
2025-01-26 10:00:00,722.67,956.25,21.51,723.88
2025-01-26 11:00:00,793.38,930.15,23.38,794.05
2025-01-26 12:00:00,797.4,926.43,24.74,797.53
2025-01-26 13:00:00,724.72,886.8,25.47,725.03
2025-01-26 14:00:00,582.6,792.13,25.59,582.95
2025-01-26 15:00:00,385.35,663.6,25.07,385.65
2025-01-26 16:00:00,160.8,382.92,22.48,160.98
2025-01-26 17:00:00,9.32,5.32,18.6,9.32
2025-01-26 18:00:00,0.0,0.0,17.8,0.0
2025-01-26 19:00:00,0.0,0.0,17.1,0.0
2025-01-26 20:00:00,0.0,0.0,16.15,0.0
2025-01-26 21:00:00,0.0,0.0,15.21,0.0
2025-01-26 22:00:00,0.0,0.0,14.36,0.0
2025-01-26 23:00:00,0.0,0.0,13.55,0.0
2025-01-27 00:00:00,0.0,0.0,12.69,0.0
2025-01-27 01:00:00,0.0,0.0,11.9,0.0
2025-01-27 02:00:00,0.0,0.0,11.2,0.0
2025-01-27 03:00:00,0.0,0.0,10.59,0.0
2025-01-27 04:00:00,0.0,0.0,10.05,0.0
2025-01-27 05:00:00,0.0,0.0,9.51,0.0
2025-01-27 06:00:00,5.93,0.58,9.27,5.95
2025-01-27 07:00:00,137.15,261.51,11.36,138.18
2025-01-27 08:00:00,359.95,544.29,14.36,361.58
2025-01-27 09:00:00,562.35,693.12,18.33,563.72
2025-01-27 10:00:00,711.45,794.44,20.7,712.47
2025-01-27 11:00:00,793.35,853.63,22.06,794.08
2025-01-27 12:00:00,796.6,857.32,22.95,797.12
2025-01-27 13:00:00,724.53,825.29,23.4,724.7
2025-01-27 14:00:00,581.95,743.1,23.34,582.22
2025-01-27 15:00:00,384.4,611.92,22.64,384.62
2025-01-27 16:00:00,160.9,343.8,20.49,161.02
2025-01-27 17:00:00,9.8,3.53,16.51,9.8
2025-01-27 18:00:00,0.0,0.0,15.35,0.0
2025-01-27 19:00:00,0.0,0.0,14.59,0.0
2025-01-27 20:00:00,0.0,0.0,13.97,0.0
2025-01-27 21:00:00,0.0,0.0,13.17,0.0
2025-01-27 22:00:00,0.0,0.0,12.52,0.0
2025-01-27 23:00:00,0.0,0.0,11.93,0.0
2025-01-28 00:00:00,0.0,0.0,11.3,0.0
2025-01-28 01:00:00,0.0,0.0,10.76,0.0
2025-01-28 02:00:00,0.0,0.0,10.16,0.0
2025-01-28 03:00:00,0.0,0.0,9.58,0.0
2025-01-28 04:00:00,0.0,0.0,9.07,0.0
2025-01-28 05:00:00,0.0,0.0,8.61,0.0
2025-01-28 06:00:00,6.28,6.79,8.54,6.28
2025-01-28 07:00:00,144.65,391.66,11.01,144.75
2025-01-28 08:00:00,367.88,650.74,13.86,368.02
2025-01-28 09:00:00,567.25,790.43,17.84,567.38
2025-01-28 10:00:00,713.47,862.02,20.33,713.58
2025-01-28 11:00:00,777.25,807.0,21.67,777.33
2025-01-28 12:00:00,781.22,808.34,22.52,781.3
2025-01-28 13:00:00,709.33,786.57,22.95,709.38
2025-01-28 14:00:00,566.08,708.29,22.89,567.7
2025-01-28 15:00:00,368.4,549.06,22.24,371.27
2025-01-28 16:00:00,150.4,260.85,20.32,152.75
2025-01-28 17:00:00,9.77,3.09,16.69,9.77
2025-01-28 18:00:00,0.0,0.0,15.77,0.0
2025-01-28 19:00:00,0.0,0.0,14.92,0.0
2025-01-28 20:00:00,0.0,0.0,14.05,0.0
2025-01-28 21:00:00,0.0,0.0,13.27,0.0
2025-01-28 22:00:00,0.0,0.0,12.58,0.0
2025-01-28 23:00:00,0.0,0.0,11.85,0.0
2025-01-29 00:00:00,0.0,0.0,11.17,0.0
2025-01-29 01:00:00,0.0,0.0,10.78,0.0
2025-01-29 02:00:00,0.0,0.0,10.39,0.0
2025-01-29 03:00:00,0.0,0.0,9.96,0.0
2025-01-29 04:00:00,0.0,0.0,9.62,0.0
2025-01-29 05:00:00,0.0,0.0,9.28,0.0
2025-01-29 06:00:00,6.3,7.22,9.15,6.3
2025-01-29 07:00:00,140.85,357.81,10.84,141.05
2025-01-29 08:00:00,361.25,614.9,14.01,361.55
2025-01-29 09:00:00,561.5,757.42,17.79,561.72
2025-01-29 10:00:00,709.3,845.34,20.42,709.45
2025-01-29 11:00:00,777.62,819.48,22.02,777.7
2025-01-29 12:00:00,782.6,824.91,22.97,782.65
2025-01-29 13:00:00,712.72,811.47,23.44,712.75
2025-01-29 14:00:00,574.42,741.1,23.4,574.58
2025-01-29 15:00:00,380.8,611.13,22.78,381.12
2025-01-29 16:00:00,162.1,370.0,20.58,162.45
2025-01-29 17:00:00,10.85,10.51,16.56,10.85
2025-01-29 18:00:00,0.0,0.0,15.52,0.0
2025-01-29 19:00:00,0.0,0.0,14.91,0.0
2025-01-29 20:00:00,0.0,0.0,14.2,0.0
2025-01-29 21:00:00,0.0,0.0,13.35,0.0
2025-01-29 22:00:00,0.0,0.0,12.51,0.0
2025-01-29 23:00:00,0.0,0.0,11.75,0.0
2025-01-30 00:00:00,0.0,0.0,11.1,0.0
2025-01-30 01:00:00,0.0,0.0,10.52,0.0
2025-01-30 02:00:00,0.0,0.0,10.03,0.0
2025-01-30 03:00:00,0.0,0.0,9.74,0.0
2025-01-30 04:00:00,0.0,0.0,9.49,0.0
2025-01-30 05:00:00,0.0,0.0,9.15,0.0
2025-01-30 06:00:00,6.75,5.03,9.02,6.78
2025-01-30 07:00:00,146.32,364.1,11.49,147.38
2025-01-30 08:00:00,370.58,632.54,14.45,371.95
2025-01-30 09:00:00,571.85,780.43,17.63,572.85
2025-01-30 10:00:00,719.1,840.0,21.08,719.7
2025-01-30 11:00:00,790.17,831.54,23.66,790.45
2025-01-30 12:00:00,794.92,836.18,24.9,794.92
2025-01-30 13:00:00,721.17,800.03,25.58,723.33
2025-01-30 14:00:00,578.38,741.09,25.76,582.03
2025-01-30 15:00:00,381.3,586.61,25.39,385.33
2025-01-30 16:00:00,161.25,323.54,22.81,163.55
2025-01-30 17:00:00,11.23,5.1,18.96,11.25
2025-01-30 18:00:00,0.0,0.0,18.24,0.0
2025-01-30 19:00:00,0.0,0.0,17.74,0.0
2025-01-30 20:00:00,0.0,0.0,16.74,0.0
2025-01-30 21:00:00,0.0,0.0,15.59,0.0
2025-01-30 22:00:00,0.0,0.0,14.55,0.0
2025-01-30 23:00:00,0.0,0.0,13.7,0.0
2025-01-31 00:00:00,0.0,0.0,12.92,0.0
2025-01-31 01:00:00,0.0,0.0,12.65,0.0
2025-01-31 02:00:00,0.0,0.0,12.4,0.0
2025-01-31 03:00:00,0.0,0.0,12.16,0.0
2025-01-31 04:00:00,0.0,0.0,11.71,0.0
2025-01-31 05:00:00,0.0,0.0,11.23,0.0
2025-01-31 06:00:00,6.75,2.84,10.89,6.8
2025-01-31 07:00:00,142.38,321.69,12.36,145.3
2025-01-31 08:00:00,363.17,579.27,15.5,368.98
2025-01-31 09:00:00,565.1,750.69,19.2,571.12
2025-01-31 10:00:00,716.4,826.67,22.59,721.15
2025-01-31 11:00:00,797.8,846.86,24.7,800.6
2025-01-31 12:00:00,805.17,855.18,25.81,805.33
2025-01-31 13:00:00,734.42,828.29,26.38,734.65
2025-01-31 14:00:00,593.42,747.75,26.4,593.65
2025-01-31 15:00:00,395.83,626.5,25.76,396.02
2025-01-31 16:00:00,171.95,377.89,23.2,172.1
2025-01-31 17:00:00,12.35,8.23,18.89,12.35
2025-01-31 18:00:00,0.0,0.0,17.95,0.0
2025-01-31 19:00:00,0.0,0.0,17.47,0.0
2025-01-31 20:00:00,0.0,0.0,16.68,0.0
2025-01-31 21:00:00,0.0,0.0,15.58,0.0
2025-01-31 22:00:00,0.0,0.0,14.73,0.0
2025-01-31 23:00:00,0.0,0.0,13.92,0.0
2025-02-01 00:00:00,0.0,0.0,13.1,0.0
2025-02-01 01:00:00,0.0,0.0,12.08,0.0
2025-02-01 02:00:00,0.0,0.0,11.2,0.0
2025-02-01 03:00:00,0.0,0.0,10.53,0.0
2025-02-01 04:00:00,0.0,0.0,9.91,0.0
2025-02-01 05:00:00,0.0,0.0,9.43,0.0
2025-02-01 06:00:00,7.85,12.79,9.12,7.9
2025-02-01 07:00:00,157.95,430.44,10.63,162.15
2025-02-01 08:00:00,387.92,679.97,13.58,394.12
2025-02-01 09:00:00,591.8,832.27,16.63,597.33
2025-02-01 10:00:00,741.92,909.04,19.6,745.92
2025-02-01 11:00:00,817.78,911.97,22.0,820.03
2025-02-01 12:00:00,824.97,918.86,23.63,825.25
2025-02-01 13:00:00,736.1,801.29,24.61,753.03
2025-02-01 14:00:00,547.42,604.03,24.86,610.97
2025-02-01 15:00:00,373.0,534.19,24.34,413.17
2025-02-01 16:00:00,170.77,405.41,21.96,184.35
2025-02-01 17:00:00,13.4,26.22,17.63,13.82
2025-02-01 18:00:00,0.0,0.0,16.46,0.0
2025-02-01 19:00:00,0.0,0.0,15.61,0.0
2025-02-01 20:00:00,0.0,0.0,14.51,0.0
2025-02-01 21:00:00,0.0,0.0,13.75,0.0
2025-02-01 22:00:00,0.0,0.0,12.77,0.0
2025-02-01 23:00:00,0.0,0.0,11.92,0.0
2025-02-02 00:00:00,0.0,0.0,11.29,0.0
2025-02-02 01:00:00,0.0,0.0,10.69,0.0
2025-02-02 02:00:00,0.0,0.0,10.05,0.0
2025-02-02 03:00:00,0.0,0.0,9.48,0.0
2025-02-02 04:00:00,0.0,0.0,9.25,0.0
2025-02-02 05:00:00,0.0,0.0,8.53,0.0
2025-02-02 06:00:00,7.68,5.57,8.41,8.12
2025-02-02 07:00:00,146.23,273.2,11.39,161.93
2025-02-02 08:00:00,371.83,577.71,14.16,390.52
2025-02-02 09:00:00,570.97,751.08,16.99,591.42
2025-02-02 10:00:00,727.58,856.9,20.24,737.9
2025-02-02 11:00:00,772.92,735.6,22.74,799.1
2025-02-02 12:00:00,763.42,666.8,24.57,803.97
2025-02-02 13:00:00,639.5,378.14,25.72,733.33
2025-02-02 14:00:00,479.05,267.13,26.15,592.53
2025-02-02 15:00:00,304.55,162.82,25.84,395.95
2025-02-02 16:00:00,133.48,96.41,23.1,173.12
2025-02-02 17:00:00,13.23,4.26,19.36,13.35
2025-02-02 18:00:00,0.0,0.0,17.68,0.0
2025-02-02 19:00:00,0.0,0.0,17.31,0.0
2025-02-02 20:00:00,0.0,0.0,16.94,0.0
2025-02-02 21:00:00,0.0,0.0,16.33,0.0
2025-02-02 22:00:00,0.0,0.0,15.58,0.0
2025-02-02 23:00:00,0.0,0.0,14.79,0.0
2025-02-03 00:00:00,0.0,0.0,13.88,0.0
2025-02-03 01:00:00,0.0,0.0,12.71,0.0
2025-02-03 02:00:00,0.0,0.0,12.06,0.0
2025-02-03 03:00:00,0.0,0.0,11.83,0.0
2025-02-03 04:00:00,0.0,0.0,11.63,0.0
2025-02-03 05:00:00,0.0,0.0,11.24,0.0
2025-02-03 06:00:00,7.55,3.45,11.16,8.02
2025-02-03 07:00:00,139.62,194.18,13.68,157.3
2025-02-03 08:00:00,358.98,480.23,16.13,386.4
2025-02-03 09:00:00,561.35,656.65,18.98,590.12
2025-02-03 10:00:00,704.08,713.86,21.73,740.2
2025-02-03 11:00:00,765.5,657.14,24.73,798.2
2025-02-03 12:00:00,789.42,755.21,26.78,805.25
2025-02-03 13:00:00,705.2,731.58,27.62,735.33
2025-02-03 14:00:00,517.35,451.13,27.87,595.35
2025-02-03 15:00:00,333.08,279.11,27.47,398.95
2025-02-03 16:00:00,142.6,120.68,24.64,175.82
2025-02-03 17:00:00,12.82,4.08,21.02,14.07
2025-02-03 18:00:00,0.0,0.0,19.87,0.0
2025-02-03 19:00:00,0.0,0.0,18.76,0.0
2025-02-03 20:00:00,0.0,0.0,17.15,0.0
2025-02-03 21:00:00,0.0,0.0,16.07,0.0
2025-02-03 22:00:00,0.0,0.0,14.98,0.0
2025-02-03 23:00:00,0.0,0.0,13.98,0.0
2025-02-04 00:00:00,0.0,0.0,13.08,0.0
2025-02-04 01:00:00,0.0,0.0,12.29,0.0
2025-02-04 02:00:00,0.0,0.0,11.75,0.0
2025-02-04 03:00:00,0.0,0.0,11.61,0.0
2025-02-04 04:00:00,0.0,0.0,11.38,0.0
2025-02-04 05:00:00,0.0,0.0,10.77,0.0
2025-02-04 06:00:00,8.02,5.24,10.72,8.05
2025-02-04 07:00:00,151.45,357.23,13.17,154.2
2025-02-04 08:00:00,376.8,637.36,16.21,381.12
2025-02-04 09:00:00,581.3,781.51,20.03,583.78
2025-02-04 10:00:00,729.95,826.56,23.3,733.72
2025-02-04 11:00:00,803.75,812.15,26.32,805.88
2025-02-04 12:00:00,810.92,816.63,28.36,811.8
2025-02-04 13:00:00,732.83,788.66,29.3,740.92
2025-02-04 14:00:00,584.85,682.42,29.51,598.9
2025-02-04 15:00:00,376.52,513.75,28.92,400.7
2025-02-04 16:00:00,163.2,256.39,25.44,175.88
2025-02-04 17:00:00,14.1,5.77,20.89,14.23
2025-02-04 18:00:00,0.0,0.0,19.31,0.0
2025-02-04 19:00:00,0.0,0.0,18.55,0.0
2025-02-04 20:00:00,0.0,0.0,17.35,0.0
2025-02-04 21:00:00,0.0,0.0,16.02,0.0
2025-02-04 22:00:00,0.0,0.0,15.11,0.0
2025-02-04 23:00:00,0.0,0.0,14.44,0.0
2025-02-05 00:00:00,0.0,0.0,13.83,0.0
2025-02-05 01:00:00,0.0,0.0,13.56,0.0
2025-02-05 02:00:00,0.0,0.0,12.94,0.0
2025-02-05 03:00:00,0.0,0.0,12.13,0.0
2025-02-05 04:00:00,0.0,0.0,11.73,0.0
2025-02-05 05:00:00,0.0,0.0,11.3,0.0
2025-02-05 06:00:00,8.0,1.07,11.14,8.05
2025-02-05 07:00:00,132.98,174.33,13.05,142.35
2025-02-05 08:00:00,326.45,287.26,16.14,359.0
2025-02-05 09:00:00,506.33,366.28,18.9,559.9
2025-02-05 10:00:00,665.5,510.73,21.12,709.15
2025-02-05 11:00:00,777.2,657.06,22.85,795.3
2025-02-05 12:00:00,780.8,676.31,24.03,796.62
2025-02-05 13:00:00,719.08,624.52,24.71,722.65
2025-02-05 14:00:00,558.72,489.29,24.7,577.7
2025-02-05 15:00:00,357.83,320.25,23.84,380.08
2025-02-05 16:00:00,154.88,121.2,21.91,164.85
2025-02-05 17:00:00,14.82,0.52,19.25,14.35
2025-02-05 18:00:00,0.0,0.0,17.99,0.0
2025-02-05 19:00:00,0.0,0.0,17.17,0.0
2025-02-05 20:00:00,0.0,0.0,15.9,0.0
2025-02-05 21:00:00,0.0,0.0,14.82,0.0
2025-02-05 22:00:00,0.0,0.0,13.67,0.0
2025-02-05 23:00:00,0.0,0.0,12.86,0.0
2025-02-06 00:00:00,0.0,0.0,12.21,0.0
2025-02-06 01:00:00,0.0,0.0,11.8,0.0
2025-02-06 02:00:00,0.0,0.0,11.69,0.0
2025-02-06 03:00:00,0.0,0.0,11.42,0.0
2025-02-06 04:00:00,0.0,0.0,10.99,0.0
2025-02-06 05:00:00,0.0,0.0,10.54,0.0
2025-02-06 06:00:00,8.43,1.15,10.5,8.77
2025-02-06 07:00:00,129.18,94.67,11.79,156.52
2025-02-06 08:00:00,312.75,173.16,13.49,386.4
2025-02-06 09:00:00,477.15,198.77,15.33,592.62
2025-02-06 10:00:00,662.22,393.9,17.18,745.2
2025-02-06 11:00:00,731.9,350.24,18.82,818.53
2025-02-06 12:00:00,808.88,706.79,20.06,824.92
2025-02-06 13:00:00,727.55,657.27,20.78,752.85
2025-02-06 14:00:00,499.62,250.66,20.8,609.3
2025-02-06 15:00:00,337.42,281.32,20.06,408.73
2025-02-06 16:00:00,161.18,195.17,18.54,181.52
2025-02-06 17:00:00,15.52,2.76,15.43,15.8
2025-02-06 18:00:00,0.0,0.0,14.05,0.0
2025-02-06 19:00:00,0.0,0.0,13.25,0.0
2025-02-06 20:00:00,0.0,0.0,12.31,0.0
2025-02-06 21:00:00,0.0,0.0,11.42,0.0
2025-02-06 22:00:00,0.0,0.0,10.66,0.0
2025-02-06 23:00:00,0.0,0.0,10.12,0.0
2025-02-07 00:00:00,0.0,0.0,9.73,0.0
2025-02-07 01:00:00,0.0,0.0,9.39,0.0
2025-02-07 02:00:00,0.0,0.0,8.95,0.0
2025-02-07 03:00:00,0.0,0.0,8.38,0.0
2025-02-07 04:00:00,0.0,0.0,7.82,0.0
2025-02-07 05:00:00,0.0,0.0,7.32,0.0
2025-02-07 06:00:00,8.85,0.52,7.05,8.85
2025-02-07 07:00:00,152.5,252.1,8.44,152.6
2025-02-07 08:00:00,380.73,522.72,11.15,380.92
2025-02-07 09:00:00,589.53,668.54,13.51,589.78
2025-02-07 10:00:00,744.62,762.46,15.41,744.92
2025-02-07 11:00:00,827.1,778.76,17.01,827.45
2025-02-07 12:00:00,834.58,778.82,18.25,834.92
2025-02-07 13:00:00,763.4,755.66,19.05,763.6
2025-02-07 14:00:00,619.33,692.7,19.29,619.67
2025-02-07 15:00:00,416.85,547.15,18.85,417.15
2025-02-07 16:00:00,186.85,305.95,17.43,186.98
2025-02-07 17:00:00,17.0,4.2,13.72,17.0
2025-02-07 18:00:00,0.0,0.0,12.5,0.0
2025-02-07 19:00:00,0.0,0.0,11.79,0.0
2025-02-07 20:00:00,0.0,0.0,11.04,0.0
2025-02-07 21:00:00,0.0,0.0,10.37,0.0
2025-02-07 22:00:00,0.0,0.0,9.8,0.0
2025-02-07 23:00:00,0.0,0.0,9.26,0.0
2025-02-08 00:00:00,0.0,0.0,8.76,0.0
2025-02-08 01:00:00,0.0,0.0,8.33,0.0
2025-02-08 02:00:00,0.0,0.0,7.94,0.0
2025-02-08 03:00:00,0.0,0.0,7.52,0.0
2025-02-08 04:00:00,0.0,0.0,7.1,0.0
2025-02-08 05:00:00,0.0,0.0,6.74,0.0
2025-02-08 06:00:00,9.93,3.59,6.76,9.9
2025-02-08 07:00:00,163.12,340.94,8.62,163.65
2025-02-08 08:00:00,392.52,612.36,11.9,393.4
2025-02-08 09:00:00,600.03,764.06,15.03,600.83
2025-02-08 10:00:00,753.28,842.77,16.84,753.88
2025-02-08 11:00:00,823.8,800.47,18.37,824.2
2025-02-08 12:00:00,831.08,803.22,19.57,831.28
2025-02-08 13:00:00,760.67,791.75,20.34,760.7
2025-02-08 14:00:00,618.8,734.48,20.46,618.83
2025-02-08 15:00:00,417.77,599.42,19.89,417.83
2025-02-08 16:00:00,189.8,359.03,18.29,189.85
2025-02-08 17:00:00,17.48,9.89,14.44,17.5
2025-02-08 18:00:00,0.0,0.0,13.22,0.0
2025-02-08 19:00:00,0.0,0.0,12.53,0.0
2025-02-08 20:00:00,0.0,0.0,11.78,0.0
2025-02-08 21:00:00,0.0,0.0,11.05,0.0
2025-02-08 22:00:00,0.0,0.0,10.39,0.0
2025-02-08 23:00:00,0.0,0.0,9.82,0.0
2025-02-09 00:00:00,0.0,0.0,9.41,0.0
2025-02-09 01:00:00,0.0,0.0,9.22,0.0
2025-02-09 02:00:00,0.0,0.0,8.87,0.0
2025-02-09 03:00:00,0.0,0.0,8.43,0.0
2025-02-09 04:00:00,0.0,0.0,7.56,0.0
2025-02-09 05:00:00,0.0,0.0,7.04,0.0
2025-02-09 06:00:00,9.73,1.36,7.06,9.73
2025-02-09 07:00:00,152.93,239.34,9.01,153.93
2025-02-09 08:00:00,374.15,507.21,12.35,375.95
2025-02-09 09:00:00,578.12,658.74,15.56,579.92
2025-02-09 10:00:00,729.6,736.21,17.71,731.08
2025-02-09 11:00:00,807.08,736.42,19.42,807.53
2025-02-09 12:00:00,804.38,746.12,20.77,812.22
2025-02-09 13:00:00,742.05,719.25,21.64,743.9
2025-02-09 14:00:00,592.3,640.49,21.86,601.85
2025-02-09 15:00:00,393.7,499.72,21.37,406.67
2025-02-09 16:00:00,178.85,274.08,19.93,185.55
2025-02-09 17:00:00,17.7,9.19,17.09,17.77
2025-02-09 18:00:00,0.0,0.0,16.29,0.0
2025-02-09 19:00:00,0.0,0.0,15.85,0.0
2025-02-09 20:00:00,0.0,0.0,15.15,0.0
2025-02-09 21:00:00,0.0,0.0,14.27,0.0
2025-02-09 22:00:00,0.0,0.0,13.56,0.0
2025-02-09 23:00:00,0.0,0.0,13.12,0.0
2025-02-10 00:00:00,0.0,0.0,12.76,0.0
2025-02-10 01:00:00,0.0,0.0,12.57,0.0
2025-02-10 02:00:00,0.0,0.0,12.21,0.0
2025-02-10 03:00:00,0.0,0.0,11.68,0.0
2025-02-10 04:00:00,0.0,0.0,10.99,0.0
2025-02-10 05:00:00,0.0,0.0,10.25,0.0
2025-02-10 06:00:00,9.62,1.47,9.9,10.2
2025-02-10 07:00:00,143.43,176.85,11.42,157.6
2025-02-10 08:00:00,362.25,418.65,14.3,383.1
2025-02-10 09:00:00,575.15,610.63,16.81,589.85
2025-02-10 10:00:00,734.1,701.34,18.66,745.0
2025-02-10 11:00:00,808.8,733.45,20.03,832.22
2025-02-10 12:00:00,809.17,720.9,21.02,842.5
2025-02-10 13:00:00,733.58,713.15,21.55,775.5
2025-02-10 14:00:00,634.85,762.84,21.57,638.15
2025-02-10 15:00:00,435.35,653.23,20.98,439.02
2025-02-10 16:00:00,204.77,435.89,19.46,207.18
2025-02-10 17:00:00,20.83,25.74,15.4,21.0
2025-02-10 18:00:00,0.0,0.0,14.07,0.0
2025-02-10 19:00:00,0.0,0.0,13.43,0.0
2025-02-10 20:00:00,0.0,0.0,12.71,0.0
2025-02-10 21:00:00,0.0,0.0,11.9,0.0
2025-02-10 22:00:00,0.0,0.0,11.12,0.0
2025-02-10 23:00:00,0.0,0.0,10.37,0.0
2025-02-11 00:00:00,0.0,0.0,9.65,0.0
2025-02-11 01:00:00,0.0,0.0,9.01,0.0
2025-02-11 02:00:00,0.0,0.0,8.41,0.0
2025-02-11 03:00:00,0.0,0.0,7.83,0.0
2025-02-11 04:00:00,0.0,0.0,7.25,0.0
2025-02-11 05:00:00,0.0,0.0,6.73,0.0
2025-02-11 06:00:00,12.15,12.99,6.73,12.18
2025-02-11 07:00:00,180.35,445.74,8.7,181.77
2025-02-11 08:00:00,413.73,698.57,12.07,417.2
2025-02-11 09:00:00,619.58,801.25,15.5,624.1
2025-02-11 10:00:00,769.9,850.35,17.51,775.2
2025-02-11 11:00:00,842.08,813.08,18.94,848.17
2025-02-11 12:00:00,846.78,821.8,19.99,853.8
2025-02-11 13:00:00,782.25,837.88,20.62,782.83
2025-02-11 14:00:00,638.88,772.36,20.7,639.9
2025-02-11 15:00:00,437.85,656.5,20.15,440.38
2025-02-11 16:00:00,205.45,416.65,18.69,207.93
2025-02-11 17:00:00,21.12,26.77,15.01,21.17
2025-02-11 18:00:00,0.0,0.0,13.82,0.0
2025-02-11 19:00:00,0.0,0.0,13.14,0.0
2025-02-11 20:00:00,0.0,0.0,12.33,0.0
2025-02-11 21:00:00,0.0,0.0,11.8,0.0
2025-02-11 22:00:00,0.0,0.0,11.36,0.0
2025-02-11 23:00:00,0.0,0.0,10.89,0.0
2025-02-12 00:00:00,0.0,0.0,10.47,0.0
2025-02-12 01:00:00,0.0,0.0,10.11,0.0
2025-02-12 02:00:00,0.0,0.0,9.72,0.0
2025-02-12 03:00:00,0.0,0.0,9.3,0.0
2025-02-12 04:00:00,0.0,0.0,8.61,0.0
2025-02-12 05:00:00,0.0,0.0,7.43,0.0
2025-02-12 06:00:00,13.68,30.98,6.94,13.73
2025-02-12 07:00:00,194.23,551.08,8.51,196.2
2025-02-12 08:00:00,433.95,801.68,11.77,436.52
2025-02-12 09:00:00,641.7,893.2,15.27,642.97
2025-02-12 10:00:00,795.35,941.57,17.63,796.17
2025-02-12 11:00:00,864.55,875.33,19.41,865.1
2025-02-12 12:00:00,871.42,882.42,20.84,871.72
2025-02-12 13:00:00,800.9,873.25,21.79,800.97
2025-02-12 14:00:00,657.22,819.83,22.14,657.95
2025-02-12 15:00:00,454.95,711.59,21.82,456.15
2025-02-12 16:00:00,219.3,500.13,20.11,220.45
2025-02-12 17:00:00,23.7,47.08,15.64,23.75
2025-02-12 18:00:00,0.0,0.0,14.85,0.0
2025-02-12 19:00:00,0.0,0.0,14.12,0.0
2025-02-12 20:00:00,0.0,0.0,12.8,0.0
2025-02-12 21:00:00,0.0,0.0,11.63,0.0
2025-02-12 22:00:00,0.0,0.0,10.7,0.0
2025-02-12 23:00:00,0.0,0.0,9.95,0.0
2025-02-13 00:00:00,0.0,0.0,9.31,0.0
2025-02-13 01:00:00,0.0,0.0,8.68,0.0
2025-02-13 02:00:00,0.0,0.0,8.0,0.0
2025-02-13 03:00:00,0.0,0.0,7.33,0.0
2025-02-13 04:00:00,0.0,0.0,6.72,0.0
2025-02-13 05:00:00,0.0,0.0,6.22,0.0
2025-02-13 06:00:00,14.95,66.3,6.18,14.98
2025-02-13 07:00:00,197.18,538.02,8.06,197.45
2025-02-13 08:00:00,433.77,716.16,11.44,434.23
2025-02-13 09:00:00,642.38,815.09,14.53,642.83
2025-02-13 10:00:00,796.95,857.44,17.17,797.4
2025-02-13 11:00:00,876.83,839.2,19.14,877.28
2025-02-13 12:00:00,882.75,846.34,20.53,883.25
2025-02-13 13:00:00,809.72,830.98,21.35,810.33
2025-02-13 14:00:00,663.83,765.14,21.54,664.53
2025-02-13 15:00:00,458.62,648.99,21.03,459.4
2025-02-13 16:00:00,219.6,409.28,19.25,220.2
2025-02-13 17:00:00,23.92,20.3,14.45,23.98
2025-02-13 18:00:00,0.0,0.0,13.01,0.0
2025-02-13 19:00:00,0.0,0.0,12.34,0.0
2025-02-13 20:00:00,0.0,0.0,11.63,0.0
2025-02-13 21:00:00,0.0,0.0,10.81,0.0
2025-02-13 22:00:00,0.0,0.0,9.98,0.0
2025-02-13 23:00:00,0.0,0.0,9.21,0.0
2025-02-14 00:00:00,0.0,0.0,8.53,0.0
2025-02-14 01:00:00,0.0,0.0,7.87,0.0
2025-02-14 02:00:00,0.0,0.0,7.29,0.0
2025-02-14 03:00:00,0.0,0.0,6.82,0.0
2025-02-14 04:00:00,0.0,0.0,6.3,0.0
2025-02-14 05:00:00,0.0,0.0,5.79,0.0
2025-02-14 06:00:00,15.23,33.78,5.97,15.38
2025-02-14 07:00:00,201.55,533.78,8.57,204.3
2025-02-14 08:00:00,444.38,772.44,11.68,448.2
2025-02-14 09:00:00,654.22,909.07,15.06,658.53
2025-02-14 10:00:00,808.2,956.67,19.05,813.05
2025-02-14 11:00:00,878.4,908.31,21.19,883.97
2025-02-14 12:00:00,882.83,908.36,22.44,888.7
2025-02-14 13:00:00,812.17,869.95,23.19,815.2
2025-02-14 14:00:00,666.12,819.58,23.39,670.3
2025-02-14 15:00:00,462.85,713.18,22.97,465.67
2025-02-14 16:00:00,224.68,480.57,20.76,225.98
2025-02-14 17:00:00,25.25,44.8,16.56,25.33
2025-02-14 18:00:00,0.0,0.0,14.78,0.0
2025-02-14 19:00:00,0.0,0.0,13.57,0.0
2025-02-14 20:00:00,0.0,0.0,12.49,0.0
2025-02-14 21:00:00,0.0,0.0,11.51,0.0
2025-02-14 22:00:00,0.0,0.0,10.65,0.0
2025-02-14 23:00:00,0.0,0.0,9.87,0.0
2025-02-15 00:00:00,0.0,0.0,9.18,0.0
2025-02-15 01:00:00,0.0,0.0,8.55,0.0
2025-02-15 02:00:00,0.0,0.0,7.96,0.0
2025-02-15 03:00:00,0.0,0.0,7.37,0.0
2025-02-15 04:00:00,0.0,0.0,6.79,0.0
2025-02-15 05:00:00,0.0,0.0,6.32,0.0
2025-02-15 06:00:00,15.1,24.69,6.64,15.25
2025-02-15 07:00:00,196.07,471.27,10.87,199.7
2025-02-15 08:00:00,437.85,714.27,14.2,443.35
2025-02-15 09:00:00,650.25,852.12,17.97,656.33
2025-02-15 10:00:00,807.42,914.1,21.92,813.2
2025-02-15 11:00:00,884.1,900.5,23.61,889.33
2025-02-15 12:00:00,893.8,904.8,24.54,898.2
2025-02-15 13:00:00,820.7,895.48,24.92,827.85
2025-02-15 14:00:00,677.4,841.8,24.61,683.2
2025-02-15 15:00:00,472.2,743.43,23.5,476.25
2025-02-15 16:00:00,231.95,514.94,21.0,233.93
2025-02-15 17:00:00,27.02,55.95,15.8,27.17
2025-02-15 18:00:00,0.0,0.0,14.01,0.0
2025-02-15 19:00:00,0.0,0.0,12.97,0.0
2025-02-15 20:00:00,0.0,0.0,12.08,0.0
2025-02-15 21:00:00,0.0,0.0,11.35,0.0
2025-02-15 22:00:00,0.0,0.0,10.72,0.0
2025-02-15 23:00:00,0.0,0.0,10.14,0.0
2025-02-16 00:00:00,0.0,0.0,9.56,0.0
2025-02-16 01:00:00,0.0,0.0,9.02,0.0
2025-02-16 02:00:00,0.0,0.0,8.55,0.0
2025-02-16 03:00:00,0.0,0.0,8.16,0.0
2025-02-16 04:00:00,0.0,0.0,7.85,0.0
2025-02-16 05:00:00,0.0,0.0,7.53,0.0
2025-02-16 06:00:00,16.52,33.13,7.82,16.55
2025-02-16 07:00:00,205.55,542.36,12.09,206.0
2025-02-16 08:00:00,448.83,760.72,15.34,449.3
2025-02-16 09:00:00,660.33,880.87,19.5,660.65
2025-02-16 10:00:00,814.9,948.05,22.33,815.08
2025-02-16 11:00:00,889.53,915.04,23.88,889.65
2025-02-16 12:00:00,895.7,917.71,24.83,895.72
2025-02-16 13:00:00,822.42,896.17,25.27,823.2
2025-02-16 14:00:00,676.38,828.08,25.2,678.03
2025-02-16 15:00:00,470.77,729.74,24.51,473.33
2025-02-16 16:00:00,231.38,480.69,22.12,233.77
2025-02-16 17:00:00,27.42,47.14,17.04,27.7
2025-02-16 18:00:00,0.0,0.0,15.24,0.0
2025-02-16 19:00:00,0.0,0.0,14.15,0.0
2025-02-16 20:00:00,0.0,0.0,13.16,0.0
2025-02-16 21:00:00,0.0,0.0,12.25,0.0
2025-02-16 22:00:00,0.0,0.0,11.42,0.0
2025-02-16 23:00:00,0.0,0.0,10.67,0.0
2025-02-17 00:00:00,0.0,0.0,9.98,0.0
2025-02-17 01:00:00,0.0,0.0,9.34,0.0
2025-02-17 02:00:00,0.0,0.0,8.75,0.0
2025-02-17 03:00:00,0.0,0.0,8.15,0.0
2025-02-17 04:00:00,0.0,0.0,7.66,0.0
2025-02-17 05:00:00,0.0,0.0,7.14,0.0
2025-02-17 06:00:00,16.75,23.16,7.38,17.2
2025-02-17 07:00:00,188.98,355.31,10.99,206.68
2025-02-17 08:00:00,408.75,478.62,14.18,449.67
2025-02-17 09:00:00,597.25,606.75,18.3,660.42
2025-02-17 10:00:00,770.65,662.38,21.46,814.25
2025-02-17 11:00:00,845.85,640.06,23.35,887.25
2025-02-17 12:00:00,877.97,850.28,24.63,892.4
2025-02-17 13:00:00,811.58,837.34,25.36,818.35
2025-02-17 14:00:00,659.7,741.51,25.52,672.15
2025-02-17 15:00:00,457.35,639.73,25.08,467.15
2025-02-17 16:00:00,223.07,430.06,22.83,228.68
2025-02-17 17:00:00,27.17,38.75,18.95,27.48
2025-02-17 18:00:00,0.0,0.0,16.73,0.0
2025-02-17 19:00:00,0.0,0.0,15.12,0.0
2025-02-17 20:00:00,0.0,0.0,14.03,0.0
2025-02-17 21:00:00,0.0,0.0,13.12,0.0
2025-02-17 22:00:00,0.0,0.0,12.26,0.0
2025-02-17 23:00:00,0.0,0.0,11.44,0.0
2025-02-18 00:00:00,0.0,0.0,10.76,0.0
2025-02-18 01:00:00,0.0,0.0,10.08,0.0
2025-02-18 02:00:00,0.0,0.0,9.36,0.0
2025-02-18 03:00:00,0.0,0.0,8.64,0.0
2025-02-18 04:00:00,0.0,0.0,8.04,0.0
2025-02-18 05:00:00,0.0,0.0,7.57,0.0
2025-02-18 06:00:00,18.5,40.16,7.97,18.52
2025-02-18 07:00:00,213.07,546.99,11.76,213.75
2025-02-18 08:00:00,458.52,790.22,14.75,459.65
2025-02-18 09:00:00,670.3,905.64,19.09,671.65
2025-02-18 10:00:00,824.6,949.75,22.64,826.08
2025-02-18 11:00:00,893.92,904.6,24.28,895.58
2025-02-18 12:00:00,899.7,874.44,25.29,901.53
2025-02-18 13:00:00,827.17,861.26,25.87,828.15
2025-02-18 14:00:00,680.35,816.01,25.89,681.5
2025-02-18 15:00:00,473.52,680.2,25.39,474.75
2025-02-18 16:00:00,232.55,472.44,22.92,233.52
2025-02-18 17:00:00,28.85,44.7,18.47,28.92
2025-02-18 18:00:00,0.0,0.0,16.52,0.0
2025-02-18 19:00:00,0.0,0.0,15.42,0.0
2025-02-18 20:00:00,0.0,0.0,14.55,0.0
2025-02-18 21:00:00,0.0,0.0,13.8,0.0
2025-02-18 22:00:00,0.0,0.0,13.06,0.0
2025-02-18 23:00:00,0.0,0.0,12.17,0.0
2025-02-19 00:00:00,0.0,0.0,11.26,0.0
2025-02-19 01:00:00,0.0,0.0,10.42,0.0
2025-02-19 02:00:00,0.0,0.0,9.69,0.0
2025-02-19 03:00:00,0.0,0.0,9.07,0.0
2025-02-19 04:00:00,0.0,0.0,8.56,0.0
2025-02-19 05:00:00,0.0,0.0,8.19,0.0
2025-02-19 06:00:00,18.38,19.15,8.72,18.4
2025-02-19 07:00:00,205.82,436.45,12.68,206.35
2025-02-19 08:00:00,446.65,664.76,16.08,447.3
2025-02-19 09:00:00,657.4,787.32,20.4,657.92
2025-02-19 10:00:00,811.0,843.29,23.56,811.4
2025-02-19 11:00:00,883.08,802.53,25.08,883.38
2025-02-19 12:00:00,885.72,797.59,25.98,885.92
2025-02-19 13:00:00,809.05,761.87,26.36,809.12
2025-02-19 14:00:00,658.65,679.64,26.14,658.85
2025-02-19 15:00:00,450.05,535.88,25.26,450.33
2025-02-19 16:00:00,215.38,314.85,23.26,215.55
2025-02-19 17:00:00,26.92,7.7,18.69,26.95
2025-02-19 18:00:00,0.0,0.0,17.04,0.0
2025-02-19 19:00:00,0.0,0.0,16.09,0.0
2025-02-19 20:00:00,0.0,0.0,15.2,0.0
2025-02-19 21:00:00,0.0,0.0,14.38,0.0
2025-02-19 22:00:00,0.0,0.0,13.64,0.0
2025-02-19 23:00:00,0.0,0.0,13.01,0.0
2025-02-20 00:00:00,0.0,0.0,12.54,0.0
2025-02-20 01:00:00,0.0,0.0,12.13,0.0
2025-02-20 02:00:00,0.0,0.0,11.74,0.0
2025-02-20 03:00:00,0.0,0.0,11.33,0.0
2025-02-20 04:00:00,0.0,0.0,10.92,0.0
2025-02-20 05:00:00,0.0,0.0,10.45,0.0
2025-02-20 06:00:00,18.92,16.84,10.64,19.0
2025-02-20 07:00:00,207.5,450.03,13.04,208.43
2025-02-20 08:00:00,451.17,719.22,16.39,452.17
2025-02-20 09:00:00,664.0,849.8,20.0,664.7
2025-02-20 10:00:00,819.72,920.69,21.94,820.15
2025-02-20 11:00:00,889.88,851.49,23.39,890.17
2025-02-20 12:00:00,896.75,859.8,24.48,896.85
2025-02-20 13:00:00,824.22,838.94,25.07,824.42
2025-02-20 14:00:00,679.28,783.24,25.05,679.53
2025-02-20 15:00:00,475.1,673.62,24.36,475.35
2025-02-20 16:00:00,236.98,482.54,22.68,237.18
2025-02-20 17:00:00,31.0,47.86,18.16,31.02
2025-02-20 18:00:00,0.0,0.0,16.47,0.0
2025-02-20 19:00:00,0.0,0.0,15.7,0.0
2025-02-20 20:00:00,0.0,0.0,14.96,0.0
2025-02-20 21:00:00,0.0,0.0,14.19,0.0
2025-02-20 22:00:00,0.0,0.0,13.41,0.0
2025-02-20 23:00:00,0.0,0.0,12.62,0.0
2025-02-21 00:00:00,0.0,0.0,11.82,0.0
2025-02-21 01:00:00,0.0,0.0,11.05,0.0
2025-02-21 02:00:00,0.0,0.0,10.39,0.0
2025-02-21 03:00:00,0.0,0.0,9.81,0.0
2025-02-21 04:00:00,0.0,0.0,9.36,0.0
2025-02-21 05:00:00,0.0,0.0,8.97,0.0
2025-02-21 06:00:00,21.33,51.5,9.34,21.88
2025-02-21 07:00:00,204.8,408.57,11.64,220.77
2025-02-21 08:00:00,430.23,483.29,15.16,462.15
2025-02-21 09:00:00,619.47,572.44,18.58,670.58
2025-02-21 10:00:00,764.1,613.85,20.71,821.97
2025-02-21 11:00:00,822.0,553.32,22.08,887.62
2025-02-21 12:00:00,843.03,628.83,23.03,891.78
2025-02-21 13:00:00,785.2,704.53,23.49,817.62
2025-02-21 14:00:00,553.25,259.32,23.36,671.42
2025-02-21 15:00:00,361.38,232.38,22.51,466.4
2025-02-21 16:00:00,192.23,180.64,20.92,228.9
2025-02-21 17:00:00,29.25,16.98,17.79,30.08
2025-02-21 18:00:00,0.0,0.0,15.86,0.0
2025-02-21 19:00:00,0.0,0.0,14.59,0.0
2025-02-21 20:00:00,0.0,0.0,13.48,0.0
2025-02-21 21:00:00,0.0,0.0,12.48,0.0
2025-02-21 22:00:00,0.0,0.0,11.52,0.0
2025-02-21 23:00:00,0.0,0.0,10.7,0.0
2025-02-22 00:00:00,0.0,0.0,9.95,0.0
2025-02-22 01:00:00,0.0,0.0,9.25,0.0
2025-02-22 02:00:00,0.0,0.0,8.71,0.0
2025-02-22 03:00:00,0.0,0.0,8.67,0.0
2025-02-22 04:00:00,0.0,0.0,8.38,0.0
2025-02-22 05:00:00,0.0,0.0,7.98,0.0
2025-02-22 06:00:00,20.33,11.77,8.08,20.67
2025-02-22 07:00:00,191.9,277.78,9.66,209.4
2025-02-22 08:00:00,418.48,474.37,12.91,449.73
2025-02-22 09:00:00,627.4,634.09,15.72,660.35
2025-02-22 10:00:00,766.58,606.22,17.58,813.85
2025-02-22 11:00:00,860.17,657.73,19.22,874.05
2025-02-22 12:00:00,851.45,679.52,20.51,879.55
2025-02-22 13:00:00,775.4,633.74,21.38,804.53
2025-02-22 14:00:00,620.55,528.69,21.53,656.67
2025-02-22 15:00:00,414.95,362.97,20.99,451.12
2025-02-22 16:00:00,195.4,174.92,19.63,217.75
2025-02-22 17:00:00,26.88,5.24,16.42,28.65
2025-02-22 18:00:00,0.0,0.0,15.02,0.0
2025-02-22 19:00:00,0.0,0.0,14.2,0.0
2025-02-22 20:00:00,0.0,0.0,13.18,0.0
2025-02-22 21:00:00,0.0,0.0,12.25,0.0
2025-02-22 22:00:00,0.0,0.0,11.67,0.0
2025-02-22 23:00:00,0.0,0.0,11.49,0.0
2025-02-23 00:00:00,0.0,0.0,11.35,0.0
2025-02-23 01:00:00,0.0,0.0,10.43,0.0
2025-02-23 02:00:00,0.0,0.0,9.82,0.0
2025-02-23 03:00:00,0.0,0.0,9.51,0.0
2025-02-23 04:00:00,0.0,0.0,9.2,0.0
2025-02-23 05:00:00,0.0,0.0,8.87,0.0
2025-02-23 06:00:00,19.85,3.33,8.43,20.35
2025-02-23 07:00:00,180.25,201.38,9.7,197.27
2025-02-23 08:00:00,409.8,437.52,12.36,428.95
2025-02-23 09:00:00,631.92,628.54,15.15,637.58
2025-02-23 10:00:00,787.05,698.18,17.48,790.55
2025-02-23 11:00:00,866.92,699.94,19.36,868.85
2025-02-23 12:00:00,875.9,721.63,20.77,876.25
2025-02-23 13:00:00,797.3,688.86,21.67,804.78
2025-02-23 14:00:00,656.55,639.13,21.94,660.17
2025-02-23 15:00:00,442.08,481.35,21.51,455.1
2025-02-23 16:00:00,209.2,251.59,20.18,221.38
2025-02-23 17:00:00,29.25,8.3,16.84,30.25
2025-02-23 18:00:00,0.0,0.0,15.68,0.0
2025-02-23 19:00:00,0.0,0.0,14.74,0.0
2025-02-23 20:00:00,0.0,0.0,13.57,0.0
2025-02-23 21:00:00,0.0,0.0,12.58,0.0
2025-02-23 22:00:00,0.0,0.0,11.86,0.0
2025-02-23 23:00:00,0.0,0.0,11.31,0.0
2025-02-24 00:00:00,0.0,0.0,10.83,0.0
2025-02-24 01:00:00,0.0,0.0,10.29,0.0
2025-02-24 02:00:00,0.0,0.0,9.78,0.0
2025-02-24 03:00:00,0.0,0.0,9.29,0.0
2025-02-24 04:00:00,0.0,0.0,8.74,0.0
2025-02-24 05:00:00,0.0,0.0,8.23,0.0
2025-02-24 06:00:00,22.92,21.21,7.97,23.48
2025-02-24 07:00:00,201.38,292.61,9.45,214.68
2025-02-24 08:00:00,420.5,433.09,12.07,452.77
2025-02-24 09:00:00,621.88,504.54,14.69,663.17
2025-02-24 10:00:00,768.47,514.33,16.84,817.72
2025-02-24 11:00:00,815.1,379.33,18.68,876.05
2025-02-24 12:00:00,707.92,159.7,20.14,878.38
2025-02-24 13:00:00,743.38,462.1,20.98,809.3
2025-02-24 14:00:00,586.42,340.87,21.01,662.9
2025-02-24 15:00:00,392.17,255.87,20.31,458.17
2025-02-24 16:00:00,190.4,84.53,19.19,224.38
2025-02-24 17:00:00,28.33,2.54,16.7,31.23
2025-02-24 18:00:00,0.0,0.0,15.03,0.0
2025-02-24 19:00:00,0.0,0.0,14.3,0.0
2025-02-24 20:00:00,0.0,0.0,13.47,0.0
2025-02-24 21:00:00,0.0,0.0,12.79,0.0
2025-02-24 22:00:00,0.0,0.0,11.99,0.0
2025-02-24 23:00:00,0.0,0.0,11.5,0.0
2025-02-25 00:00:00,0.0,0.0,10.66,0.0
2025-02-25 01:00:00,0.0,0.0,10.06,0.0
2025-02-25 02:00:00,0.0,0.0,9.37,0.0
2025-02-25 03:00:00,0.0,0.0,8.54,0.0
2025-02-25 04:00:00,0.0,0.0,7.83,0.0
2025-02-25 05:00:00,0.0,0.0,7.25,0.0
2025-02-25 06:00:00,24.1,56.72,7.44,27.8
2025-02-25 07:00:00,217.23,399.97,9.49,235.9
2025-02-25 08:00:00,459.42,662.91,12.38,476.0
2025-02-25 09:00:00,671.78,803.16,15.81,678.62
2025-02-25 10:00:00,813.17,803.61,18.15,826.53
2025-02-25 11:00:00,786.7,511.75,19.74,900.03
2025-02-25 12:00:00,741.53,333.26,21.04,904.3
2025-02-25 13:00:00,571.1,302.47,21.89,825.08
2025-02-25 14:00:00,496.9,100.45,22.18,678.72
2025-02-25 15:00:00,337.38,64.91,21.91,472.75
2025-02-25 16:00:00,158.77,25.98,20.9,234.45
2025-02-25 17:00:00,25.15,4.66,18.23,32.6
2025-02-25 18:00:00,0.0,0.0,17.19,0.0
2025-02-25 19:00:00,0.0,0.0,16.57,0.0
2025-02-25 20:00:00,0.0,0.0,16.02,0.0
2025-02-25 21:00:00,0.0,0.0,15.31,0.0
2025-02-25 22:00:00,0.0,0.0,14.47,0.0
2025-02-25 23:00:00,0.0,0.0,13.71,0.0
2025-02-26 00:00:00,0.0,0.0,13.12,0.0
2025-02-26 01:00:00,0.0,0.0,12.68,0.0
2025-02-26 02:00:00,0.0,0.0,12.3,0.0
2025-02-26 03:00:00,0.0,0.0,11.83,0.0
2025-02-26 04:00:00,0.0,0.0,11.49,0.0
2025-02-26 05:00:00,0.0,0.0,11.08,0.0
2025-02-26 06:00:00,12.48,0.0,11.1,21.7
2025-02-26 07:00:00,104.65,0.0,12.51,191.93
2025-02-26 08:00:00,217.32,6.38,14.93,415.48
2025-02-26 09:00:00,333.55,21.14,17.4,616.03
2025-02-26 10:00:00,407.12,10.51,19.62,762.97
2025-02-26 11:00:00,549.25,174.25,20.95,836.2
2025-02-26 12:00:00,653.53,65.38,22.11,840.7
2025-02-26 13:00:00,517.28,121.54,23.0,770.08
2025-02-26 14:00:00,415.8,194.12,23.01,628.42
2025-02-26 15:00:00,243.95,82.77,22.29,433.62
2025-02-26 16:00:00,133.8,76.05,20.91,211.7
2025-02-26 17:00:00,24.0,4.85,18.85,30.08
2025-02-26 18:00:00,0.0,0.0,17.52,0.0
2025-02-26 19:00:00,0.0,0.0,16.72,0.0
2025-02-26 20:00:00,0.0,0.0,16.19,0.0
2025-02-26 21:00:00,0.0,0.0,15.78,0.0
2025-02-26 22:00:00,0.0,0.0,15.19,0.0
2025-02-26 23:00:00,0.0,0.0,14.34,0.0
2025-02-27 00:00:00,0.0,0.0,13.55,0.0
2025-02-27 01:00:00,0.0,0.0,12.69,0.0
2025-02-27 02:00:00,0.0,0.0,11.85,0.0
2025-02-27 03:00:00,0.0,0.0,11.24,0.0
2025-02-27 04:00:00,0.0,0.0,10.89,0.0
2025-02-27 05:00:00,0.0,0.0,10.47,0.0
2025-02-27 06:00:00,23.95,2.88,10.33,24.0
2025-02-27 07:00:00,200.27,223.47,11.88,202.57
2025-02-27 08:00:00,440.42,459.55,14.99,443.75
2025-02-27 09:00:00,656.33,627.42,18.52,660.17
2025-02-27 10:00:00,816.3,708.87,20.99,819.7
2025-02-27 11:00:00,901.35,741.86,22.87,904.17
2025-02-27 12:00:00,908.45,747.79,24.14,909.2
2025-02-27 13:00:00,818.28,659.9,24.88,835.33
2025-02-27 14:00:00,685.22,660.92,24.97,687.3
2025-02-27 15:00:00,476.83,548.01,24.4,478.27
2025-02-27 16:00:00,236.32,325.43,22.92,237.0
2025-02-27 17:00:00,35.1,16.51,18.59,35.15
2025-02-27 18:00:00,0.0,0.0,16.68,0.0
2025-02-27 19:00:00,0.0,0.0,15.84,0.0
2025-02-27 20:00:00,0.0,0.0,15.0,0.0
2025-02-27 21:00:00,0.0,0.0,14.04,0.0
2025-02-27 22:00:00,0.0,0.0,13.15,0.0
2025-02-27 23:00:00,0.0,0.0,12.39,0.0
2025-02-28 00:00:00,0.0,0.0,11.7,0.0
2025-02-28 01:00:00,0.0,0.0,11.02,0.0
2025-02-28 02:00:00,0.0,0.0,10.34,0.0
2025-02-28 03:00:00,0.0,0.0,9.75,0.0
2025-02-28 04:00:00,0.0,0.0,9.26,0.0
2025-02-28 05:00:00,0.0,0.0,8.85,0.0
2025-02-28 06:00:00,29.1,32.46,9.28,29.55
2025-02-28 07:00:00,234.27,427.55,11.43,238.62
2025-02-28 08:00:00,480.83,690.05,15.01,486.17
2025-02-28 09:00:00,696.1,836.06,19.23,699.42
2025-02-28 10:00:00,853.38,895.99,22.14,855.7
2025-02-28 11:00:00,919.22,826.14,23.76,920.7
2025-02-28 12:00:00,924.28,841.35,24.85,924.97
2025-02-28 13:00:00,850.53,822.99,25.43,850.53
2025-02-28 14:00:00,701.67,777.69,25.42,701.67
2025-02-28 15:00:00,494.33,671.17,24.71,494.35
2025-02-28 16:00:00,253.48,470.89,22.99,253.5
2025-02-28 17:00:00,38.55,67.9,18.3,38.55
2025-02-28 18:00:00,0.0,0.0,16.59,0.0
2025-02-28 19:00:00,0.0,0.0,15.93,0.0
2025-02-28 20:00:00,0.0,0.0,14.9,0.0
2025-02-28 21:00:00,0.0,0.0,14.01,0.0
2025-02-28 22:00:00,0.0,0.0,13.18,0.0
2025-02-28 23:00:00,0.0,0.0,12.39,0.0
2025-03-01 00:00:00,0.0,0.0,11.69,0.0
2025-03-01 01:00:00,0.0,0.0,11.05,0.0
2025-03-01 02:00:00,0.0,0.0,10.4,0.0
2025-03-01 03:00:00,0.0,0.0,9.73,0.0
2025-03-01 04:00:00,0.0,0.0,9.06,0.0
2025-03-01 05:00:00,0.0,0.0,8.46,0.0
2025-03-01 06:00:00,35.35,133.35,8.83,35.83
2025-03-01 07:00:00,258.45,663.08,11.18,262.17
2025-03-01 08:00:00,507.77,841.44,15.03,512.4
2025-03-01 09:00:00,719.9,943.26,18.55,724.1
2025-03-01 10:00:00,873.42,984.39,20.63,876.7
2025-03-01 11:00:00,937.15,906.23,22.2,939.4
2025-03-01 12:00:00,942.08,892.98,23.35,943.42
2025-03-01 13:00:00,867.95,882.68,24.06,868.2
2025-03-01 14:00:00,718.65,832.18,24.26,719.62
2025-03-01 15:00:00,510.25,728.21,23.86,511.4
2025-03-01 16:00:00,264.85,528.85,22.59,265.75
2025-03-01 17:00:00,41.95,90.41,17.99,42.08
2025-03-01 18:00:00,0.0,0.0,16.16,0.0
2025-03-01 19:00:00,0.0,0.0,15.61,0.0
2025-03-01 20:00:00,0.0,0.0,15.02,0.0
2025-03-01 21:00:00,0.0,0.0,14.21,0.0
2025-03-01 22:00:00,0.0,0.0,13.32,0.0
2025-03-01 23:00:00,0.0,0.0,12.52,0.0
2025-03-02 00:00:00,0.0,0.0,11.66,0.0
2025-03-02 01:00:00,0.0,0.0,10.59,0.0
2025-03-02 02:00:00,0.0,0.0,9.79,0.0
2025-03-02 03:00:00,0.0,0.0,9.3,0.0
2025-03-02 04:00:00,0.0,0.0,8.9,0.0
2025-03-02 05:00:00,0.0,0.0,8.39,0.0
2025-03-02 06:00:00,37.22,138.34,9.16,38.28
2025-03-02 07:00:00,260.12,620.22,11.87,265.67
2025-03-02 08:00:00,506.17,836.99,15.31,511.45
2025-03-02 09:00:00,716.28,944.3,19.43,719.9
2025-03-02 10:00:00,869.0,962.85,22.54,871.17
2025-03-02 11:00:00,938.08,923.95,24.77,939.47
2025-03-02 12:00:00,942.28,921.19,26.34,943.03
2025-03-02 13:00:00,866.33,918.4,27.31,866.4
2025-03-02 14:00:00,717.55,866.36,27.65,717.7
2025-03-02 15:00:00,509.98,762.86,27.38,510.15
2025-03-02 16:00:00,266.17,570.42,25.75,266.33
2025-03-02 17:00:00,43.12,125.86,21.66,43.15
2025-03-02 18:00:00,0.0,0.0,19.4,0.0
2025-03-02 19:00:00,0.0,0.0,17.88,0.0
2025-03-02 20:00:00,0.0,0.0,16.62,0.0
2025-03-02 21:00:00,0.0,0.0,15.33,0.0
2025-03-02 22:00:00,0.0,0.0,14.06,0.0
2025-03-02 23:00:00,0.0,0.0,13.14,0.0
2025-03-03 00:00:00,0.0,0.0,12.72,0.0
2025-03-03 01:00:00,0.0,0.0,12.56,0.0
2025-03-03 02:00:00,0.0,0.0,12.08,0.0
2025-03-03 03:00:00,0.0,0.0,11.3,0.0
2025-03-03 04:00:00,0.0,0.0,10.35,0.0
2025-03-03 05:00:00,0.0,0.0,9.59,0.0
2025-03-03 06:00:00,35.45,65.97,9.72,36.9
2025-03-03 07:00:00,246.15,456.38,12.25,258.9
2025-03-03 08:00:00,493.12,704.99,14.93,507.3
2025-03-03 09:00:00,707.17,838.2,17.94,717.92
2025-03-03 10:00:00,865.7,898.6,21.98,871.5
2025-03-03 11:00:00,945.92,913.46,25.4,946.3
2025-03-03 12:00:00,935.7,852.05,26.23,949.42
2025-03-03 13:00:00,859.92,837.17,26.64,871.85
2025-03-03 14:00:00,684.4,659.84,27.24,721.5
2025-03-03 15:00:00,331.7,167.12,26.57,511.65
2025-03-03 16:00:00,160.9,82.68,24.74,265.42
2025-03-03 17:00:00,28.23,11.02,21.87,42.78
2025-03-03 18:00:00,0.0,0.0,20.14,0.0
2025-03-03 19:00:00,0.0,0.0,19.26,0.0
2025-03-03 20:00:00,0.0,0.0,18.17,0.0
2025-03-03 21:00:00,0.0,0.0,17.18,0.0
2025-03-03 22:00:00,0.0,0.0,16.71,0.0
2025-03-03 23:00:00,0.0,0.0,16.37,0.0
2025-03-04 00:00:00,0.0,0.0,15.47,0.0
2025-03-04 01:00:00,0.0,0.0,13.69,0.0
2025-03-04 02:00:00,0.0,0.0,12.66,0.0
2025-03-04 03:00:00,0.0,0.0,11.91,0.0
2025-03-04 04:00:00,0.0,0.0,11.27,0.0
2025-03-04 05:00:00,0.0,0.0,10.76,0.0
2025-03-04 06:00:00,34.55,54.9,11.65,35.22
2025-03-04 07:00:00,243.35,431.82,15.28,247.93
2025-03-04 08:00:00,483.42,639.23,18.91,488.58
2025-03-04 09:00:00,693.67,739.19,23.28,697.38
2025-03-04 10:00:00,845.78,774.09,25.64,847.92
2025-03-04 11:00:00,943.9,885.91,27.11,944.83
2025-03-04 12:00:00,942.88,868.96,27.98,942.88
2025-03-04 13:00:00,861.9,815.41,28.25,861.9
2025-03-04 14:00:00,705.72,727.36,27.93,705.75
2025-03-04 15:00:00,489.5,564.77,26.97,489.55
2025-03-04 16:00:00,243.3,324.8,25.24,243.35
2025-03-04 17:00:00,38.88,17.29,21.28,38.88
2025-03-04 18:00:00,0.0,0.0,19.07,0.0
2025-03-04 19:00:00,0.0,0.0,17.95,0.0
2025-03-04 20:00:00,0.0,0.0,16.76,0.0
2025-03-04 21:00:00,0.0,0.0,15.65,0.0
2025-03-04 22:00:00,0.0,0.0,14.52,0.0
2025-03-04 23:00:00,0.0,0.0,13.47,0.0
2025-03-05 00:00:00,0.0,0.0,12.86,0.0
2025-03-05 01:00:00,0.0,0.0,12.31,0.0
2025-03-05 02:00:00,0.0,0.0,11.62,0.0
2025-03-05 03:00:00,0.0,0.0,11.07,0.0
2025-03-05 04:00:00,0.0,0.0,10.5,0.0
2025-03-05 05:00:00,0.0,0.0,10.17,0.0
2025-03-05 06:00:00,31.65,3.23,10.58,32.78
2025-03-05 07:00:00,194.1,94.67,12.73,226.18
2025-03-05 08:00:00,398.62,220.7,16.48,463.6
2025-03-05 09:00:00,558.33,256.88,19.51,676.15
2025-03-05 10:00:00,592.28,113.38,21.55,830.1
2025-03-05 11:00:00,746.12,351.85,23.14,916.65
2025-03-05 12:00:00,800.55,424.94,24.04,919.3
2025-03-05 13:00:00,812.5,608.79,24.63,842.53
2025-03-05 14:00:00,655.22,565.71,24.8,691.92
2025-03-05 15:00:00,481.55,516.41,24.32,483.25
2025-03-05 16:00:00,241.12,308.44,23.08,242.18
2025-03-05 17:00:00,39.5,20.46,19.41,39.62
2025-03-05 18:00:00,0.0,0.0,17.51,0.0
2025-03-05 19:00:00,0.0,0.0,16.9,0.0
2025-03-05 20:00:00,0.0,0.0,16.07,0.0
2025-03-05 21:00:00,0.0,0.0,15.25,0.0
2025-03-05 22:00:00,0.0,0.0,14.43,0.0
2025-03-05 23:00:00,0.0,0.0,13.49,0.0
2025-03-06 00:00:00,0.0,0.0,12.76,0.0
2025-03-06 01:00:00,0.0,0.0,12.12,0.0
2025-03-06 02:00:00,0.0,0.0,11.54,0.0
2025-03-06 03:00:00,0.0,0.0,10.98,0.0
2025-03-06 04:00:00,0.0,0.0,10.56,0.0
2025-03-06 05:00:00,0.0,0.0,10.25,0.0
2025-03-06 06:00:00,36.78,38.19,10.65,36.8
2025-03-06 07:00:00,244.98,405.47,12.98,245.23
2025-03-06 08:00:00,487.38,624.49,16.68,487.7
2025-03-06 09:00:00,698.7,756.46,19.3,699.03
2025-03-06 10:00:00,852.42,814.43,20.89,852.75
2025-03-06 11:00:00,920.05,765.05,22.0,920.38
2025-03-06 12:00:00,924.2,772.68,22.82,924.5
2025-03-06 13:00:00,843.38,722.85,23.25,848.3
2025-03-06 14:00:00,698.47,699.18,23.21,699.95
2025-03-06 15:00:00,488.58,580.57,22.64,491.6
2025-03-06 16:00:00,248.9,379.97,21.46,251.5
2025-03-06 17:00:00,41.28,38.89,18.47,41.72
2025-03-06 18:00:00,0.0,0.0,16.34,0.0
2025-03-06 19:00:00,0.0,0.0,15.68,0.0
2025-03-06 20:00:00,0.0,0.0,15.07,0.0
2025-03-06 21:00:00,0.0,0.0,14.39,0.0
2025-03-06 22:00:00,0.0,0.0,13.66,0.0
2025-03-06 23:00:00,0.0,0.0,12.9,0.0
2025-03-07 00:00:00,0.0,0.0,12.2,0.0
2025-03-07 01:00:00,0.0,0.0,11.57,0.0
2025-03-07 02:00:00,0.0,0.0,10.98,0.0
2025-03-07 03:00:00,0.0,0.0,10.46,0.0
2025-03-07 04:00:00,0.0,0.0,10.02,0.0
2025-03-07 05:00:00,0.0,0.0,9.58,0.0
2025-03-07 06:00:00,37.97,32.78,10.32,37.97
2025-03-07 07:00:00,240.85,353.52,12.79,241.05
2025-03-07 08:00:00,480.98,560.54,17.12,481.42
2025-03-07 09:00:00,691.58,687.51,19.91,692.28
2025-03-07 10:00:00,844.95,743.63,21.64,845.88
2025-03-07 11:00:00,914.33,711.84,22.97,914.78
2025-03-07 12:00:00,857.58,527.51,23.8,914.75
2025-03-07 13:00:00,798.8,573.1,24.18,836.2
2025-03-07 14:00:00,664.85,551.53,24.05,684.55
2025-03-07 15:00:00,474.52,482.57,23.56,475.17
2025-03-07 16:00:00,235.38,279.59,22.61,237.07
2025-03-07 17:00:00,39.5,17.59,19.41,39.7
2025-03-07 18:00:00,0.0,0.0,17.28,0.0
2025-03-07 19:00:00,0.0,0.0,16.6,0.0
2025-03-07 20:00:00,0.0,0.0,16.03,0.0
2025-03-07 21:00:00,0.0,0.0,15.4,0.0
2025-03-07 22:00:00,0.0,0.0,14.72,0.0
2025-03-07 23:00:00,0.0,0.0,14.03,0.0
2025-03-08 00:00:00,0.0,0.0,13.33,0.0
2025-03-08 01:00:00,0.0,0.0,12.56,0.0
2025-03-08 02:00:00,0.0,0.0,11.85,0.0
2025-03-08 03:00:00,0.0,0.0,11.54,0.0
2025-03-08 04:00:00,0.0,0.0,10.67,0.0
2025-03-08 05:00:00,0.0,0.0,9.94,0.0
2025-03-08 06:00:00,39.15,30.87,10.74,39.4
2025-03-08 07:00:00,244.52,348.89,13.36,246.77
2025-03-08 08:00:00,485.83,568.67,17.21,488.7
2025-03-08 09:00:00,697.8,687.41,20.6,700.38
2025-03-08 10:00:00,851.4,748.32,22.35,853.25
2025-03-08 11:00:00,930.97,776.39,23.76,931.95
2025-03-08 12:00:00,931.67,770.91,24.83,931.7
2025-03-08 13:00:00,851.88,728.86,25.46,852.03
2025-03-08 14:00:00,698.6,664.93,25.62,698.95
2025-03-08 15:00:00,487.23,537.75,25.27,487.67
2025-03-08 16:00:00,247.23,338.81,24.24,247.6
2025-03-08 17:00:00,42.47,30.7,20.15,42.55
2025-03-08 18:00:00,0.0,0.0,17.94,0.0
2025-03-08 19:00:00,0.0,0.0,16.94,0.0
2025-03-08 20:00:00,0.0,0.0,16.07,0.0
2025-03-08 21:00:00,0.0,0.0,15.22,0.0
2025-03-08 22:00:00,0.0,0.0,14.42,0.0
2025-03-08 23:00:00,0.0,0.0,13.72,0.0
2025-03-09 00:00:00,0.0,0.0,13.15,0.0
2025-03-09 01:00:00,0.0,0.0,12.61,0.0
2025-03-09 02:00:00,0.0,0.0,12.07,0.0
2025-03-09 03:00:00,0.0,0.0,11.56,0.0
2025-03-09 04:00:00,0.0,0.0,11.11,0.0
2025-03-09 05:00:00,0.0,0.0,10.71,0.0
2025-03-09 06:00:00,42.33,44.98,11.83,42.38
2025-03-09 07:00:00,252.77,399.35,15.09,253.02
2025-03-09 08:00:00,494.83,604.69,18.82,495.08
2025-03-09 09:00:00,706.05,728.53,22.55,706.2
2025-03-09 10:00:00,859.2,786.22,24.66,859.3
2025-03-09 11:00:00,942.05,837.52,26.28,942.1
2025-03-09 12:00:00,942.15,830.73,27.34,942.15
2025-03-09 13:00:00,863.4,793.03,27.93,864.03
2025-03-09 14:00:00,712.1,736.26,27.99,713.28
2025-03-09 15:00:00,502.6,617.42,27.53,504.0
2025-03-09 16:00:00,260.5,419.24,26.35,261.6
2025-03-09 17:00:00,46.1,55.33,22.2,46.35
2025-03-09 18:00:00,0.0,0.0,19.93,0.0
2025-03-09 19:00:00,0.0,0.0,18.91,0.0
2025-03-09 20:00:00,0.0,0.0,17.93,0.0
2025-03-09 21:00:00,0.0,0.0,17.02,0.0
2025-03-09 22:00:00,0.0,0.0,16.2,0.0
2025-03-09 23:00:00,0.0,0.0,15.48,0.0
2025-03-10 00:00:00,0.0,0.0,14.83,0.0
2025-03-10 01:00:00,0.0,0.0,14.2,0.0
2025-03-10 02:00:00,0.0,0.0,13.53,0.0
2025-03-10 03:00:00,0.0,0.0,12.86,0.0
2025-03-10 04:00:00,0.0,0.0,12.23,0.0
2025-03-10 05:00:00,0.0,0.0,11.66,0.0
2025-03-10 06:00:00,48.88,82.24,12.74,49.6
2025-03-10 07:00:00,271.7,482.33,15.8,276.27
2025-03-10 08:00:00,516.8,679.38,19.6,521.95
2025-03-10 09:00:00,728.2,806.13,23.12,732.3
2025-03-10 10:00:00,881.47,856.8,24.83,884.12
2025-03-10 11:00:00,958.7,872.74,26.07,960.03
2025-03-10 12:00:00,960.75,886.18,26.99,960.8
2025-03-10 13:00:00,883.08,857.2,27.53,883.15
2025-03-10 14:00:00,732.83,812.69,27.63,732.92
2025-03-10 15:00:00,523.85,710.98,27.21,523.95
2025-03-10 16:00:00,278.9,530.27,26.07,278.98
2025-03-10 17:00:00,51.72,112.12,21.68,51.75
2025-03-10 18:00:00,0.0,0.0,19.42,0.0
2025-03-10 19:00:00,0.0,0.0,18.51,0.0
2025-03-10 20:00:00,0.0,0.0,17.72,0.0
2025-03-10 21:00:00,0.0,0.0,16.95,0.0
2025-03-10 22:00:00,0.0,0.0,16.12,0.0
2025-03-10 23:00:00,0.0,0.0,15.18,0.0
2025-03-11 00:00:00,0.0,0.0,14.19,0.0
2025-03-11 01:00:00,0.0,0.0,13.29,0.0
2025-03-11 02:00:00,0.0,0.0,12.49,0.0
2025-03-11 03:00:00,0.0,0.0,11.82,0.0
2025-03-11 04:00:00,0.0,0.0,11.23,0.0
2025-03-11 05:00:00,0.0,0.0,10.65,0.0
2025-03-11 06:00:00,57.42,211.1,11.82,57.88
2025-03-11 07:00:00,297.3,659.46,14.73,298.67
2025-03-11 08:00:00,545.45,838.29,18.52,546.62
2025-03-11 09:00:00,755.67,934.47,22.59,756.45
2025-03-11 10:00:00,906.3,968.89,25.25,906.78
2025-03-11 11:00:00,973.53,905.01,26.71,973.88
2025-03-11 12:00:00,974.12,916.2,27.75,974.38
2025-03-11 13:00:00,896.72,903.89,28.38,896.8
2025-03-11 14:00:00,746.28,860.66,28.54,746.53
2025-03-11 15:00:00,536.4,763.51,28.12,536.83
2025-03-11 16:00:00,289.17,600.42,26.9,289.55
2025-03-11 17:00:00,54.8,149.69,22.17,54.9
2025-03-11 18:00:00,0.0,0.0,19.85,0.0
2025-03-11 19:00:00,0.0,0.0,19.02,0.0
2025-03-11 20:00:00,0.0,0.0,18.15,0.0
2025-03-11 21:00:00,0.0,0.0,17.15,0.0
2025-03-11 22:00:00,0.0,0.0,16.12,0.0
2025-03-11 23:00:00,0.0,0.0,15.15,0.0
2025-03-12 00:00:00,0.0,0.0,14.23,0.0
2025-03-12 01:00:00,0.0,0.0,13.43,0.0
2025-03-12 02:00:00,0.0,0.0,12.76,0.0
2025-03-12 03:00:00,0.0,0.0,12.15,0.0
2025-03-12 04:00:00,0.0,0.0,11.55,0.0
2025-03-12 05:00:00,0.0,0.0,10.96,0.0
2025-03-12 06:00:00,61.92,233.74,12.07,62.03
2025-03-12 07:00:00,304.27,697.4,15.67,304.52
2025-03-12 08:00:00,552.85,847.19,19.16,553.03
2025-03-12 09:00:00,761.83,936.13,22.99,761.95
2025-03-12 10:00:00,910.55,974.1,26.83,910.6
2025-03-12 11:00:00,980.85,941.26,28.78,980.88
2025-03-12 12:00:00,979.4,935.91,30.21,979.42
2025-03-12 13:00:00,900.0,913.98,31.2,900.0
2025-03-12 14:00:00,747.92,860.6,31.65,748.3
2025-03-12 15:00:00,536.22,751.3,31.47,536.85
2025-03-12 16:00:00,287.5,569.1,30.02,288.08
2025-03-12 17:00:00,54.67,124.45,25.65,54.8
2025-03-12 18:00:00,0.0,0.0,22.68,0.0
2025-03-12 19:00:00,0.0,0.0,21.32,0.0
2025-03-12 20:00:00,0.0,0.0,20.25,0.0
2025-03-12 21:00:00,0.0,0.0,19.05,0.0
2025-03-12 22:00:00,0.0,0.0,17.79,0.0
2025-03-12 23:00:00,0.0,0.0,16.73,0.0
2025-03-13 00:00:00,0.0,0.0,15.95,0.0
2025-03-13 01:00:00,0.0,0.0,15.21,0.0
2025-03-13 02:00:00,0.0,0.0,14.55,0.0
2025-03-13 03:00:00,0.0,0.0,14.03,0.0
2025-03-13 04:00:00,0.0,0.0,13.68,0.0
2025-03-13 05:00:00,0.0,0.0,13.35,0.0
2025-03-13 06:00:00,59.6,153.91,14.44,59.88
2025-03-13 07:00:00,295.98,583.38,18.45,296.9
2025-03-13 08:00:00,543.75,769.16,21.92,544.62
2025-03-13 09:00:00,753.62,865.26,25.7,754.33
2025-03-13 10:00:00,903.35,915.47,29.41,903.92
2025-03-13 11:00:00,966.42,833.18,31.51,966.92
2025-03-13 12:00:00,965.53,830.82,32.42,965.78
2025-03-13 13:00:00,884.67,803.9,32.94,884.97
2025-03-13 14:00:00,730.5,742.26,33.05,730.88
2025-03-13 15:00:00,517.8,624.08,32.61,518.2
2025-03-13 16:00:00,271.05,424.34,31.14,271.33
2025-03-13 17:00:00,50.17,55.08,26.71,50.2
2025-03-13 18:00:00,0.0,0.0,24.27,0.0
2025-03-13 19:00:00,0.0,0.0,22.73,0.0
2025-03-13 20:00:00,0.0,0.0,21.46,0.0
2025-03-13 21:00:00,0.0,0.0,20.58,0.0
2025-03-13 22:00:00,0.0,0.0,20.11,0.0
2025-03-13 23:00:00,0.0,0.0,19.71,0.0
2025-03-14 00:00:00,0.0,0.0,19.46,0.0
2025-03-14 01:00:00,0.0,0.0,18.6,0.0
2025-03-14 02:00:00,0.0,0.0,17.46,0.0
2025-03-14 03:00:00,0.0,0.0,16.73,0.0
2025-03-14 04:00:00,0.0,0.0,16.13,0.0
2025-03-14 05:00:00,0.0,0.0,15.61,0.0
2025-03-14 06:00:00,51.22,31.49,16.99,52.05
2025-03-14 07:00:00,259.1,291.54,21.02,263.85
2025-03-14 08:00:00,501.38,489.51,24.59,506.55
2025-03-14 09:00:00,713.35,631.98,28.71,717.12
2025-03-14 10:00:00,867.3,696.9,31.82,869.53
2025-03-14 11:00:00,965.38,824.74,33.27,966.33
2025-03-14 12:00:00,963.58,826.94,34.05,963.58
2025-03-14 13:00:00,881.9,797.14,34.43,882.0
2025-03-14 14:00:00,727.05,727.08,34.33,727.25
2025-03-14 15:00:00,513.8,611.31,33.71,514.05
2025-03-14 16:00:00,268.17,403.77,32.15,268.42
2025-03-14 17:00:00,50.88,54.65,26.97,50.9
2025-03-14 18:00:00,0.0,0.0,24.6,0.0
2025-03-14 19:00:00,0.0,0.0,23.93,0.0
2025-03-14 20:00:00,0.0,0.0,23.43,0.0
2025-03-14 21:00:00,0.0,0.0,22.91,0.0
2025-03-14 22:00:00,0.0,0.0,22.09,0.0
2025-03-14 23:00:00,0.0,0.0,21.24,0.0
2025-03-15 00:00:00,0.0,0.0,20.37,0.0
2025-03-15 01:00:00,0.0,0.0,19.52,0.0
2025-03-15 02:00:00,0.0,0.0,18.79,0.0
2025-03-15 03:00:00,0.0,0.0,17.94,0.0
2025-03-15 04:00:00,0.0,0.0,17.25,0.0
2025-03-15 05:00:00,0.0,0.0,16.8,0.0
2025-03-15 06:00:00,57.85,68.33,17.78,58.85
2025-03-15 07:00:00,281.4,408.13,20.37,285.7
2025-03-15 08:00:00,528.08,604.43,23.89,532.38
2025-03-15 09:00:00,738.65,733.23,27.54,741.78
2025-03-15 10:00:00,889.85,788.87,30.73,891.78
2025-03-15 11:00:00,976.97,868.08,32.92,977.97
2025-03-15 12:00:00,975.3,868.06,34.03,975.42
2025-03-15 13:00:00,894.35,835.15,34.62,894.9
2025-03-15 14:00:00,740.42,774.22,34.69,741.72
2025-03-15 15:00:00,526.92,662.59,34.18,529.03
2025-03-15 16:00:00,279.65,473.47,32.82,281.7
2025-03-15 17:00:00,54.42,80.92,27.79,54.92
2025-03-15 18:00:00,0.0,0.0,25.22,0.0
2025-03-15 19:00:00,0.0,0.0,24.4,0.0
2025-03-15 20:00:00,0.0,0.0,23.74,0.0
2025-03-15 21:00:00,0.0,0.0,22.92,0.0
2025-03-15 22:00:00,0.0,0.0,21.94,0.0
2025-03-15 23:00:00,0.0,0.0,21.2,0.0
2025-03-16 00:00:00,0.0,0.0,20.75,0.0
2025-03-16 01:00:00,0.0,0.0,20.4,0.0
2025-03-16 02:00:00,0.0,0.0,19.95,0.0
2025-03-16 03:00:00,0.0,0.0,19.15,0.0
2025-03-16 04:00:00,0.0,0.0,18.17,0.0
2025-03-16 05:00:00,0.0,0.0,17.35,0.0
2025-03-16 06:00:00,57.92,56.77,18.7,59.33
2025-03-16 07:00:00,270.92,354.53,22.3,278.77
2025-03-16 08:00:00,507.98,553.92,26.28,519.28
2025-03-16 09:00:00,714.85,675.27,30.21,725.97
2025-03-16 10:00:00,866.45,734.33,33.24,874.62
2025-03-16 11:00:00,930.6,670.63,35.03,935.35
2025-03-16 12:00:00,930.28,664.46,35.95,932.22
2025-03-16 13:00:00,848.55,634.5,36.3,848.62
2025-03-16 14:00:00,690.88,553.88,36.1,691.08
2025-03-16 15:00:00,478.98,428.17,35.44,479.25
2025-03-16 16:00:00,242.6,239.15,34.14,242.82
2025-03-16 17:00:00,46.85,14.09,30.11,46.88
2025-03-16 18:00:00,0.0,0.0,27.75,0.0
2025-03-16 19:00:00,0.0,0.0,26.84,0.0
2025-03-16 20:00:00,0.0,0.0,25.71,0.0
2025-03-16 21:00:00,0.0,0.0,24.37,0.0
2025-03-16 22:00:00,0.0,0.0,23.01,0.0
2025-03-16 23:00:00,0.0,0.0,21.62,0.0
2025-03-17 00:00:00,0.0,0.0,20.27,0.0
2025-03-17 01:00:00,0.0,0.0,19.03,0.0
2025-03-17 02:00:00,0.0,0.0,17.99,0.0
2025-03-17 03:00:00,0.0,0.0,17.19,0.0
2025-03-17 04:00:00,0.0,0.0,16.68,0.0
2025-03-17 05:00:00,0.0,0.0,16.32,0.0
2025-03-17 06:00:00,66.5,106.96,17.82,67.72
2025-03-17 07:00:00,301.15,457.68,21.62,306.15
2025-03-17 08:00:00,549.97,663.91,25.13,554.97
2025-03-17 09:00:00,762.15,786.5,29.66,765.8
2025-03-17 10:00:00,912.35,845.2,33.26,914.78
2025-03-17 11:00:00,979.33,785.03,34.94,980.97
2025-03-17 12:00:00,977.0,792.85,35.89,978.03
2025-03-17 13:00:00,895.62,774.69,36.38,895.92
2025-03-17 14:00:00,739.78,711.6,36.38,740.35
2025-03-17 15:00:00,524.8,600.69,35.91,525.62
2025-03-17 16:00:00,276.88,407.09,34.39,277.6
2025-03-17 17:00:00,54.0,54.62,29.29,54.15
2025-03-17 18:00:00,0.0,0.0,26.62,0.0
2025-03-17 19:00:00,0.0,0.0,25.49,0.0
2025-03-17 20:00:00,0.0,0.0,24.47,0.0
2025-03-17 21:00:00,0.0,0.0,23.38,0.0
2025-03-17 22:00:00,0.0,0.0,22.23,0.0
2025-03-17 23:00:00,0.0,0.0,21.23,0.0
2025-03-18 00:00:00,0.0,0.0,20.55,0.0
2025-03-18 01:00:00,0.0,0.0,20.12,0.0
2025-03-18 02:00:00,0.0,0.0,19.78,0.0
2025-03-18 03:00:00,0.0,0.0,19.6,0.0
2025-03-18 04:00:00,0.0,0.0,19.46,0.0
2025-03-18 05:00:00,0.0,0.0,19.26,0.0
2025-03-18 06:00:00,66.47,86.87,19.9,66.8
2025-03-18 07:00:00,294.75,448.11,23.05,296.1
2025-03-18 08:00:00,540.6,628.17,26.24,542.35
2025-03-18 09:00:00,752.08,738.23,30.34,753.6
2025-03-18 10:00:00,904.47,798.85,33.47,905.55
2025-03-18 11:00:00,984.65,839.85,34.86,985.33
2025-03-18 12:00:00,982.28,839.37,35.75,982.62
2025-03-18 13:00:00,900.62,813.69,36.24,900.72
2025-03-18 14:00:00,745.47,749.74,36.31,746.0
2025-03-18 15:00:00,529.92,634.72,35.93,530.78
2025-03-18 16:00:00,280.8,431.78,34.61,281.6
2025-03-18 17:00:00,56.28,68.64,30.12,56.4
2025-03-18 18:00:00,0.0,0.0,27.94,0.0
2025-03-18 19:00:00,0.0,0.0,26.51,0.0
2025-03-18 20:00:00,0.0,0.0,25.84,0.0
2025-03-18 21:00:00,0.0,0.0,25.03,0.0
2025-03-18 22:00:00,0.0,0.0,23.95,0.0
2025-03-18 23:00:00,0.0,0.0,23.15,0.0
2025-03-19 00:00:00,0.0,0.0,22.47,0.0
2025-03-19 01:00:00,0.0,0.0,21.58,0.0
2025-03-19 02:00:00,0.0,0.0,20.52,0.0
2025-03-19 03:00:00,0.0,0.0,19.48,0.0
2025-03-19 04:00:00,0.0,0.0,18.61,0.0
2025-03-19 05:00:00,0.0,0.0,18.02,0.0
2025-03-19 06:00:00,65.07,58.67,18.73,65.25
2025-03-19 07:00:00,281.58,365.31,21.2,282.27
2025-03-19 08:00:00,521.62,540.57,25.05,522.45
2025-03-19 09:00:00,730.47,653.78,28.39,731.12
2025-03-19 10:00:00,881.12,712.42,30.82,881.5
2025-03-19 11:00:00,970.72,805.45,32.6,970.9
2025-03-19 12:00:00,965.03,779.67,33.73,965.05
2025-03-19 13:00:00,878.78,723.17,34.16,878.9
2025-03-19 14:00:00,718.17,626.94,33.89,718.38
2025-03-19 15:00:00,498.48,475.35,32.95,498.73
2025-03-19 16:00:00,251.25,254.68,31.28,251.45
2025-03-19 17:00:00,49.03,12.57,27.92,49.05
2025-03-19 18:00:00,0.0,0.0,24.97,0.0
2025-03-19 19:00:00,0.0,0.0,23.69,0.0
2025-03-19 20:00:00,0.0,0.0,22.48,0.0
2025-03-19 21:00:00,0.0,0.0,21.51,0.0
2025-03-19 22:00:00,0.0,0.0,20.62,0.0
2025-03-19 23:00:00,0.0,0.0,19.87,0.0
2025-03-20 00:00:00,0.0,0.0,19.42,0.0
2025-03-20 01:00:00,0.0,0.0,18.68,0.0
2025-03-20 02:00:00,0.0,0.0,17.97,0.0
2025-03-20 03:00:00,0.0,0.0,17.3,0.0
2025-03-20 04:00:00,0.0,0.0,16.61,0.0
2025-03-20 05:00:00,0.0,0.0,15.84,0.0
2025-03-20 06:00:00,65.18,40.07,15.71,65.45
2025-03-20 07:00:00,281.0,323.07,16.99,282.58
2025-03-20 08:00:00,523.78,526.55,19.05,525.67
2025-03-20 09:00:00,732.92,629.61,21.33,734.62
2025-03-20 10:00:00,881.55,659.69,23.53,882.83
2025-03-20 11:00:00,958.78,687.84,25.29,959.67
2025-03-20 12:00:00,949.62,630.77,26.38,949.88
2025-03-20 13:00:00,855.62,544.8,26.81,856.12
2025-03-20 14:00:00,684.12,421.28,26.57,684.53
2025-03-20 15:00:00,460.27,271.3,25.69,460.58
2025-03-20 16:00:00,224.75,108.22,24.03,224.9
2025-03-20 17:00:00,46.45,1.3,21.47,46.45
2025-03-20 18:00:00,0.0,0.0,18.8,0.0
2025-03-20 19:00:00,0.0,0.0,17.18,0.0
2025-03-20 20:00:00,0.0,0.0,15.89,0.0
2025-03-20 21:00:00,0.0,0.0,14.84,0.0
2025-03-20 22:00:00,0.0,0.0,13.99,0.0
2025-03-20 23:00:00,0.0,0.0,13.27,0.0
2025-03-21 00:00:00,0.0,0.0,12.63,0.0
2025-03-21 01:00:00,0.0,0.0,12.03,0.0
2025-03-21 02:00:00,0.0,0.0,11.44,0.0
2025-03-21 03:00:00,0.0,0.0,10.79,0.0
2025-03-21 04:00:00,0.0,0.0,10.1,0.0
2025-03-21 05:00:00,0.0,0.0,9.39,0.0
2025-03-21 06:00:00,65.35,9.3,9.57,65.35
2025-03-21 07:00:00,268.0,169.96,11.19,268.3
2025-03-21 08:00:00,513.58,348.87,13.23,513.97
2025-03-21 09:00:00,733.75,474.35,15.38,734.08
2025-03-21 10:00:00,892.47,536.35,17.48,892.7
2025-03-21 11:00:00,1022.35,865.78,19.31,1022.45
2025-03-21 12:00:00,1014.8,835.3,20.77,1014.8
2025-03-21 13:00:00,926.22,768.74,21.73,926.3
2025-03-21 14:00:00,760.97,670.42,22.09,761.22
2025-03-21 15:00:00,534.58,521.19,21.72,535.03
2025-03-21 16:00:00,277.6,303.02,20.61,278.0
2025-03-21 17:00:00,57.2,21.32,18.26,57.22
2025-03-21 18:00:00,0.0,0.0,15.74,0.0
2025-03-21 19:00:00,0.0,0.0,14.97,0.0
2025-03-21 20:00:00,0.0,0.0,14.21,0.0
2025-03-21 21:00:00,0.0,0.0,13.49,0.0
2025-03-21 22:00:00,0.0,0.0,12.81,0.0
2025-03-21 23:00:00,0.0,0.0,12.12,0.0
2025-03-22 00:00:00,0.0,0.0,11.43,0.0
2025-03-22 01:00:00,0.0,0.0,10.85,0.0
2025-03-22 02:00:00,0.0,0.0,10.33,0.0
2025-03-22 03:00:00,0.0,0.0,9.79,0.0
2025-03-22 04:00:00,0.0,0.0,9.23,0.0
2025-03-22 05:00:00,0.0,0.0,8.71,0.0
2025-03-22 06:00:00,82.9,126.37,9.63,83.78
2025-03-22 07:00:00,323.8,515.82,12.53,327.3
2025-03-22 08:00:00,575.5,712.68,15.46,579.53
2025-03-22 09:00:00,789.6,829.76,17.28,793.0
2025-03-22 10:00:00,941.3,893.95,18.88,943.83
2025-03-22 11:00:00,1000.4,836.17,20.23,1002.12
2025-03-22 12:00:00,997.42,835.6,21.2,998.3
2025-03-22 13:00:00,914.22,802.04,21.85,914.22
2025-03-22 14:00:00,754.97,725.07,21.88,755.03
2025-03-22 15:00:00,535.8,599.83,21.35,535.92
2025-03-22 16:00:00,284.8,405.11,20.26,284.95
2025-03-22 17:00:00,59.65,62.0,18.07,59.67
2025-03-22 18:00:00,0.0,0.0,15.32,0.0
2025-03-22 19:00:00,0.0,0.0,14.46,0.0
2025-03-22 20:00:00,0.0,0.0,13.78,0.0
2025-03-22 21:00:00,0.0,0.0,13.1,0.0
2025-03-22 22:00:00,0.0,0.0,12.53,0.0
2025-03-22 23:00:00,0.0,0.0,11.94,0.0
2025-03-23 00:00:00,0.0,0.0,11.33,0.0
2025-03-23 01:00:00,0.0,0.0,10.62,0.0
2025-03-23 02:00:00,0.0,0.0,9.91,0.0
2025-03-23 03:00:00,0.0,0.0,9.33,0.0
2025-03-23 04:00:00,0.0,0.0,8.78,0.0
2025-03-23 05:00:00,0.0,0.0,8.25,0.0
2025-03-23 06:00:00,92.25,198.86,9.31,93.68
2025-03-23 07:00:00,340.23,598.65,12.03,344.27
2025-03-23 08:00:00,591.08,772.75,16.13,595.65
2025-03-23 09:00:00,801.75,873.2,18.59,805.9
2025-03-23 10:00:00,950.2,921.56,20.53,953.83
2025-03-23 11:00:00,1011.17,878.44,22.24,1014.1
2025-03-23 12:00:00,1007.22,885.28,23.65,1009.47
2025-03-23 13:00:00,925.55,863.06,24.66,926.28
2025-03-23 14:00:00,769.95,819.51,25.19,771.12
2025-03-23 15:00:00,555.2,724.33,25.1,556.67
2025-03-23 16:00:00,304.95,562.86,24.28,306.2
2025-03-23 17:00:00,67.15,154.5,20.63,67.45
2025-03-23 18:00:00,0.0,0.0,17.66,0.0
2025-03-23 19:00:00,0.0,0.0,16.92,0.0
2025-03-23 20:00:00,0.0,0.0,16.24,0.0
2025-03-23 21:00:00,0.0,0.0,15.48,0.0
2025-03-23 22:00:00,0.0,0.0,14.56,0.0
2025-03-23 23:00:00,0.0,0.0,13.57,0.0
2025-03-24 00:00:00,0.0,0.0,12.72,0.0
2025-03-24 01:00:00,0.0,0.0,12.07,0.0
2025-03-24 02:00:00,0.0,0.0,11.52,0.0
2025-03-24 03:00:00,0.0,0.0,10.91,0.0
2025-03-24 04:00:00,0.0,0.0,10.17,0.0
2025-03-24 05:00:00,0.0,0.0,9.48,0.0
2025-03-24 06:00:00,101.2,273.36,11.3,103.68
2025-03-24 07:00:00,351.6,629.54,14.33,356.27
2025-03-24 08:00:00,601.35,810.54,18.29,605.05
2025-03-24 09:00:00,807.92,869.3,22.36,810.22
2025-03-24 10:00:00,954.2,919.88,26.53,955.53
2025-03-24 11:00:00,1012.47,868.09,29.11,1013.35
2025-03-24 12:00:00,1005.72,852.55,30.74,1005.88
2025-03-24 13:00:00,919.05,804.76,31.69,919.58
2025-03-24 14:00:00,759.53,740.31,31.91,760.58
2025-03-24 15:00:00,542.53,618.84,31.45,543.95
2025-03-24 16:00:00,292.42,437.75,30.18,293.67
2025-03-24 17:00:00,63.45,75.87,25.57,63.7
2025-03-24 18:00:00,0.0,0.0,22.38,0.0
2025-03-24 19:00:00,0.0,0.0,21.2,0.0
2025-03-24 20:00:00,0.0,0.0,19.85,0.0
2025-03-24 21:00:00,0.0,0.0,18.37,0.0
2025-03-24 22:00:00,0.0,0.0,16.95,0.0
2025-03-24 23:00:00,0.0,0.0,15.73,0.0
2025-03-25 00:00:00,0.0,0.0,14.63,0.0
2025-03-25 01:00:00,0.0,0.0,13.64,0.0
2025-03-25 02:00:00,0.0,0.0,12.73,0.0
2025-03-25 03:00:00,0.0,0.0,11.96,0.0
2025-03-25 04:00:00,0.0,0.0,11.39,0.0
2025-03-25 05:00:00,0.0,0.0,10.95,0.0
2025-03-25 06:00:00,103.7,239.2,13.13,104.65
2025-03-25 07:00:00,352.65,610.06,16.82,354.6
2025-03-25 08:00:00,602.25,791.9,20.67,603.8
2025-03-25 09:00:00,810.17,869.87,24.55,811.12
2025-03-25 10:00:00,956.3,924.09,28.83,956.8
2025-03-25 11:00:00,1022.83,902.22,31.55,1023.05
2025-03-25 12:00:00,1017.0,905.43,33.14,1017.0
2025-03-25 13:00:00,931.38,873.78,34.08,932.5
2025-03-25 14:00:00,773.35,822.21,34.44,775.5
2025-03-25 15:00:00,557.1,719.81,34.17,559.83
2025-03-25 16:00:00,306.1,550.23,32.73,308.42
2025-03-25 17:00:00,69.53,143.01,27.39,70.2
2025-03-25 18:00:00,0.0,0.0,24.28,0.0
2025-03-25 19:00:00,0.0,0.0,23.07,0.0
2025-03-25 20:00:00,0.0,0.0,21.79,0.0
2025-03-25 21:00:00,0.0,0.0,20.23,0.0
2025-03-25 22:00:00,0.0,0.0,18.84,0.0
2025-03-25 23:00:00,0.0,0.0,18.01,0.0
2025-03-26 00:00:00,0.0,0.0,17.68,0.0
2025-03-26 01:00:00,0.0,0.0,17.25,0.0
2025-03-26 02:00:00,0.0,0.0,16.56,0.0
2025-03-26 03:00:00,0.0,0.0,15.84,0.0
2025-03-26 04:00:00,0.0,0.0,15.28,0.0
2025-03-26 05:00:00,0.0,0.0,14.75,0.0
2025-03-26 06:00:00,106.35,270.17,15.67,107.62
2025-03-26 07:00:00,352.1,620.3,19.0,355.4
2025-03-26 08:00:00,600.45,795.5,22.59,604.28
2025-03-26 09:00:00,808.05,868.19,26.35,811.3
2025-03-26 10:00:00,954.67,924.2,30.63,956.92
2025-03-26 11:00:00,1018.12,883.11,33.1,1019.25
2025-03-26 12:00:00,1013.42,886.96,34.34,1013.42
2025-03-26 13:00:00,928.83,858.59,35.0,928.85
2025-03-26 14:00:00,771.8,808.55,35.1,771.9
2025-03-26 15:00:00,556.55,701.58,34.73,556.75
2025-03-26 16:00:00,305.83,536.37,33.54,306.08
2025-03-26 17:00:00,70.62,150.56,29.39,70.72
2025-03-26 18:00:00,0.0,0.0,26.16,0.0
2025-03-26 19:00:00,0.0,0.0,24.54,0.0
2025-03-26 20:00:00,0.0,0.0,23.28,0.0
2025-03-26 21:00:00,0.0,0.0,22.13,0.0
2025-03-26 22:00:00,0.0,0.0,21.24,0.0
2025-03-26 23:00:00,0.0,0.0,20.61,0.0
2025-03-27 00:00:00,0.0,0.0,20.29,0.0
2025-03-27 01:00:00,0.0,0.0,20.51,0.0
2025-03-27 02:00:00,0.0,0.0,20.55,0.0
2025-03-27 03:00:00,0.0,0.0,20.35,0.0
2025-03-27 04:00:00,0.0,0.0,20.01,0.0
2025-03-27 05:00:00,0.0,0.0,19.51,0.0
2025-03-27 06:00:00,102.18,190.54,19.83,104.82
2025-03-27 07:00:00,339.95,518.35,22.19,346.45
2025-03-27 08:00:00,584.47,699.41,25.64,591.33
2025-03-27 09:00:00,790.2,789.88,29.62,796.1
2025-03-27 10:00:00,934.75,834.72,32.84,939.53
2025-03-27 11:00:00,980.38,724.76,34.74,984.2
2025-03-27 12:00:00,977.12,730.1,35.8,977.85
2025-03-27 13:00:00,886.0,653.7,36.31,889.65
2025-03-27 14:00:00,727.4,623.25,36.3,731.15
2025-03-27 15:00:00,511.85,502.01,35.8,515.08
2025-03-27 16:00:00,268.88,313.93,34.65,270.7
2025-03-27 17:00:00,59.55,43.08,31.41,59.78
2025-03-27 18:00:00,0.0,0.0,29.54,0.0
2025-03-27 19:00:00,0.0,0.0,28.27,0.0
2025-03-27 20:00:00,0.0,0.0,26.68,0.0
2025-03-27 21:00:00,0.0,0.0,25.07,0.0
2025-03-27 22:00:00,0.0,0.0,23.78,0.0
2025-03-27 23:00:00,0.0,0.0,22.77,0.0
2025-03-28 00:00:00,0.0,0.0,22.22,0.0
2025-03-28 01:00:00,0.0,0.0,22.02,0.0
2025-03-28 02:00:00,0.0,0.0,22.31,0.0
2025-03-28 03:00:00,0.0,0.0,22.69,0.0
2025-03-28 04:00:00,0.0,0.0,22.53,0.0
2025-03-28 05:00:00,0.0,0.0,21.74,0.0
2025-03-28 06:00:00,88.5,65.37,22.11,90.1
2025-03-28 07:00:00,300.3,290.22,24.79,311.35
2025-03-28 08:00:00,525.2,476.73,28.07,551.35
2025-03-28 09:00:00,731.53,553.31,32.58,757.33
2025-03-28 10:00:00,866.0,535.43,34.99,903.85
2025-03-28 11:00:00,917.4,567.29,36.34,965.58
2025-03-28 12:00:00,937.42,575.01,37.2,959.35
2025-03-28 13:00:00,864.88,617.2,37.54,873.53
2025-03-28 14:00:00,709.08,566.35,37.36,716.03
2025-03-28 15:00:00,496.92,452.25,36.71,501.77
2025-03-28 16:00:00,258.38,249.19,35.42,260.67
2025-03-28 17:00:00,56.97,22.27,30.65,57.15
2025-03-28 18:00:00,0.0,0.0,27.5,0.0
2025-03-28 19:00:00,0.0,0.0,26.42,0.0
2025-03-28 20:00:00,0.0,0.0,25.41,0.0
2025-03-28 21:00:00,0.0,0.0,24.54,0.0
2025-03-28 22:00:00,0.0,0.0,23.66,0.0
2025-03-28 23:00:00,0.0,0.0,22.64,0.0
2025-03-29 00:00:00,0.0,0.0,21.27,0.0
2025-03-29 01:00:00,0.0,0.0,20.12,0.0
2025-03-29 02:00:00,0.0,0.0,19.14,0.0
2025-03-29 03:00:00,0.0,0.0,18.32,0.0
2025-03-29 04:00:00,0.0,0.0,17.6,0.0
2025-03-29 05:00:00,0.0,0.0,16.97,0.0
2025-03-29 06:00:00,75.8,4.48,17.47,75.9
2025-03-29 07:00:00,251.57,86.04,19.82,252.12
2025-03-29 08:00:00,473.95,198.05,22.96,474.67
2025-03-29 09:00:00,679.6,285.42,26.01,680.22
2025-03-29 10:00:00,831.38,347.56,28.88,831.83
2025-03-29 11:00:00,978.62,626.78,31.22,978.88
2025-03-29 12:00:00,971.0,613.4,32.95,971.05
2025-03-29 13:00:00,883.15,578.46,33.83,883.3
2025-03-29 14:00:00,722.05,506.18,34.03,722.28
2025-03-29 15:00:00,506.4,393.06,33.54,506.62
2025-03-29 16:00:00,266.3,220.84,32.2,266.42
2025-03-29 17:00:00,61.28,17.27,28.93,61.35
2025-03-29 18:00:00,0.0,0.0,26.1,0.0
2025-03-29 19:00:00,0.0,0.0,24.55,0.0
2025-03-29 20:00:00,0.0,0.0,23.01,0.0
2025-03-29 21:00:00,0.0,0.0,21.66,0.0
2025-03-29 22:00:00,0.0,0.0,20.27,0.0
2025-03-29 23:00:00,0.0,0.0,19.04,0.0
2025-03-30 00:00:00,0.0,0.0,18.15,0.0
2025-03-30 01:00:00,0.0,0.0,17.36,0.0
2025-03-30 02:00:00,0.0,0.0,16.66,0.0
2025-03-30 03:00:00,0.0,0.0,16.2,0.0
2025-03-30 04:00:00,0.0,0.0,15.92,0.0
2025-03-30 05:00:00,0.0,0.0,14.93,0.0
2025-03-30 06:00:00,115.32,197.38,16.07,117.93
2025-03-30 07:00:00,354.0,501.53,18.35,361.42
2025-03-30 08:00:00,600.88,675.1,21.03,609.33
2025-03-30 09:00:00,808.6,756.02,23.27,815.42
2025-03-30 10:00:00,956.65,820.07,24.82,960.75
2025-03-30 11:00:00,894.1,348.46,26.71,1023.47
2025-03-30 12:00:00,914.15,372.55,28.08,1014.3
2025-03-30 13:00:00,784.53,307.91,28.54,926.1
2025-03-30 14:00:00,673.15,277.35,28.73,765.92
2025-03-30 15:00:00,435.2,223.34,28.06,548.5
2025-03-30 16:00:00,235.48,135.81,27.08,298.92
2025-03-30 17:00:00,63.83,27.25,24.44,69.82
2025-03-30 18:00:00,0.0,0.0,21.45,0.0
2025-03-30 19:00:00,0.0,0.0,20.51,0.0
2025-03-30 20:00:00,0.0,0.0,19.7,0.0
2025-03-30 21:00:00,0.0,0.0,18.93,0.0
2025-03-30 22:00:00,0.0,0.0,17.82,0.0
2025-03-30 23:00:00,0.0,0.0,17.04,0.0
2025-03-31 00:00:00,0.0,0.0,16.46,0.0
2025-03-31 01:00:00,0.0,0.0,16.31,0.0
2025-03-31 02:00:00,0.0,0.0,16.1,0.0
2025-03-31 03:00:00,0.0,0.0,15.63,0.0
2025-03-31 04:00:00,0.0,0.0,15.07,0.0
2025-03-31 05:00:00,0.0,0.0,14.39,0.0
2025-03-31 06:00:00,99.43,65.13,16.34,106.22
2025-03-31 07:00:00,292.92,194.76,19.18,330.33
2025-03-31 08:00:00,508.67,357.36,22.86,571.35
2025-03-31 09:00:00,744.55,521.64,26.84,776.5
2025-03-31 10:00:00,875.22,485.06,29.16,920.78
2025-03-31 11:00:00,954.08,477.96,30.77,991.08
2025-03-31 12:00:00,950.6,575.27,31.93,982.1
2025-03-31 13:00:00,840.62,486.72,32.7,893.17
2025-03-31 14:00:00,711.58,511.1,33.0,731.05
2025-03-31 15:00:00,440.52,277.11,32.77,510.95
2025-03-31 16:00:00,231.43,143.75,31.87,265.55
2025-03-31 17:00:00,56.92,10.29,28.72,60.45
2025-03-31 18:00:00,0.0,0.0,26.15,0.0
2025-03-31 19:00:00,0.0,0.0,25.0,0.0
2025-03-31 20:00:00,0.0,0.0,24.63,0.0
2025-03-31 21:00:00,0.0,0.0,24.11,0.0
2025-03-31 22:00:00,0.0,0.0,23.48,0.0
2025-03-31 23:00:00,0.0,0.0,22.69,0.0
2025-04-01 00:00:00,0.0,0.0,21.67,0.0
2025-04-01 01:00:00,0.0,0.0,20.28,0.0
2025-04-01 02:00:00,0.0,0.0,19.32,0.0
2025-04-01 03:00:00,0.0,0.0,18.71,0.0
2025-04-01 04:00:00,0.0,0.0,18.5,0.0
2025-04-01 05:00:00,0.0,0.0,18.38,0.0
2025-04-01 06:00:00,92.88,13.27,19.97,100.1
2025-04-01 07:00:00,270.08,74.79,22.04,314.7
2025-04-01 08:00:00,480.25,173.42,24.79,552.8
2025-04-01 09:00:00,679.88,285.25,28.85,756.05
2025-04-01 10:00:00,741.03,123.08,32.94,890.4
2025-04-01 11:00:00,779.92,103.41,36.82,927.28
2025-04-01 12:00:00,698.08,101.55,38.67,914.55
2025-04-01 13:00:00,610.92,68.66,39.48,813.53
2025-04-01 14:00:00,449.08,14.74,39.36,646.88
2025-04-01 15:00:00,260.5,6.67,37.59,426.25
2025-04-01 16:00:00,136.05,0.9,34.72,202.65
2025-04-01 17:00:00,35.8,0.0,31.71,45.95
2025-04-01 18:00:00,0.0,0.0,29.29,0.0
2025-04-01 19:00:00,0.0,0.0,27.78,0.0
2025-04-01 20:00:00,0.0,0.0,26.31,0.0
2025-04-01 21:00:00,0.0,0.0,24.72,0.0
2025-04-01 22:00:00,0.0,0.0,23.39,0.0
2025-04-01 23:00:00,0.0,0.0,22.4,0.0
2025-04-02 00:00:00,0.0,0.0,21.48,0.0
2025-04-02 01:00:00,0.0,0.0,20.57,0.0
2025-04-02 02:00:00,0.0,0.0,19.82,0.0
2025-04-02 03:00:00,0.0,0.0,19.02,0.0
2025-04-02 04:00:00,0.0,0.0,17.96,0.0
2025-04-02 05:00:00,0.0,0.0,17.22,0.0
2025-04-02 06:00:00,102.03,34.16,17.68,102.85
2025-04-02 07:00:00,323.12,246.35,19.84,327.35
2025-04-02 08:00:00,577.72,467.18,22.7,581.65
2025-04-02 09:00:00,793.65,600.71,25.1,797.85
2025-04-02 10:00:00,946.6,688.22,27.38,947.85
2025-04-02 11:00:00,1009.83,675.25,29.52,1014.72
2025-04-02 12:00:00,1000.75,671.23,31.21,1007.28
2025-04-02 13:00:00,910.6,620.89,32.27,918.85
2025-04-02 14:00:00,754.67,571.75,32.66,756.75
2025-04-02 15:00:00,531.3,462.17,32.36,537.42
2025-04-02 16:00:00,285.6,281.46,31.23,288.55
2025-04-02 17:00:00,67.93,32.24,27.43,68.35
2025-04-02 18:00:00,0.0,0.0,23.97,0.0
2025-04-02 19:00:00,0.0,0.0,23.06,0.0
2025-04-02 20:00:00,0.0,0.0,22.07,0.0
2025-04-02 21:00:00,0.0,0.0,21.0,0.0
2025-04-02 22:00:00,0.0,0.0,20.07,0.0
2025-04-02 23:00:00,0.0,0.0,19.23,0.0
2025-04-03 00:00:00,0.0,0.0,18.36,0.0
2025-04-03 01:00:00,0.0,0.0,17.46,0.0
2025-04-03 02:00:00,0.0,0.0,16.66,0.0
2025-04-03 03:00:00,0.0,0.0,15.95,0.0
2025-04-03 04:00:00,0.0,0.0,15.3,0.0
2025-04-03 05:00:00,0.0,0.0,14.8,0.0
2025-04-03 06:00:00,136.27,246.86,15.97,140.05
2025-04-03 07:00:00,378.3,527.79,18.79,386.58
2025-04-03 08:00:00,626.33,703.48,22.92,635.12
2025-04-03 09:00:00,832.25,770.68,26.72,839.83
2025-04-03 10:00:00,975.38,817.58,28.8,981.38
2025-04-03 11:00:00,1038.8,792.2,30.33,1043.82
2025-04-03 12:00:00,1027.03,773.96,31.68,1031.47
2025-04-03 13:00:00,935.8,739.27,32.51,940.28
2025-04-03 14:00:00,779.08,692.71,32.73,780.42
2025-04-03 15:00:00,549.28,549.42,32.32,562.58
2025-04-03 16:00:00,302.85,380.47,31.16,309.73
2025-04-03 17:00:00,74.62,65.95,27.42,75.5
2025-04-03 18:00:00,0.0,0.0,24.7,0.0
2025-04-03 19:00:00,0.0,0.0,24.54,0.0
2025-04-03 20:00:00,0.0,0.0,23.75,0.0
2025-04-03 21:00:00,0.0,0.0,22.95,0.0
2025-04-03 22:00:00,0.0,0.0,21.88,0.0
2025-04-03 23:00:00,0.0,0.0,20.74,0.0
2025-04-04 00:00:00,0.0,0.0,19.6,0.0
2025-04-04 01:00:00,0.0,0.0,18.7,0.0
2025-04-04 02:00:00,0.0,0.0,17.89,0.0
2025-04-04 03:00:00,0.0,0.0,17.13,0.0
2025-04-04 04:00:00,0.0,0.0,16.39,0.0
2025-04-04 05:00:00,3.7,0.0,15.61,3.65
2025-04-04 06:00:00,118.12,116.38,16.55,124.8
2025-04-04 07:00:00,352.8,372.41,19.38,371.88
2025-04-04 08:00:00,600.12,581.02,23.83,622.58
2025-04-04 09:00:00,809.7,714.22,26.64,829.33
2025-04-04 10:00:00,958.45,744.82,28.55,972.3
2025-04-04 11:00:00,1033.62,807.92,30.15,1040.65
2025-04-04 12:00:00,991.75,728.04,31.33,1003.41
2025-04-04 13:00:00,936.55,775.35,31.98,936.95
2025-04-04 14:00:00,773.83,700.18,32.05,774.88
2025-04-04 15:00:00,553.97,598.28,31.52,555.8
2025-04-04 16:00:00,302.98,387.48,30.43,305.15
2025-04-04 17:00:00,74.72,74.33,27.62,75.47
2025-04-04 18:00:00,0.0,0.0,24.42,0.0
2025-04-04 19:00:00,0.0,0.0,23.58,0.0
2025-04-04 20:00:00,0.0,0.0,22.66,0.0
2025-04-04 21:00:00,0.0,0.0,21.72,0.0
2025-04-04 22:00:00,0.0,0.0,20.82,0.0
2025-04-04 23:00:00,0.0,0.0,19.95,0.0
2025-04-05 00:00:00,0.0,0.0,19.05,0.0
2025-04-05 01:00:00,0.0,0.0,18.04,0.0
2025-04-05 02:00:00,0.0,0.0,17.11,0.0
2025-04-05 03:00:00,0.0,0.0,16.27,0.0
2025-04-05 04:00:00,0.0,0.0,15.52,0.0
2025-04-05 05:00:00,3.95,0.0,14.97,4.05
2025-04-05 06:00:00,129.1,232.35,17.08,132.98
2025-04-05 07:00:00,372.7,543.9,19.89,381.77
2025-04-05 08:00:00,615.92,696.46,24.08,626.83
2025-04-05 09:00:00,820.08,790.5,27.5,830.0
2025-04-05 10:00:00,964.2,855.34,29.81,971.47
2025-04-05 11:00:00,1033.2,848.64,31.62,1036.95
2025-04-05 12:00:00,994.33,728.77,32.82,1005.89
2025-04-05 13:00:00,939.0,836.42,33.49,940.08
2025-04-05 14:00:00,779.47,766.61,33.67,781.6
2025-04-05 15:00:00,562.7,666.17,33.34,565.53
2025-04-05 16:00:00,313.0,474.43,32.44,315.52
2025-04-05 17:00:00,80.03,121.19,29.56,80.85
2025-04-05 18:00:00,0.0,0.0,27.9,0.0
2025-04-05 19:00:00,0.0,0.0,27.4,0.0
2025-04-05 20:00:00,0.0,0.0,26.9,0.0
2025-04-05 21:00:00,0.0,0.0,26.14,0.0
2025-04-05 22:00:00,0.0,0.0,25.76,0.0
2025-04-05 23:00:00,0.0,0.0,25.19,0.0
2025-04-06 00:00:00,0.0,0.0,23.93,0.0
2025-04-06 01:00:00,0.0,0.0,22.38,0.0
2025-04-06 02:00:00,0.0,0.0,21.31,0.0
2025-04-06 03:00:00,0.0,0.0,20.58,0.0
2025-04-06 04:00:00,0.0,0.0,20.07,0.0
2025-04-06 05:00:00,4.55,0.69,19.68,4.62
2025-04-06 06:00:00,137.1,279.62,20.46,139.27
2025-04-06 07:00:00,384.48,581.23,23.6,389.67
2025-04-06 08:00:00,628.72,749.59,27.2,635.15
2025-04-06 09:00:00,832.0,829.54,31.89,838.12
2025-04-06 10:00:00,974.28,861.1,34.13,979.2
2025-04-06 11:00:00,1037.2,825.6,35.1,1040.47
2025-04-06 12:00:00,1029.5,834.46,35.67,1031.05
2025-04-06 13:00:00,946.15,825.05,35.85,946.22
2025-04-06 14:00:00,787.05,762.12,35.7,787.2
2025-04-06 15:00:00,570.33,655.68,35.15,570.6
2025-04-06 16:00:00,319.35,469.37,34.11,319.67
2025-04-06 17:00:00,82.45,120.06,30.95,82.57
2025-04-06 18:00:00,0.0,0.0,28.21,0.0
2025-04-06 19:00:00,0.0,0.0,26.8,0.0
2025-04-06 20:00:00,0.0,0.0,25.52,0.0
2025-04-06 21:00:00,0.0,0.0,24.33,0.0
2025-04-06 22:00:00,0.0,0.0,23.2,0.0
2025-04-06 23:00:00,0.0,0.0,21.98,0.0
2025-04-07 00:00:00,0.0,0.0,20.8,0.0
2025-04-07 01:00:00,0.0,0.0,19.62,0.0
2025-04-07 02:00:00,0.0,0.0,18.52,0.0
2025-04-07 03:00:00,0.0,0.0,17.63,0.0
2025-04-07 04:00:00,0.0,0.0,16.97,0.0
2025-04-07 05:00:00,5.2,0.79,16.61,5.2
2025-04-07 06:00:00,141.93,278.09,19.13,142.07
2025-04-07 07:00:00,392.12,572.15,22.35,392.35
2025-04-07 08:00:00,638.17,731.38,26.25,638.35
2025-04-07 09:00:00,840.97,819.5,30.98,841.1
2025-04-07 10:00:00,981.4,862.2,34.06,981.45
2025-04-07 11:00:00,1046.12,872.96,35.3,1046.15
2025-04-07 12:00:00,1034.22,867.05,36.05,1034.22
2025-04-07 13:00:00,944.35,824.68,36.44,944.35
2025-04-07 14:00:00,782.62,754.29,36.43,782.65
2025-04-07 15:00:00,562.92,631.84,36.04,562.95
2025-04-07 16:00:00,310.77,438.01,35.16,310.83
2025-04-07 17:00:00,79.57,96.54,32.32,79.6
2025-04-07 18:00:00,0.0,0.0,30.36,0.0
2025-04-07 19:00:00,0.0,0.0,29.39,0.0
2025-04-07 20:00:00,0.0,0.0,28.51,0.0
2025-04-07 21:00:00,0.0,0.0,27.76,0.0
2025-04-07 22:00:00,0.0,0.0,26.94,0.0
2025-04-07 23:00:00,0.0,0.0,26.34,0.0
2025-04-08 00:00:00,0.0,0.0,25.17,0.0
2025-04-08 01:00:00,0.0,0.0,23.46,0.0
2025-04-08 02:00:00,0.0,0.0,21.73,0.0
2025-04-08 03:00:00,0.0,0.0,20.52,0.0
2025-04-08 04:00:00,0.0,0.0,19.66,0.0
2025-04-08 05:00:00,5.28,0.0,19.32,5.32
2025-04-08 06:00:00,133.38,209.18,21.18,134.48
2025-04-08 07:00:00,371.67,479.54,24.55,374.25
2025-04-08 08:00:00,611.6,628.66,28.11,614.58
2025-04-08 09:00:00,815.15,718.34,33.57,817.75
2025-04-08 10:00:00,957.12,764.95,36.51,959.03
2025-04-08 11:00:00,1022.05,768.39,37.85,1023.28
2025-04-08 12:00:00,1013.53,772.58,38.86,1014.22
2025-04-08 13:00:00,927.05,745.66,39.41,927.35
2025-04-08 14:00:00,769.75,692.18,39.46,770.4
2025-04-08 15:00:00,555.2,589.76,39.08,556.12
2025-04-08 16:00:00,308.8,417.86,38.07,309.67
2025-04-08 17:00:00,80.88,96.59,35.16,81.15
2025-04-08 18:00:00,0.0,0.0,32.91,0.0
2025-04-08 19:00:00,0.0,0.0,31.33,0.0
2025-04-08 20:00:00,0.0,0.0,29.88,0.0
2025-04-08 21:00:00,0.0,0.0,28.51,0.0
2025-04-08 22:00:00,0.0,0.0,27.27,0.0
2025-04-08 23:00:00,0.0,0.0,26.4,0.0
2025-04-09 00:00:00,0.0,0.0,25.82,0.0
2025-04-09 01:00:00,0.0,0.0,25.37,0.0
2025-04-09 02:00:00,0.0,0.0,24.94,0.0
2025-04-09 03:00:00,0.0,0.0,24.39,0.0
2025-04-09 04:00:00,0.0,0.0,23.7,0.0
2025-04-09 05:00:00,5.93,0.0,22.95,5.95
2025-04-09 06:00:00,136.25,194.19,24.04,137.12
2025-04-09 07:00:00,367.8,415.23,27.59,369.73
2025-04-09 08:00:00,605.03,548.93,30.92,607.3
2025-04-09 09:00:00,802.55,613.25,34.87,804.58
2025-04-09 10:00:00,936.53,624.56,38.16,937.95
2025-04-09 11:00:00,1021.67,762.06,40.01,1022.42
2025-04-09 12:00:00,1009.22,718.33,41.11,1009.22
2025-04-09 13:00:00,920.85,683.27,41.55,921.0
2025-04-09 14:00:00,757.55,604.55,41.28,757.88
2025-04-09 15:00:00,532.0,443.38,40.34,532.5
2025-04-09 16:00:00,277.2,228.76,38.45,278.45
2025-04-09 17:00:00,68.97,16.64,34.71,69.32
2025-04-09 18:00:00,0.0,0.0,31.13,0.0
2025-04-09 19:00:00,0.0,0.0,28.95,0.0
2025-04-09 20:00:00,0.0,0.0,27.3,0.0
2025-04-09 21:00:00,0.0,0.0,25.85,0.0
2025-04-09 22:00:00,0.0,0.0,24.68,0.0
2025-04-09 23:00:00,0.0,0.0,23.63,0.0
2025-04-10 00:00:00,0.0,0.0,22.57,0.0
2025-04-10 01:00:00,0.0,0.0,21.54,0.0
2025-04-10 02:00:00,0.0,0.0,20.61,0.0
2025-04-10 03:00:00,0.0,0.0,19.76,0.0
2025-04-10 04:00:00,0.0,0.0,18.97,0.0
2025-04-10 05:00:00,5.85,0.0,18.11,5.82
2025-04-10 06:00:00,120.8,72.28,18.15,120.97
2025-04-10 07:00:00,337.65,258.15,19.51,338.48
2025-04-10 08:00:00,571.38,395.05,21.32,572.67
2025-04-10 09:00:00,773.8,477.16,23.19,775.22
2025-04-10 10:00:00,917.72,522.21,25.06,918.95
2025-04-10 11:00:00,1031.43,766.75,26.73,1032.12
2025-04-10 12:00:00,1016.83,680.95,27.97,1016.88
2025-04-10 13:00:00,920.6,597.72,28.58,920.9
2025-04-10 14:00:00,750.3,495.63,28.58,750.72
2025-04-10 15:00:00,523.97,362.24,27.81,524.38
2025-04-10 16:00:00,278.35,195.56,26.25,278.6
2025-04-10 17:00:00,74.0,17.49,24.02,74.03
2025-04-10 18:00:00,0.0,0.0,21.49,0.0
2025-04-10 19:00:00,0.0,0.0,20.08,0.0
2025-04-10 20:00:00,0.0,0.0,18.96,0.0
2025-04-10 21:00:00,0.0,0.0,17.87,0.0
2025-04-10 22:00:00,0.0,0.0,16.91,0.0
2025-04-10 23:00:00,0.0,0.0,16.01,0.0
2025-04-11 00:00:00,0.0,0.0,15.22,0.0
2025-04-11 01:00:00,0.0,0.0,14.51,0.0
2025-04-11 02:00:00,0.0,0.0,13.89,0.0
2025-04-11 03:00:00,0.0,0.0,13.33,0.0
2025-04-11 04:00:00,0.0,0.0,12.82,0.0
2025-04-11 05:00:00,7.1,0.0,12.36,7.07
2025-04-11 06:00:00,145.3,180.37,13.43,145.98
2025-04-11 07:00:00,393.8,482.03,16.21,396.17
2025-04-11 08:00:00,643.08,662.62,18.88,645.33
2025-04-11 09:00:00,851.03,760.0,21.01,851.67
2025-04-11 10:00:00,991.55,801.2,22.92,991.9
2025-04-11 11:00:00,1059.97,853.3,24.65,1060.15
2025-04-11 12:00:00,1040.22,760.89,26.04,1040.22
2025-04-11 13:00:00,937.62,654.03,26.84,937.65
2025-04-11 14:00:00,760.78,531.1,26.94,760.83
2025-04-11 15:00:00,529.58,386.47,26.37,529.65
2025-04-11 16:00:00,280.52,211.98,25.11,280.6
2025-04-11 17:00:00,74.18,22.29,23.18,74.2
2025-04-11 18:00:00,0.0,0.0,20.4,0.0
2025-04-11 19:00:00,0.0,0.0,19.4,0.0
2025-04-11 20:00:00,0.0,0.0,18.65,0.0
2025-04-11 21:00:00,0.0,0.0,17.88,0.0
2025-04-11 22:00:00,0.0,0.0,17.09,0.0
2025-04-11 23:00:00,0.0,0.0,16.42,0.0
2025-04-12 00:00:00,0.0,0.0,15.83,0.0
2025-04-12 01:00:00,0.0,0.0,15.26,0.0
2025-04-12 02:00:00,0.0,0.0,14.64,0.0
2025-04-12 03:00:00,0.0,0.0,14.01,0.0
2025-04-12 04:00:00,0.0,0.0,13.36,0.0
2025-04-12 05:00:00,7.25,0.0,12.84,7.38
2025-04-12 06:00:00,138.75,156.61,14.41,142.4
2025-04-12 07:00:00,378.3,410.49,17.78,387.98
2025-04-12 08:00:00,622.5,581.09,21.01,634.15
2025-04-12 09:00:00,827.55,694.43,23.05,838.28
2025-04-12 10:00:00,970.78,748.34,24.75,979.62
2025-04-12 11:00:00,1041.78,797.73,26.15,1048.03
2025-04-12 12:00:00,1033.85,781.21,27.15,1037.38
2025-04-12 13:00:00,948.03,766.65,27.78,948.42
2025-04-12 14:00:00,786.12,701.64,27.9,786.92
2025-04-12 15:00:00,567.05,597.47,27.47,568.12
2025-04-12 16:00:00,315.7,392.29,26.47,316.65
2025-04-12 17:00:00,84.47,79.8,24.52,84.72
2025-04-12 18:00:00,0.0,0.0,21.21,0.0
2025-04-12 19:00:00,0.0,0.0,20.12,0.0
2025-04-12 20:00:00,0.0,0.0,19.2,0.0
2025-04-12 21:00:00,0.0,0.0,18.27,0.0
2025-04-12 22:00:00,0.0,0.0,17.4,0.0
2025-04-12 23:00:00,0.0,0.0,16.68,0.0
2025-04-13 00:00:00,0.0,0.0,16.03,0.0
2025-04-13 01:00:00,0.0,0.0,15.46,0.0
2025-04-13 02:00:00,0.0,0.0,14.99,0.0
2025-04-13 03:00:00,0.0,0.0,14.62,0.0
2025-04-13 04:00:00,0.0,0.0,14.31,0.0
2025-04-13 05:00:00,8.02,0.0,14.11,8.02
2025-04-13 06:00:00,148.93,192.16,17.06,149.32
2025-04-13 07:00:00,389.23,430.55,20.47,389.83
2025-04-13 08:00:00,633.58,601.62,24.87,634.12
2025-04-13 09:00:00,836.65,686.63,27.26,837.08
2025-04-13 10:00:00,976.45,737.82,28.73,976.8
2025-04-13 11:00:00,1043.65,790.21,29.71,1044.0
2025-04-13 12:00:00,1029.03,742.15,30.3,1029.35
2025-04-13 13:00:00,934.72,681.74,30.45,934.85
2025-04-13 14:00:00,763.95,570.73,30.16,764.38
2025-04-13 15:00:00,532.5,409.15,29.52,533.2
2025-04-13 16:00:00,277.85,193.85,28.42,278.5
2025-04-13 17:00:00,72.8,11.83,26.3,73.0
2025-04-13 18:00:00,0.0,0.0,22.61,0.0
2025-04-13 19:00:00,0.0,0.0,21.29,0.0
2025-04-13 20:00:00,0.0,0.0,20.29,0.0
2025-04-13 21:00:00,0.0,0.0,19.27,0.0
2025-04-13 22:00:00,0.0,0.0,18.35,0.0
2025-04-13 23:00:00,0.0,0.0,17.54,0.0
2025-04-14 00:00:00,0.0,0.0,16.75,0.0
2025-04-14 01:00:00,0.0,0.0,15.99,0.0
2025-04-14 02:00:00,0.0,0.0,15.29,0.0
2025-04-14 03:00:00,0.0,0.0,14.66,0.0
2025-04-14 04:00:00,0.0,0.0,14.43,0.0
2025-04-14 05:00:00,8.23,0.0,14.12,8.52
2025-04-14 06:00:00,143.3,150.92,15.36,149.85
2025-04-14 07:00:00,387.4,442.71,18.27,404.1
2025-04-14 08:00:00,634.75,644.02,21.02,656.85
2025-04-14 09:00:00,843.03,775.76,22.71,865.75
2025-04-14 10:00:00,989.45,843.9,24.23,1009.6
2025-04-14 11:00:00,1052.8,859.16,25.65,1068.7
2025-04-14 12:00:00,1053.88,851.42,26.78,1057.97
2025-04-14 13:00:00,959.78,821.16,27.55,969.83
2025-04-14 14:00:00,802.12,769.39,27.8,810.9
2025-04-14 15:00:00,587.1,685.73,27.48,593.75
2025-04-14 16:00:00,337.5,508.86,26.51,341.4
2025-04-14 17:00:00,97.47,178.89,23.68,98.32
2025-04-14 18:00:00,0.0,0.0,19.66,0.0
2025-04-14 19:00:00,0.0,0.0,18.69,0.0
2025-04-14 20:00:00,0.0,0.0,18.03,0.0
2025-04-14 21:00:00,0.0,0.0,17.43,0.0
2025-04-14 22:00:00,0.0,0.0,16.77,0.0
2025-04-14 23:00:00,0.0,0.0,16.01,0.0
2025-04-15 00:00:00,0.0,0.0,15.24,0.0
2025-04-15 01:00:00,0.0,0.0,14.48,0.0
2025-04-15 02:00:00,0.0,0.0,13.75,0.0
2025-04-15 03:00:00,0.0,0.0,13.05,0.0
2025-04-15 04:00:00,0.0,0.0,12.2,0.0
2025-04-15 05:00:00,10.43,13.07,11.55,10.5
2025-04-15 06:00:00,179.25,436.53,13.91,181.95
2025-04-15 07:00:00,433.48,708.11,16.9,436.98
2025-04-15 08:00:00,674.65,856.67,21.04,677.17
2025-04-15 09:00:00,871.4,918.91,23.85,872.9
2025-04-15 10:00:00,1006.03,977.26,25.72,1006.83
2025-04-15 11:00:00,1058.3,959.7,27.28,1058.68
2025-04-15 12:00:00,1015.09,770.22,28.52,1026.14
2025-04-15 13:00:00,954.75,903.59,29.39,954.83
2025-04-15 14:00:00,796.47,855.44,29.82,796.62
2025-04-15 15:00:00,583.35,776.02,29.7,583.58
2025-04-15 16:00:00,336.5,607.43,28.95,336.75
2025-04-15 17:00:00,99.2,270.4,25.79,99.32
2025-04-15 18:00:00,0.0,0.0,21.93,0.0
2025-04-15 19:00:00,0.0,0.0,20.92,0.0
2025-04-15 20:00:00,0.0,0.0,20.44,0.0
2025-04-15 21:00:00,0.0,0.0,20.08,0.0
2025-04-15 22:00:00,0.0,0.0,19.44,0.0
2025-04-15 23:00:00,0.0,0.0,18.71,0.0
2025-04-16 00:00:00,0.0,0.0,17.93,0.0
2025-04-16 01:00:00,0.0,0.0,17.32,0.0
2025-04-16 02:00:00,0.0,0.0,15.75,0.0
2025-04-16 03:00:00,0.0,0.0,14.85,0.0
2025-04-16 04:00:00,0.0,0.0,14.16,0.0
2025-04-16 05:00:00,10.62,12.9,13.63,10.62
2025-04-16 06:00:00,168.7,375.18,15.87,172.12
2025-04-16 07:00:00,408.65,627.54,18.81,417.85
2025-04-16 08:00:00,646.4,738.01,22.85,653.12
2025-04-16 09:00:00,845.38,827.07,25.89,847.72
2025-04-16 10:00:00,977.88,874.01,27.93,981.1
2025-04-16 11:00:00,1049.4,947.97,29.82,1051.62
2025-04-16 12:00:00,1029.85,873.73,31.34,1038.25
2025-04-16 13:00:00,904.78,651.2,32.34,950.15
2025-04-16 14:00:00,770.9,767.91,32.54,794.1
2025-04-16 15:00:00,577.75,749.14,32.69,583.42
2025-04-16 16:00:00,324.25,558.44,32.02,336.42
2025-04-16 17:00:00,95.05,212.85,28.7,99.78
2025-04-16 18:00:00,0.0,0.0,25.39,0.0
2025-04-16 19:00:00,0.0,0.0,24.7,0.0
2025-04-16 20:00:00,0.0,0.0,24.0,0.0
2025-04-16 21:00:00,0.0,0.0,22.98,0.0
2025-04-16 22:00:00,0.0,0.0,21.76,0.0
2025-04-16 23:00:00,0.0,0.0,20.72,0.0
2025-04-17 00:00:00,0.0,0.0,19.77,0.0
2025-04-17 01:00:00,0.0,0.0,18.9,0.0
2025-04-17 02:00:00,0.0,0.0,18.06,0.0
2025-04-17 03:00:00,0.0,0.0,17.21,0.0
2025-04-17 04:00:00,0.0,0.0,16.43,0.0
2025-04-17 05:00:00,11.23,6.72,15.96,11.4
2025-04-17 06:00:00,164.18,260.21,18.33,175.52
2025-04-17 07:00:00,393.65,421.44,21.25,423.85
2025-04-17 08:00:00,616.5,535.33,24.81,661.15
2025-04-17 09:00:00,826.88,700.04,28.41,855.0
2025-04-17 10:00:00,985.17,871.75,31.55,987.7
2025-04-17 11:00:00,1033.55,780.17,33.47,1049.03
2025-04-17 12:00:00,1017.55,805.38,34.75,1033.55
2025-04-17 13:00:00,921.92,738.04,35.6,942.88
2025-04-17 14:00:00,738.55,581.61,35.88,784.08
2025-04-17 15:00:00,543.17,571.55,35.65,569.65
2025-04-17 16:00:00,306.62,457.5,34.78,323.05
2025-04-17 17:00:00,89.85,158.96,31.33,92.7
2025-04-17 18:00:00,0.0,0.0,27.42,0.0
2025-04-17 19:00:00,0.0,0.0,26.58,0.0
2025-04-17 20:00:00,0.0,0.0,25.98,0.0
2025-04-17 21:00:00,0.0,0.0,24.88,0.0
2025-04-17 22:00:00,0.0,0.0,23.03,0.0
2025-04-17 23:00:00,0.0,0.0,21.83,0.0
2025-04-18 00:00:00,0.0,0.0,20.95,0.0
2025-04-18 01:00:00,0.0,0.0,20.09,0.0
2025-04-18 02:00:00,0.0,0.0,19.27,0.0
2025-04-18 03:00:00,0.0,0.0,18.43,0.0
2025-04-18 04:00:00,0.0,0.0,17.63,0.0
2025-04-18 05:00:00,11.3,3.56,17.06,11.45
2025-04-18 06:00:00,162.9,265.37,19.18,166.7
2025-04-18 07:00:00,403.4,510.61,22.06,410.9
2025-04-18 08:00:00,641.0,651.0,26.11,649.33
2025-04-18 09:00:00,838.5,717.31,30.02,846.17
2025-04-18 10:00:00,975.12,766.31,33.11,981.55
2025-04-18 11:00:00,1051.3,874.58,34.84,1056.03
2025-04-18 12:00:00,1038.35,850.42,35.95,1041.35
2025-04-18 13:00:00,949.9,802.83,36.65,950.3
2025-04-18 14:00:00,788.55,732.16,36.81,789.2
2025-04-18 15:00:00,569.75,618.1,36.45,570.6
2025-04-18 16:00:00,319.2,411.46,35.44,319.95
2025-04-18 17:00:00,90.9,108.88,31.84,91.18
2025-04-18 18:00:00,0.0,0.0,27.77,0.0
2025-04-18 19:00:00,0.0,0.0,26.58,0.0
2025-04-18 20:00:00,0.0,0.0,25.41,0.0
2025-04-18 21:00:00,0.0,0.0,24.23,0.0
2025-04-18 22:00:00,0.0,0.0,23.22,0.0
2025-04-18 23:00:00,0.0,0.0,22.21,0.0
2025-04-19 00:00:00,0.0,0.0,21.27,0.0
2025-04-19 01:00:00,0.0,0.0,20.32,0.0
2025-04-19 02:00:00,0.0,0.0,19.33,0.0
2025-04-19 03:00:00,0.0,0.0,18.4,0.0
2025-04-19 04:00:00,0.0,0.0,17.53,0.0
2025-04-19 05:00:00,12.12,1.48,16.94,12.12
2025-04-19 06:00:00,167.93,253.2,18.94,168.23
2025-04-19 07:00:00,413.38,513.66,21.93,413.88
2025-04-19 08:00:00,655.55,669.04,26.01,656.05
2025-04-19 09:00:00,855.75,761.05,29.82,856.2
2025-04-19 10:00:00,993.05,813.03,32.99,993.5
2025-04-19 11:00:00,1050.38,831.47,35.12,1050.82
2025-04-19 12:00:00,1034.9,825.87,36.24,1035.35
2025-04-19 13:00:00,942.67,755.67,36.85,942.88
2025-04-19 14:00:00,779.92,685.07,37.01,781.42
2025-04-19 15:00:00,561.78,586.0,36.64,563.7
2025-04-19 16:00:00,314.33,392.76,35.7,315.92
2025-04-19 17:00:00,91.35,105.02,32.38,91.85
2025-04-19 18:00:00,0.0,0.0,28.77,0.0
2025-04-19 19:00:00,0.0,0.0,26.87,0.0
2025-04-19 20:00:00,0.0,0.0,25.7,0.0
2025-04-19 21:00:00,0.0,0.0,25.07,0.0
2025-04-19 22:00:00,0.0,0.0,24.36,0.0
2025-04-19 23:00:00,0.0,0.0,23.51,0.0
2025-04-20 00:00:00,0.0,0.0,22.56,0.0
2025-04-20 01:00:00,0.0,0.0,21.59,0.0
2025-04-20 02:00:00,0.0,0.0,20.67,0.0
2025-04-20 03:00:00,0.0,0.0,19.84,0.0
2025-04-20 04:00:00,0.0,0.0,19.13,0.0
2025-04-20 05:00:00,12.82,1.56,18.66,12.93
2025-04-20 06:00:00,167.48,224.64,20.53,169.5
2025-04-20 07:00:00,409.77,473.45,23.49,413.42
2025-04-20 08:00:00,649.9,634.85,27.86,653.35
2025-04-20 09:00:00,849.2,718.96,31.96,851.72
2025-04-20 10:00:00,986.75,781.71,34.85,988.28
2025-04-20 11:00:00,1060.03,876.28,36.46,1060.7
2025-04-20 12:00:00,1045.7,881.86,37.38,1045.75
2025-04-20 13:00:00,953.83,808.74,37.81,954.92
2025-04-20 14:00:00,792.83,749.21,37.72,794.88
2025-04-20 15:00:00,576.3,644.16,37.15,578.9
2025-04-20 16:00:00,328.35,464.31,36.03,330.67
2025-04-20 17:00:00,98.68,150.76,32.46,99.53
2025-04-20 18:00:00,0.0,0.0,28.25,0.0
2025-04-20 19:00:00,0.0,0.0,27.3,0.0
2025-04-20 20:00:00,0.0,0.0,26.53,0.0
2025-04-20 21:00:00,0.0,0.0,25.61,0.0
2025-04-20 22:00:00,0.0,0.0,24.58,0.0
2025-04-20 23:00:00,0.0,0.0,23.78,0.0
2025-04-21 00:00:00,0.0,0.0,23.12,0.0
2025-04-21 01:00:00,0.0,0.0,22.21,0.0
2025-04-21 02:00:00,0.0,0.0,21.32,0.0
2025-04-21 03:00:00,0.0,0.0,20.27,0.0
2025-04-21 04:00:00,0.0,0.0,19.21,0.0
2025-04-21 05:00:00,13.98,5.25,18.72,14.02
2025-04-21 06:00:00,180.05,320.63,21.83,181.07
2025-04-21 07:00:00,422.7,558.28,24.92,424.0
2025-04-21 08:00:00,658.12,693.83,28.81,659.08
2025-04-21 09:00:00,851.65,763.81,32.95,852.22
2025-04-21 10:00:00,983.7,808.06,35.77,984.0
2025-04-21 11:00:00,1042.62,844.42,37.32,1042.75
2025-04-21 12:00:00,1027.0,838.18,38.33,1027.0
2025-04-21 13:00:00,928.2,717.29,38.92,935.8
2025-04-21 14:00:00,760.03,619.29,39.01,776.4
2025-04-21 15:00:00,535.1,492.93,38.6,562.1
2025-04-21 16:00:00,305.12,346.78,37.66,317.23
2025-04-21 17:00:00,93.0,95.55,33.97,94.35
2025-04-21 18:00:00,0.0,0.0,30.8,0.0
2025-04-21 19:00:00,0.0,0.0,29.8,0.0
2025-04-21 20:00:00,0.0,0.0,28.78,0.0
2025-04-21 21:00:00,0.0,0.0,27.62,0.0
2025-04-21 22:00:00,0.0,0.0,26.86,0.0
2025-04-21 23:00:00,0.0,0.0,26.48,0.0
2025-04-22 00:00:00,0.0,0.0,26.17,0.0
2025-04-22 01:00:00,0.0,0.0,25.98,0.0
2025-04-22 02:00:00,0.0,0.0,25.96,0.0
2025-04-22 03:00:00,0.0,0.0,25.76,0.0
2025-04-22 04:00:00,0.0,0.0,25.34,0.0
2025-04-22 05:00:00,14.6,1.8,25.2,14.6
2025-04-22 06:00:00,176.82,251.48,26.12,176.95
2025-04-22 07:00:00,419.17,491.89,28.44,419.42
2025-04-22 08:00:00,656.4,633.71,31.92,656.78
2025-04-22 09:00:00,852.05,714.86,36.26,852.5
2025-04-22 10:00:00,986.2,760.28,39.42,986.78
2025-04-22 11:00:00,1041.18,761.69,40.79,1041.82
2025-04-22 12:00:00,1029.9,774.9,41.6,1030.1
2025-04-22 13:00:00,940.58,730.58,41.98,941.03
2025-04-22 14:00:00,777.25,638.65,41.93,783.12
2025-04-22 15:00:00,558.97,573.95,41.44,569.38
2025-04-22 16:00:00,314.35,330.35,40.38,323.55
2025-04-22 17:00:00,94.25,81.17,36.75,97.9
2025-04-22 18:00:00,0.0,0.0,34.2,0.0
2025-04-22 19:00:00,0.0,0.0,33.16,0.0
2025-04-22 20:00:00,0.0,0.0,31.97,0.0
2025-04-22 21:00:00,0.0,0.0,30.36,0.0
2025-04-22 22:00:00,0.0,0.0,29.38,0.0
2025-04-22 23:00:00,0.0,0.0,28.77,0.0
2025-04-23 00:00:00,0.0,0.0,28.5,0.0
2025-04-23 01:00:00,0.0,0.0,28.22,0.0
2025-04-23 02:00:00,0.0,0.0,27.94,0.0
2025-04-23 03:00:00,0.0,0.0,27.86,0.0
2025-04-23 04:00:00,0.0,0.0,27.53,0.0
2025-04-23 05:00:00,15.7,4.33,27.1,15.8
2025-04-23 06:00:00,185.9,319.29,27.69,187.73
2025-04-23 07:00:00,432.08,559.45,29.8,435.15
2025-04-23 08:00:00,667.97,691.72,33.11,671.7
2025-04-23 09:00:00,860.67,762.6,37.19,864.2
2025-04-23 10:00:00,978.7,722.61,40.32,997.45
2025-04-23 11:00:00,991.72,583.69,41.8,1043.78
2025-04-23 12:00:00,1003.0,664.71,42.64,1028.22
2025-04-23 13:00:00,927.38,656.94,43.05,936.42
2025-04-23 14:00:00,766.08,603.08,42.99,776.33
2025-04-23 15:00:00,550.2,487.35,42.45,560.35
2025-04-23 16:00:00,307.8,335.22,41.45,315.15
2025-04-23 17:00:00,92.72,73.87,39.31,94.32
2025-04-23 18:00:00,0.0,0.0,36.55,0.0
2025-04-23 19:00:00,0.0,0.0,33.98,0.0
2025-04-23 20:00:00,0.0,0.0,31.83,0.0
2025-04-23 21:00:00,0.0,0.0,30.34,0.0
2025-04-23 22:00:00,0.0,0.0,29.32,0.0
2025-04-23 23:00:00,0.0,0.0,28.4,0.0
2025-04-24 00:00:00,0.0,0.0,27.3,0.0
2025-04-24 01:00:00,0.0,0.0,26.05,0.0
2025-04-24 02:00:00,0.0,0.0,24.86,0.0
2025-04-24 03:00:00,0.0,0.0,23.9,0.0
2025-04-24 04:00:00,0.0,0.0,23.25,0.0
2025-04-24 05:00:00,14.75,0.94,23.06,14.95
2025-04-24 06:00:00,163.62,177.08,26.07,165.88
2025-04-24 07:00:00,385.45,374.83,29.02,388.85
2025-04-24 08:00:00,616.6,516.45,32.79,618.97
2025-04-24 09:00:00,812.75,596.9,36.73,813.4
2025-04-24 10:00:00,921.88,553.34,39.64,939.28
2025-04-24 11:00:00,1005.88,660.6,41.48,1006.85
2025-04-24 12:00:00,983.55,626.05,42.61,984.78
2025-04-24 13:00:00,861.92,495.36,43.34,878.2
2025-04-24 14:00:00,565.33,141.65,43.57,706.25
2025-04-24 15:00:00,402.23,59.15,43.18,491.27
2025-04-24 16:00:00,215.35,11.72,42.22,249.88
2025-04-24 17:00:00,67.6,0.0,39.09,69.47
2025-04-24 18:00:00,0.0,0.0,35.18,0.0
2025-04-24 19:00:00,0.0,0.0,31.66,0.0
2025-04-24 20:00:00,0.0,0.0,29.74,0.0
2025-04-24 21:00:00,0.0,0.0,28.74,0.0
2025-04-24 22:00:00,0.0,0.0,27.73,0.0
2025-04-24 23:00:00,0.0,0.0,26.64,0.0
2025-04-25 00:00:00,0.0,0.0,25.65,0.0
2025-04-25 01:00:00,0.0,0.0,24.79,0.0
2025-04-25 02:00:00,0.0,0.0,24.06,0.0
2025-04-25 03:00:00,0.0,0.0,23.61,0.0
2025-04-25 04:00:00,0.0,0.0,23.28,0.0
2025-04-25 05:00:00,14.12,0.0,23.02,14.1
2025-04-25 06:00:00,138.68,39.31,23.38,144.32
2025-04-25 07:00:00,337.02,176.17,24.8,356.92
2025-04-25 08:00:00,558.92,290.9,27.32,585.92
2025-04-25 09:00:00,756.58,397.63,29.99,783.2
2025-04-25 10:00:00,899.42,438.78,32.33,920.35
2025-04-25 11:00:00,1008.53,605.8,34.09,1020.28
2025-04-25 12:00:00,1001.92,638.39,35.32,1002.0
2025-04-25 13:00:00,908.28,568.74,36.03,908.47
2025-04-25 14:00:00,745.6,492.37,36.14,746.0
2025-04-25 15:00:00,530.5,390.86,35.57,531.03
2025-04-25 16:00:00,293.42,231.33,34.26,293.88
2025-04-25 17:00:00,90.78,42.79,32.07,90.95
2025-04-25 18:00:00,0.0,0.0,28.85,0.0
2025-04-25 19:00:00,0.0,0.0,27.44,0.0
2025-04-25 20:00:00,0.0,0.0,25.95,0.0
2025-04-25 21:00:00,0.0,0.0,24.55,0.0
2025-04-25 22:00:00,0.0,0.0,23.36,0.0
2025-04-25 23:00:00,0.0,0.0,22.34,0.0
2025-04-26 00:00:00,0.0,0.0,21.43,0.0
2025-04-26 01:00:00,0.0,0.0,20.57,0.0
2025-04-26 02:00:00,0.0,0.0,19.8,0.0
2025-04-26 03:00:00,0.0,0.0,19.06,0.0
2025-04-26 04:00:00,0.0,0.0,18.39,0.0
2025-04-26 05:00:00,18.27,2.5,17.96,18.35
2025-04-26 06:00:00,191.9,258.6,19.21,193.98
2025-04-26 07:00:00,440.2,518.06,22.41,442.62
2025-04-26 08:00:00,680.45,662.87,25.75,681.3
2025-04-26 09:00:00,877.2,748.65,28.03,877.7
2025-04-26 10:00:00,1010.7,788.7,30.06,1010.97
2025-04-26 11:00:00,1075.85,875.46,31.78,1075.97
2025-04-26 12:00:00,1058.68,857.67,33.01,1058.68
2025-04-26 13:00:00,963.72,777.14,33.73,966.03
2025-04-26 14:00:00,801.08,696.09,33.87,805.78
2025-04-26 15:00:00,583.3,586.52,33.43,589.97
2025-04-26 16:00:00,335.17,410.85,32.31,341.83
2025-04-26 17:00:00,107.88,123.43,30.12,110.18
2025-04-26 18:00:00,0.0,0.0,26.61,0.0
2025-04-26 19:00:00,0.0,0.0,25.52,0.0
2025-04-26 20:00:00,0.0,0.0,24.42,0.0
2025-04-26 21:00:00,0.0,0.0,23.29,0.0
2025-04-26 22:00:00,0.0,0.0,22.26,0.0
2025-04-26 23:00:00,0.0,0.0,21.4,0.0
2025-04-27 00:00:00,0.0,0.0,20.61,0.0
2025-04-27 01:00:00,0.0,0.0,20.17,0.0
2025-04-27 02:00:00,0.0,0.0,19.72,0.0
2025-04-27 03:00:00,0.0,0.0,18.81,0.0
2025-04-27 04:00:00,0.0,0.0,18.25,0.0
2025-04-27 05:00:00,18.77,2.78,18.5,18.98
2025-04-27 06:00:00,179.62,175.89,19.42,193.4
2025-04-27 07:00:00,397.62,312.43,21.27,438.35
2025-04-27 08:00:00,603.58,373.97,25.45,672.33
2025-04-27 09:00:00,804.22,466.89,28.45,866.03
2025-04-27 10:00:00,953.22,564.34,30.18,997.8
2025-04-27 11:00:00,1023.72,607.9,31.23,1064.1
2025-04-27 12:00:00,993.25,584.86,32.19,1047.55
2025-04-27 13:00:00,824.7,367.43,32.99,956.22
2025-04-27 14:00:00,583.8,101.98,33.33,794.03
2025-04-27 15:00:00,387.95,35.45,32.92,580.2
2025-04-27 16:00:00,214.9,25.85,32.23,333.67
2025-04-27 17:00:00,76.35,7.94,30.44,105.5
2025-04-27 18:00:00,0.0,0.0,27.15,0.0
2025-04-27 19:00:00,0.0,0.0,25.65,0.0
2025-04-27 20:00:00,0.0,0.0,24.81,0.0
2025-04-27 21:00:00,0.0,0.0,24.16,0.0
2025-04-27 22:00:00,0.0,0.0,23.45,0.0
2025-04-27 23:00:00,0.0,0.0,22.63,0.0
2025-04-28 00:00:00,0.0,0.0,21.97,0.0
2025-04-28 01:00:00,0.0,0.0,21.26,0.0
2025-04-28 02:00:00,0.0,0.0,20.54,0.0
2025-04-28 03:00:00,0.0,0.0,19.8,0.0
2025-04-28 04:00:00,0.0,0.0,19.08,0.0
2025-04-28 05:00:00,19.02,2.79,18.59,19.65
2025-04-28 06:00:00,186.9,244.07,20.14,193.35
2025-04-28 07:00:00,430.15,490.39,23.31,441.58
2025-04-28 08:00:00,667.88,658.71,27.28,680.58
2025-04-28 09:00:00,865.3,744.15,29.55,876.05
2025-04-28 10:00:00,1001.15,789.53,31.45,1009.12
2025-04-28 11:00:00,1067.18,834.4,33.04,1072.1
2025-04-28 12:00:00,1052.97,876.89,34.23,1055.3
2025-04-28 13:00:00,964.65,822.17,34.9,964.75
2025-04-28 14:00:00,806.25,761.59,35.05,806.72
2025-04-28 15:00:00,592.53,674.55,34.61,593.47
2025-04-28 16:00:00,347.15,508.66,33.58,348.3
2025-04-28 17:00:00,116.4,213.94,31.6,117.0
2025-04-28 18:00:00,0.0,0.0,27.87,0.0
2025-04-28 19:00:00,0.0,0.0,26.66,0.0
2025-04-28 20:00:00,0.0,0.0,25.88,0.0
2025-04-28 21:00:00,0.0,0.0,24.88,0.0
2025-04-28 22:00:00,0.0,0.0,23.86,0.0
2025-04-28 23:00:00,0.0,0.0,22.99,0.0
2025-04-29 00:00:00,0.0,0.0,22.19,0.0
2025-04-29 01:00:00,0.0,0.0,21.45,0.0
2025-04-29 02:00:00,0.0,0.0,20.74,0.0
2025-04-29 03:00:00,0.0,0.0,19.99,0.0
2025-04-29 04:00:00,0.0,0.0,19.23,0.0
2025-04-29 05:00:00,21.17,9.53,18.83,21.7
2025-04-29 06:00:00,198.57,310.84,21.59,203.1
2025-04-29 07:00:00,441.12,547.05,24.57,449.55
2025-04-29 08:00:00,674.33,691.35,28.09,684.0
2025-04-29 09:00:00,866.12,771.25,31.7,874.78
2025-04-29 10:00:00,997.9,806.93,33.93,1004.53
2025-04-29 11:00:00,1054.65,822.98,35.58,1058.93
2025-04-29 12:00:00,1039.82,814.43,36.75,1041.95
2025-04-29 13:00:00,950.47,763.56,37.41,950.55
2025-04-29 14:00:00,790.62,695.98,37.53,791.55
2025-04-29 15:00:00,576.53,593.26,37.23,578.12
2025-04-29 16:00:00,332.5,417.46,36.43,334.12
2025-04-29 17:00:00,109.8,140.77,33.39,110.45
2025-04-29 18:00:00,0.0,0.0,29.77,0.0
2025-04-29 19:00:00,0.0,0.0,28.44,0.0
2025-04-29 20:00:00,0.0,0.0,27.17,0.0
2025-04-29 21:00:00,0.0,0.0,25.68,0.0
2025-04-29 22:00:00,0.0,0.0,24.31,0.0
2025-04-29 23:00:00,0.0,0.0,23.51,0.0
2025-04-30 00:00:00,0.0,0.0,23.65,0.0
2025-04-30 01:00:00,0.0,0.0,23.97,0.0
2025-04-30 02:00:00,0.0,0.0,23.91,0.0
2025-04-30 03:00:00,0.0,0.0,23.65,0.0
2025-04-30 04:00:00,0.0,0.0,23.26,0.0
2025-04-30 05:00:00,20.8,1.54,22.93,20.8
2025-04-30 06:00:00,182.65,181.49,24.01,182.77
2025-04-30 07:00:00,413.17,376.51,26.64,413.45
2025-04-30 08:00:00,645.38,526.31,30.36,645.8
2025-04-30 09:00:00,839.1,608.88,34.05,839.72
2025-04-30 10:00:00,972.15,667.4,36.72,972.92
2025-04-30 11:00:00,1041.8,786.29,38.03,1042.7
2025-04-30 12:00:00,1027.32,762.58,39.03,1027.65
2025-04-30 13:00:00,938.8,706.37,39.56,939.2
2025-04-30 14:00:00,749.33,558.02,39.54,778.75
2025-04-30 15:00:00,540.9,479.77,39.0,564.72
2025-04-30 16:00:00,298.67,296.64,37.82,321.33
2025-04-30 17:00:00,97.53,67.21,35.26,104.1
2025-04-30 18:00:00,0.0,0.0,31.92,0.0
2025-04-30 19:00:00,0.0,0.0,30.49,0.0
2025-04-30 20:00:00,0.0,0.0,28.75,0.0
2025-04-30 21:00:00,0.0,0.0,27.14,0.0
2025-04-30 22:00:00,0.0,0.0,25.76,0.0
2025-04-30 23:00:00,0.0,0.0,24.57,0.0
2025-05-01 00:00:00,0.0,0.0,23.41,0.0
2025-05-01 01:00:00,0.0,0.0,22.31,0.0
2025-05-01 02:00:00,0.0,0.0,21.38,0.0
2025-05-01 03:00:00,0.0,0.0,20.65,0.0
2025-05-01 04:00:00,0.0,0.0,20.01,0.0
2025-05-01 05:00:00,16.33,0.0,19.52,16.38
2025-05-01 06:00:00,130.05,6.63,20.57,130.98
2025-05-01 07:00:00,302.35,55.66,22.84,306.48
2025-05-01 08:00:00,507.5,122.42,25.25,515.2
2025-05-01 09:00:00,692.05,177.42,27.54,702.78
2025-05-01 10:00:00,823.3,215.94,29.66,835.97
2025-05-01 11:00:00,985.67,480.42,31.25,1001.7
2025-05-01 12:00:00,968.03,492.18,32.33,983.85
2025-05-01 13:00:00,884.25,433.26,32.91,891.1
2025-05-01 14:00:00,720.78,380.44,32.95,728.72
2025-05-01 15:00:00,507.35,287.33,32.51,515.38
2025-05-01 16:00:00,277.15,145.98,31.52,282.6
2025-05-01 17:00:00,91.25,20.03,29.68,92.97
2025-05-01 18:00:00,0.0,0.0,26.52,0.0
2025-05-01 19:00:00,0.0,0.0,25.35,0.0
2025-05-01 20:00:00,0.0,0.0,24.22,0.0
2025-05-01 21:00:00,0.0,0.0,23.03,0.0
2025-05-01 22:00:00,0.0,0.0,21.93,0.0
2025-05-01 23:00:00,0.0,0.0,20.83,0.0
2025-05-02 00:00:00,0.0,0.0,19.97,0.0
2025-05-02 01:00:00,0.0,0.0,19.23,0.0
2025-05-02 02:00:00,0.0,0.0,18.6,0.0
2025-05-02 03:00:00,0.0,0.0,17.99,0.0
2025-05-02 04:00:00,0.0,0.0,17.4,0.0
2025-05-02 05:00:00,23.77,12.26,17.01,24.05
2025-05-02 06:00:00,208.55,340.51,18.21,214.35
2025-05-02 07:00:00,452.1,568.79,21.35,461.52
2025-05-02 08:00:00,685.42,695.0,24.42,694.78
2025-05-02 09:00:00,876.85,779.21,26.39,884.62
2025-05-02 10:00:00,1007.92,824.62,28.15,1013.28
2025-05-02 11:00:00,1063.65,834.62,29.55,1066.43
2025-05-02 12:00:00,1050.35,835.04,30.54,1050.43
2025-05-02 13:00:00,957.35,752.51,30.99,960.58
2025-05-02 14:00:00,795.92,678.63,30.87,802.33
2025-05-02 15:00:00,579.67,566.63,30.17,588.75
2025-05-02 16:00:00,333.0,384.71,28.88,342.08
2025-05-02 17:00:00,113.6,111.45,27.01,116.07
2025-05-02 18:00:00,0.0,0.0,23.42,0.0
2025-05-02 19:00:00,0.0,0.0,22.01,0.0
2025-05-02 20:00:00,0.0,0.0,21.09,0.0
2025-05-02 21:00:00,0.0,0.0,20.34,0.0
2025-05-02 22:00:00,0.0,0.0,19.69,0.0
2025-05-02 23:00:00,0.0,0.0,18.95,0.0
2025-05-03 00:00:00,0.0,0.0,18.15,0.0
2025-05-03 01:00:00,0.0,0.0,17.43,0.0
2025-05-03 02:00:00,0.0,0.0,16.77,0.0
2025-05-03 03:00:00,0.0,0.0,16.16,0.0
2025-05-03 04:00:00,0.0,0.0,15.54,0.0
2025-05-03 05:00:00,22.98,1.09,15.27,23.4
2025-05-03 06:00:00,190.0,154.02,17.12,194.38
2025-05-03 07:00:00,423.58,369.54,20.62,433.0
2025-05-03 08:00:00,659.55,513.62,24.44,670.35
2025-05-03 09:00:00,854.88,585.32,26.3,864.9
2025-05-03 10:00:00,990.08,623.39,27.84,997.85
2025-05-03 11:00:00,1059.28,713.55,29.02,1064.38
2025-05-03 12:00:00,1041.4,677.93,29.89,1044.35
2025-05-03 13:00:00,948.33,632.64,30.36,948.88
2025-05-03 14:00:00,780.5,551.41,30.28,781.33
2025-05-03 15:00:00,556.97,416.54,29.69,558.05
2025-05-03 16:00:00,308.8,231.46,28.57,309.73
2025-05-03 17:00:00,103.05,40.44,26.9,103.35
2025-05-03 18:00:00,0.0,0.0,24.07,0.0
2025-05-03 19:00:00,0.0,0.0,22.78,0.0
2025-05-03 20:00:00,0.0,0.0,21.96,0.0
2025-05-03 21:00:00,0.0,0.0,21.15,0.0
2025-05-03 22:00:00,0.0,0.0,20.37,0.0
2025-05-03 23:00:00,0.0,0.0,19.64,0.0
2025-05-04 00:00:00,0.0,0.0,18.93,0.0
2025-05-04 01:00:00,0.0,0.0,18.24,0.0
2025-05-04 02:00:00,0.0,0.0,17.56,0.0
2025-05-04 03:00:00,0.0,0.0,16.9,0.0
2025-05-04 04:00:00,0.0,0.0,16.27,0.0
2025-05-04 05:00:00,21.83,0.36,15.87,22.3
2025-05-04 06:00:00,174.52,96.59,17.27,179.05
2025-05-04 07:00:00,401.08,290.4,20.82,411.02
2025-05-04 08:00:00,635.28,437.86,23.39,647.12
2025-05-04 09:00:00,834.4,520.51,25.1,844.65
2025-05-04 10:00:00,971.42,570.07,26.62,978.45
2025-05-04 11:00:00,1058.47,829.02,27.95,1058.93
2025-05-04 12:00:00,1038.1,750.98,28.97,1038.47
2025-05-04 13:00:00,940.78,652.79,29.61,941.05
2025-05-04 14:00:00,773.53,548.98,29.74,773.78
2025-05-04 15:00:00,550.9,408.55,29.4,551.12
2025-05-04 16:00:00,305.95,225.6,28.54,306.05
2025-05-04 17:00:00,101.55,39.74,27.09,101.57
2025-05-04 18:00:00,0.0,0.0,24.04,0.0
2025-05-04 19:00:00,0.0,0.0,22.8,0.0
2025-05-04 20:00:00,0.0,0.0,22.03,0.0
2025-05-04 21:00:00,0.0,0.0,21.24,0.0
2025-05-04 22:00:00,0.0,0.0,20.41,0.0
2025-05-04 23:00:00,0.0,0.0,19.56,0.0
2025-05-05 00:00:00,0.0,0.0,18.77,0.0
2025-05-05 01:00:00,0.0,0.0,18.05,0.0
2025-05-05 02:00:00,0.0,0.0,17.4,0.0
2025-05-05 03:00:00,0.0,0.0,16.82,0.0
2025-05-05 04:00:00,0.0,0.0,16.29,0.0
2025-05-05 05:00:00,23.45,2.27,16.19,23.98
2025-05-05 06:00:00,193.88,220.69,18.08,199.1
2025-05-05 07:00:00,433.92,478.97,21.73,443.88
2025-05-05 08:00:00,668.25,653.2,24.88,679.92
2025-05-05 09:00:00,861.7,745.98,26.58,872.45
2025-05-05 10:00:00,995.0,804.58,28.07,1003.0
2025-05-05 11:00:00,1044.22,792.75,29.32,1049.47
2025-05-05 12:00:00,1031.15,791.81,30.33,1034.38
2025-05-05 13:00:00,944.55,753.2,31.09,945.4
2025-05-05 14:00:00,789.5,697.71,31.47,790.8
2025-05-05 15:00:00,580.15,612.45,31.36,581.65
2025-05-05 16:00:00,341.12,447.77,30.68,342.38
2025-05-05 17:00:00,122.05,201.34,29.1,122.53
2025-05-05 18:00:00,0.0,0.0,25.16,0.0
2025-05-05 19:00:00,0.0,0.0,23.92,0.0
2025-05-05 20:00:00,0.0,0.0,23.26,0.0
2025-05-05 21:00:00,0.0,0.0,22.67,0.0
2025-05-05 22:00:00,0.0,0.0,21.95,0.0
2025-05-05 23:00:00,0.0,0.0,21.11,0.0
2025-05-06 00:00:00,0.0,0.0,20.17,0.0
2025-05-06 01:00:00,0.0,0.0,19.16,0.0
2025-05-06 02:00:00,0.0,0.0,18.35,0.0
2025-05-06 03:00:00,0.0,0.0,17.71,0.0
2025-05-06 04:00:00,0.0,0.0,17.06,0.0
2025-05-06 05:00:00,29.98,59.49,16.86,30.42
2025-05-06 06:00:00,226.98,466.4,19.15,232.18
2025-05-06 07:00:00,470.12,662.08,22.16,476.33
2025-05-06 08:00:00,698.72,783.41,26.15,703.62
2025-05-06 09:00:00,885.4,849.45,28.85,888.67
2025-05-06 10:00:00,1013.2,869.48,30.66,1014.88
2025-05-06 11:00:00,1058.93,898.7,32.02,1059.78
2025-05-06 12:00:00,1042.95,893.09,33.1,1043.03
2025-05-06 13:00:00,952.4,832.81,33.77,953.12
2025-05-06 14:00:00,795.53,774.34,34.0,797.38
2025-05-06 15:00:00,586.12,684.11,33.76,588.95
2025-05-06 16:00:00,346.23,511.95,32.99,349.15
2025-05-06 17:00:00,116.68,234.73,30.74,117.85
2025-05-06 18:00:00,3.55,0.87,26.39,3.58
2025-05-06 19:00:00,0.0,0.0,25.02,0.0
2025-05-06 20:00:00,0.0,0.0,24.13,0.0
2025-05-06 21:00:00,0.0,0.0,23.28,0.0
2025-05-06 22:00:00,0.0,0.0,22.47,0.0
2025-05-06 23:00:00,0.0,0.0,21.63,0.0
2025-05-07 00:00:00,0.0,0.0,20.67,0.0
2025-05-07 01:00:00,0.0,0.0,19.64,0.0
2025-05-07 02:00:00,0.0,0.0,18.68,0.0
2025-05-07 03:00:00,0.0,0.0,17.82,0.0
2025-05-07 04:00:00,0.0,0.0,17.08,0.0
2025-05-07 05:00:00,29.9,46.89,16.89,30.35
2025-05-07 06:00:00,227.68,429.33,20.33,231.45
2025-05-07 07:00:00,474.02,670.22,23.43,478.3
2025-05-07 08:00:00,706.33,800.84,27.7,709.35
2025-05-07 09:00:00,895.58,868.92,31.34,897.33
2025-05-07 10:00:00,1023.85,879.01,33.36,1024.75
2025-05-07 11:00:00,1078.47,973.08,34.75,1078.88
2025-05-07 12:00:00,1062.57,938.99,35.72,1062.57
2025-05-07 13:00:00,973.08,884.98,36.3,973.15
2025-05-07 14:00:00,817.4,822.87,36.42,817.55
2025-05-07 15:00:00,606.92,733.93,36.02,607.2
2025-05-07 16:00:00,363.88,581.21,35.09,364.17
2025-05-07 17:00:00,126.28,286.09,32.04,126.43
2025-05-07 18:00:00,3.97,1.78,27.38,3.97
2025-05-07 19:00:00,0.0,0.0,25.84,0.0
2025-05-07 20:00:00,0.0,0.0,24.99,0.0
2025-05-07 21:00:00,0.0,0.0,24.39,0.0
2025-05-07 22:00:00,0.0,0.0,23.86,0.0
2025-05-07 23:00:00,0.0,0.0,23.24,0.0
2025-05-08 00:00:00,0.0,0.0,22.46,0.0
2025-05-08 01:00:00,0.0,0.0,21.63,0.0
2025-05-08 02:00:00,0.0,0.0,20.83,0.0
2025-05-08 03:00:00,0.0,0.0,20.13,0.0
2025-05-08 04:00:00,0.0,0.0,19.52,0.0
2025-05-08 05:00:00,30.48,40.05,19.5,31.02
2025-05-08 06:00:00,225.2,401.9,22.39,229.43
2025-05-08 07:00:00,466.75,623.38,25.52,472.25
2025-05-08 08:00:00,696.25,745.25,29.56,700.78
2025-05-08 09:00:00,883.47,828.0,33.16,886.62
2025-05-08 10:00:00,1011.35,848.97,35.25,1013.25
2025-05-08 11:00:00,1069.1,958.36,36.62,1070.03
2025-05-08 12:00:00,1054.18,928.44,37.59,1054.18
2025-05-08 13:00:00,970.5,876.14,38.24,970.78
2025-05-08 14:00:00,815.53,818.68,38.44,816.12
2025-05-08 15:00:00,607.05,732.77,38.17,607.53
2025-05-08 16:00:00,365.38,580.19,37.32,365.67
2025-05-08 17:00:00,126.68,286.12,34.25,126.78
2025-05-08 18:00:00,4.12,1.9,29.68,4.12
2025-05-08 19:00:00,0.0,0.0,28.04,0.0
2025-05-08 20:00:00,0.0,0.0,26.92,0.0
2025-05-08 21:00:00,0.0,0.0,25.91,0.0
2025-05-08 22:00:00,0.0,0.0,25.01,0.0
2025-05-08 23:00:00,0.0,0.0,24.18,0.0
2025-05-09 00:00:00,0.0,0.0,23.39,0.0
2025-05-09 01:00:00,0.0,0.0,22.61,0.0
2025-05-09 02:00:00,0.0,0.0,21.77,0.0
2025-05-09 03:00:00,0.0,0.0,20.95,0.0
2025-05-09 04:00:00,0.0,0.0,20.56,0.0
2025-05-09 05:00:00,32.1,47.29,21.25,32.25
2025-05-09 06:00:00,232.73,439.55,24.19,233.88
2025-05-09 07:00:00,479.62,670.7,27.28,481.23
2025-05-09 08:00:00,710.9,786.75,30.75,712.55
2025-05-09 09:00:00,898.4,840.31,34.84,899.95
2025-05-09 10:00:00,1025.7,876.47,37.22,1027.07
2025-05-09 11:00:00,1075.65,930.61,38.53,1076.82
2025-05-09 12:00:00,1059.47,893.56,39.46,1060.43
2025-05-09 13:00:00,970.05,842.78,40.01,970.3
2025-05-09 14:00:00,813.05,779.07,40.07,813.75
2025-05-09 15:00:00,602.4,692.83,39.64,603.4
2025-05-09 16:00:00,359.55,528.31,38.68,360.58
2025-05-09 17:00:00,124.07,238.81,35.23,124.55
2025-05-09 18:00:00,4.3,0.81,30.49,4.3
2025-05-09 19:00:00,0.0,0.0,28.78,0.0
2025-05-09 20:00:00,0.0,0.0,27.68,0.0
2025-05-09 21:00:00,0.0,0.0,26.69,0.0
2025-05-09 22:00:00,0.0,0.0,25.76,0.0
2025-05-09 23:00:00,0.0,0.0,24.85,0.0
2025-05-10 00:00:00,0.0,0.0,23.99,0.0
2025-05-10 01:00:00,0.0,0.0,23.2,0.0
2025-05-10 02:00:00,0.0,0.0,22.53,0.0
2025-05-10 03:00:00,0.0,0.0,22.11,0.0
2025-05-10 04:00:00,0.0,0.0,22.03,0.0
2025-05-10 05:00:00,32.0,41.28,22.62,32.22
2025-05-10 06:00:00,228.5,412.09,24.88,230.35
2025-05-10 07:00:00,471.45,628.13,27.85,474.6
2025-05-10 08:00:00,699.97,743.28,31.79,703.47
2025-05-10 09:00:00,887.1,794.26,36.35,890.38
2025-05-10 10:00:00,1014.22,827.07,38.86,1016.97
2025-05-10 11:00:00,1064.5,877.34,40.29,1066.7
2025-05-10 12:00:00,1047.53,814.0,41.23,1049.32
2025-05-10 13:00:00,957.25,780.41,41.68,958.65
2025-05-10 14:00:00,799.92,719.14,41.62,801.92
2025-05-10 15:00:00,589.83,624.28,41.03,592.08
2025-05-10 16:00:00,348.62,455.54,39.88,350.58
2025-05-10 17:00:00,119.18,184.79,36.31,119.95
2025-05-10 18:00:00,4.32,0.0,31.28,4.32
2025-05-10 19:00:00,0.0,0.0,29.64,0.0
2025-05-10 20:00:00,0.0,0.0,28.59,0.0
2025-05-10 21:00:00,0.0,0.0,27.77,0.0
2025-05-10 22:00:00,0.0,0.0,27.07,0.0
2025-05-10 23:00:00,0.0,0.0,26.44,0.0
2025-05-11 00:00:00,0.0,0.0,25.76,0.0
2025-05-11 01:00:00,0.0,0.0,24.99,0.0
2025-05-11 02:00:00,0.0,0.0,24.19,0.0
2025-05-11 03:00:00,0.0,0.0,23.49,0.0
2025-05-11 04:00:00,0.0,0.0,22.95,0.0
2025-05-11 05:00:00,30.0,18.49,23.05,30.4
2025-05-11 06:00:00,214.32,306.62,25.9,217.65
2025-05-11 07:00:00,451.7,536.54,29.01,456.7
2025-05-11 08:00:00,680.15,672.27,32.94,684.92
2025-05-11 09:00:00,868.97,740.5,36.35,872.78
2025-05-11 10:00:00,997.9,778.46,38.29,1000.67
2025-05-11 11:00:00,1050.12,838.62,39.56,1051.9
2025-05-11 12:00:00,1032.97,787.19,40.45,1033.38
2025-05-11 13:00:00,937.5,697.12,40.92,941.0
2025-05-11 14:00:00,774.35,610.99,40.87,781.05
2025-05-11 15:00:00,559.47,487.13,40.39,569.83
2025-05-11 16:00:00,321.9,323.3,39.42,331.12
2025-05-11 17:00:00,108.05,97.49,36.47,111.18
2025-05-11 18:00:00,4.3,0.0,32.17,4.32
2025-05-11 19:00:00,0.0,0.0,30.99,0.0
2025-05-11 20:00:00,0.0,0.0,30.51,0.0
2025-05-11 21:00:00,0.0,0.0,29.85,0.0
2025-05-11 22:00:00,0.0,0.0,28.83,0.0
2025-05-11 23:00:00,0.0,0.0,27.67,0.0
2025-05-12 00:00:00,0.0,0.0,26.57,0.0
2025-05-12 01:00:00,0.0,0.0,25.65,0.0
2025-05-12 02:00:00,0.0,0.0,25.13,0.0
2025-05-12 03:00:00,0.0,0.0,24.8,0.0
2025-05-12 04:00:00,0.0,0.0,24.59,0.0
2025-05-12 05:00:00,28.65,3.52,25.15,28.67
2025-05-12 06:00:00,198.4,179.57,28.04,198.77
2025-05-12 07:00:00,425.48,365.11,30.66,426.05
2025-05-12 08:00:00,652.3,493.63,34.33,652.9
2025-05-12 09:00:00,840.05,563.26,37.36,840.62
2025-05-12 10:00:00,967.65,619.42,39.14,968.2
2025-05-12 11:00:00,1014.9,623.03,40.29,1015.45
2025-05-12 12:00:00,992.62,592.08,40.88,992.8
2025-05-12 13:00:00,898.05,540.77,41.04,899.17
2025-05-12 14:00:00,738.85,475.34,40.56,740.58
2025-05-12 15:00:00,531.67,379.31,39.45,533.53
2025-05-12 16:00:00,303.8,234.97,37.77,305.1
2025-05-12 17:00:00,102.32,55.12,35.73,102.7
2025-05-12 18:00:00,4.22,0.0,32.97,4.22
2025-05-12 19:00:00,0.0,0.0,30.9,0.0
2025-05-12 20:00:00,0.0,0.0,29.5,0.0
2025-05-12 21:00:00,0.0,0.0,28.39,0.0
2025-05-12 22:00:00,0.0,0.0,27.48,0.0
2025-05-12 23:00:00,0.0,0.0,26.6,0.0
2025-05-13 00:00:00,0.0,0.0,25.63,0.0
2025-05-13 01:00:00,0.0,0.0,24.57,0.0
2025-05-13 02:00:00,0.0,0.0,23.77,0.0
2025-05-13 03:00:00,0.0,0.0,23.22,0.0
2025-05-13 04:00:00,0.0,0.0,22.68,0.0
2025-05-13 05:00:00,32.0,17.4,22.7,32.33
2025-05-13 06:00:00,215.0,299.04,25.0,219.3
2025-05-13 07:00:00,447.1,491.74,28.03,453.4
2025-05-13 08:00:00,668.62,618.91,31.8,674.92
2025-05-13 09:00:00,850.92,677.61,34.36,856.22
2025-05-13 10:00:00,974.88,683.38,36.43,978.92
2025-05-13 11:00:00,1024.15,719.92,37.97,1027.0
2025-05-13 12:00:00,1007.75,705.32,39.18,1008.2
2025-05-13 13:00:00,915.9,645.74,40.18,917.12
2025-05-13 14:00:00,760.45,577.49,40.61,761.42
2025-05-13 15:00:00,553.97,476.28,40.52,554.65
2025-05-13 16:00:00,321.85,317.18,39.87,322.23
2025-05-13 17:00:00,109.7,96.23,37.7,109.8
2025-05-13 18:00:00,4.62,0.0,33.84,4.62
2025-05-13 19:00:00,0.0,0.0,32.36,0.0
2025-05-13 20:00:00,0.0,0.0,31.2,0.0
2025-05-13 21:00:00,0.0,0.0,30.16,0.0
2025-05-13 22:00:00,0.0,0.0,29.43,0.0
2025-05-13 23:00:00,0.0,0.0,28.89,0.0
2025-05-14 00:00:00,0.0,0.0,28.18,0.0
2025-05-14 01:00:00,0.0,0.0,27.2,0.0
2025-05-14 02:00:00,0.0,0.0,26.62,0.0
2025-05-14 03:00:00,0.0,0.0,26.03,0.0
2025-05-14 04:00:00,0.0,0.0,25.24,0.0
2025-05-14 05:00:00,29.6,3.39,25.04,29.58
2025-05-14 06:00:00,194.57,162.11,26.69,194.93
2025-05-14 07:00:00,410.73,311.76,29.55,411.67
2025-05-14 08:00:00,627.55,414.19,32.7,629.0
2025-05-14 09:00:00,810.85,474.94,35.29,812.7
2025-05-14 10:00:00,937.1,505.91,37.29,939.17
2025-05-14 11:00:00,1011.7,612.52,38.7,1013.85
2025-05-14 12:00:00,994.9,615.87,39.6,997.03
2025-05-14 13:00:00,906.5,575.78,40.03,908.47
2025-05-14 14:00:00,756.72,517.97,39.9,757.12
2025-05-14 15:00:00,551.25,428.83,39.22,551.6
2025-05-14 16:00:00,315.83,261.1,37.91,321.02
2025-05-14 17:00:00,107.7,57.69,35.93,110.2
2025-05-14 18:00:00,4.95,0.0,33.02,4.88
2025-05-14 19:00:00,0.0,0.0,31.15,0.0
2025-05-14 20:00:00,0.0,0.0,29.72,0.0
2025-05-14 21:00:00,0.0,0.0,28.21,0.0
2025-05-14 22:00:00,0.0,0.0,26.9,0.0
2025-05-14 23:00:00,0.0,0.0,25.72,0.0
2025-05-15 00:00:00,0.0,0.0,24.52,0.0
2025-05-15 01:00:00,0.0,0.0,23.48,0.0
2025-05-15 02:00:00,0.0,0.0,22.59,0.0
2025-05-15 03:00:00,0.0,0.0,22.0,0.0
2025-05-15 04:00:00,0.0,0.0,21.6,0.0
2025-05-15 05:00:00,33.95,18.08,21.39,34.12
2025-05-15 06:00:00,221.18,299.48,22.78,224.4
2025-05-15 07:00:00,458.15,522.89,25.83,461.12
2025-05-15 08:00:00,676.9,656.01,28.64,681.0
2025-05-15 09:00:00,861.53,703.25,30.53,864.7
2025-05-15 10:00:00,986.47,728.41,32.33,988.78
2025-05-15 11:00:00,1042.93,768.29,34.03,1044.43
2025-05-15 12:00:00,1022.25,745.19,35.46,1022.9
2025-05-15 13:00:00,937.81,699.04,36.43,941.07
2025-05-15 14:00:00,770.45,601.41,36.86,770.45
2025-05-15 15:00:00,560.33,491.52,36.74,560.35
2025-05-15 16:00:00,325.33,325.15,35.97,325.35
2025-05-15 17:00:00,112.07,100.54,34.27,112.1
2025-05-15 18:00:00,5.07,0.0,30.67,5.07
2025-05-15 19:00:00,0.0,0.0,29.09,0.0
2025-05-15 20:00:00,0.0,0.0,28.1,0.0
2025-05-15 21:00:00,0.0,0.0,27.24,0.0
2025-05-15 22:00:00,0.0,0.0,26.41,0.0
2025-05-15 23:00:00,0.0,0.0,25.83,0.0
2025-05-16 00:00:00,0.0,0.0,25.37,0.0
2025-05-16 01:00:00,0.0,0.0,24.93,0.0
2025-05-16 02:00:00,0.0,0.0,24.46,0.0
2025-05-16 03:00:00,0.0,0.0,23.75,0.0
2025-05-16 04:00:00,0.0,0.0,22.94,0.0
2025-05-16 05:00:00,30.83,4.15,22.87,30.98
2025-05-16 06:00:00,198.3,177.86,24.86,199.85
2025-05-16 07:00:00,426.0,369.96,27.66,429.25
2025-05-16 08:00:00,649.28,516.21,31.25,652.65
2025-05-16 09:00:00,831.03,587.79,34.7,833.83
2025-05-16 10:00:00,960.97,625.38,37.39,964.35
2025-05-16 11:00:00,1001.83,490.69,39.29,1020.55
2025-05-16 12:00:00,976.0,530.64,40.61,999.75
2025-05-16 13:00:00,888.47,502.23,41.48,907.47
2025-05-16 14:00:00,740.12,478.61,41.84,751.2
2025-05-16 15:00:00,540.83,413.97,41.72,544.53
2025-05-16 16:00:00,312.58,260.27,41.02,315.5
2025-05-16 17:00:00,107.4,69.81,38.28,108.47
2025-05-16 18:00:00,5.18,0.0,34.04,5.22
2025-05-16 19:00:00,0.0,0.0,32.59,0.0
2025-05-16 20:00:00,0.0,0.0,31.61,0.0
2025-05-16 21:00:00,0.0,0.0,30.51,0.0
2025-05-16 22:00:00,0.0,0.0,29.08,0.0
2025-05-16 23:00:00,0.0,0.0,27.71,0.0
2025-05-17 00:00:00,0.0,0.0,26.71,0.0
2025-05-17 01:00:00,0.0,0.0,26.07,0.0
2025-05-17 02:00:00,0.0,0.0,25.53,0.0
2025-05-17 03:00:00,0.0,0.0,25.0,0.0
2025-05-17 04:00:00,0.0,0.0,24.48,0.0
2025-05-17 05:00:00,32.17,6.73,24.57,32.42
2025-05-17 06:00:00,204.5,209.26,27.49,206.4
2025-05-17 07:00:00,425.9,388.12,30.29,429.15
2025-05-17 08:00:00,650.58,521.61,34.14,654.12
2025-05-17 09:00:00,838.4,597.58,38.47,841.47
2025-05-17 10:00:00,967.8,661.36,41.98,969.97
2025-05-17 11:00:00,1034.4,786.97,44.03,1035.53
2025-05-17 12:00:00,1026.23,750.09,45.08,1028.78
2025-05-17 13:00:00,933.08,688.12,45.44,933.97
2025-05-17 14:00:00,779.53,624.7,45.31,781.17
2025-05-17 15:00:00,573.12,528.19,44.75,575.17
2025-05-17 16:00:00,338.92,371.31,43.67,340.67
2025-05-17 17:00:00,122.12,137.05,40.38,122.88
2025-05-17 18:00:00,5.82,0.0,35.49,5.85
2025-05-17 19:00:00,0.0,0.0,33.66,0.0
2025-05-17 20:00:00,0.0,0.0,32.24,0.0
2025-05-17 21:00:00,0.0,0.0,30.73,0.0
2025-05-17 22:00:00,0.0,0.0,29.25,0.0
2025-05-17 23:00:00,0.0,0.0,28.04,0.0
2025-05-18 00:00:00,0.0,0.0,27.16,0.0
2025-05-18 01:00:00,0.0,0.0,26.46,0.0
2025-05-18 02:00:00,0.0,0.0,25.76,0.0
2025-05-18 03:00:00,0.0,0.0,25.21,0.0
2025-05-18 04:00:00,0.0,0.0,25.03,0.0
2025-05-18 05:00:00,33.53,5.72,25.34,33.65
2025-05-18 06:00:00,205.7,190.29,27.93,206.75
2025-05-18 07:00:00,434.52,371.36,30.57,436.02
2025-05-18 08:00:00,658.6,493.22,33.98,660.1
2025-05-18 09:00:00,844.47,551.0,37.42,845.72
2025-05-18 10:00:00,970.67,586.84,41.33,971.62
2025-05-18 11:00:00,1045.03,767.42,43.79,1045.68
2025-05-18 12:00:00,1029.9,726.47,45.11,1030.05
2025-05-18 13:00:00,939.45,675.94,45.74,939.9
2025-05-18 14:00:00,783.75,613.36,45.84,784.12
2025-05-18 15:00:00,576.05,515.62,45.45,576.38
2025-05-18 16:00:00,340.52,356.86,44.54,340.75
2025-05-18 17:00:00,121.28,121.34,40.78,121.38
2025-05-18 18:00:00,6.0,0.0,36.52,6.0
2025-05-18 19:00:00,0.0,0.0,34.84,0.0
2025-05-18 20:00:00,0.0,0.0,33.58,0.0
2025-05-18 21:00:00,0.0,0.0,32.17,0.0
2025-05-18 22:00:00,0.0,0.0,30.79,0.0
2025-05-18 23:00:00,0.0,0.0,29.66,0.0
2025-05-19 00:00:00,0.0,0.0,28.82,0.0
2025-05-19 01:00:00,0.0,0.0,28.02,0.0
2025-05-19 02:00:00,0.0,0.0,27.21,0.0
2025-05-19 03:00:00,0.0,0.0,26.49,0.0
2025-05-19 04:00:00,0.0,0.0,26.04,0.0
2025-05-19 05:00:00,32.9,3.39,25.76,33.0
2025-05-19 06:00:00,197.35,164.65,26.88,197.9
2025-05-19 07:00:00,419.42,326.29,29.61,420.3
2025-05-19 08:00:00,640.25,443.03,32.62,641.1
2025-05-19 09:00:00,824.8,506.99,35.75,825.47
2025-05-19 10:00:00,951.15,548.13,38.94,951.6
2025-05-19 11:00:00,1032.2,730.19,41.8,1032.45
2025-05-19 12:00:00,1014.4,669.07,43.61,1014.58
2025-05-19 13:00:00,921.65,601.95,44.55,921.75
2025-05-19 14:00:00,761.92,524.07,44.7,762.55
2025-05-19 15:00:00,551.17,412.67,44.3,552.0
2025-05-19 16:00:00,317.48,250.97,43.38,318.23
2025-05-19 17:00:00,112.47,63.33,40.17,112.8
2025-05-19 18:00:00,5.9,0.0,36.17,5.9
2025-05-19 19:00:00,0.0,0.0,34.9,0.0
2025-05-19 20:00:00,0.0,0.0,33.23,0.0
2025-05-19 21:00:00,0.0,0.0,31.75,0.0
2025-05-19 22:00:00,0.0,0.0,30.29,0.0
2025-05-19 23:00:00,0.0,0.0,29.11,0.0
2025-05-20 00:00:00,0.0,0.0,28.34,0.0
2025-05-20 01:00:00,0.0,0.0,27.64,0.0
2025-05-20 02:00:00,0.0,0.0,26.9,0.0
2025-05-20 03:00:00,0.0,0.0,26.14,0.0
2025-05-20 04:00:00,0.0,0.0,25.39,0.0
2025-05-20 05:00:00,32.78,2.18,25.01,32.85
2025-05-20 06:00:00,193.68,132.98,26.28,194.35
2025-05-20 07:00:00,415.3,293.43,28.87,416.42
2025-05-20 08:00:00,636.0,405.27,31.66,637.12
2025-05-20 09:00:00,822.08,469.0,34.33,823.0
2025-05-20 10:00:00,950.15,507.76,36.76,950.83
2025-05-20 11:00:00,1030.8,692.62,38.83,1031.28
2025-05-20 12:00:00,1011.72,630.61,40.38,1012.05
2025-05-20 13:00:00,919.55,571.14,41.08,919.72
2025-05-20 14:00:00,757.62,494.7,41.02,761.35
2025-05-20 15:00:00,545.03,372.28,40.26,550.2
2025-05-20 16:00:00,310.92,207.25,38.68,314.7
2025-05-20 17:00:00,109.15,35.49,36.26,109.88
2025-05-20 18:00:00,6.07,0.0,33.26,6.03
2025-05-20 19:00:00,0.0,0.0,31.47,0.0
2025-05-20 20:00:00,0.0,0.0,30.08,0.0
2025-05-20 21:00:00,0.0,0.0,28.86,0.0
2025-05-20 22:00:00,0.0,0.0,27.72,0.0
2025-05-20 23:00:00,0.0,0.0,26.73,0.0
2025-05-21 00:00:00,0.0,0.0,25.87,0.0
2025-05-21 01:00:00,0.0,0.0,25.06,0.0
2025-05-21 02:00:00,0.0,0.0,24.31,0.0
2025-05-21 03:00:00,0.0,0.0,23.48,0.0
2025-05-21 04:00:00,0.0,0.0,22.63,0.0
2025-05-21 05:00:00,35.88,8.93,22.1,35.92
2025-05-21 06:00:00,221.52,251.68,23.2,224.43
2025-05-21 07:00:00,461.05,468.93,25.48,466.25
2025-05-21 08:00:00,688.85,613.91,28.1,694.85
2025-05-21 09:00:00,876.45,688.06,30.78,882.03
2025-05-21 10:00:00,1004.2,732.88,33.25,1009.03
2025-05-21 11:00:00,1045.85,669.22,35.54,1049.65
2025-05-21 12:00:00,1031.9,671.44,37.26,1034.12
2025-05-21 13:00:00,944.62,649.38,38.3,944.83
2025-05-21 14:00:00,789.72,588.23,38.65,791.22
2025-05-21 15:00:00,581.92,498.98,38.26,584.72
2025-05-21 16:00:00,347.65,368.67,37.09,350.9
2025-05-21 17:00:00,126.72,137.59,34.77,128.25
2025-05-21 18:00:00,6.78,0.0,30.84,6.82
2025-05-21 19:00:00,0.0,0.0,29.35,0.0
2025-05-21 20:00:00,0.0,0.0,28.18,0.0
2025-05-21 21:00:00,0.0,0.0,27.02,0.0
2025-05-21 22:00:00,0.0,0.0,25.96,0.0
2025-05-21 23:00:00,0.0,0.0,24.98,0.0
2025-05-22 00:00:00,0.0,0.0,24.09,0.0
2025-05-22 01:00:00,0.0,0.0,23.32,0.0
2025-05-22 02:00:00,0.0,0.0,22.63,0.0
2025-05-22 03:00:00,0.0,0.0,22.01,0.0
2025-05-22 04:00:00,0.0,0.0,21.35,0.0
2025-05-22 05:00:00,37.53,17.3,21.07,37.53
2025-05-22 06:00:00,224.32,271.74,22.32,225.32
2025-05-22 07:00:00,460.58,487.61,25.43,462.05
2025-05-22 08:00:00,685.33,614.44,28.88,686.67
2025-05-22 09:00:00,869.9,696.03,31.92,870.95
2025-05-22 10:00:00,995.97,734.17,34.5,996.67
2025-05-22 11:00:00,1042.07,719.7,36.61,1042.5
2025-05-22 12:00:00,1027.7,729.49,37.97,1027.8
2025-05-22 13:00:00,940.9,681.8,38.6,941.0
2025-05-22 14:00:00,789.03,631.99,38.47,789.12
2025-05-22 15:00:00,584.62,539.71,37.59,584.75
2025-05-22 16:00:00,350.77,386.67,36.07,350.88
2025-05-22 17:00:00,128.95,147.89,33.91,129.0
2025-05-22 18:00:00,7.0,0.0,30.22,7.0
2025-05-22 19:00:00,0.0,0.0,28.39,0.0
2025-05-22 20:00:00,0.0,0.0,27.23,0.0
2025-05-22 21:00:00,0.0,0.0,26.01,0.0
2025-05-22 22:00:00,0.0,0.0,24.84,0.0
2025-05-22 23:00:00,0.0,0.0,23.86,0.0
2025-05-23 00:00:00,0.0,0.0,22.96,0.0
2025-05-23 01:00:00,0.0,0.0,22.08,0.0
2025-05-23 02:00:00,0.0,0.0,21.23,0.0
2025-05-23 03:00:00,0.0,0.0,20.47,0.0
2025-05-23 04:00:00,0.0,0.0,19.76,0.0
2025-05-23 05:00:00,41.45,52.64,19.61,42.25
2025-05-23 06:00:00,242.75,411.19,21.4,248.35
2025-05-23 07:00:00,485.4,628.51,24.72,492.95
2025-05-23 08:00:00,712.1,781.93,28.26,719.38
2025-05-23 09:00:00,898.0,847.66,30.97,903.88
2025-05-23 10:00:00,1024.07,872.43,33.2,1028.75
2025-05-23 11:00:00,1075.3,903.18,35.1,1078.05
2025-05-23 12:00:00,1060.45,931.72,36.57,1060.75
2025-05-23 13:00:00,967.22,826.38,37.48,971.62
2025-05-23 14:00:00,810.58,764.03,37.75,817.28
2025-05-23 15:00:00,603.08,652.79,37.43,610.45
2025-05-23 16:00:00,366.42,485.86,36.41,372.08
2025-05-23 17:00:00,136.43,208.06,34.36,138.5
2025-05-23 18:00:00,7.7,0.56,30.12,7.72
2025-05-23 19:00:00,0.0,0.0,28.72,0.0
2025-05-23 20:00:00,0.0,0.0,27.95,0.0
2025-05-23 21:00:00,0.0,0.0,27.03,0.0
2025-05-23 22:00:00,0.0,0.0,26.22,0.0
2025-05-23 23:00:00,0.0,0.0,25.34,0.0
2025-05-24 00:00:00,0.0,0.0,23.92,0.0
2025-05-24 01:00:00,0.0,0.0,22.78,0.0
2025-05-24 02:00:00,0.0,0.0,22.2,0.0
2025-05-24 03:00:00,0.0,0.0,21.82,0.0
2025-05-24 04:00:00,0.0,0.0,21.44,0.0
2025-05-24 05:00:00,40.08,32.28,21.53,40.58
2025-05-24 06:00:00,234.62,352.89,23.6,238.1
2025-05-24 07:00:00,477.58,587.11,26.77,481.23
2025-05-24 08:00:00,705.9,724.6,30.31,708.53
2025-05-24 09:00:00,892.0,792.97,33.01,893.62
2025-05-24 10:00:00,1018.6,839.71,35.02,1019.62
2025-05-24 11:00:00,1074.97,890.99,36.61,1075.68
2025-05-24 12:00:00,1060.2,938.26,37.83,1060.35
2025-05-24 13:00:00,943.64,696.57,38.63,946.83
2025-05-24 14:00:00,826.22,810.21,38.94,826.22
2025-05-24 15:00:00,622.92,725.85,38.77,622.95
2025-05-24 16:00:00,386.12,578.2,38.04,386.17
2025-05-24 17:00:00,150.4,304.27,35.44,150.45
2025-05-24 18:00:00,8.52,2.21,30.73,8.52
2025-05-24 19:00:00,0.0,0.0,29.1,0.0
2025-05-24 20:00:00,0.0,0.0,28.3,0.0
2025-05-24 21:00:00,0.0,0.0,27.69,0.0
2025-05-24 22:00:00,0.0,0.0,27.08,0.0
2025-05-24 23:00:00,0.0,0.0,26.34,0.0
2025-05-25 00:00:00,0.0,0.0,25.54,0.0
2025-05-25 01:00:00,0.0,0.0,24.69,0.0
2025-05-25 02:00:00,0.0,0.0,23.85,0.0
2025-05-25 03:00:00,0.0,0.0,23.19,0.0
2025-05-25 04:00:00,0.0,0.0,22.73,0.0
2025-05-25 05:00:00,44.72,69.0,22.93,45.55
2025-05-25 06:00:00,251.93,444.29,25.94,255.8
2025-05-25 07:00:00,495.33,652.78,28.96,499.33
2025-05-25 08:00:00,720.97,781.57,32.32,723.97
2025-05-25 09:00:00,903.9,855.77,35.15,905.88
2025-05-25 10:00:00,1027.43,876.46,37.13,1028.68
2025-05-25 11:00:00,1074.8,857.28,38.59,1075.65
2025-05-25 12:00:00,1059.0,906.47,39.69,1059.43
2025-05-25 13:00:00,944.23,696.83,40.41,947.43
2025-05-25 14:00:00,821.72,768.61,40.67,822.15
2025-05-25 15:00:00,617.42,681.17,40.47,618.2
2025-05-25 16:00:00,380.85,531.47,39.75,381.73
2025-05-25 17:00:00,147.57,262.8,37.13,148.05
2025-05-25 18:00:00,8.7,1.46,32.5,8.7
2025-05-25 19:00:00,0.0,0.0,30.69,0.0
2025-05-25 20:00:00,0.0,0.0,29.65,0.0
2025-05-25 21:00:00,0.0,0.0,28.76,0.0
2025-05-25 22:00:00,0.0,0.0,27.82,0.0
2025-05-25 23:00:00,0.0,0.0,26.72,0.0
2025-05-26 00:00:00,0.0,0.0,25.53,0.0
2025-05-26 01:00:00,0.0,0.0,24.52,0.0
2025-05-26 02:00:00,0.0,0.0,23.93,0.0
2025-05-26 03:00:00,0.0,0.0,23.61,0.0
2025-05-26 04:00:00,0.0,0.0,23.35,0.0
2025-05-26 05:00:00,44.1,56.28,23.54,44.17
2025-05-26 06:00:00,244.98,407.57,26.3,245.4
2025-05-26 07:00:00,483.92,607.49,29.06,484.45
2025-05-26 08:00:00,707.15,713.92,32.71,707.7
2025-05-26 09:00:00,887.38,774.87,36.71,887.95
2025-05-26 10:00:00,1008.4,816.44,39.53,1009.03
2025-05-26 11:00:00,1057.03,870.4,41.04,1057.72
2025-05-26 12:00:00,1037.28,817.49,42.1,1038.03
2025-05-26 13:00:00,946.9,722.01,42.81,947.22
2025-05-26 14:00:00,792.5,653.94,43.08,792.9
2025-05-26 15:00:00,585.72,545.3,42.9,586.12
2025-05-26 16:00:00,349.55,370.14,42.14,349.85
2025-05-26 17:00:00,128.27,117.79,39.58,128.38
2025-05-26 18:00:00,7.9,0.0,35.19,7.9
2025-05-26 19:00:00,0.0,0.0,33.87,0.0
2025-05-26 20:00:00,0.0,0.0,33.46,0.0
2025-05-26 21:00:00,0.0,0.0,32.67,0.0
2025-05-26 22:00:00,0.0,0.0,31.5,0.0
2025-05-26 23:00:00,0.0,0.0,30.2,0.0
2025-05-27 00:00:00,0.0,0.0,29.06,0.0
2025-05-27 01:00:00,0.0,0.0,28.12,0.0
2025-05-27 02:00:00,0.0,0.0,27.25,0.0
2025-05-27 03:00:00,0.0,0.0,26.49,0.0
2025-05-27 04:00:00,0.0,0.0,25.79,0.0
2025-05-27 05:00:00,28.58,0.0,25.3,28.67
2025-05-27 06:00:00,155.57,19.37,25.9,156.48
2025-05-27 07:00:00,332.27,60.61,27.47,333.77
2025-05-27 08:00:00,550.33,155.24,29.57,552.33
2025-05-27 09:00:00,743.08,230.28,31.72,745.4
2025-05-27 10:00:00,881.42,286.32,33.85,883.47
2025-05-27 11:00:00,975.0,404.82,35.74,976.55
2025-05-27 12:00:00,962.38,420.8,37.12,963.22
2025-05-27 13:00:00,874.38,371.0,37.84,876.33
2025-05-27 14:00:00,722.75,322.28,37.73,724.45
2025-05-27 15:00:00,522.12,244.4,36.94,523.47
2025-05-27 16:00:00,304.02,139.42,35.47,304.8
2025-05-27 17:00:00,115.72,28.66,33.4,115.9
2025-05-27 18:00:00,7.95,0.0,30.28,7.93
2025-05-27 19:00:00,0.0,0.0,28.26,0.0
2025-05-27 20:00:00,0.0,0.0,26.88,0.0
2025-05-27 21:00:00,0.0,0.0,25.75,0.0
2025-05-27 22:00:00,0.0,0.0,24.83,0.0
2025-05-27 23:00:00,0.0,0.0,24.07,0.0
2025-05-28 00:00:00,0.0,0.0,23.37,0.0
2025-05-28 01:00:00,0.0,0.0,22.67,0.0
2025-05-28 02:00:00,0.0,0.0,21.94,0.0
2025-05-28 03:00:00,0.0,0.0,21.28,0.0
2025-05-28 04:00:00,0.0,0.0,20.69,0.0
2025-05-28 05:00:00,39.2,5.9,20.59,39.33
2025-05-28 06:00:00,221.23,212.95,22.26,222.2
2025-05-28 07:00:00,462.75,456.6,25.58,463.73
2025-05-28 08:00:00,694.95,617.77,27.92,695.55
2025-05-28 09:00:00,883.5,708.28,29.88,883.8
2025-05-28 10:00:00,1011.92,762.75,31.73,1012.03
2025-05-28 11:00:00,1077.43,877.67,33.35,1077.45
2025-05-28 12:00:00,1061.95,898.28,34.52,1061.95
2025-05-28 13:00:00,975.47,808.97,35.17,975.8
2025-05-28 14:00:00,823.67,751.78,35.22,824.28
2025-05-28 15:00:00,619.25,660.54,34.78,620.08
2025-05-28 16:00:00,382.55,499.48,33.75,383.3
2025-05-28 17:00:00,150.43,243.54,32.11,150.73
2025-05-28 18:00:00,9.43,0.9,28.63,9.43
2025-05-28 19:00:00,0.0,0.0,27.02,0.0
2025-05-28 20:00:00,0.0,0.0,26.27,0.0
2025-05-28 21:00:00,0.0,0.0,25.45,0.0
2025-05-28 22:00:00,0.0,0.0,24.64,0.0
2025-05-28 23:00:00,0.0,0.0,23.8,0.0
2025-05-29 00:00:00,0.0,0.0,22.9,0.0
2025-05-29 01:00:00,0.0,0.0,21.98,0.0
2025-05-29 02:00:00,0.0,0.0,21.19,0.0
2025-05-29 03:00:00,0.0,0.0,20.48,0.0
2025-05-29 04:00:00,0.0,0.0,19.84,0.0
2025-05-29 05:00:00,43.83,43.59,20.03,44.7
2025-05-29 06:00:00,240.2,381.4,22.27,245.98
2025-05-29 07:00:00,477.55,587.99,25.88,486.0
2025-05-29 08:00:00,700.85,739.88,29.51,709.28
2025-05-29 09:00:00,884.1,806.27,31.52,890.95
2025-05-29 10:00:00,1011.42,831.67,33.13,1015.75
2025-05-29 11:00:00,1067.45,886.04,34.45,1069.88
2025-05-29 12:00:00,1054.25,919.67,35.36,1054.5
2025-05-29 13:00:00,968.95,837.15,35.88,969.35
2025-05-29 14:00:00,820.15,788.19,35.92,820.72
2025-05-29 15:00:00,619.65,704.18,35.47,620.35
2025-05-29 16:00:00,386.17,554.33,34.52,386.77
2025-05-29 17:00:00,155.32,297.31,32.9,155.62
2025-05-29 18:00:00,9.9,2.35,28.96,9.93
2025-05-29 19:00:00,0.0,0.0,27.28,0.0
2025-05-29 20:00:00,0.0,0.0,26.37,0.0
2025-05-29 21:00:00,0.0,0.0,25.46,0.0
2025-05-29 22:00:00,0.0,0.0,24.61,0.0
2025-05-29 23:00:00,0.0,0.0,23.83,0.0
2025-05-30 00:00:00,0.0,0.0,23.08,0.0
2025-05-30 01:00:00,0.0,0.0,22.37,0.0
2025-05-30 02:00:00,0.0,0.0,21.66,0.0
2025-05-30 03:00:00,0.0,0.0,20.99,0.0
2025-05-30 04:00:00,0.0,0.0,20.33,0.0
2025-05-30 05:00:00,43.67,35.28,20.55,44.5
2025-05-30 06:00:00,241.62,346.23,23.18,246.43
2025-05-30 07:00:00,481.08,565.01,26.5,487.85
2025-05-30 08:00:00,706.1,702.16,30.89,713.0
2025-05-30 09:00:00,890.85,764.61,32.87,896.58
2025-05-30 10:00:00,1016.1,784.51,34.23,1020.5
2025-05-30 11:00:00,1076.12,854.1,35.35,1078.97
2025-05-30 12:00:00,1062.35,906.18,36.18,1063.93
2025-05-30 13:00:00,978.78,822.88,36.63,979.0
2025-05-30 14:00:00,828.2,772.8,36.61,830.1
2025-05-30 15:00:00,625.85,689.88,36.09,628.5
2025-05-30 16:00:00,390.48,538.23,35.07,393.17
2025-05-30 17:00:00,155.32,272.54,33.43,156.73
2025-05-30 18:00:00,10.23,1.23,29.24,10.3
2025-05-30 19:00:00,0.0,0.0,27.32,0.0
2025-05-30 20:00:00,0.0,0.0,26.24,0.0
2025-05-30 21:00:00,0.0,0.0,25.26,0.0
2025-05-30 22:00:00,0.0,0.0,24.39,0.0
2025-05-30 23:00:00,0.0,0.0,23.62,0.0
2025-05-31 00:00:00,0.0,0.0,22.92,0.0
2025-05-31 01:00:00,0.0,0.0,22.29,0.0
2025-05-31 02:00:00,0.0,0.0,21.7,0.0
2025-05-31 03:00:00,0.0,0.0,21.15,0.0
2025-05-31 04:00:00,0.0,0.0,20.65,0.0
2025-05-31 05:00:00,43.25,32.73,21.08,44.4
2025-05-31 06:00:00,236.88,328.37,24.72,243.88
2025-05-31 07:00:00,472.77,536.35,27.87,483.45
2025-05-31 08:00:00,695.5,657.22,32.05,707.1
2025-05-31 09:00:00,878.58,724.18,33.94,888.85
2025-05-31 10:00:00,1004.42,744.37,35.39,1012.33
2025-05-31 11:00:00,1060.95,782.08,36.53,1066.0
2025-05-31 12:00:00,1048.03,837.26,37.27,1050.53
2025-05-31 13:00:00,964.38,759.01,37.58,964.45
2025-05-31 14:00:00,813.72,704.08,37.41,814.38
2025-05-31 15:00:00,610.92,610.45,36.74,612.1
2025-05-31 16:00:00,376.9,456.28,35.65,378.27
2025-05-31 17:00:00,148.57,210.84,34.03,149.3
2025-05-31 18:00:00,10.2,0.4,30.33,10.23
2025-05-31 19:00:00,0.0,0.0,28.44,0.0
2025-05-31 20:00:00,0.0,0.0,27.4,0.0
2025-05-31 21:00:00,0.0,0.0,26.45,0.0
2025-05-31 22:00:00,0.0,0.0,25.57,0.0
2025-05-31 23:00:00,0.0,0.0,24.7,0.0
2025-06-01 00:00:00,0.0,0.0,23.86,0.0
2025-06-01 01:00:00,0.0,0.0,23.12,0.0
2025-06-01 02:00:00,0.0,0.0,22.45,0.0
2025-06-01 03:00:00,0.0,0.0,21.84,0.0
2025-06-01 04:00:00,0.0,0.0,21.26,0.0
2025-06-01 05:00:00,41.78,20.82,21.56,42.2
2025-06-01 06:00:00,230.48,280.11,24.28,233.25
2025-06-01 07:00:00,464.8,492.74,27.46,469.02
2025-06-01 08:00:00,686.88,635.63,31.56,691.6
2025-06-01 09:00:00,870.05,706.34,34.02,874.17
2025-06-01 10:00:00,995.47,748.81,35.81,998.7
2025-06-01 11:00:00,1048.68,765.53,37.09,1050.9
2025-06-01 12:00:00,1035.75,790.11,37.97,1036.2
2025-06-01 13:00:00,949.97,710.07,38.42,950.6
2025-06-01 14:00:00,800.42,655.56,38.4,801.2
2025-06-01 15:00:00,599.03,563.06,37.94,599.9
2025-06-01 16:00:00,367.42,412.7,36.98,368.15
2025-06-01 17:00:00,143.82,178.05,35.32,144.12
2025-06-01 18:00:00,10.05,0.43,31.38,10.07
2025-06-01 19:00:00,0.0,0.0,29.74,0.0
2025-06-01 20:00:00,0.0,0.0,28.78,0.0
2025-06-01 21:00:00,0.0,0.0,27.8,0.0
2025-06-01 22:00:00,0.0,0.0,26.82,0.0
2025-06-01 23:00:00,0.0,0.0,25.9,0.0
2025-06-02 00:00:00,0.0,0.0,24.98,0.0
2025-06-02 01:00:00,0.0,0.0,24.06,0.0
2025-06-02 02:00:00,0.0,0.0,23.23,0.0
2025-06-02 03:00:00,0.0,0.0,22.45,0.0
2025-06-02 04:00:00,0.0,0.0,21.73,0.0
2025-06-02 05:00:00,41.3,28.71,21.93,42.4
2025-06-02 06:00:00,224.93,306.92,24.22,232.0
2025-06-02 07:00:00,452.62,521.61,27.54,464.83
2025-06-02 08:00:00,670.5,645.9,31.42,684.4
2025-06-02 09:00:00,850.33,708.25,33.72,862.85
2025-06-02 10:00:00,974.12,738.28,35.39,983.35
2025-06-02 11:00:00,1035.45,798.05,36.64,1040.25
2025-06-02 12:00:00,1021.78,804.65,37.47,1021.78
2025-06-02 13:00:00,932.35,697.79,37.8,932.58
2025-06-02 14:00:00,777.45,614.04,37.62,777.9
2025-06-02 15:00:00,571.53,490.9,36.91,572.12
2025-06-02 16:00:00,339.4,315.83,35.68,339.95
2025-06-02 17:00:00,130.6,109.84,34.03,130.77
2025-06-02 18:00:00,9.62,0.0,31.61,9.6
2025-06-02 19:00:00,0.0,0.0,29.93,0.0
2025-06-02 20:00:00,0.0,0.0,28.74,0.0
2025-06-02 21:00:00,0.0,0.0,27.65,0.0
2025-06-02 22:00:00,0.0,0.0,26.52,0.0
2025-06-02 23:00:00,0.0,0.0,25.48,0.0
2025-06-03 00:00:00,0.0,0.0,24.57,0.0
2025-06-03 01:00:00,0.0,0.0,23.72,0.0
2025-06-03 02:00:00,0.0,0.0,22.89,0.0
2025-06-03 03:00:00,0.0,0.0,22.11,0.0
2025-06-03 04:00:00,0.0,0.0,21.41,0.0
2025-06-03 05:00:00,41.95,47.38,21.2,42.22
2025-06-03 06:00:00,234.05,377.75,22.78,235.75
2025-06-03 07:00:00,468.77,606.72,25.36,470.83
2025-06-03 08:00:00,689.38,731.53,27.64,691.15
2025-06-03 09:00:00,869.95,817.19,29.73,871.33
2025-06-03 10:00:00,994.0,852.72,31.55,995.0
2025-06-03 11:00:00,1041.93,930.56,33.06,1042.6
2025-06-03 12:00:00,1030.22,900.23,34.21,1030.32
2025-06-03 13:00:00,949.22,818.8,35.01,949.6
2025-06-03 14:00:00,805.17,772.67,35.22,806.05
2025-06-03 15:00:00,609.12,689.29,34.88,610.55
2025-06-03 16:00:00,380.65,544.93,33.96,382.27
2025-06-03 17:00:00,154.35,301.97,32.39,155.35
2025-06-03 18:00:00,11.25,6.37,29.09,11.32
2025-06-03 19:00:00,0.0,0.0,27.4,0.0
2025-06-03 20:00:00,0.0,0.0,26.45,0.0
2025-06-03 21:00:00,0.0,0.0,25.55,0.0
2025-06-03 22:00:00,0.0,0.0,24.77,0.0
2025-06-03 23:00:00,0.0,0.0,24.06,0.0
2025-06-04 00:00:00,0.0,0.0,23.48,0.0
2025-06-04 01:00:00,0.0,0.0,22.93,0.0
2025-06-04 02:00:00,0.0,0.0,22.14,0.0
2025-06-04 03:00:00,0.0,0.0,21.24,0.0
2025-06-04 04:00:00,0.0,0.0,20.53,0.0
2025-06-04 05:00:00,45.03,79.25,20.54,45.25
2025-06-04 06:00:00,240.1,415.35,22.26,241.2
2025-06-04 07:00:00,473.23,619.49,25.23,474.42
2025-06-04 08:00:00,692.9,727.11,28.15,693.88
2025-06-04 09:00:00,873.15,798.49,30.7,873.83
2025-06-04 10:00:00,997.28,819.14,32.8,997.78
2025-06-04 11:00:00,1054.5,864.54,34.49,1054.9
2025-06-04 12:00:00,1041.12,876.64,35.75,1041.53
2025-06-04 13:00:00,957.3,832.42,36.61,957.75
2025-06-04 14:00:00,810.03,768.22,36.98,810.55
2025-06-04 15:00:00,610.83,682.95,36.81,611.45
2025-06-04 16:00:00,380.0,530.17,36.12,380.58
2025-06-04 17:00:00,153.07,290.4,34.21,153.38
2025-06-04 18:00:00,11.3,6.73,29.54,11.32
2025-06-04 19:00:00,0.0,0.0,27.98,0.0
2025-06-04 20:00:00,0.0,0.0,27.46,0.0
2025-06-04 21:00:00,0.0,0.0,26.82,0.0
2025-06-04 22:00:00,0.0,0.0,25.86,0.0
2025-06-04 23:00:00,0.0,0.0,24.85,0.0
2025-06-05 00:00:00,0.0,0.0,23.87,0.0
2025-06-05 01:00:00,0.0,0.0,23.01,0.0
2025-06-05 02:00:00,0.0,0.0,22.3,0.0
2025-06-05 03:00:00,0.0,0.0,21.64,0.0
2025-06-05 04:00:00,0.0,0.0,21.04,0.0
2025-06-05 05:00:00,44.47,75.37,21.26,44.72
2025-06-05 06:00:00,239.65,412.18,23.42,240.8
2025-06-05 07:00:00,474.1,622.39,26.48,475.33
2025-06-05 08:00:00,694.88,733.16,29.91,695.85
2025-06-05 09:00:00,875.45,808.36,32.83,876.22
2025-06-05 10:00:00,999.15,833.87,35.02,999.83
2025-06-05 11:00:00,1047.78,853.73,36.73,1048.43
2025-06-05 12:00:00,1034.03,879.84,37.9,1034.65
2025-06-05 13:00:00,950.62,798.63,38.66,950.85
2025-06-05 14:00:00,803.17,746.84,38.98,803.85
2025-06-05 15:00:00,604.88,657.83,38.83,605.58
2025-06-05 16:00:00,375.77,515.4,38.11,376.42
2025-06-05 17:00:00,151.27,275.58,36.08,151.68
2025-06-05 18:00:00,11.43,6.06,31.43,11.43
2025-06-05 19:00:00,0.0,0.0,29.63,0.0
2025-06-05 20:00:00,0.0,0.0,28.68,0.0
2025-06-05 21:00:00,0.0,0.0,27.67,0.0
2025-06-05 22:00:00,0.0,0.0,26.69,0.0
2025-06-05 23:00:00,0.0,0.0,25.81,0.0
2025-06-06 00:00:00,0.0,0.0,24.98,0.0
2025-06-06 01:00:00,0.0,0.0,24.12,0.0
2025-06-06 02:00:00,0.0,0.0,23.22,0.0
2025-06-06 03:00:00,0.0,0.0,22.35,0.0
2025-06-06 04:00:00,0.0,0.0,21.58,0.0
2025-06-06 05:00:00,44.0,71.32,21.79,44.22
2025-06-06 06:00:00,236.12,396.12,24.51,237.3
2025-06-06 07:00:00,468.73,602.86,27.74,470.02
2025-06-06 08:00:00,688.22,712.05,31.7,689.35
2025-06-06 09:00:00,868.5,786.36,35.54,869.45
2025-06-06 10:00:00,991.42,810.63,38.22,992.3
2025-06-06 11:00:00,1027.4,782.85,39.79,1028.3
2025-06-06 12:00:00,1013.72,804.31,40.82,1014.62
2025-06-06 13:00:00,929.67,721.96,41.45,930.17
2025-06-06 14:00:00,781.85,661.19,41.64,782.55
2025-06-06 15:00:00,582.35,558.83,41.37,582.88
2025-06-06 16:00:00,354.05,404.15,40.56,354.38
2025-06-06 17:00:00,139.6,177.01,38.19,139.7
2025-06-06 18:00:00,10.95,1.05,33.56,10.95
2025-06-06 19:00:00,0.0,0.0,31.86,0.0
2025-06-06 20:00:00,0.0,0.0,30.94,0.0
2025-06-06 21:00:00,0.0,0.0,29.87,0.0
2025-06-06 22:00:00,0.0,0.0,28.81,0.0
2025-06-06 23:00:00,0.0,0.0,27.8,0.0
2025-06-07 00:00:00,0.0,0.0,26.74,0.0
2025-06-07 01:00:00,0.0,0.0,25.74,0.0
2025-06-07 02:00:00,0.0,0.0,24.79,0.0
2025-06-07 03:00:00,0.0,0.0,23.88,0.0
2025-06-07 04:00:00,0.0,0.0,23.06,0.0
2025-06-07 05:00:00,35.95,4.44,23.08,36.0
2025-06-07 06:00:00,195.23,147.48,25.14,196.12
2025-06-07 07:00:00,416.77,329.72,28.34,418.0
2025-06-07 08:00:00,639.25,461.33,32.26,640.28
2025-06-07 09:00:00,825.28,552.24,35.77,825.97
2025-06-07 10:00:00,953.35,592.47,38.44,953.75
2025-06-07 11:00:00,1047.0,851.32,40.11,1047.15
2025-06-07 12:00:00,1032.53,814.13,41.22,1032.53
2025-06-07 13:00:00,947.75,730.2,41.92,948.38
2025-06-07 14:00:00,799.38,672.75,42.12,800.72
2025-06-07 15:00:00,599.45,580.7,41.83,601.4
2025-06-07 16:00:00,369.33,425.38,40.97,371.3
2025-06-07 17:00:00,148.88,196.22,38.81,149.93
2025-06-07 18:00:00,11.7,0.96,34.21,11.77
2025-06-07 19:00:00,0.0,0.0,32.44,0.0
2025-06-07 20:00:00,0.0,0.0,31.51,0.0
2025-06-07 21:00:00,0.0,0.0,30.45,0.0
2025-06-07 22:00:00,0.0,0.0,29.31,0.0
2025-06-07 23:00:00,0.0,0.0,28.23,0.0
2025-06-08 00:00:00,0.0,0.0,27.22,0.0
2025-06-08 01:00:00,0.0,0.0,26.34,0.0
2025-06-08 02:00:00,0.0,0.0,25.53,0.0
2025-06-08 03:00:00,0.0,0.0,24.74,0.0
2025-06-08 04:00:00,0.0,0.0,23.95,0.0
2025-06-08 05:00:00,41.1,25.58,24.05,41.47
2025-06-08 06:00:00,224.77,291.88,26.21,227.5
2025-06-08 07:00:00,457.23,502.25,29.42,460.38
2025-06-08 08:00:00,679.65,635.01,33.64,682.05
2025-06-08 09:00:00,863.08,717.16,37.05,864.5
2025-06-08 10:00:00,988.6,764.12,39.26,989.38
2025-06-08 11:00:00,1050.97,840.97,40.86,1051.3
2025-06-08 12:00:00,1038.82,873.64,41.95,1038.82
2025-06-08 13:00:00,955.15,787.69,42.59,956.25
2025-06-08 14:00:00,808.08,732.41,42.65,810.2
2025-06-08 15:00:00,609.3,644.3,42.14,612.12
2025-06-08 16:00:00,379.35,491.67,40.99,382.05
2025-06-08 17:00:00,155.43,259.07,38.84,156.9
2025-06-08 18:00:00,12.32,2.35,34.74,12.45
2025-06-08 19:00:00,0.0,0.0,32.97,0.0
2025-06-08 20:00:00,0.0,0.0,31.71,0.0
2025-06-08 21:00:00,0.0,0.0,30.45,0.0
2025-06-08 22:00:00,0.0,0.0,29.25,0.0
2025-06-08 23:00:00,0.0,0.0,28.15,0.0
2025-06-09 00:00:00,0.0,0.0,27.16,0.0
2025-06-09 01:00:00,0.0,0.0,26.29,0.0
2025-06-09 02:00:00,0.0,0.0,25.46,0.0
2025-06-09 03:00:00,0.0,0.0,24.68,0.0
2025-06-09 04:00:00,0.0,0.0,23.92,0.0
2025-06-09 05:00:00,40.55,21.91,23.8,41.3
2025-06-09 06:00:00,220.38,275.66,25.45,225.6
2025-06-09 07:00:00,450.12,481.39,28.77,458.2
2025-06-09 08:00:00,672.28,613.5,32.82,680.38
2025-06-09 09:00:00,857.8,699.43,35.68,863.78
2025-06-09 10:00:00,986.55,752.11,37.55,990.15
2025-06-09 11:00:00,1051.88,833.79,38.98,1053.4
2025-06-09 12:00:00,1041.95,871.97,40.04,1042.0
2025-06-09 13:00:00,961.3,793.48,40.6,961.4
2025-06-09 14:00:00,815.47,743.29,40.63,816.55
2025-06-09 15:00:00,617.78,662.99,40.02,619.9
2025-06-09 16:00:00,388.08,518.81,38.84,390.58
2025-06-09 17:00:00,161.38,293.72,36.89,162.88
2025-06-09 18:00:00,13.12,4.26,32.85,13.25
2025-06-09 19:00:00,0.0,0.0,30.94,0.0
2025-06-09 20:00:00,0.0,0.0,29.89,0.0
2025-06-09 21:00:00,0.0,0.0,28.79,0.0
2025-06-09 22:00:00,0.0,0.0,27.76,0.0
2025-06-09 23:00:00,0.0,0.0,26.83,0.0
2025-06-10 00:00:00,0.0,0.0,25.98,0.0
2025-06-10 01:00:00,0.0,0.0,25.18,0.0
2025-06-10 02:00:00,0.0,0.0,24.45,0.0
2025-06-10 03:00:00,0.0,0.0,23.74,0.0
2025-06-10 04:00:00,0.0,0.0,23.07,0.0
2025-06-10 05:00:00,43.7,41.78,23.33,44.12
2025-06-10 06:00:00,235.62,341.5,25.65,238.27
2025-06-10 07:00:00,470.15,565.09,29.1,473.27
2025-06-10 08:00:00,691.7,691.09,33.67,694.1
2025-06-10 09:00:00,873.33,757.0,35.89,874.9
2025-06-10 10:00:00,997.85,795.39,37.46,998.8
2025-06-10 11:00:00,1047.0,801.93,38.75,1047.6
2025-06-10 12:00:00,1034.35,831.82,39.74,1034.68
2025-06-10 13:00:00,952.45,759.81,40.35,952.45
2025-06-10 14:00:00,805.5,705.75,40.52,806.9
2025-06-10 15:00:00,606.4,619.8,40.15,608.92
2025-06-10 16:00:00,377.38,473.2,39.25,380.15
2025-06-10 17:00:00,155.48,256.49,37.57,157.0
2025-06-10 18:00:00,12.88,2.78,33.55,12.95
2025-06-10 19:00:00,0.0,0.0,31.85,0.0
2025-06-10 20:00:00,0.0,0.0,30.96,0.0
2025-06-10 21:00:00,0.0,0.0,29.99,0.0
2025-06-10 22:00:00,0.0,0.0,29.04,0.0
2025-06-10 23:00:00,0.0,0.0,28.16,0.0
2025-06-11 00:00:00,0.0,0.0,27.33,0.0
2025-06-11 01:00:00,0.0,0.0,26.55,0.0
2025-06-11 02:00:00,0.0,0.0,25.83,0.0
2025-06-11 03:00:00,0.0,0.0,25.13,0.0
2025-06-11 04:00:00,0.0,0.0,24.48,0.0
2025-06-11 05:00:00,42.2,54.26,24.69,43.47
2025-06-11 06:00:00,228.68,372.31,26.84,236.05
2025-06-11 07:00:00,457.17,579.53,30.02,468.3
2025-06-11 08:00:00,676.03,711.04,33.99,686.88
2025-06-11 09:00:00,856.25,772.4,36.71,865.4
2025-06-11 10:00:00,981.65,796.18,38.38,988.38
2025-06-11 11:00:00,1018.4,751.2,39.63,1023.0
2025-06-11 12:00:00,1008.3,798.27,40.52,1010.67
2025-06-11 13:00:00,928.42,720.05,41.05,928.83
2025-06-11 14:00:00,781.5,658.69,41.13,784.15
2025-06-11 15:00:00,584.17,576.64,40.76,588.0
2025-06-11 16:00:00,359.42,420.32,39.82,363.15
2025-06-11 17:00:00,146.35,216.29,38.11,148.35
2025-06-11 18:00:00,12.55,2.37,34.07,12.73
2025-06-11 19:00:00,0.0,0.0,32.53,0.0
2025-06-11 20:00:00,0.0,0.0,31.71,0.0
2025-06-11 21:00:00,0.0,0.0,30.64,0.0
2025-06-11 22:00:00,0.0,0.0,29.64,0.0
2025-06-11 23:00:00,0.0,0.0,28.71,0.0
2025-06-12 00:00:00,0.0,0.0,27.85,0.0
2025-06-12 01:00:00,0.0,0.0,26.96,0.0
2025-06-12 02:00:00,0.0,0.0,26.09,0.0
2025-06-12 03:00:00,0.0,0.0,25.25,0.0
2025-06-12 04:00:00,0.0,0.0,24.48,0.0
2025-06-12 05:00:00,41.8,41.76,24.62,42.3
2025-06-12 06:00:00,228.7,340.83,26.95,233.3
2025-06-12 07:00:00,460.6,545.94,30.24,467.9
2025-06-12 08:00:00,682.22,684.71,34.74,689.9
2025-06-12 09:00:00,864.78,744.29,37.44,871.4
2025-06-12 10:00:00,991.35,777.51,39.12,996.42
2025-06-12 11:00:00,1044.75,799.33,40.42,1048.3
2025-06-12 12:00:00,1034.95,849.98,41.34,1037.05
2025-06-12 13:00:00,953.5,762.48,41.85,956.25
2025-06-12 14:00:00,808.95,709.6,41.93,812.3
2025-06-12 15:00:00,612.38,639.49,41.5,616.08
2025-06-12 16:00:00,384.65,488.81,40.51,387.88
2025-06-12 17:00:00,160.23,270.68,38.51,161.9
2025-06-12 18:00:00,13.7,3.47,33.89,13.85
2025-06-12 19:00:00,0.0,0.0,32.11,0.0
2025-06-12 20:00:00,0.0,0.0,31.16,0.0
2025-06-12 21:00:00,0.0,0.0,30.21,0.0
2025-06-12 22:00:00,0.0,0.0,29.27,0.0
2025-06-12 23:00:00,0.0,0.0,28.33,0.0
2025-06-13 00:00:00,0.0,0.0,27.4,0.0
2025-06-13 01:00:00,0.0,0.0,26.52,0.0
2025-06-13 02:00:00,0.0,0.0,25.68,0.0
2025-06-13 03:00:00,0.0,0.0,24.89,0.0
2025-06-13 04:00:00,0.0,0.0,24.19,0.0
2025-06-13 05:00:00,43.12,47.41,24.45,44.1
2025-06-13 06:00:00,233.68,360.41,26.78,239.05
2025-06-13 07:00:00,467.62,563.43,29.98,474.42
2025-06-13 08:00:00,690.62,701.49,34.16,696.15
2025-06-13 09:00:00,874.78,763.67,37.65,878.65
2025-06-13 10:00:00,1000.92,809.04,39.54,1003.78
2025-06-13 11:00:00,1063.53,884.99,40.71,1065.22
2025-06-13 12:00:00,1052.38,921.24,41.5,1052.38
2025-06-13 13:00:00,970.42,839.31,41.94,970.45
2025-06-13 14:00:00,825.4,792.86,41.97,825.53
2025-06-13 15:00:00,628.58,715.79,41.55,628.83
2025-06-13 16:00:00,399.17,585.35,40.59,399.48
2025-06-13 17:00:00,169.75,357.51,38.53,169.95
2025-06-13 18:00:00,14.68,14.05,33.95,14.7
2025-06-13 19:00:00,0.0,0.0,32.31,0.0
2025-06-13 20:00:00,0.0,0.0,31.53,0.0
2025-06-13 21:00:00,0.0,0.0,30.6,0.0
2025-06-13 22:00:00,0.0,0.0,29.6,0.0
2025-06-13 23:00:00,0.0,0.0,28.69,0.0
2025-06-14 00:00:00,0.0,0.0,27.85,0.0
2025-06-14 01:00:00,0.0,0.0,26.99,0.0
2025-06-14 02:00:00,0.0,0.0,26.11,0.0
2025-06-14 03:00:00,0.0,0.0,25.27,0.0
2025-06-14 04:00:00,0.0,0.0,24.48,0.0
2025-06-14 05:00:00,42.67,57.91,24.42,43.05
2025-06-14 06:00:00,231.0,368.47,26.32,233.32
2025-06-14 07:00:00,461.35,569.06,29.86,464.62
2025-06-14 08:00:00,680.22,703.62,33.67,683.5
2025-06-14 09:00:00,861.45,764.01,36.85,864.2
2025-06-14 10:00:00,987.08,791.65,38.94,989.0
2025-06-14 11:00:00,1051.1,926.57,40.3,1052.1
2025-06-14 12:00:00,1024.69,820.2,41.16,1027.37
2025-06-14 13:00:00,958.8,801.8,41.6,960.28
2025-06-14 14:00:00,813.4,742.43,41.58,815.95
2025-06-14 15:00:00,617.2,666.08,40.99,620.25
2025-06-14 16:00:00,389.3,512.39,39.86,391.98
2025-06-14 17:00:00,165.35,282.26,37.93,166.77
2025-06-14 18:00:00,14.7,3.77,33.87,14.82
2025-06-14 19:00:00,0.0,0.0,32.09,0.0
2025-06-14 20:00:00,0.0,0.0,31.17,0.0
2025-06-14 21:00:00,0.0,0.0,30.13,0.0
2025-06-14 22:00:00,0.0,0.0,29.02,0.0
2025-06-14 23:00:00,0.0,0.0,27.96,0.0
2025-06-15 00:00:00,0.0,0.0,27.0,0.0
2025-06-15 01:00:00,0.0,0.0,26.17,0.0
2025-06-15 02:00:00,0.0,0.0,25.48,0.0
2025-06-15 03:00:00,0.0,0.0,24.86,0.0
2025-06-15 04:00:00,0.0,0.0,24.26,0.0
2025-06-15 05:00:00,42.4,35.88,24.33,42.75
2025-06-15 06:00:00,231.18,329.02,26.33,233.35
2025-06-15 07:00:00,463.85,532.77,29.89,467.58
2025-06-15 08:00:00,685.7,657.54,33.41,689.95
2025-06-15 09:00:00,869.58,719.56,35.84,873.8
2025-06-15 10:00:00,996.83,756.51,37.55,1000.35
2025-06-15 11:00:00,1052.72,829.58,38.79,1055.15
2025-06-15 12:00:00,1042.68,792.61,39.61,1044.05
2025-06-15 13:00:00,961.25,707.63,40.02,961.67
2025-06-15 14:00:00,812.3,641.09,39.95,813.42
2025-06-15 15:00:00,610.47,548.32,39.35,612.0
2025-06-15 16:00:00,377.92,385.37,38.14,379.33
2025-06-15 17:00:00,155.38,167.96,36.33,156.0
2025-06-15 18:00:00,14.43,0.42,32.98,14.43
2025-06-15 19:00:00,0.0,0.0,31.22,0.0
2025-06-15 20:00:00,0.0,0.0,30.23,0.0
2025-06-15 21:00:00,0.0,0.0,29.18,0.0
2025-06-15 22:00:00,0.0,0.0,28.21,0.0
2025-06-15 23:00:00,0.0,0.0,27.28,0.0
2025-06-16 00:00:00,0.0,0.0,26.37,0.0
2025-06-16 01:00:00,0.0,0.0,25.59,0.0
2025-06-16 02:00:00,0.0,0.0,24.83,0.0
2025-06-16 03:00:00,0.0,0.0,24.1,0.0
2025-06-16 04:00:00,0.0,0.0,23.44,0.0
2025-06-16 05:00:00,40.03,12.07,23.29,40.05
2025-06-16 06:00:00,218.35,229.6,24.92,221.18
2025-06-16 07:00:00,449.35,441.6,28.14,454.55
2025-06-16 08:00:00,673.62,573.02,31.2,679.33
2025-06-16 09:00:00,862.05,665.58,33.32,866.88
2025-06-16 10:00:00,992.85,697.35,34.87,996.42
2025-06-16 11:00:00,1057.2,750.51,36.14,1059.65
2025-06-16 12:00:00,1049.32,791.91,37.1,1050.95
2025-06-16 13:00:00,969.92,748.81,37.63,970.88
2025-06-16 14:00:00,824.47,700.26,37.62,826.35
2025-06-16 15:00:00,626.53,627.11,37.05,628.0
2025-06-16 16:00:00,395.3,471.81,35.94,396.38
2025-06-16 17:00:00,166.1,233.06,34.19,166.62
2025-06-16 18:00:00,15.35,1.62,30.55,15.38
2025-06-16 19:00:00,0.0,0.0,28.56,0.0
2025-06-16 20:00:00,0.0,0.0,27.55,0.0
2025-06-16 21:00:00,0.0,0.0,26.59,0.0
2025-06-16 22:00:00,0.0,0.0,25.75,0.0
2025-06-16 23:00:00,0.0,0.0,25.01,0.0
2025-06-17 00:00:00,0.0,0.0,24.33,0.0
2025-06-17 01:00:00,0.0,0.0,23.7,0.0
2025-06-17 02:00:00,0.0,0.0,23.05,0.0
2025-06-17 03:00:00,0.0,0.0,22.41,0.0
2025-06-17 04:00:00,0.0,0.0,21.8,0.0
2025-06-17 05:00:00,38.92,10.29,21.78,39.05
2025-06-17 06:00:00,211.35,206.63,23.49,212.18
2025-06-17 07:00:00,438.17,400.37,26.88,439.5
2025-06-17 08:00:00,660.85,533.08,30.38,662.47
2025-06-17 09:00:00,846.72,606.68,32.76,848.42
2025-06-17 10:00:00,975.8,654.04,34.27,977.35
2025-06-17 11:00:00,1047.2,809.08,35.51,1048.5
2025-06-17 12:00:00,1037.95,774.04,36.46,1038.22
2025-06-17 13:00:00,955.78,691.26,37.02,957.0
2025-06-17 14:00:00,809.6,630.13,37.15,810.95
2025-06-17 15:00:00,609.88,541.72,36.76,611.2
2025-06-17 16:00:00,378.3,379.07,35.76,379.38
2025-06-17 17:00:00,157.0,160.01,34.09,157.5
2025-06-17 18:00:00,14.55,0.45,30.12,14.6
2025-06-17 19:00:00,0.0,0.0,28.27,0.0
2025-06-17 20:00:00,0.0,0.0,27.43,0.0
2025-06-17 21:00:00,0.0,0.0,26.65,0.0
2025-06-17 22:00:00,0.0,0.0,25.91,0.0
2025-06-17 23:00:00,0.0,0.0,25.18,0.0
2025-06-18 00:00:00,0.0,0.0,24.46,0.0
2025-06-18 01:00:00,0.0,0.0,23.76,0.0
2025-06-18 02:00:00,0.0,0.0,23.08,0.0
2025-06-18 03:00:00,0.0,0.0,22.44,0.0
2025-06-18 04:00:00,0.0,0.0,21.82,0.0
2025-06-18 05:00:00,36.03,6.83,21.83,36.58
2025-06-18 06:00:00,199.05,185.46,23.69,203.1
2025-06-18 07:00:00,421.42,378.97,27.33,428.08
2025-06-18 08:00:00,642.42,527.17,31.51,649.0
2025-06-18 09:00:00,829.6,610.25,33.86,834.33
2025-06-18 10:00:00,960.38,667.2,35.5,963.4
2025-06-18 11:00:00,1038.53,797.92,36.8,1039.95
2025-06-18 12:00:00,1028.05,829.35,37.78,1028.05
2025-06-18 13:00:00,946.88,747.84,38.42,946.9
2025-06-18 14:00:00,802.92,694.81,38.59,802.97
2025-06-18 15:00:00,607.55,607.89,38.29,607.65
2025-06-18 16:00:00,381.0,471.11,37.4,381.15
2025-06-18 17:00:00,161.18,248.3,35.81,161.27
2025-06-18 18:00:00,14.73,4.19,32.04,14.73
2025-06-18 19:00:00,0.0,0.0,30.34,0.0
2025-06-18 20:00:00,0.0,0.0,29.46,0.0
2025-06-18 21:00:00,0.0,0.0,28.42,0.0
2025-06-18 22:00:00,0.0,0.0,27.45,0.0
2025-06-18 23:00:00,0.0,0.0,26.54,0.0
2025-06-19 00:00:00,0.0,0.0,25.68,0.0
2025-06-19 01:00:00,0.0,0.0,24.89,0.0
2025-06-19 02:00:00,0.0,0.0,24.17,0.0
2025-06-19 03:00:00,0.0,0.0,23.52,0.0
2025-06-19 04:00:00,0.0,0.0,22.87,0.0
2025-06-19 05:00:00,38.92,46.11,22.86,39.35
2025-06-19 06:00:00,219.2,334.18,24.68,222.3
2025-06-19 07:00:00,446.92,541.19,27.99,451.62
2025-06-19 08:00:00,666.92,675.95,32.98,671.8
2025-06-19 09:00:00,851.45,745.0,35.73,855.33
2025-06-19 10:00:00,979.95,780.81,37.21,982.53
2025-06-19 11:00:00,1053.57,952.4,38.31,1054.85
2025-06-19 12:00:00,1044.57,923.07,39.1,1044.68
2025-06-19 13:00:00,964.08,840.2,39.55,965.47
2025-06-19 14:00:00,821.12,793.51,39.59,823.62
2025-06-19 15:00:00,627.17,734.19,39.12,630.4
2025-06-19 16:00:00,400.58,595.54,38.12,403.73
2025-06-19 17:00:00,174.15,369.73,36.32,175.9
2025-06-19 18:00:00,15.88,23.21,32.01,16.05
2025-06-19 19:00:00,0.0,0.0,30.16,0.0
2025-06-19 20:00:00,0.0,0.0,29.26,0.0
2025-06-19 21:00:00,0.0,0.0,28.34,0.0
2025-06-19 22:00:00,0.0,0.0,27.36,0.0
2025-06-19 23:00:00,0.0,0.0,26.45,0.0
2025-06-20 00:00:00,0.0,0.0,25.64,0.0
2025-06-20 01:00:00,0.0,0.0,24.83,0.0
2025-06-20 02:00:00,0.0,0.0,23.97,0.0
2025-06-20 03:00:00,0.0,0.0,23.06,0.0
2025-06-20 04:00:00,0.0,0.0,22.22,0.0
2025-06-20 05:00:00,42.97,85.7,22.2,43.42
2025-06-20 06:00:00,239.15,451.4,24.07,240.75
2025-06-20 07:00:00,475.45,660.1,27.36,475.9
2025-06-20 08:00:00,697.45,773.28,31.58,698.05
2025-06-20 09:00:00,877.28,819.47,33.81,879.0
2025-06-20 10:00:00,1002.2,851.36,35.35,1003.88
2025-06-20 11:00:00,1048.5,858.94,36.59,1048.97
2025-06-20 12:00:00,1035.88,845.6,37.52,1038.32
2025-06-20 13:00:00,955.65,777.44,38.1,958.03
2025-06-20 14:00:00,811.95,741.85,38.2,813.45
2025-06-20 15:00:00,618.03,662.01,37.81,618.5
2025-06-20 16:00:00,387.98,514.5,36.87,388.55
2025-06-20 17:00:00,166.48,301.22,35.19,166.93
2025-06-20 18:00:00,15.6,13.04,31.31,15.62
2025-06-20 19:00:00,0.0,0.0,29.38,0.0
2025-06-20 20:00:00,0.0,0.0,28.33,0.0
2025-06-20 21:00:00,0.0,0.0,27.28,0.0
2025-06-20 22:00:00,0.0,0.0,26.31,0.0
2025-06-20 23:00:00,0.0,0.0,25.35,0.0
2025-06-21 00:00:00,0.0,0.0,24.51,0.0
2025-06-21 01:00:00,0.0,0.0,23.8,0.0
2025-06-21 02:00:00,0.0,0.0,23.16,0.0
2025-06-21 03:00:00,0.0,0.0,22.57,0.0
2025-06-21 04:00:00,0.0,0.0,22.03,0.0
2025-06-21 05:00:00,42.03,80.19,22.39,42.22
2025-06-21 06:00:00,234.68,435.24,24.62,235.88
2025-06-21 07:00:00,467.75,637.3,27.81,469.02
2025-06-21 08:00:00,687.9,761.15,31.61,688.88
2025-06-21 09:00:00,869.33,825.17,34.31,869.97
2025-06-21 10:00:00,995.38,852.3,36.07,995.83
2025-06-21 11:00:00,1035.68,827.76,37.29,1036.07
2025-06-21 12:00:00,1026.6,857.42,38.15,1026.9
2025-06-21 13:00:00,948.45,781.94,38.67,948.53
2025-06-21 14:00:00,806.67,731.09,38.71,807.88
2025-06-21 15:00:00,613.67,663.19,38.3,615.67
2025-06-21 16:00:00,389.05,521.57,37.33,391.33
2025-06-21 17:00:00,167.5,302.58,35.65,168.98
2025-06-21 18:00:00,15.93,11.68,31.99,16.02
2025-06-21 19:00:00,0.0,0.0,30.38,0.0
2025-06-21 20:00:00,0.0,0.0,29.41,0.0
2025-06-21 21:00:00,0.0,0.0,28.4,0.0
2025-06-21 22:00:00,0.0,0.0,27.51,0.0
2025-06-21 23:00:00,0.0,0.0,26.67,0.0
2025-06-22 00:00:00,0.0,0.0,25.89,0.0
2025-06-22 01:00:00,0.0,0.0,25.18,0.0
2025-06-22 02:00:00,0.0,0.0,24.53,0.0
2025-06-22 03:00:00,0.0,0.0,23.89,0.0
2025-06-22 04:00:00,0.0,0.0,23.27,0.0
2025-06-22 05:00:00,40.58,54.66,23.11,41.25
2025-06-22 06:00:00,230.38,376.56,24.68,234.8
2025-06-22 07:00:00,461.77,597.97,27.85,468.62
2025-06-22 08:00:00,681.22,717.42,31.2,688.85
2025-06-22 09:00:00,864.3,780.79,33.86,871.03
2025-06-22 10:00:00,992.58,817.74,35.69,997.78
2025-06-22 11:00:00,1031.32,754.86,36.99,1034.78
2025-06-22 12:00:00,1023.5,782.89,37.82,1025.4
2025-06-22 13:00:00,944.6,693.02,38.26,944.88
2025-06-22 14:00:00,799.17,625.92,38.26,799.72
2025-06-22 15:00:00,600.5,523.2,37.73,601.25
2025-06-22 16:00:00,371.9,373.35,36.76,372.65
2025-06-22 17:00:00,156.23,162.44,35.2,156.62
2025-06-22 18:00:00,15.5,0.44,30.97,15.52
2025-06-22 19:00:00,0.0,0.0,29.17,0.0
2025-06-22 20:00:00,0.0,0.0,28.55,0.0
2025-06-22 21:00:00,0.0,0.0,28.12,0.0
2025-06-22 22:00:00,0.0,0.0,27.69,0.0
2025-06-22 23:00:00,0.0,0.0,27.12,0.0
2025-06-23 00:00:00,0.0,0.0,26.56,0.0
2025-06-23 01:00:00,0.0,0.0,26.06,0.0
2025-06-23 02:00:00,0.0,0.0,25.56,0.0
2025-06-23 03:00:00,0.0,0.0,24.95,0.0
2025-06-23 04:00:00,0.0,0.0,24.33,0.0
2025-06-23 05:00:00,36.38,12.43,24.5,36.53
2025-06-23 06:00:00,210.5,252.8,26.46,211.48
2025-06-23 07:00:00,442.08,480.52,29.88,443.48
2025-06-23 08:00:00,667.33,632.72,33.29,668.58
2025-06-23 09:00:00,853.75,724.09,35.59,854.55
2025-06-23 10:00:00,982.62,792.99,37.0,983.05
2025-06-23 11:00:00,1026.75,798.07,38.12,1026.95
2025-06-23 12:00:00,1017.6,774.73,38.95,1017.7
2025-06-23 13:00:00,938.58,703.79,39.49,938.83
2025-06-23 14:00:00,796.53,656.49,39.55,797.0
2025-06-23 15:00:00,601.62,570.28,39.14,602.42
2025-06-23 16:00:00,376.08,431.65,38.18,377.02
2025-06-23 17:00:00,159.18,211.2,36.55,159.75
2025-06-23 18:00:00,15.75,2.51,33.52,15.8
2025-06-23 19:00:00,0.0,0.0,31.78,0.0
2025-06-23 20:00:00,0.0,0.0,30.71,0.0
2025-06-23 21:00:00,0.0,0.0,29.65,0.0
2025-06-23 22:00:00,0.0,0.0,28.61,0.0
2025-06-23 23:00:00,0.0,0.0,27.62,0.0
2025-06-24 00:00:00,0.0,0.0,26.7,0.0
2025-06-24 01:00:00,0.0,0.0,25.84,0.0
2025-06-24 02:00:00,0.0,0.0,25.09,0.0
2025-06-24 03:00:00,0.0,0.0,24.45,0.0
2025-06-24 04:00:00,0.0,0.0,23.89,0.0
2025-06-24 05:00:00,37.83,32.89,24.16,38.35
2025-06-24 06:00:00,219.77,333.51,26.31,222.95
2025-06-24 07:00:00,450.52,552.09,29.62,455.52
2025-06-24 08:00:00,672.25,685.88,33.52,677.62
2025-06-24 09:00:00,855.47,759.66,35.68,859.95
2025-06-24 10:00:00,983.25,794.13,37.2,986.33
2025-06-24 11:00:00,1041.38,886.67,38.28,1042.97
2025-06-24 12:00:00,1033.3,854.77,39.04,1033.43
2025-06-24 13:00:00,953.92,769.95,39.38,954.17
2025-06-24 14:00:00,811.65,714.84,39.28,812.08
2025-06-24 15:00:00,618.0,624.93,38.68,618.55
2025-06-24 16:00:00,391.95,485.81,37.55,392.5
2025-06-24 17:00:00,168.23,251.71,35.92,168.55
2025-06-24 18:00:00,16.58,3.05,32.99,16.6
2025-06-24 19:00:00,0.0,0.0,31.05,0.0
2025-06-24 20:00:00,0.0,0.0,29.68,0.0
2025-06-24 21:00:00,0.0,0.0,28.3,0.0
2025-06-24 22:00:00,0.0,0.0,27.09,0.0
2025-06-24 23:00:00,0.0,0.0,26.03,0.0
2025-06-25 00:00:00,0.0,0.0,25.14,0.0
2025-06-25 01:00:00,0.0,0.0,24.44,0.0
2025-06-25 02:00:00,0.0,0.0,23.79,0.0
2025-06-25 03:00:00,0.0,0.0,23.15,0.0
2025-06-25 04:00:00,0.0,0.0,22.52,0.0
2025-06-25 05:00:00,37.65,28.66,22.85,38.3
2025-06-25 06:00:00,222.18,314.15,25.24,226.68
2025-06-25 07:00:00,451.95,531.81,28.15,457.77
2025-06-25 08:00:00,675.7,674.76,32.6,680.25
2025-06-25 09:00:00,860.95,751.9,34.68,863.85
2025-06-25 10:00:00,990.58,785.68,36.16,992.17
2025-06-25 11:00:00,1048.43,837.49,37.32,1049.2
2025-06-25 12:00:00,1039.85,874.7,38.2,1039.9
2025-06-25 13:00:00,963.62,792.38,38.77,963.7
2025-06-25 14:00:00,820.28,738.38,38.88,821.33
2025-06-25 15:00:00,625.35,662.51,38.51,627.28
2025-06-25 16:00:00,398.02,527.92,37.57,400.3
2025-06-25 17:00:00,171.75,301.62,35.92,173.25
2025-06-25 18:00:00,16.67,9.85,32.21,16.8
2025-06-25 19:00:00,0.0,0.0,30.4,0.0
2025-06-25 20:00:00,0.0,0.0,29.6,0.0
2025-06-25 21:00:00,0.0,0.0,28.78,0.0
2025-06-25 22:00:00,0.0,0.0,27.95,0.0
2025-06-25 23:00:00,0.0,0.0,27.04,0.0
2025-06-26 00:00:00,0.0,0.0,26.11,0.0
2025-06-26 01:00:00,0.0,0.0,25.27,0.0
2025-06-26 02:00:00,0.0,0.0,24.46,0.0
2025-06-26 03:00:00,0.0,0.0,23.71,0.0
2025-06-26 04:00:00,0.0,0.0,22.99,0.0
2025-06-26 05:00:00,37.47,61.23,22.96,38.33
2025-06-26 06:00:00,222.98,395.15,24.81,227.82
2025-06-26 07:00:00,448.17,588.35,28.19,457.25
2025-06-26 08:00:00,666.45,721.13,32.4,675.8
2025-06-26 09:00:00,848.75,783.67,35.0,856.78
2025-06-26 10:00:00,977.15,810.07,36.67,983.0
2025-06-26 11:00:00,1028.85,819.97,37.91,1032.4
2025-06-26 12:00:00,1023.47,874.94,38.75,1025.07
2025-06-26 13:00:00,948.05,795.21,39.23,948.15
2025-06-26 14:00:00,808.65,748.78,39.33,808.92
2025-06-26 15:00:00,617.47,669.47,38.99,617.97
2025-06-26 16:00:00,391.35,540.04,38.13,392.35
2025-06-26 17:00:00,168.3,310.85,36.48,169.1
2025-06-26 18:00:00,16.38,14.28,32.52,16.48
2025-06-26 19:00:00,0.0,0.0,31.14,0.0
2025-06-26 20:00:00,0.0,0.0,30.1,0.0
2025-06-26 21:00:00,0.0,0.0,28.81,0.0
2025-06-26 22:00:00,0.0,0.0,27.73,0.0
2025-06-26 23:00:00,0.0,0.0,26.79,0.0
2025-06-27 00:00:00,0.0,0.0,25.98,0.0
2025-06-27 01:00:00,0.0,0.0,25.25,0.0
2025-06-27 02:00:00,0.0,0.0,24.51,0.0
2025-06-27 03:00:00,0.0,0.0,23.75,0.0
2025-06-27 04:00:00,0.0,0.0,23.0,0.0
2025-06-27 05:00:00,35.95,42.89,23.04,36.35
2025-06-27 06:00:00,218.68,345.27,24.99,221.45
2025-06-27 07:00:00,448.42,547.54,28.21,451.98
2025-06-27 08:00:00,669.95,685.12,32.74,672.92
2025-06-27 09:00:00,853.7,743.59,34.95,855.85
2025-06-27 10:00:00,981.97,774.9,36.45,983.5
2025-06-27 11:00:00,1031.12,772.63,37.59,1032.32
2025-06-27 12:00:00,1023.35,817.89,38.32,1024.28
2025-06-27 13:00:00,945.75,734.87,38.67,946.1
2025-06-27 14:00:00,803.5,680.63,38.58,804.2
2025-06-27 15:00:00,608.88,596.26,37.99,609.47
2025-06-27 16:00:00,382.95,455.15,36.93,383.4
2025-06-27 17:00:00,162.82,234.35,35.26,163.07
2025-06-27 18:00:00,15.98,4.05,31.16,15.98
2025-06-27 19:00:00,0.0,0.0,29.2,0.0
2025-06-27 20:00:00,0.0,0.0,28.14,0.0
2025-06-27 21:00:00,0.0,0.0,27.15,0.0
2025-06-27 22:00:00,0.0,0.0,26.25,0.0
2025-06-27 23:00:00,0.0,0.0,25.51,0.0
2025-06-28 00:00:00,0.0,0.0,24.85,0.0
2025-06-28 01:00:00,0.0,0.0,24.25,0.0
2025-06-28 02:00:00,0.0,0.0,23.71,0.0
2025-06-28 03:00:00,0.0,0.0,23.19,0.0
2025-06-28 04:00:00,0.0,0.0,22.69,0.0
2025-06-28 05:00:00,34.3,16.01,23.16,34.2
2025-06-28 06:00:00,208.3,267.7,26.98,211.73
2025-06-28 07:00:00,433.8,470.66,29.93,440.08
2025-06-28 08:00:00,654.25,606.09,33.82,661.58
2025-06-28 09:00:00,837.88,687.87,35.31,845.2
2025-06-28 10:00:00,966.3,728.49,36.44,973.1
2025-06-28 11:00:00,1028.53,764.09,37.37,1034.45
2025-06-28 12:00:00,1023.35,817.61,38.07,1025.5
2025-06-28 13:00:00,941.58,726.4,38.42,947.0
2025-06-28 14:00:00,800.5,691.56,38.43,805.6
2025-06-28 15:00:00,606.9,611.73,38.01,611.22
2025-06-28 16:00:00,382.0,452.34,37.21,385.15
2025-06-28 17:00:00,160.85,216.38,35.76,162.18
2025-06-28 18:00:00,16.05,3.11,31.76,16.02
2025-06-28 19:00:00,0.0,0.0,29.98,0.0
2025-06-28 20:00:00,0.0,0.0,28.96,0.0
2025-06-28 21:00:00,0.0,0.0,28.0,0.0
2025-06-28 22:00:00,0.0,0.0,27.17,0.0
2025-06-28 23:00:00,0.0,0.0,26.49,0.0
2025-06-29 00:00:00,0.0,0.0,25.92,0.0
2025-06-29 01:00:00,0.0,0.0,25.4,0.0
2025-06-29 02:00:00,0.0,0.0,24.9,0.0
2025-06-29 03:00:00,0.0,0.0,24.44,0.0
2025-06-29 04:00:00,0.0,0.0,23.96,0.0
2025-06-29 05:00:00,32.92,8.68,24.41,32.65
2025-06-29 06:00:00,195.48,189.81,27.56,203.15
2025-06-29 07:00:00,416.02,382.62,30.39,425.1
2025-06-29 08:00:00,635.45,515.09,35.18,642.5
2025-06-29 09:00:00,806.42,551.79,36.95,824.45
2025-06-29 10:00:00,928.75,560.4,38.13,951.15
2025-06-29 11:00:00,983.2,528.73,39.03,1006.62
2025-06-29 12:00:00,960.78,607.27,39.68,997.47
2025-06-29 13:00:00,862.8,464.47,40.0,919.22
2025-06-29 14:00:00,739.1,491.73,39.93,778.25
2025-06-29 15:00:00,561.3,427.88,39.39,587.53
2025-06-29 16:00:00,352.17,312.24,38.4,367.35
2025-06-29 17:00:00,150.35,140.84,36.89,154.93
2025-06-29 18:00:00,16.02,0.9,33.38,16.0
2025-06-29 19:00:00,0.0,0.0,31.42,0.0
2025-06-29 20:00:00,0.0,0.0,30.39,0.0
2025-06-29 21:00:00,0.0,0.0,29.46,0.0
2025-06-29 22:00:00,0.0,0.0,28.66,0.0
2025-06-29 23:00:00,0.0,0.0,27.96,0.0
2025-06-30 00:00:00,0.0,0.0,27.33,0.0
2025-06-30 01:00:00,0.0,0.0,26.82,0.0
2025-06-30 02:00:00,0.0,0.0,26.29,0.0
2025-06-30 03:00:00,0.0,0.0,25.74,0.0
2025-06-30 04:00:00,0.0,0.0,25.13,0.0
2025-06-30 05:00:00,33.15,12.85,25.22,33.17
2025-06-30 06:00:00,206.73,254.5,27.05,206.8
2025-06-30 07:00:00,427.95,451.49,30.18,428.05
2025-06-30 08:00:00,647.75,588.29,34.67,647.83
2025-06-30 09:00:00,831.47,668.77,37.38,831.53
2025-06-30 10:00:00,959.53,721.11,38.74,959.55
2025-06-30 11:00:00,1027.95,857.02,39.64,1027.95
2025-06-30 12:00:00,1018.88,819.32,40.24,1018.88
2025-06-30 13:00:00,942.1,733.27,40.53,942.22
2025-06-30 14:00:00,804.5,674.02,40.48,804.83
2025-06-30 15:00:00,608.9,581.85,40.04,609.67
2025-06-30 16:00:00,382.4,407.84,39.19,383.05
2025-06-30 17:00:00,163.68,195.93,37.78,164.0
2025-06-30 18:00:00,16.77,1.2,34.33,16.77
2025-06-30 19:00:00,0.0,0.0,32.78,0.0
2025-06-30 20:00:00,0.0,0.0,31.86,0.0
2025-06-30 21:00:00,0.0,0.0,30.79,0.0
2025-06-30 22:00:00,0.0,0.0,29.86,0.0
2025-06-30 23:00:00,0.0,0.0,29.04,0.0
2025-07-01 00:00:00,0.0,0.0,28.31,0.0
2025-07-01 01:00:00,0.0,0.0,27.6,0.0
2025-07-01 02:00:00,0.0,0.0,26.93,0.0
2025-07-01 03:00:00,0.0,0.0,26.29,0.0
2025-07-01 04:00:00,0.0,0.0,25.7,0.0
2025-07-01 05:00:00,31.25,2.98,26.02,31.4
2025-07-01 06:00:00,193.02,154.23,28.83,194.12
2025-07-01 07:00:00,407.6,318.06,32.01,409.25
2025-07-01 08:00:00,625.92,430.87,36.46,627.47
2025-07-01 09:00:00,811.4,513.85,38.05,812.55
2025-07-01 10:00:00,940.7,539.27,39.12,941.47
2025-07-01 11:00:00,1030.65,736.26,39.9,1031.05
2025-07-01 12:00:00,1021.22,753.67,40.43,1021.5
2025-07-01 13:00:00,944.15,688.5,40.62,944.38
2025-07-01 14:00:00,803.38,643.98,40.41,803.75
2025-07-01 15:00:00,610.17,560.57,39.82,610.72
2025-07-01 16:00:00,385.58,419.16,38.9,386.23
2025-07-01 17:00:00,164.6,201.46,37.53,165.0
2025-07-01 18:00:00,16.8,1.2,34.07,16.83
2025-07-01 19:00:00,0.0,0.0,32.35,0.0
2025-07-01 20:00:00,0.0,0.0,31.46,0.0
2025-07-01 21:00:00,0.0,0.0,30.66,0.0
2025-07-01 22:00:00,0.0,0.0,29.89,0.0
2025-07-01 23:00:00,0.0,0.0,29.14,0.0
2025-07-02 00:00:00,0.0,0.0,28.47,0.0
2025-07-02 01:00:00,0.0,0.0,27.9,0.0
2025-07-02 02:00:00,0.0,0.0,27.46,0.0
2025-07-02 03:00:00,0.0,0.0,27.1,0.0
2025-07-02 04:00:00,0.0,0.0,26.77,0.0
2025-07-02 05:00:00,29.98,3.3,27.1,30.02
2025-07-02 06:00:00,189.05,160.13,29.24,189.32
2025-07-02 07:00:00,400.58,323.09,32.15,401.1
2025-07-02 08:00:00,616.45,442.55,36.06,617.15
2025-07-02 09:00:00,800.83,515.77,37.84,801.6
2025-07-02 10:00:00,931.05,561.97,39.13,931.78
2025-07-02 11:00:00,998.88,652.28,40.06,999.53
2025-07-02 12:00:00,991.97,624.81,40.6,992.53
2025-07-02 13:00:00,914.53,558.04,40.73,914.97
2025-07-02 14:00:00,772.53,505.11,40.43,773.1
2025-07-02 15:00:00,577.95,415.31,39.74,578.53
2025-07-02 16:00:00,356.12,278.9,38.68,356.6
2025-07-02 17:00:00,149.85,107.13,37.21,150.05
2025-07-02 18:00:00,15.68,0.0,33.93,15.7
2025-07-02 19:00:00,0.0,0.0,32.17,0.0
2025-07-02 20:00:00,0.0,0.0,31.25,0.0
2025-07-02 21:00:00,0.0,0.0,30.37,0.0
2025-07-02 22:00:00,0.0,0.0,29.48,0.0
2025-07-02 23:00:00,0.0,0.0,28.65,0.0
2025-07-03 00:00:00,0.0,0.0,27.85,0.0
2025-07-03 01:00:00,0.0,0.0,27.16,0.0
2025-07-03 02:00:00,0.0,0.0,26.51,0.0
2025-07-03 03:00:00,0.0,0.0,25.89,0.0
2025-07-03 04:00:00,0.0,0.0,25.31,0.0
2025-07-03 05:00:00,30.52,3.34,25.6,30.52
2025-07-03 06:00:00,196.9,180.09,27.99,197.0
2025-07-03 07:00:00,418.62,373.33,31.19,418.77
2025-07-03 08:00:00,643.15,516.45,34.83,643.38
2025-07-03 09:00:00,830.83,601.88,36.37,831.08
2025-07-03 10:00:00,961.4,655.99,37.65,961.7
2025-07-03 11:00:00,1029.32,768.96,38.74,1029.65
2025-07-03 12:00:00,1022.0,740.2,39.52,1022.1
2025-07-03 13:00:00,943.4,663.85,39.96,943.67
2025-07-03 14:00:00,800.78,611.1,40.04,801.22
2025-07-03 15:00:00,605.3,521.73,39.67,605.9
2025-07-03 16:00:00,379.08,377.65,38.77,379.67
2025-07-03 17:00:00,161.5,172.48,37.27,161.82
2025-07-03 18:00:00,16.45,0.84,33.91,16.48
2025-07-03 19:00:00,0.0,0.0,32.14,0.0
2025-07-03 20:00:00,0.0,0.0,31.17,0.0
2025-07-03 21:00:00,0.0,0.0,30.2,0.0
2025-07-03 22:00:00,0.0,0.0,29.3,0.0
2025-07-03 23:00:00,0.0,0.0,28.49,0.0
2025-07-04 00:00:00,0.0,0.0,27.76,0.0
2025-07-04 01:00:00,0.0,0.0,27.06,0.0
2025-07-04 02:00:00,0.0,0.0,26.4,0.0
2025-07-04 03:00:00,0.0,0.0,25.77,0.0
2025-07-04 04:00:00,0.0,0.0,25.17,0.0
2025-07-04 05:00:00,31.33,17.39,25.43,31.38
2025-07-04 06:00:00,203.55,280.27,27.79,204.25
2025-07-04 07:00:00,426.35,485.16,31.0,427.25
2025-07-04 08:00:00,647.3,620.52,35.24,648.03
2025-07-04 09:00:00,832.1,701.86,37.18,832.6
2025-07-04 10:00:00,961.7,745.31,38.46,961.97
2025-07-04 11:00:00,1030.28,885.35,39.45,1030.4
2025-07-04 12:00:00,1023.45,853.95,40.21,1023.45
2025-07-04 13:00:00,946.65,770.62,40.71,946.8
2025-07-04 14:00:00,806.92,719.98,40.86,807.25
2025-07-04 15:00:00,613.92,637.78,40.56,614.4
2025-07-04 16:00:00,388.9,499.03,39.78,389.38
2025-07-04 17:00:00,167.93,279.66,38.27,168.2
2025-07-04 18:00:00,16.58,8.7,34.25,16.52
2025-07-04 19:00:00,0.0,0.0,32.65,0.0
2025-07-04 20:00:00,0.0,0.0,31.97,0.0
2025-07-04 21:00:00,0.0,0.0,31.35,0.0
2025-07-04 22:00:00,0.0,0.0,30.53,0.0
2025-07-04 23:00:00,0.0,0.0,29.73,0.0
2025-07-05 00:00:00,0.0,0.0,28.98,0.0
2025-07-05 01:00:00,0.0,0.0,28.27,0.0
2025-07-05 02:00:00,0.0,0.0,27.58,0.0
2025-07-05 03:00:00,0.0,0.0,26.93,0.0
2025-07-05 04:00:00,0.0,0.0,26.27,0.0
2025-07-05 05:00:00,31.27,42.59,26.13,31.3
2025-07-05 06:00:00,209.3,364.8,27.85,209.68
2025-07-05 07:00:00,434.23,575.54,31.18,434.8
2025-07-05 08:00:00,652.35,703.72,34.49,652.97
2025-07-05 09:00:00,833.95,769.97,36.94,834.55
2025-07-05 10:00:00,961.53,817.45,38.72,962.08
2025-07-05 11:00:00,1023.65,911.36,39.93,1024.15
2025-07-05 12:00:00,1018.5,879.64,40.73,1018.65
2025-07-05 13:00:00,943.0,797.06,41.16,944.25
2025-07-05 14:00:00,804.9,750.02,41.24,807.28
2025-07-05 15:00:00,614.7,674.8,40.9,618.0
2025-07-05 16:00:00,392.3,544.97,40.09,395.6
2025-07-05 17:00:00,171.0,326.01,38.68,172.93
2025-07-05 18:00:00,16.77,15.35,34.96,16.98
2025-07-05 19:00:00,0.0,0.0,33.55,0.0
2025-07-05 20:00:00,0.0,0.0,32.82,0.0
2025-07-05 21:00:00,0.0,0.0,31.82,0.0
2025-07-05 22:00:00,0.0,0.0,30.79,0.0
2025-07-05 23:00:00,0.0,0.0,29.66,0.0
2025-07-06 00:00:00,0.0,0.0,28.46,0.0
2025-07-06 01:00:00,0.0,0.0,27.42,0.0
2025-07-06 02:00:00,0.0,0.0,26.52,0.0
2025-07-06 03:00:00,0.0,0.0,25.73,0.0
2025-07-06 04:00:00,0.0,0.0,25.01,0.0
2025-07-06 05:00:00,31.58,53.4,25.23,32.22
2025-07-06 06:00:00,212.45,407.02,27.55,216.7
2025-07-06 07:00:00,437.88,588.22,30.89,446.75
2025-07-06 08:00:00,655.53,715.65,34.81,666.97
2025-07-06 09:00:00,837.8,779.32,37.2,850.03
2025-07-06 10:00:00,966.42,801.53,38.91,978.05
2025-07-06 11:00:00,1026.05,809.73,40.17,1036.72
2025-07-06 12:00:00,1020.88,844.49,41.05,1030.2
2025-07-06 13:00:00,947.28,789.55,41.54,955.05
2025-07-06 14:00:00,810.33,754.2,41.62,816.45
2025-07-06 15:00:00,620.9,696.48,41.3,625.38
2025-07-06 16:00:00,398.15,562.6,40.53,400.88
2025-07-06 17:00:00,174.38,347.3,38.64,175.4
2025-07-06 18:00:00,17.08,21.18,34.26,17.12
2025-07-06 19:00:00,0.0,0.0,32.54,0.0
2025-07-06 20:00:00,0.0,0.0,31.65,0.0
2025-07-06 21:00:00,0.0,0.0,30.79,0.0
2025-07-06 22:00:00,0.0,0.0,29.91,0.0
2025-07-06 23:00:00,0.0,0.0,29.07,0.0
2025-07-07 00:00:00,0.0,0.0,28.28,0.0
2025-07-07 01:00:00,0.0,0.0,27.46,0.0
2025-07-07 02:00:00,0.0,0.0,26.55,0.0
2025-07-07 03:00:00,0.0,0.0,25.65,0.0
2025-07-07 04:00:00,0.0,0.0,24.93,0.0
2025-07-07 05:00:00,30.1,40.27,25.14,30.15
2025-07-07 06:00:00,209.02,359.56,27.49,209.4
2025-07-07 07:00:00,437.2,560.81,30.9,437.73
2025-07-07 08:00:00,657.95,684.27,35.27,658.47
2025-07-07 09:00:00,842.25,750.5,38.16,842.65
2025-07-07 10:00:00,971.38,793.24,40.08,971.62
2025-07-07 11:00:00,1028.55,854.22,41.33,1028.7
2025-07-07 12:00:00,1021.65,819.38,42.12,1021.72
2025-07-07 13:00:00,941.33,706.35,42.5,945.2
2025-07-07 14:00:00,805.03,689.24,42.45,805.33
2025-07-07 15:00:00,612.4,605.0,41.95,612.95
2025-07-07 16:00:00,387.62,465.05,40.92,388.2
2025-07-07 17:00:00,166.1,249.16,39.13,166.45
2025-07-07 18:00:00,16.3,5.05,35.03,16.33
2025-07-07 19:00:00,0.0,0.0,33.45,0.0
2025-07-07 20:00:00,0.0,0.0,32.52,0.0
2025-07-07 21:00:00,0.0,0.0,31.51,0.0
2025-07-07 22:00:00,0.0,0.0,30.56,0.0
2025-07-07 23:00:00,0.0,0.0,29.64,0.0
2025-07-08 00:00:00,0.0,0.0,28.78,0.0
2025-07-08 01:00:00,0.0,0.0,27.95,0.0
2025-07-08 02:00:00,0.0,0.0,27.1,0.0
2025-07-08 03:00:00,0.0,0.0,26.22,0.0
2025-07-08 04:00:00,0.0,0.0,25.42,0.0
2025-07-08 05:00:00,29.88,20.9,25.37,30.1
2025-07-08 06:00:00,205.9,301.63,27.1,210.9
2025-07-08 07:00:00,438.2,537.65,30.34,444.55
2025-07-08 08:00:00,658.47,637.34,34.48,666.78
2025-07-08 09:00:00,836.6,671.86,37.84,852.38
2025-07-08 10:00:00,965.0,692.2,39.89,981.85
2025-07-08 11:00:00,991.33,699.12,41.19,1021.95
2025-07-08 12:00:00,997.88,664.61,42.01,1014.95
2025-07-08 13:00:00,927.12,649.31,42.36,936.22
2025-07-08 14:00:00,792.45,621.39,42.22,792.83
2025-07-08 15:00:00,599.6,535.95,41.59,600.22
2025-07-08 16:00:00,375.73,399.33,40.47,376.38
2025-07-08 17:00:00,157.68,193.18,38.7,158.02
2025-07-08 18:00:00,15.77,2.53,35.0,15.8
2025-07-08 19:00:00,0.0,0.0,33.32,0.0
2025-07-08 20:00:00,0.0,0.0,32.32,0.0
2025-07-08 21:00:00,0.0,0.0,31.14,0.0
2025-07-08 22:00:00,0.0,0.0,30.02,0.0
2025-07-08 23:00:00,0.0,0.0,29.05,0.0
2025-07-09 00:00:00,0.0,0.0,28.19,0.0
2025-07-09 01:00:00,0.0,0.0,27.4,0.0
2025-07-09 02:00:00,0.0,0.0,26.55,0.0
2025-07-09 03:00:00,0.0,0.0,25.61,0.0
2025-07-09 04:00:00,0.0,0.0,24.7,0.0
2025-07-09 05:00:00,29.77,33.38,24.46,30.15
2025-07-09 06:00:00,208.4,366.82,26.19,211.88
2025-07-09 07:00:00,436.17,569.27,29.69,442.45
2025-07-09 08:00:00,658.42,693.43,34.0,664.8
2025-07-09 09:00:00,844.97,763.59,36.52,850.3
2025-07-09 10:00:00,976.78,812.32,38.21,980.42
2025-07-09 11:00:00,1033.95,820.63,39.42,1035.82
2025-07-09 12:00:00,1031.47,856.2,40.22,1031.47
2025-07-09 13:00:00,956.35,778.43,40.56,956.53
2025-07-09 14:00:00,817.33,735.7,40.4,817.7
2025-07-09 15:00:00,625.62,659.07,39.81,626.12
2025-07-09 16:00:00,400.2,525.95,38.78,400.73
2025-07-09 17:00:00,175.55,307.98,37.03,175.85
2025-07-09 18:00:00,17.3,10.18,32.87,17.33
2025-07-09 19:00:00,0.0,0.0,31.06,0.0
2025-07-09 20:00:00,0.0,0.0,30.04,0.0
2025-07-09 21:00:00,0.0,0.0,29.05,0.0
2025-07-09 22:00:00,0.0,0.0,28.12,0.0
2025-07-09 23:00:00,0.0,0.0,27.33,0.0
2025-07-10 00:00:00,0.0,0.0,26.6,0.0
2025-07-10 01:00:00,0.0,0.0,25.91,0.0
2025-07-10 02:00:00,0.0,0.0,25.21,0.0
2025-07-10 03:00:00,0.0,0.0,24.51,0.0
2025-07-10 04:00:00,0.0,0.0,23.81,0.0
2025-07-10 05:00:00,30.5,29.87,23.9,31.0
2025-07-10 06:00:00,214.25,355.29,26.22,218.6
2025-07-10 07:00:00,446.55,587.3,29.17,452.7
2025-07-10 08:00:00,672.15,721.24,34.09,677.3
2025-07-10 09:00:00,858.88,785.28,36.75,862.42
2025-07-10 10:00:00,990.08,833.99,38.22,992.12
2025-07-10 11:00:00,1052.43,872.67,39.36,1053.4
2025-07-10 12:00:00,1047.07,913.25,40.1,1047.07
2025-07-10 13:00:00,971.35,834.42,40.44,971.58
2025-07-10 14:00:00,832.05,795.57,40.38,832.42
2025-07-10 15:00:00,639.8,723.58,39.88,640.28
2025-07-10 16:00:00,412.7,593.96,38.89,413.15
2025-07-10 17:00:00,182.88,369.17,37.22,183.12
2025-07-10 18:00:00,17.8,17.08,33.01,17.83
2025-07-10 19:00:00,0.0,0.0,31.26,0.0
2025-07-10 20:00:00,0.0,0.0,30.28,0.0
2025-07-10 21:00:00,0.0,0.0,29.33,0.0
2025-07-10 22:00:00,0.0,0.0,28.44,0.0
2025-07-10 23:00:00,0.0,0.0,27.63,0.0
2025-07-11 00:00:00,0.0,0.0,26.86,0.0
2025-07-11 01:00:00,0.0,0.0,26.13,0.0
2025-07-11 02:00:00,0.0,0.0,25.44,0.0
2025-07-11 03:00:00,0.0,0.0,24.78,0.0
2025-07-11 04:00:00,0.0,0.0,24.12,0.0
2025-07-11 05:00:00,29.05,34.44,24.33,29.55
2025-07-11 06:00:00,209.27,366.28,27.71,212.95
2025-07-11 07:00:00,438.95,576.05,30.49,445.3
2025-07-11 08:00:00,662.1,714.45,35.2,668.62
2025-07-11 09:00:00,848.88,795.93,37.36,854.03
2025-07-11 10:00:00,979.78,824.55,38.7,983.38
2025-07-11 11:00:00,1040.7,853.5,39.77,1042.55
2025-07-11 12:00:00,1036.55,885.77,40.55,1036.55
2025-07-11 13:00:00,962.85,801.6,41.0,962.92
2025-07-11 14:00:00,821.5,753.82,41.12,821.67
2025-07-11 15:00:00,627.0,671.38,40.83,627.3
2025-07-11 16:00:00,398.88,530.75,40.07,399.27
2025-07-11 17:00:00,171.5,300.68,38.2,171.77
2025-07-11 18:00:00,16.45,9.46,33.92,16.48
2025-07-11 19:00:00,0.0,0.0,32.17,0.0
2025-07-11 20:00:00,0.0,0.0,31.16,0.0
2025-07-11 21:00:00,0.0,0.0,30.35,0.0
2025-07-11 22:00:00,0.0,0.0,29.65,0.0
2025-07-11 23:00:00,0.0,0.0,28.99,0.0
2025-07-12 00:00:00,0.0,0.0,28.35,0.0
2025-07-12 01:00:00,0.0,0.0,27.75,0.0
2025-07-12 02:00:00,0.0,0.0,27.17,0.0
2025-07-12 03:00:00,0.0,0.0,26.6,0.0
2025-07-12 04:00:00,0.0,0.0,26.03,0.0
2025-07-12 05:00:00,26.48,18.3,26.08,26.52
2025-07-12 06:00:00,196.55,306.46,27.89,196.95
2025-07-12 07:00:00,422.12,513.97,31.02,422.85
2025-07-12 08:00:00,642.83,649.23,35.69,643.62
2025-07-12 09:00:00,827.8,717.34,38.15,828.5
2025-07-12 10:00:00,958.2,765.51,39.59,958.7
2025-07-12 11:00:00,1018.12,831.36,40.64,1018.47
2025-07-12 12:00:00,1013.58,802.11,41.39,1013.85
2025-07-12 13:00:00,939.05,725.57,41.83,939.3
2025-07-12 14:00:00,792.8,660.76,41.92,800.55
2025-07-12 15:00:00,596.42,578.69,41.6,608.12
2025-07-12 16:00:00,372.1,415.37,40.84,383.17
2025-07-12 17:00:00,155.8,196.4,39.34,161.0
2025-07-12 18:00:00,15.6,2.84,35.39,15.57
2025-07-12 19:00:00,0.0,0.0,33.88,0.0
2025-07-12 20:00:00,0.0,0.0,33.04,0.0
2025-07-12 21:00:00,0.0,0.0,32.05,0.0
2025-07-12 22:00:00,0.0,0.0,31.12,0.0
2025-07-12 23:00:00,0.0,0.0,30.35,0.0
2025-07-13 00:00:00,0.0,0.0,29.64,0.0
2025-07-13 01:00:00,0.0,0.0,28.93,0.0
2025-07-13 02:00:00,0.0,0.0,28.22,0.0
2025-07-13 03:00:00,0.0,0.0,27.51,0.0
2025-07-13 04:00:00,0.0,0.0,26.78,0.0
2025-07-13 05:00:00,23.8,1.95,26.48,23.83
2025-07-13 06:00:00,174.02,154.5,27.91,177.85
2025-07-13 07:00:00,388.75,353.88,31.37,395.27
2025-07-13 08:00:00,610.25,511.53,35.29,612.65
2025-07-13 09:00:00,795.0,566.14,37.65,800.7
2025-07-13 10:00:00,902.7,555.92,39.19,931.45
2025-07-13 11:00:00,959.65,507.25,40.2,984.22
2025-07-13 12:00:00,964.3,570.49,40.84,976.58
2025-07-13 13:00:00,797.22,816.02,41.09,892.75
2025-07-13 14:00:00,733.55,441.07,40.88,753.83
2025-07-13 15:00:00,550.85,384.71,40.25,559.12
2025-07-13 16:00:00,330.1,237.07,39.19,338.62
2025-07-13 17:00:00,133.73,69.47,37.71,136.05
2025-07-13 18:00:00,14.0,0.0,35.41,13.82
2025-07-13 19:00:00,0.0,0.0,33.99,0.0
2025-07-13 20:00:00,0.0,0.0,32.94,0.0
2025-07-13 21:00:00,0.0,0.0,31.97,0.0
2025-07-13 22:00:00,0.0,0.0,31.05,0.0
2025-07-13 23:00:00,0.0,0.0,30.25,0.0
2025-07-14 00:00:00,0.0,0.0,29.48,0.0
2025-07-14 01:00:00,0.0,0.0,28.69,0.0
2025-07-14 02:00:00,0.0,0.0,27.82,0.0
2025-07-14 03:00:00,0.0,0.0,27.07,0.0
2025-07-14 04:00:00,0.0,0.0,26.36,0.0
2025-07-14 05:00:00,22.2,1.56,26.11,23.12
2025-07-14 06:00:00,161.95,134.56,27.65,174.4
2025-07-14 07:00:00,365.33,321.44,31.0,392.45
2025-07-14 08:00:00,580.05,465.89,34.3,614.6
2025-07-14 09:00:00,768.67,569.64,36.59,802.65
2025-07-14 10:00:00,908.12,619.62,38.16,935.58
2025-07-14 11:00:00,990.12,647.32,39.16,1006.42
2025-07-14 12:00:00,998.6,733.86,39.71,1001.15
2025-07-14 13:00:00,921.58,646.31,39.86,924.17
2025-07-14 14:00:00,780.65,585.22,39.63,782.97
2025-07-14 15:00:00,588.25,496.43,38.98,590.17
2025-07-14 16:00:00,366.15,358.41,37.91,367.38
2025-07-14 17:00:00,153.2,157.62,36.44,153.68
2025-07-14 18:00:00,14.9,0.84,33.76,14.95
2025-07-14 19:00:00,0.0,0.0,32.09,0.0
2025-07-14 20:00:00,0.0,0.0,31.04,0.0
2025-07-14 21:00:00,0.0,0.0,29.99,0.0
2025-07-14 22:00:00,0.0,0.0,29.04,0.0
2025-07-14 23:00:00,0.0,0.0,28.13,0.0
2025-07-15 00:00:00,0.0,0.0,27.27,0.0
2025-07-15 01:00:00,0.0,0.0,26.46,0.0
2025-07-15 02:00:00,0.0,0.0,25.72,0.0
2025-07-15 03:00:00,0.0,0.0,25.03,0.0
2025-07-15 04:00:00,0.0,0.0,24.4,0.0
2025-07-15 05:00:00,24.25,3.27,24.47,24.7
2025-07-15 06:00:00,186.25,201.74,26.6,189.2
2025-07-15 07:00:00,409.08,415.53,29.91,415.52
2025-07-15 08:00:00,634.97,549.59,33.32,641.8
2025-07-15 09:00:00,828.47,641.75,34.93,833.7
2025-07-15 10:00:00,966.3,677.15,36.29,969.08
2025-07-15 11:00:00,1054.1,891.53,37.36,1054.95
2025-07-15 12:00:00,1050.18,852.89,38.1,1050.18
2025-07-15 13:00:00,974.53,766.85,38.51,974.65
2025-07-15 14:00:00,832.4,710.86,38.46,832.67
2025-07-15 15:00:00,634.72,617.0,37.94,635.1
2025-07-15 16:00:00,401.85,462.22,36.96,402.27
2025-07-15 17:00:00,172.38,229.57,35.46,172.6
2025-07-15 18:00:00,16.15,1.34,31.52,16.17
2025-07-15 19:00:00,0.0,0.0,29.69,0.0
2025-07-15 20:00:00,0.0,0.0,28.67,0.0
2025-07-15 21:00:00,0.0,0.0,27.78,0.0
2025-07-15 22:00:00,0.0,0.0,26.97,0.0
2025-07-15 23:00:00,0.0,0.0,26.29,0.0
2025-07-16 00:00:00,0.0,0.0,25.71,0.0
2025-07-16 01:00:00,0.0,0.0,25.23,0.0
2025-07-16 02:00:00,0.0,0.0,24.89,0.0
2025-07-16 03:00:00,0.0,0.0,24.63,0.0
2025-07-16 04:00:00,0.0,0.0,24.35,0.0
2025-07-16 05:00:00,24.7,2.36,24.29,24.8
2025-07-16 06:00:00,190.5,200.4,27.5,191.6
2025-07-16 07:00:00,415.62,394.7,30.6,417.25
2025-07-16 08:00:00,643.28,532.14,35.44,644.83
2025-07-16 09:00:00,833.62,617.26,37.38,834.83
2025-07-16 10:00:00,966.4,659.06,38.65,967.22
2025-07-16 11:00:00,1047.47,871.67,39.62,1047.95
2025-07-16 12:00:00,1040.65,838.33,40.31,1040.72
2025-07-16 13:00:00,963.95,763.23,40.7,964.58
2025-07-16 14:00:00,822.78,717.02,40.7,824.15
2025-07-16 15:00:00,628.2,640.0,40.33,630.45
2025-07-16 16:00:00,399.9,504.38,39.48,402.52
2025-07-16 17:00:00,171.9,272.97,37.87,173.57
2025-07-16 18:00:00,16.0,3.59,33.67,16.15
2025-07-16 19:00:00,0.0,0.0,31.91,0.0
2025-07-16 20:00:00,0.0,0.0,30.92,0.0
2025-07-16 21:00:00,0.0,0.0,30.09,0.0
2025-07-16 22:00:00,0.0,0.0,29.35,0.0
2025-07-16 23:00:00,0.0,0.0,28.7,0.0
2025-07-17 00:00:00,0.0,0.0,28.13,0.0
2025-07-17 01:00:00,0.0,0.0,27.56,0.0
2025-07-17 02:00:00,0.0,0.0,26.99,0.0
2025-07-17 03:00:00,0.0,0.0,26.42,0.0
2025-07-17 04:00:00,0.0,0.0,25.87,0.0
2025-07-17 05:00:00,24.23,6.6,26.04,24.25
2025-07-17 06:00:00,193.15,261.47,28.72,193.6
2025-07-17 07:00:00,422.98,474.48,31.6,423.58
2025-07-17 08:00:00,646.38,605.67,36.2,646.92
2025-07-17 09:00:00,834.53,685.24,38.79,834.95
2025-07-17 10:00:00,967.22,722.96,40.29,967.55
2025-07-17 11:00:00,997.5,571.93,41.37,997.9
2025-07-17 12:00:00,996.28,611.35,42.14,996.67
2025-07-17 13:00:00,922.05,554.77,42.52,922.47
2025-07-17 14:00:00,782.2,515.61,42.47,782.65
2025-07-17 15:00:00,589.1,445.52,41.96,589.55
2025-07-17 16:00:00,366.25,324.53,40.98,366.65
2025-07-17 17:00:00,151.1,136.35,39.16,151.3
2025-07-17 18:00:00,14.15,0.46,34.93,14.18
2025-07-17 19:00:00,0.0,0.0,33.26,0.0
2025-07-17 20:00:00,0.0,0.0,32.27,0.0
2025-07-17 21:00:00,0.0,0.0,31.38,0.0
2025-07-17 22:00:00,0.0,0.0,30.56,0.0
2025-07-17 23:00:00,0.0,0.0,29.89,0.0
2025-07-18 00:00:00,0.0,0.0,29.36,0.0
2025-07-18 01:00:00,0.0,0.0,28.84,0.0
2025-07-18 02:00:00,0.0,0.0,28.33,0.0
2025-07-18 03:00:00,0.0,0.0,27.82,0.0
2025-07-18 04:00:00,0.0,0.0,27.31,0.0
2025-07-18 05:00:00,22.9,7.9,27.47,22.92
2025-07-18 06:00:00,187.95,269.9,29.64,188.23
2025-07-18 07:00:00,412.62,482.96,32.8,413.05
2025-07-18 08:00:00,633.15,617.6,37.14,633.65
2025-07-18 09:00:00,818.38,693.17,39.26,818.95
2025-07-18 10:00:00,948.95,745.34,40.51,949.62
2025-07-18 11:00:00,1007.05,793.19,41.44,1007.83
2025-07-18 12:00:00,1002.47,764.36,42.1,1003.3
2025-07-18 13:00:00,927.47,686.01,42.39,927.8
2025-07-18 14:00:00,787.7,634.64,42.32,788.88
2025-07-18 15:00:00,594.85,546.33,41.81,596.1
2025-07-18 16:00:00,371.08,402.47,40.86,372.12
2025-07-18 17:00:00,154.18,188.0,39.26,154.7
2025-07-18 18:00:00,14.18,1.33,35.67,14.2
2025-07-18 19:00:00,0.0,0.0,34.1,0.0
2025-07-18 20:00:00,0.0,0.0,33.19,0.0
2025-07-18 21:00:00,0.0,0.0,32.29,0.0
2025-07-18 22:00:00,0.0,0.0,31.49,0.0
2025-07-18 23:00:00,0.0,0.0,30.83,0.0
2025-07-19 00:00:00,0.0,0.0,30.24,0.0
2025-07-19 01:00:00,0.0,0.0,29.63,0.0
2025-07-19 02:00:00,0.0,0.0,29.01,0.0
2025-07-19 03:00:00,0.0,0.0,28.35,0.0
2025-07-19 04:00:00,0.0,0.0,27.69,0.0
2025-07-19 05:00:00,22.15,7.86,27.61,22.25
2025-07-19 06:00:00,181.82,244.63,29.56,183.5
2025-07-19 07:00:00,404.85,487.91,32.52,407.9
2025-07-19 08:00:00,627.58,620.2,36.79,630.67
2025-07-19 09:00:00,815.35,692.84,38.79,817.85
2025-07-19 10:00:00,948.35,751.47,40.04,950.08
2025-07-19 11:00:00,999.03,767.54,40.97,999.9
2025-07-19 12:00:00,1010.79,770.98,41.58,1014.98
2025-07-19 13:00:00,920.25,690.86,41.8,920.5
2025-07-19 14:00:00,780.88,645.17,41.56,781.33
2025-07-19 15:00:00,588.75,562.22,40.9,589.33
2025-07-19 16:00:00,366.05,426.0,39.81,366.58
2025-07-19 17:00:00,152.23,216.94,38.2,152.5
2025-07-19 18:00:00,13.68,3.41,35.09,13.7
2025-07-19 19:00:00,0.0,0.0,33.72,0.0
2025-07-19 20:00:00,0.0,0.0,32.87,0.0
2025-07-19 21:00:00,0.0,0.0,31.91,0.0
2025-07-19 22:00:00,0.0,0.0,30.96,0.0
2025-07-19 23:00:00,0.0,0.0,30.09,0.0
2025-07-20 00:00:00,0.0,0.0,29.25,0.0
2025-07-20 01:00:00,0.0,0.0,28.37,0.0
2025-07-20 02:00:00,0.0,0.0,27.49,0.0
2025-07-20 03:00:00,0.0,0.0,26.7,0.0
2025-07-20 04:00:00,0.0,0.0,25.99,0.0
2025-07-20 05:00:00,21.67,15.86,25.84,21.88
2025-07-20 06:00:00,183.02,296.88,27.54,184.7
2025-07-20 07:00:00,405.92,500.99,30.82,408.58
2025-07-20 08:00:00,628.85,636.1,34.63,631.28
2025-07-20 09:00:00,817.15,719.68,36.59,818.78
2025-07-20 10:00:00,950.78,771.15,37.99,951.6
2025-07-20 11:00:00,1017.88,841.54,39.13,1018.2
2025-07-20 12:00:00,1014.47,842.96,39.91,1014.55
2025-07-20 13:00:00,940.88,767.44,40.33,940.95
2025-07-20 14:00:00,803.55,726.94,40.33,803.67
2025-07-20 15:00:00,613.85,653.54,39.85,614.03
2025-07-20 16:00:00,390.73,525.58,38.88,390.92
2025-07-20 17:00:00,166.7,298.49,37.34,166.82
2025-07-20 18:00:00,14.62,6.95,33.92,14.62
2025-07-20 19:00:00,0.0,0.0,32.26,0.0
2025-07-20 20:00:00,0.0,0.0,31.3,0.0
2025-07-20 21:00:00,0.0,0.0,30.33,0.0
2025-07-20 22:00:00,0.0,0.0,29.42,0.0
2025-07-20 23:00:00,0.0,0.0,28.59,0.0
2025-07-21 00:00:00,0.0,0.0,27.81,0.0
2025-07-21 01:00:00,0.0,0.0,27.06,0.0
2025-07-21 02:00:00,0.0,0.0,26.34,0.0
2025-07-21 03:00:00,0.0,0.0,25.68,0.0
2025-07-21 04:00:00,0.0,0.0,25.07,0.0
2025-07-21 05:00:00,23.88,22.1,25.2,23.9
2025-07-21 06:00:00,202.02,366.94,27.53,202.98
2025-07-21 07:00:00,435.4,587.85,30.71,436.58
2025-07-21 08:00:00,660.7,719.54,35.16,661.67
2025-07-21 09:00:00,848.28,796.64,37.02,848.92
2025-07-21 10:00:00,980.1,832.55,38.22,980.47
2025-07-21 11:00:00,1042.7,890.8,39.11,1042.88
2025-07-21 12:00:00,1010.35,770.98,39.72,1014.54
2025-07-21 13:00:00,963.22,807.79,40.02,964.0
2025-07-21 14:00:00,823.42,762.29,39.92,824.97
2025-07-21 15:00:00,629.8,683.31,39.39,631.97
2025-07-21 16:00:00,401.58,546.93,38.4,403.83
2025-07-21 17:00:00,172.25,314.1,36.79,173.6
2025-07-21 18:00:00,14.77,6.24,33.28,14.9
2025-07-21 19:00:00,0.0,0.0,31.69,0.0
2025-07-21 20:00:00,0.0,0.0,30.76,0.0
2025-07-21 21:00:00,0.0,0.0,29.8,0.0
2025-07-21 22:00:00,0.0,0.0,28.88,0.0
2025-07-21 23:00:00,0.0,0.0,28.07,0.0
2025-07-22 00:00:00,0.0,0.0,27.32,0.0
2025-07-22 01:00:00,0.0,0.0,26.62,0.0
2025-07-22 02:00:00,0.0,0.0,25.93,0.0
2025-07-22 03:00:00,0.0,0.0,25.26,0.0
2025-07-22 04:00:00,0.0,0.0,24.61,0.0
2025-07-22 05:00:00,23.0,21.63,24.68,23.48
2025-07-22 06:00:00,198.8,357.43,27.53,202.62
2025-07-22 07:00:00,431.02,583.39,30.35,439.2
2025-07-22 08:00:00,656.83,701.97,34.85,666.9
2025-07-22 09:00:00,846.22,771.74,36.87,856.42
2025-07-22 10:00:00,979.95,798.36,38.09,989.4
2025-07-22 11:00:00,1046.45,841.41,39.11,1055.18
2025-07-22 12:00:00,1042.05,838.95,39.89,1050.4
2025-07-22 13:00:00,965.72,772.98,40.35,974.12
2025-07-22 14:00:00,824.12,736.67,40.38,832.45
2025-07-22 15:00:00,628.42,658.55,39.94,636.03
2025-07-22 16:00:00,397.88,506.63,39.0,403.5
2025-07-22 17:00:00,166.7,269.66,37.28,169.07
2025-07-22 18:00:00,14.4,3.12,33.17,14.57
2025-07-22 19:00:00,0.0,0.0,31.61,0.0
2025-07-22 20:00:00,0.0,0.0,30.69,0.0
2025-07-22 21:00:00,0.0,0.0,29.81,0.0
2025-07-22 22:00:00,0.0,0.0,29.06,0.0
2025-07-22 23:00:00,0.0,0.0,28.41,0.0
2025-07-23 00:00:00,0.0,0.0,27.81,0.0
2025-07-23 01:00:00,0.0,0.0,27.22,0.0
2025-07-23 02:00:00,0.0,0.0,26.65,0.0
2025-07-23 03:00:00,0.0,0.0,26.14,0.0
2025-07-23 04:00:00,0.0,0.0,25.64,0.0
2025-07-23 05:00:00,21.48,6.36,25.85,21.6
2025-07-23 06:00:00,188.48,268.72,29.68,189.77
2025-07-23 07:00:00,421.4,498.04,32.8,423.48
2025-07-23 08:00:00,649.67,636.1,36.3,651.62
2025-07-23 09:00:00,841.42,719.89,37.9,842.8
2025-07-23 10:00:00,976.58,759.76,39.2,977.42
2025-07-23 11:00:00,1043.97,831.67,40.28,1044.47
2025-07-23 12:00:00,1041.18,836.37,41.05,1041.53
2025-07-23 13:00:00,967.5,768.44,41.43,967.72
2025-07-23 14:00:00,827.25,728.38,41.36,828.05
2025-07-23 15:00:00,632.0,649.95,40.75,632.83
2025-07-23 16:00:00,400.98,510.27,39.67,401.67
2025-07-23 17:00:00,167.55,265.56,37.86,167.93
2025-07-23 18:00:00,13.88,2.31,33.63,13.9
2025-07-23 19:00:00,0.0,0.0,31.95,0.0
2025-07-23 20:00:00,0.0,0.0,31.01,0.0
2025-07-23 21:00:00,0.0,0.0,30.14,0.0
2025-07-23 22:00:00,0.0,0.0,29.36,0.0
2025-07-23 23:00:00,0.0,0.0,28.58,0.0
2025-07-24 00:00:00,0.0,0.0,27.81,0.0
2025-07-24 01:00:00,0.0,0.0,27.15,0.0
2025-07-24 02:00:00,0.0,0.0,26.56,0.0
2025-07-24 03:00:00,0.0,0.0,26.02,0.0
2025-07-24 04:00:00,0.0,0.0,25.52,0.0
2025-07-24 05:00:00,20.5,4.37,25.8,20.8
2025-07-24 06:00:00,183.07,231.57,29.4,185.93
2025-07-24 07:00:00,413.0,461.42,32.37,417.98
2025-07-24 08:00:00,639.5,602.55,36.83,644.92
2025-07-24 09:00:00,830.4,691.52,38.78,835.25
2025-07-24 10:00:00,965.95,737.69,40.16,969.75
2025-07-24 11:00:00,1025.85,736.72,41.23,1028.57
2025-07-24 12:00:00,1023.28,771.26,41.87,1024.97
2025-07-24 13:00:00,948.47,694.58,42.09,948.8
2025-07-24 14:00:00,803.2,635.98,41.92,806.6
2025-07-24 15:00:00,605.0,550.65,41.43,609.55
2025-07-24 16:00:00,374.95,400.31,40.5,379.05
2025-07-24 17:00:00,151.4,179.86,38.61,153.38
2025-07-24 18:00:00,12.62,0.99,34.29,12.68
2025-07-24 19:00:00,0.0,0.0,32.72,0.0
2025-07-24 20:00:00,0.0,0.0,31.79,0.0
2025-07-24 21:00:00,0.0,0.0,30.96,0.0
2025-07-24 22:00:00,0.0,0.0,30.09,0.0
2025-07-24 23:00:00,0.0,0.0,29.3,0.0
2025-07-25 00:00:00,0.0,0.0,28.61,0.0
2025-07-25 01:00:00,0.0,0.0,28.02,0.0
2025-07-25 02:00:00,0.0,0.0,27.46,0.0
2025-07-25 03:00:00,0.0,0.0,26.92,0.0
2025-07-25 04:00:00,0.0,0.0,26.45,0.0
2025-07-25 05:00:00,18.73,2.67,26.63,19.05
2025-07-25 06:00:00,169.55,184.61,29.6,173.2
2025-07-25 07:00:00,388.55,383.59,32.59,395.0
2025-07-25 08:00:00,611.85,519.8,37.17,618.3
2025-07-25 09:00:00,802.67,609.78,39.13,807.83
2025-07-25 10:00:00,939.78,639.04,40.44,943.33
2025-07-25 11:00:00,1020.62,740.29,41.41,1022.5
2025-07-25 12:00:00,1019.12,763.31,42.06,1019.3
2025-07-25 13:00:00,944.72,688.58,42.35,945.62
2025-07-25 14:00:00,804.0,632.07,42.21,805.78
2025-07-25 15:00:00,608.75,553.25,41.6,611.47
2025-07-25 16:00:00,379.58,409.23,40.51,382.7
2025-07-25 17:00:00,156.15,191.75,38.59,158.05
2025-07-25 18:00:00,12.65,0.48,34.23,12.8
2025-07-25 19:00:00,0.0,0.0,32.54,0.0
2025-07-25 20:00:00,0.0,0.0,31.54,0.0
2025-07-25 21:00:00,0.0,0.0,30.63,0.0
2025-07-25 22:00:00,0.0,0.0,29.8,0.0
2025-07-25 23:00:00,0.0,0.0,29.08,0.0
2025-07-26 00:00:00,0.0,0.0,28.43,0.0
2025-07-26 01:00:00,0.0,0.0,27.83,0.0
2025-07-26 02:00:00,0.0,0.0,27.27,0.0
2025-07-26 03:00:00,0.0,0.0,26.64,0.0
2025-07-26 04:00:00,0.0,0.0,25.93,0.0
2025-07-26 05:00:00,19.05,2.89,25.83,19.08
2025-07-26 06:00:00,177.55,213.48,29.02,178.65
2025-07-26 07:00:00,402.83,436.28,31.86,405.5
2025-07-26 08:00:00,628.6,562.45,36.65,631.83
2025-07-26 09:00:00,817.85,666.05,39.31,822.08
2025-07-26 10:00:00,945.33,642.35,40.67,955.95
2025-07-26 11:00:00,996.1,739.46,41.73,1027.55
2025-07-26 12:00:00,1018.53,802.01,42.48,1023.6
2025-07-26 13:00:00,942.85,753.49,42.84,948.05
2025-07-26 14:00:00,801.97,696.43,42.73,806.85
2025-07-26 15:00:00,608.72,628.28,42.16,612.8
2025-07-26 16:00:00,380.77,485.26,41.12,383.55
2025-07-26 17:00:00,156.93,262.53,39.06,158.02
2025-07-26 18:00:00,12.07,2.34,34.93,12.1
2025-07-26 19:00:00,0.0,0.0,33.38,0.0
2025-07-26 20:00:00,0.0,0.0,32.36,0.0
2025-07-26 21:00:00,0.0,0.0,31.43,0.0
2025-07-26 22:00:00,0.0,0.0,30.59,0.0
2025-07-26 23:00:00,0.0,0.0,29.92,0.0
2025-07-27 00:00:00,0.0,0.0,29.31,0.0
2025-07-27 01:00:00,0.0,0.0,28.74,0.0
2025-07-27 02:00:00,0.0,0.0,28.17,0.0
2025-07-27 03:00:00,0.0,0.0,27.61,0.0
2025-07-27 04:00:00,0.0,0.0,27.05,0.0
2025-07-27 05:00:00,18.88,7.9,27.12,18.9
2025-07-27 06:00:00,182.55,288.75,30.62,183.23
2025-07-27 07:00:00,411.02,509.49,33.49,412.05
2025-07-27 08:00:00,637.15,643.7,38.13,638.2
2025-07-27 09:00:00,825.45,728.22,40.65,826.35
2025-07-27 10:00:00,958.9,775.59,41.94,959.58
2025-07-27 11:00:00,1023.38,829.74,42.91,1023.83
2025-07-27 12:00:00,1019.67,828.63,43.51,1019.75
2025-07-27 13:00:00,937.31,705.08,43.72,941.16
2025-07-27 14:00:00,803.42,692.11,43.51,803.55
2025-07-27 15:00:00,607.6,600.27,42.86,607.85
2025-07-27 16:00:00,378.02,452.29,41.83,378.35
2025-07-27 17:00:00,152.75,216.65,39.73,152.95
2025-07-27 18:00:00,11.7,0.96,35.33,11.7
2025-07-27 19:00:00,0.0,0.0,33.69,0.0
2025-07-27 20:00:00,0.0,0.0,32.58,0.0
2025-07-27 21:00:00,0.0,0.0,31.59,0.0
2025-07-27 22:00:00,0.0,0.0,30.73,0.0
2025-07-27 23:00:00,0.0,0.0,29.93,0.0
2025-07-28 00:00:00,0.0,0.0,29.21,0.0
2025-07-28 01:00:00,0.0,0.0,28.68,0.0
2025-07-28 02:00:00,0.0,0.0,28.24,0.0
2025-07-28 03:00:00,0.0,0.0,27.83,0.0
2025-07-28 04:00:00,0.0,0.0,27.42,0.0
2025-07-28 05:00:00,17.88,1.94,27.61,18.02
2025-07-28 06:00:00,171.93,194.23,31.31,173.88
2025-07-28 07:00:00,400.12,412.04,34.43,403.35
2025-07-28 08:00:00,628.42,557.99,38.62,631.6
2025-07-28 09:00:00,819.47,646.48,40.59,822.17
2025-07-28 10:00:00,953.9,685.12,41.69,956.0
2025-07-28 11:00:00,1026.15,761.49,42.49,1027.7
2025-07-28 12:00:00,1020.42,790.52,42.99,1021.53
2025-07-28 13:00:00,943.88,711.09,43.17,944.12
2025-07-28 14:00:00,799.5,655.4,42.95,800.47
2025-07-28 15:00:00,601.47,571.6,42.35,602.53
2025-07-28 16:00:00,371.3,411.46,41.31,372.17
2025-07-28 17:00:00,147.25,178.45,39.5,147.65
2025-07-28 18:00:00,11.2,0.49,35.7,11.2
2025-07-28 19:00:00,0.0,0.0,34.33,0.0
2025-07-28 20:00:00,0.0,0.0,33.54,0.0
2025-07-28 21:00:00,0.0,0.0,32.77,0.0
2025-07-28 22:00:00,0.0,0.0,32.03,0.0
2025-07-28 23:00:00,0.0,0.0,31.37,0.0
2025-07-29 00:00:00,0.0,0.0,30.75,0.0
2025-07-29 01:00:00,0.0,0.0,30.06,0.0
2025-07-29 02:00:00,0.0,0.0,29.32,0.0
2025-07-29 03:00:00,0.0,0.0,28.55,0.0
2025-07-29 04:00:00,0.0,0.0,27.85,0.0
2025-07-29 05:00:00,16.67,0.83,27.63,16.73
2025-07-29 06:00:00,160.55,150.87,29.36,161.57
2025-07-29 07:00:00,379.62,345.88,32.54,381.6
2025-07-29 08:00:00,605.53,484.87,37.04,607.95
2025-07-29 09:00:00,798.12,578.08,39.69,800.67
2025-07-29 10:00:00,934.78,621.6,41.24,937.35
2025-07-29 11:00:00,1016.72,767.6,42.31,1019.28
2025-07-29 12:00:00,1010.95,753.0,42.99,1013.47
2025-07-29 13:00:00,935.05,665.1,43.32,936.17
2025-07-29 14:00:00,790.7,596.29,43.24,792.0
2025-07-29 15:00:00,592.72,511.72,42.69,594.22
2025-07-29 16:00:00,362.8,350.7,41.66,364.12
2025-07-29 17:00:00,142.55,137.86,39.81,143.18
2025-07-29 18:00:00,10.85,0.0,36.09,10.9
2025-07-29 19:00:00,0.0,0.0,34.71,0.0
2025-07-29 20:00:00,0.0,0.0,33.76,0.0
2025-07-29 21:00:00,0.0,0.0,32.8,0.0
2025-07-29 22:00:00,0.0,0.0,31.92,0.0
2025-07-29 23:00:00,0.0,0.0,31.11,0.0
2025-07-30 00:00:00,0.0,0.0,30.31,0.0
2025-07-30 01:00:00,0.0,0.0,29.6,0.0
2025-07-30 02:00:00,0.0,0.0,29.05,0.0
2025-07-30 03:00:00,0.0,0.0,28.56,0.0
2025-07-30 04:00:00,0.0,0.0,28.11,0.0
2025-07-30 05:00:00,15.95,0.0,27.99,15.95
2025-07-30 06:00:00,152.05,88.12,29.58,152.25
2025-07-30 07:00:00,359.35,247.26,32.8,359.9
2025-07-30 08:00:00,582.55,379.95,36.63,583.33
2025-07-30 09:00:00,776.58,476.46,38.79,777.55
2025-07-30 10:00:00,915.0,534.97,40.28,916.1
2025-07-30 11:00:00,1006.15,714.63,41.44,1007.45
2025-07-30 12:00:00,1002.2,715.39,42.29,1003.5
2025-07-30 13:00:00,925.88,646.18,42.72,927.03
2025-07-30 14:00:00,783.88,590.93,42.72,784.9
2025-07-30 15:00:00,587.9,511.71,42.33,588.72
2025-07-30 16:00:00,360.33,354.79,41.5,360.9
2025-07-30 17:00:00,141.77,138.61,39.84,141.98
2025-07-30 18:00:00,10.38,0.0,36.33,10.38
2025-07-30 19:00:00,0.0,0.0,35.14,0.0
2025-07-30 20:00:00,0.0,0.0,34.29,0.0
2025-07-30 21:00:00,0.0,0.0,33.31,0.0
2025-07-30 22:00:00,0.0,0.0,32.41,0.0
2025-07-30 23:00:00,0.0,0.0,31.65,0.0
2025-07-31 00:00:00,0.0,0.0,30.99,0.0
2025-07-31 01:00:00,0.0,0.0,30.38,0.0
2025-07-31 02:00:00,0.0,0.0,29.74,0.0
2025-07-31 03:00:00,0.0,0.0,29.13,0.0
2025-07-31 04:00:00,0.0,0.0,28.49,0.0
2025-07-31 05:00:00,16.25,0.4,28.11,16.25
2025-07-31 06:00:00,163.45,159.28,29.31,163.6
2025-07-31 07:00:00,384.55,369.05,32.5,384.77
2025-07-31 08:00:00,611.12,520.58,36.34,611.35
2025-07-31 09:00:00,804.42,611.92,38.44,804.58
2025-07-31 10:00:00,941.85,676.42,39.85,941.95
2025-07-31 11:00:00,1020.22,807.9,40.87,1020.28
2025-07-31 12:00:00,1017.53,806.31,41.5,1017.58
2025-07-31 13:00:00,943.1,729.44,41.7,943.28
2025-07-31 14:00:00,802.97,679.45,41.41,803.35
2025-07-31 15:00:00,606.28,591.31,40.66,606.83
2025-07-31 16:00:00,376.0,445.49,39.42,376.58
2025-07-31 17:00:00,150.05,205.81,37.68,150.35
2025-07-31 18:00:00,10.65,0.42,34.63,10.65
2025-07-31 19:00:00,0.0,0.0,33.08,0.0
2025-07-31 20:00:00,0.0,0.0,32.21,0.0
2025-07-31 21:00:00,0.0,0.0,31.5,0.0
2025-07-31 22:00:00,0.0,0.0,30.93,0.0
2025-07-31 23:00:00,0.0,0.0,30.36,0.0
2025-08-01 00:00:00,0.0,0.0,29.77,0.0
2025-08-01 01:00:00,0.0,0.0,29.24,0.0
2025-08-01 02:00:00,0.0,0.0,28.72,0.0
2025-08-01 03:00:00,0.0,0.0,28.2,0.0
2025-08-01 04:00:00,0.0,0.0,27.59,0.0
2025-08-01 05:00:00,15.68,0.0,27.25,15.85
2025-08-01 06:00:00,154.85,113.15,28.65,157.4
2025-08-01 07:00:00,373.7,310.14,32.17,379.12
2025-08-01 08:00:00,600.67,459.57,34.83,607.25
2025-08-01 09:00:00,794.33,558.99,36.32,800.6
2025-08-01 10:00:00,933.7,606.29,37.58,938.4
2025-08-01 11:00:00,1027.15,855.98,38.65,1030.03
2025-08-01 12:00:00,1024.72,839.64,39.43,1024.93
2025-08-01 13:00:00,942.25,756.15,39.79,947.55
2025-08-01 14:00:00,793.7,674.89,39.62,803.85
2025-08-01 15:00:00,595.1,577.69,38.92,606.88
2025-08-01 16:00:00,362.2,398.83,37.75,372.73
2025-08-01 17:00:00,137.52,138.09,36.19,142.65
2025-08-01 18:00:00,9.23,0.0,33.66,9.6
2025-08-01 19:00:00,0.0,0.0,32.08,0.0
2025-08-01 20:00:00,0.0,0.0,31.1,0.0
2025-08-01 21:00:00,0.0,0.0,30.2,0.0
2025-08-01 22:00:00,0.0,0.0,29.39,0.0
2025-08-01 23:00:00,0.0,0.0,28.66,0.0
2025-08-02 00:00:00,0.0,0.0,27.93,0.0
2025-08-02 01:00:00,0.0,0.0,27.21,0.0
2025-08-02 02:00:00,0.0,0.0,26.54,0.0
2025-08-02 03:00:00,0.0,0.0,25.9,0.0
2025-08-02 04:00:00,0.0,0.0,25.28,0.0
2025-08-02 05:00:00,15.2,0.0,25.1,14.93
2025-08-02 06:00:00,150.1,75.13,26.78,151.15
2025-08-02 07:00:00,364.42,257.74,30.23,368.08
2025-08-02 08:00:00,591.92,387.51,33.04,596.42
2025-08-02 09:00:00,788.35,499.56,34.68,792.2
2025-08-02 10:00:00,928.25,550.81,36.14,930.42
2025-08-02 11:00:00,1026.18,807.62,37.33,1026.47
2025-08-02 12:00:00,1021.08,799.3,38.21,1021.38
2025-08-02 13:00:00,942.03,687.72,38.75,945.35
2025-08-02 14:00:00,796.75,630.05,38.86,800.53
2025-08-02 15:00:00,596.33,556.74,38.49,600.3
2025-08-02 16:00:00,363.35,383.91,37.68,366.7
2025-08-02 17:00:00,138.52,145.13,36.28,139.95
2025-08-02 18:00:00,9.18,0.0,33.2,9.23
2025-08-02 19:00:00,0.0,0.0,32.06,0.0
2025-08-02 20:00:00,0.0,0.0,31.36,0.0
2025-08-02 21:00:00,0.0,0.0,30.52,0.0
2025-08-02 22:00:00,0.0,0.0,29.71,0.0
2025-08-02 23:00:00,0.0,0.0,29.01,0.0
2025-08-03 00:00:00,0.0,0.0,28.4,0.0
2025-08-03 01:00:00,0.0,0.0,27.84,0.0
2025-08-03 02:00:00,0.0,0.0,27.3,0.0
2025-08-03 03:00:00,0.0,0.0,26.78,0.0
2025-08-03 04:00:00,0.0,0.0,26.25,0.0
2025-08-03 05:00:00,15.1,0.85,26.12,15.12
2025-08-03 06:00:00,162.95,180.06,27.96,163.27
2025-08-03 07:00:00,385.7,399.65,31.08,386.55
2025-08-03 08:00:00,611.7,534.67,34.46,613.08
2025-08-03 09:00:00,803.0,622.25,36.05,804.88
2025-08-03 10:00:00,938.1,673.79,37.38,940.45
2025-08-03 11:00:00,1012.1,791.52,38.51,1014.88
2025-08-03 12:00:00,1007.05,790.5,39.39,1010.2
2025-08-03 13:00:00,932.2,706.89,39.93,933.6
2025-08-03 14:00:00,788.53,656.57,40.0,791.47
2025-08-03 15:00:00,592.8,574.14,39.63,595.08
2025-08-03 16:00:00,363.95,423.69,38.81,365.38
2025-08-03 17:00:00,140.65,185.55,37.29,141.15
2025-08-03 18:00:00,8.93,0.44,33.74,8.95
2025-08-03 19:00:00,0.0,0.0,32.55,0.0
2025-08-03 20:00:00,0.0,0.0,31.79,0.0
2025-08-03 21:00:00,0.0,0.0,30.94,0.0
2025-08-03 22:00:00,0.0,0.0,30.1,0.0
2025-08-03 23:00:00,0.0,0.0,29.32,0.0
2025-08-04 00:00:00,0.0,0.0,28.6,0.0
2025-08-04 01:00:00,0.0,0.0,27.99,0.0
2025-08-04 02:00:00,0.0,0.0,27.46,0.0
2025-08-04 03:00:00,0.0,0.0,26.94,0.0
2025-08-04 04:00:00,0.0,0.0,26.39,0.0
2025-08-04 05:00:00,14.77,1.83,26.13,14.77
2025-08-04 06:00:00,163.73,218.82,27.66,163.85
2025-08-04 07:00:00,386.5,434.51,30.87,386.75
2025-08-04 08:00:00,611.65,575.89,34.74,612.0
2025-08-04 09:00:00,801.28,659.34,36.74,801.75
2025-08-04 10:00:00,935.05,706.8,38.28,935.6
2025-08-04 11:00:00,985.97,692.43,39.56,986.6
2025-08-04 12:00:00,982.9,677.77,40.53,983.12
2025-08-04 13:00:00,906.2,633.48,41.07,906.6
2025-08-04 14:00:00,763.9,584.68,41.14,764.42
2025-08-04 15:00:00,568.28,496.68,40.71,568.88
2025-08-04 16:00:00,343.05,353.64,39.79,343.55
2025-08-04 17:00:00,129.82,142.91,38.2,130.02
2025-08-04 18:00:00,8.0,0.0,34.97,8.02
2025-08-04 19:00:00,0.0,0.0,33.81,0.0
2025-08-04 20:00:00,0.0,0.0,32.98,0.0
2025-08-04 21:00:00,0.0,0.0,32.01,0.0
2025-08-04 22:00:00,0.0,0.0,31.12,0.0
2025-08-04 23:00:00,0.0,0.0,30.32,0.0
2025-08-05 00:00:00,0.0,0.0,29.55,0.0
2025-08-05 01:00:00,0.0,0.0,28.85,0.0
2025-08-05 02:00:00,0.0,0.0,28.2,0.0
2025-08-05 03:00:00,0.0,0.0,27.6,0.0
2025-08-05 04:00:00,0.0,0.0,27.02,0.0
2025-08-05 05:00:00,13.88,0.94,26.78,13.9
2025-08-05 06:00:00,153.55,178.04,28.31,153.8
2025-08-05 07:00:00,369.5,383.7,31.67,370.0
2025-08-05 08:00:00,592.22,524.44,34.71,592.78
2025-08-05 09:00:00,782.1,610.17,36.45,782.53
2025-08-05 10:00:00,917.17,659.81,37.9,917.45
2025-08-05 11:00:00,987.12,739.86,39.06,987.28
2025-08-05 12:00:00,984.72,726.91,39.93,984.75
2025-08-05 13:00:00,910.0,681.93,40.41,910.12
2025-08-05 14:00:00,769.1,632.17,40.41,769.3
2025-08-05 15:00:00,573.88,541.76,39.93,574.17
2025-08-05 16:00:00,347.6,394.72,38.88,347.9
2025-08-05 17:00:00,131.4,169.12,37.19,131.52
2025-08-05 18:00:00,7.88,0.52,33.95,7.88
2025-08-05 19:00:00,0.0,0.0,32.65,0.0
2025-08-05 20:00:00,0.0,0.0,31.88,0.0
2025-08-05 21:00:00,0.0,0.0,31.05,0.0
2025-08-05 22:00:00,0.0,0.0,30.18,0.0
2025-08-05 23:00:00,0.0,0.0,29.32,0.0
2025-08-06 00:00:00,0.0,0.0,28.48,0.0
2025-08-06 01:00:00,0.0,0.0,27.71,0.0
2025-08-06 02:00:00,0.0,0.0,26.97,0.0
2025-08-06 03:00:00,0.0,0.0,26.24,0.0
2025-08-06 04:00:00,0.0,0.0,25.58,0.0
2025-08-06 05:00:00,13.9,1.72,25.25,13.9
2025-08-06 06:00:00,160.0,217.7,26.69,160.12
2025-08-06 07:00:00,384.48,445.07,30.1,384.67
2025-08-06 08:00:00,612.88,596.76,32.95,613.12
2025-08-06 09:00:00,805.67,689.51,34.65,805.92
2025-08-06 10:00:00,941.97,744.38,36.16,942.25
2025-08-06 11:00:00,1006.55,799.38,37.43,1006.88
2025-08-06 12:00:00,1000.6,760.55,38.39,1000.72
2025-08-06 13:00:00,919.55,684.74,38.96,920.33
2025-08-06 14:00:00,771.95,608.64,39.04,773.08
2025-08-06 15:00:00,571.7,504.25,38.55,573.05
2025-08-06 16:00:00,342.0,341.53,37.48,343.2
2025-08-06 17:00:00,127.57,128.91,35.82,128.15
2025-08-06 18:00:00,7.47,0.0,32.74,7.5
2025-08-06 19:00:00,0.0,0.0,31.39,0.0
2025-08-06 20:00:00,0.0,0.0,30.45,0.0
2025-08-06 21:00:00,0.0,0.0,29.49,0.0
2025-08-06 22:00:00,0.0,0.0,28.61,0.0
2025-08-06 23:00:00,0.0,0.0,27.82,0.0
2025-08-07 00:00:00,0.0,0.0,27.09,0.0
2025-08-07 01:00:00,0.0,0.0,26.38,0.0
2025-08-07 02:00:00,0.0,0.0,25.74,0.0
2025-08-07 03:00:00,0.0,0.0,25.07,0.0
2025-08-07 04:00:00,0.0,0.0,24.38,0.0
2025-08-07 05:00:00,14.27,2.21,23.93,14.27
2025-08-07 06:00:00,169.5,261.25,25.23,169.7
2025-08-07 07:00:00,401.25,502.82,28.41,401.7
2025-08-07 08:00:00,630.75,644.84,31.77,631.28
2025-08-07 09:00:00,824.72,723.75,34.37,825.45
2025-08-07 10:00:00,959.85,767.87,36.22,960.58
2025-08-07 11:00:00,1024.82,824.46,37.46,1025.53
2025-08-07 12:00:00,1019.3,762.32,38.29,1020.0
2025-08-07 13:00:00,941.67,726.44,38.7,942.38
2025-08-07 14:00:00,796.95,672.81,38.64,797.65
2025-08-07 15:00:00,596.9,579.91,38.08,597.55
2025-08-07 16:00:00,363.6,422.32,37.01,364.1
2025-08-07 17:00:00,137.38,187.73,35.23,137.75
2025-08-07 18:00:00,7.5,0.0,32.01,7.5
2025-08-07 19:00:00,0.0,0.0,30.85,0.0
2025-08-07 20:00:00,0.0,0.0,29.91,0.0
2025-08-07 21:00:00,0.0,0.0,28.88,0.0
2025-08-07 22:00:00,0.0,0.0,27.87,0.0
2025-08-07 23:00:00,0.0,0.0,26.91,0.0
2025-08-08 00:00:00,0.0,0.0,26.04,0.0
2025-08-08 01:00:00,0.0,0.0,25.32,0.0
2025-08-08 02:00:00,0.0,0.0,24.7,0.0
2025-08-08 03:00:00,0.0,0.0,24.14,0.0
2025-08-08 04:00:00,0.0,0.0,23.65,0.0
2025-08-08 05:00:00,13.52,0.89,23.52,13.8
2025-08-08 06:00:00,160.3,203.32,25.16,163.65
2025-08-08 07:00:00,385.52,423.14,28.49,392.52
2025-08-08 08:00:00,614.47,572.83,32.34,623.33
2025-08-08 09:00:00,808.2,649.89,34.91,816.92
2025-08-08 10:00:00,945.55,709.33,36.79,952.72
2025-08-08 11:00:00,1010.88,760.03,38.25,1015.9
2025-08-08 12:00:00,1007.4,716.99,39.37,1010.28
2025-08-08 13:00:00,930.42,688.59,40.05,930.83
2025-08-08 14:00:00,783.12,636.61,40.18,784.1
2025-08-08 15:00:00,583.47,545.81,39.76,584.28
2025-08-08 16:00:00,352.4,397.75,38.73,352.95
2025-08-08 17:00:00,130.1,162.21,36.84,130.32
2025-08-08 18:00:00,6.88,0.0,33.28,6.88
2025-08-08 19:00:00,0.0,0.0,32.06,0.0
2025-08-08 20:00:00,0.0,0.0,31.11,0.0
2025-08-08 21:00:00,0.0,0.0,30.09,0.0
2025-08-08 22:00:00,0.0,0.0,29.2,0.0
2025-08-08 23:00:00,0.0,0.0,28.45,0.0
2025-08-09 00:00:00,0.0,0.0,27.82,0.0
2025-08-09 01:00:00,0.0,0.0,27.24,0.0
2025-08-09 02:00:00,0.0,0.0,26.68,0.0
2025-08-09 03:00:00,0.0,0.0,26.18,0.0
2025-08-09 04:00:00,0.0,0.0,25.66,0.0
2025-08-09 05:00:00,12.82,0.87,25.34,12.82
2025-08-09 06:00:00,151.52,171.2,26.75,152.32
2025-08-09 07:00:00,367.83,377.14,30.11,371.17
2025-08-09 08:00:00,588.53,513.17,34.12,595.28
2025-08-09 09:00:00,775.12,592.78,36.52,785.67
2025-08-09 10:00:00,905.5,636.63,38.61,920.0
2025-08-09 11:00:00,941.88,566.01,40.37,959.75
2025-08-09 12:00:00,934.45,574.92,41.67,955.1
2025-08-09 13:00:00,853.6,522.64,42.45,875.85
2025-08-09 14:00:00,723.95,480.63,42.65,732.47
2025-08-09 15:00:00,534.3,385.99,42.29,534.67
2025-08-09 16:00:00,311.73,252.83,41.3,312.25
2025-08-09 17:00:00,111.35,78.59,39.19,111.62
2025-08-09 18:00:00,6.0,0.0,35.75,6.0
2025-08-09 19:00:00,0.0,0.0,34.91,0.0
2025-08-09 20:00:00,0.0,0.0,33.97,0.0
2025-08-09 21:00:00,0.0,0.0,33.08,0.0
2025-08-09 22:00:00,0.0,0.0,32.18,0.0
2025-08-09 23:00:00,0.0,0.0,31.29,0.0
2025-08-10 00:00:00,0.0,0.0,30.51,0.0
2025-08-10 01:00:00,0.0,0.0,29.61,0.0
2025-08-10 02:00:00,0.0,0.0,28.8,0.0
2025-08-10 03:00:00,0.0,0.0,28.26,0.0
2025-08-10 04:00:00,0.0,0.0,27.89,0.0
2025-08-10 05:00:00,11.25,0.52,27.8,11.93
2025-08-10 06:00:00,129.38,90.79,29.13,142.52
2025-08-10 07:00:00,308.3,224.05,31.95,351.52
2025-08-10 08:00:00,513.8,335.77,35.91,571.15
2025-08-10 09:00:00,661.38,317.12,38.55,758.88
2025-08-10 10:00:00,808.97,365.93,40.72,891.1
2025-08-10 11:00:00,889.0,431.9,42.4,932.45
2025-08-10 12:00:00,915.8,512.32,43.48,926.05
2025-08-10 13:00:00,828.35,462.02,43.96,845.88
2025-08-10 14:00:00,691.65,421.18,43.86,700.67
2025-08-10 15:00:00,496.9,314.69,43.16,499.12
2025-08-10 16:00:00,280.85,183.8,41.87,282.08
2025-08-10 17:00:00,103.62,60.5,39.9,103.93
2025-08-10 18:00:00,5.38,0.0,37.11,5.38
2025-08-10 19:00:00,0.0,0.0,35.73,0.0
2025-08-10 20:00:00,0.0,0.0,34.66,0.0
2025-08-10 21:00:00,0.0,0.0,33.66,0.0
2025-08-10 22:00:00,0.0,0.0,32.76,0.0
2025-08-10 23:00:00,0.0,0.0,31.99,0.0
2025-08-11 00:00:00,0.0,0.0,31.27,0.0
2025-08-11 01:00:00,0.0,0.0,30.57,0.0
2025-08-11 02:00:00,0.0,0.0,29.95,0.0
2025-08-11 03:00:00,0.0,0.0,29.39,0.0
2025-08-11 04:00:00,0.0,0.0,28.93,0.0
2025-08-11 05:00:00,11.15,0.0,28.74,11.05
2025-08-11 06:00:00,129.02,77.88,29.98,131.1
2025-08-11 07:00:00,322.85,234.68,32.8,330.42
2025-08-11 08:00:00,533.88,339.29,36.03,544.75
2025-08-11 09:00:00,719.0,409.28,38.64,731.3
2025-08-11 10:00:00,852.3,440.89,40.81,864.15
2025-08-11 11:00:00,947.7,580.47,42.62,957.83
2025-08-11 12:00:00,947.97,546.45,43.84,951.28
2025-08-11 13:00:00,865.45,517.16,44.48,869.35
2025-08-11 14:00:00,718.88,437.57,44.5,720.62
2025-08-11 15:00:00,516.17,334.78,44.03,516.47
2025-08-11 16:00:00,291.5,199.89,43.01,296.02
2025-08-11 17:00:00,100.15,41.69,40.5,101.6
2025-08-11 18:00:00,5.0,0.0,37.18,5.07
2025-08-11 19:00:00,0.0,0.0,36.44,0.0
2025-08-11 20:00:00,0.0,0.0,35.32,0.0
2025-08-11 21:00:00,0.0,0.0,34.19,0.0
2025-08-11 22:00:00,0.0,0.0,33.24,0.0
2025-08-11 23:00:00,0.0,0.0,32.44,0.0
2025-08-12 00:00:00,0.0,0.0,31.83,0.0
2025-08-12 01:00:00,0.0,0.0,31.31,0.0
2025-08-12 02:00:00,0.0,0.0,30.61,0.0
2025-08-12 03:00:00,0.0,0.0,29.78,0.0
2025-08-12 04:00:00,0.0,0.0,29.17,0.0
2025-08-12 05:00:00,11.27,0.48,28.92,11.25
2025-08-12 06:00:00,144.12,184.08,30.34,145.05
2025-08-12 07:00:00,348.05,341.68,33.04,351.33
2025-08-12 08:00:00,564.5,470.89,36.85,570.88
2025-08-12 09:00:00,750.88,556.7,39.92,760.53
2025-08-12 10:00:00,881.2,587.19,42.1,894.38
2025-08-12 11:00:00,933.95,606.89,43.66,950.0
2025-08-12 12:00:00,924.17,549.2,44.81,942.4
2025-08-12 13:00:00,861.38,553.34,45.48,862.17
2025-08-12 14:00:00,713.8,486.31,45.64,714.88
2025-08-12 15:00:00,515.25,387.22,45.28,516.38
2025-08-12 16:00:00,293.95,244.13,44.49,294.77
2025-08-12 17:00:00,101.07,68.8,41.84,101.32
2025-08-12 18:00:00,4.68,0.0,38.98,4.68
2025-08-12 19:00:00,0.0,0.0,38.07,0.0
2025-08-12 20:00:00,0.0,0.0,36.85,0.0
2025-08-12 21:00:00,0.0,0.0,35.65,0.0
2025-08-12 22:00:00,0.0,0.0,34.62,0.0
2025-08-12 23:00:00,0.0,0.0,33.69,0.0
2025-08-13 00:00:00,0.0,0.0,32.86,0.0
2025-08-13 01:00:00,0.0,0.0,32.13,0.0
2025-08-13 02:00:00,0.0,0.0,31.44,0.0
2025-08-13 03:00:00,0.0,0.0,30.9,0.0
2025-08-13 04:00:00,0.0,0.0,30.42,0.0
2025-08-13 05:00:00,9.95,0.0,30.12,10.05
2025-08-13 06:00:00,120.1,65.32,31.37,122.03
2025-08-13 07:00:00,311.27,214.63,34.16,316.05
2025-08-13 08:00:00,527.78,343.42,37.47,531.12
2025-08-13 09:00:00,717.5,425.99,40.43,719.28
2025-08-13 10:00:00,853.85,487.06,42.9,856.67
2025-08-13 11:00:00,901.67,480.36,44.61,917.03
2025-08-13 12:00:00,887.22,467.61,45.68,909.92
2025-08-13 13:00:00,805.83,431.84,46.31,826.72
2025-08-13 14:00:00,658.75,370.07,46.47,678.62
2025-08-13 15:00:00,468.95,276.24,46.2,480.98
2025-08-13 16:00:00,260.65,158.72,45.49,265.77
2025-08-13 17:00:00,87.25,26.97,42.77,88.2
2025-08-13 18:00:00,4.05,0.0,39.51,4.05
2025-08-13 19:00:00,0.0,0.0,38.88,0.0
2025-08-13 20:00:00,0.0,0.0,38.09,0.0
2025-08-13 21:00:00,0.0,0.0,36.86,0.0
2025-08-13 22:00:00,0.0,0.0,35.74,0.0
2025-08-13 23:00:00,0.0,0.0,34.72,0.0
2025-08-14 00:00:00,0.0,0.0,33.95,0.0
2025-08-14 01:00:00,0.0,0.0,33.41,0.0
2025-08-14 02:00:00,0.0,0.0,32.89,0.0
2025-08-14 03:00:00,0.0,0.0,32.27,0.0
2025-08-14 04:00:00,0.0,0.0,31.66,0.0
2025-08-14 05:00:00,9.82,0.0,31.22,9.55
2025-08-14 06:00:00,116.75,50.09,32.25,117.68
2025-08-14 07:00:00,303.55,191.47,34.87,308.0
2025-08-14 08:00:00,512.67,311.17,38.24,513.15
2025-08-14 09:00:00,706.15,412.39,41.09,707.53
2025-08-14 10:00:00,847.2,477.59,43.55,848.35
2025-08-14 11:00:00,875.45,414.66,45.21,876.25
2025-08-14 12:00:00,870.42,416.12,46.12,871.12
2025-08-14 13:00:00,788.3,382.26,46.7,788.88
2025-08-14 14:00:00,640.33,315.56,46.82,641.33
2025-08-14 15:00:00,441.58,209.14,46.42,442.5
2025-08-14 16:00:00,242.55,115.88,45.55,246.88
2025-08-14 17:00:00,80.38,17.88,43.38,82.03
2025-08-14 18:00:00,3.62,0.0,40.38,3.65
2025-08-14 19:00:00,0.0,0.0,39.65,0.0
2025-08-14 20:00:00,0.0,0.0,38.74,0.0
2025-08-14 21:00:00,0.0,0.0,37.66,0.0
2025-08-14 22:00:00,0.0,0.0,36.81,0.0
2025-08-14 23:00:00,0.0,0.0,36.01,0.0
2025-08-15 00:00:00,0.0,0.0,35.28,0.0
2025-08-15 01:00:00,0.0,0.0,34.53,0.0
2025-08-15 02:00:00,0.0,0.0,33.74,0.0
2025-08-15 03:00:00,0.0,0.0,32.94,0.0
2025-08-15 04:00:00,0.0,0.0,32.22,0.0
2025-08-15 05:00:00,10.2,0.0,31.9,9.6
2025-08-15 06:00:00,121.5,44.75,33.05,124.62
2025-08-15 07:00:00,304.5,162.06,35.57,325.77
2025-08-15 08:00:00,505.0,238.1,38.58,544.7
2025-08-15 09:00:00,725.2,455.95,41.42,734.38
2025-08-15 10:00:00,858.7,494.89,44.03,869.2
2025-08-15 11:00:00,920.88,517.74,45.52,921.45
2025-08-15 12:00:00,916.83,540.15,46.44,916.9
2025-08-15 13:00:00,835.47,495.77,47.09,836.28
2025-08-15 14:00:00,688.17,432.21,47.19,689.35
2025-08-15 15:00:00,491.83,338.93,46.73,493.12
2025-08-15 16:00:00,275.58,201.92,45.69,276.58
2025-08-15 17:00:00,91.47,47.41,43.55,91.8
2025-08-15 18:00:00,3.6,0.0,40.57,3.6
2025-08-15 19:00:00,0.0,0.0,39.25,0.0
2025-08-15 20:00:00,0.0,0.0,37.71,0.0
2025-08-15 21:00:00,0.0,0.0,36.31,0.0
2025-08-15 22:00:00,0.0,0.0,35.04,0.0
2025-08-15 23:00:00,0.0,0.0,33.98,0.0
2025-08-16 00:00:00,0.0,0.0,33.12,0.0
2025-08-16 01:00:00,0.0,0.0,32.45,0.0
2025-08-16 02:00:00,0.0,0.0,31.87,0.0
2025-08-16 03:00:00,0.0,0.0,31.24,0.0
2025-08-16 04:00:00,0.0,0.0,30.47,0.0
2025-08-16 05:00:00,8.62,0.0,29.78,9.05
2025-08-16 06:00:00,111.45,30.21,30.46,117.93
2025-08-16 07:00:00,297.42,147.4,32.38,317.42
2025-08-16 08:00:00,520.92,277.13,34.84,541.4
2025-08-16 09:00:00,716.8,384.69,37.4,736.35
2025-08-16 10:00:00,871.95,475.58,39.73,874.45
2025-08-16 11:00:00,937.78,500.18,41.29,939.6
2025-08-16 12:00:00,926.67,504.24,42.12,931.25
2025-08-16 13:00:00,846.58,460.14,42.5,847.55
2025-08-16 14:00:00,684.92,376.86,42.63,694.78
2025-08-16 15:00:00,478.52,267.0,42.7,492.73
2025-08-16 16:00:00,264.6,146.5,42.13,271.65
2025-08-16 17:00:00,85.18,21.53,40.05,86.6
2025-08-16 18:00:00,3.25,0.0,37.45,3.25
2025-08-16 19:00:00,0.0,0.0,36.34,0.0
2025-08-16 20:00:00,0.0,0.0,34.96,0.0
2025-08-16 21:00:00,0.0,0.0,33.82,0.0
2025-08-16 22:00:00,0.0,0.0,32.96,0.0
2025-08-16 23:00:00,0.0,0.0,32.09,0.0
2025-08-17 00:00:00,0.0,0.0,31.36,0.0
2025-08-17 01:00:00,0.0,0.0,30.74,0.0
2025-08-17 02:00:00,0.0,0.0,30.15,0.0
2025-08-17 03:00:00,0.0,0.0,29.51,0.0
2025-08-17 04:00:00,0.0,0.0,28.93,0.0
2025-08-17 05:00:00,9.82,0.0,28.59,9.2
2025-08-17 06:00:00,120.7,47.26,29.4,123.2
2025-08-17 07:00:00,309.27,162.59,31.89,324.1
2025-08-17 08:00:00,521.17,298.63,34.68,540.88
2025-08-17 09:00:00,706.97,378.84,37.04,729.0
2025-08-17 10:00:00,820.83,382.6,39.07,862.17
2025-08-17 11:00:00,879.5,369.9,40.53,929.58
2025-08-17 12:00:00,826.42,347.34,41.2,911.15
2025-08-17 13:00:00,750.83,224.06,41.14,831.53
2025-08-17 14:00:00,537.2,89.11,40.83,678.05
2025-08-17 15:00:00,373.83,76.8,40.48,479.65
2025-08-17 16:00:00,212.85,38.22,39.61,263.02
2025-08-17 17:00:00,75.05,6.45,38.0,83.22
2025-08-17 18:00:00,2.83,0.0,35.53,2.95
2025-08-17 19:00:00,0.0,0.0,34.35,0.0
2025-08-17 20:00:00,0.0,0.0,33.51,0.0
2025-08-17 21:00:00,0.0,0.0,32.68,0.0
2025-08-17 22:00:00,0.0,0.0,31.88,0.0
2025-08-17 23:00:00,0.0,0.0,31.12,0.0
2025-08-18 00:00:00,0.0,0.0,30.48,0.0
2025-08-18 01:00:00,0.0,0.0,29.88,0.0
2025-08-18 02:00:00,0.0,0.0,29.44,0.0
2025-08-18 03:00:00,0.0,0.0,28.96,0.0
2025-08-18 04:00:00,0.0,0.0,28.43,0.0
2025-08-18 05:00:00,8.98,0.0,27.98,8.88
2025-08-18 06:00:00,122.55,58.36,28.76,124.25
2025-08-18 07:00:00,325.12,229.82,30.78,333.15
2025-08-18 08:00:00,549.97,376.45,33.16,560.12
2025-08-18 09:00:00,747.8,478.29,35.69,757.38
2025-08-18 10:00:00,890.72,558.05,38.13,898.4
2025-08-18 11:00:00,967.35,600.75,40.2,972.72
2025-08-18 12:00:00,963.2,652.04,41.74,966.35
2025-08-18 13:00:00,886.2,621.27,42.64,886.47
2025-08-18 14:00:00,738.65,559.81,42.88,739.2
2025-08-18 15:00:00,537.53,470.68,42.53,538.55
2025-08-18 16:00:00,308.62,315.55,41.53,309.75
2025-08-18 17:00:00,99.05,93.32,39.39,99.55
2025-08-18 18:00:00,3.0,0.0,36.27,3.0
2025-08-18 19:00:00,0.0,0.0,35.0,0.0
2025-08-18 20:00:00,0.0,0.0,33.8,0.0
2025-08-18 21:00:00,0.0,0.0,32.79,0.0
2025-08-18 22:00:00,0.0,0.0,31.83,0.0
2025-08-18 23:00:00,0.0,0.0,30.9,0.0
2025-08-19 00:00:00,0.0,0.0,30.01,0.0
2025-08-19 01:00:00,0.0,0.0,29.17,0.0
2025-08-19 02:00:00,0.0,0.0,28.47,0.0
2025-08-19 03:00:00,0.0,0.0,27.9,0.0
2025-08-19 04:00:00,0.0,0.0,27.36,0.0
2025-08-19 05:00:00,9.77,0.38,27.02,9.57
2025-08-19 06:00:00,139.88,141.47,28.24,141.75
2025-08-19 07:00:00,358.6,352.94,31.09,366.3
2025-08-19 08:00:00,585.58,502.18,34.19,596.22
2025-08-19 09:00:00,785.15,612.88,37.14,790.22
2025-08-19 10:00:00,924.8,698.23,39.61,925.83
2025-08-19 11:00:00,980.0,677.6,41.35,980.72
2025-08-19 12:00:00,971.7,692.31,42.5,972.22
2025-08-19 13:00:00,890.47,642.72,43.12,890.75
2025-08-19 14:00:00,739.35,589.52,43.26,741.55
2025-08-19 15:00:00,535.47,495.19,42.84,538.35
2025-08-19 16:00:00,305.45,333.7,41.8,307.95
2025-08-19 17:00:00,103.57,110.24,39.66,104.55
2025-08-19 18:00:00,0.0,0.0,36.79,0.0
2025-08-19 19:00:00,0.0,0.0,35.92,0.0
2025-08-19 20:00:00,0.0,0.0,34.68,0.0
2025-08-19 21:00:00,0.0,0.0,33.44,0.0
2025-08-19 22:00:00,0.0,0.0,32.48,0.0
2025-08-19 23:00:00,0.0,0.0,31.68,0.0
2025-08-20 00:00:00,0.0,0.0,30.99,0.0
2025-08-20 01:00:00,0.0,0.0,30.32,0.0
2025-08-20 02:00:00,0.0,0.0,29.67,0.0
2025-08-20 03:00:00,0.0,0.0,29.02,0.0
2025-08-20 04:00:00,0.0,0.0,28.4,0.0
2025-08-20 05:00:00,9.15,0.0,27.93,9.0
2025-08-20 06:00:00,128.48,90.86,28.92,132.4
2025-08-20 07:00:00,332.35,270.65,31.42,344.42
2025-08-20 08:00:00,552.75,413.4,34.45,565.4
2025-08-20 09:00:00,744.15,523.09,36.98,754.58
2025-08-20 10:00:00,880.53,572.55,38.79,887.95
2025-08-20 11:00:00,943.1,551.12,40.1,947.5
2025-08-20 12:00:00,941.15,611.52,41.06,941.8
2025-08-20 13:00:00,855.67,551.28,41.56,859.92
2025-08-20 14:00:00,706.4,485.23,41.61,712.62
2025-08-20 15:00:00,506.2,399.13,41.14,513.25
2025-08-20 16:00:00,283.3,243.25,40.15,288.65
2025-08-20 17:00:00,93.45,56.53,38.46,94.8
2025-08-20 18:00:00,0.0,0.0,35.88,0.0
2025-08-20 19:00:00,0.0,0.0,34.89,0.0
2025-08-20 20:00:00,0.0,0.0,33.91,0.0
2025-08-20 21:00:00,0.0,0.0,32.96,0.0
2025-08-20 22:00:00,0.0,0.0,32.07,0.0
2025-08-20 23:00:00,0.0,0.0,31.23,0.0
2025-08-21 00:00:00,0.0,0.0,30.4,0.0
2025-08-21 01:00:00,0.0,0.0,29.66,0.0
2025-08-21 02:00:00,0.0,0.0,29.01,0.0
2025-08-21 03:00:00,0.0,0.0,28.42,0.0
2025-08-21 04:00:00,0.0,0.0,27.88,0.0
2025-08-21 05:00:00,8.25,0.0,27.43,8.27
2025-08-21 06:00:00,119.75,64.76,28.1,120.07
2025-08-21 07:00:00,312.08,204.92,30.18,312.85
2025-08-21 08:00:00,525.9,320.03,33.07,526.92
2025-08-21 09:00:00,721.83,412.01,35.63,722.85
2025-08-21 10:00:00,859.12,478.56,37.58,860.05
2025-08-21 11:00:00,948.65,597.75,39.12,949.78
2025-08-21 12:00:00,941.22,598.47,40.22,942.42
2025-08-21 13:00:00,852.7,535.83,40.89,858.92
2025-08-21 14:00:00,703.4,479.28,40.92,709.92
2025-08-21 15:00:00,503.42,386.22,40.39,509.23
2025-08-21 16:00:00,280.6,232.1,39.47,284.4
2025-08-21 17:00:00,90.93,48.54,37.9,91.85
2025-08-21 18:00:00,0.0,0.0,35.73,0.0
2025-08-21 19:00:00,0.0,0.0,34.75,0.0
2025-08-21 20:00:00,0.0,0.0,33.5,0.0
2025-08-21 21:00:00,0.0,0.0,32.3,0.0
2025-08-21 22:00:00,0.0,0.0,31.31,0.0
2025-08-21 23:00:00,0.0,0.0,30.49,0.0
2025-08-22 00:00:00,0.0,0.0,29.71,0.0
2025-08-22 01:00:00,0.0,0.0,28.96,0.0
2025-08-22 02:00:00,0.0,0.0,28.3,0.0
2025-08-22 03:00:00,0.0,0.0,27.61,0.0
2025-08-22 04:00:00,0.0,0.0,26.92,0.0
2025-08-22 05:00:00,8.9,0.0,26.5,8.62
2025-08-22 06:00:00,126.45,69.09,27.77,128.48
2025-08-22 07:00:00,329.38,261.88,30.37,339.52
2025-08-22 08:00:00,551.17,419.86,34.02,563.7
2025-08-22 09:00:00,744.33,485.05,36.52,755.62
2025-08-22 10:00:00,882.12,551.29,38.36,890.53
2025-08-22 11:00:00,962.47,570.65,39.8,967.1
2025-08-22 12:00:00,958.05,639.93,40.9,958.2
2025-08-22 13:00:00,872.5,578.0,41.62,873.5
2025-08-22 14:00:00,720.12,517.97,41.82,721.58
2025-08-22 15:00:00,515.88,418.17,41.52,517.6
2025-08-22 16:00:00,287.7,253.51,40.64,289.25
2025-08-22 17:00:00,90.7,56.04,38.62,91.1
2025-08-22 18:00:00,0.0,0.0,35.43,0.0
2025-08-22 19:00:00,0.0,0.0,34.49,0.0
2025-08-22 20:00:00,0.0,0.0,33.49,0.0
2025-08-22 21:00:00,0.0,0.0,32.44,0.0
2025-08-22 22:00:00,0.0,0.0,31.5,0.0
2025-08-22 23:00:00,0.0,0.0,30.65,0.0
2025-08-23 00:00:00,0.0,0.0,29.86,0.0
2025-08-23 01:00:00,0.0,0.0,29.16,0.0
2025-08-23 02:00:00,0.0,0.0,28.55,0.0
2025-08-23 03:00:00,0.0,0.0,27.95,0.0
2025-08-23 04:00:00,0.0,0.0,27.39,0.0
2025-08-23 05:00:00,8.5,0.0,27.03,8.4
2025-08-23 06:00:00,128.18,103.83,28.26,129.25
2025-08-23 07:00:00,337.85,297.04,31.02,342.8
2025-08-23 08:00:00,558.95,442.72,35.05,566.9
2025-08-23 09:00:00,748.15,524.03,37.88,757.92
2025-08-23 10:00:00,881.3,575.31,40.15,892.0
2025-08-23 11:00:00,941.6,540.77,41.95,952.55
2025-08-23 12:00:00,932.38,557.6,43.21,942.88
2025-08-23 13:00:00,849.47,537.45,43.9,858.92
2025-08-23 14:00:00,700.83,503.19,43.97,708.42
2025-08-23 15:00:00,500.9,400.13,43.47,506.0
2025-08-23 16:00:00,276.17,236.15,42.41,278.42
2025-08-23 17:00:00,86.05,53.84,40.0,86.43
2025-08-23 18:00:00,0.0,0.0,36.8,0.0
2025-08-23 19:00:00,0.0,0.0,35.8,0.0
2025-08-23 20:00:00,0.0,0.0,34.6,0.0
2025-08-23 21:00:00,0.0,0.0,33.51,0.0
2025-08-23 22:00:00,0.0,0.0,32.56,0.0
2025-08-23 23:00:00,0.0,0.0,31.68,0.0
2025-08-24 00:00:00,0.0,0.0,30.9,0.0
2025-08-24 01:00:00,0.0,0.0,30.13,0.0
2025-08-24 02:00:00,0.0,0.0,29.4,0.0
2025-08-24 03:00:00,0.0,0.0,28.68,0.0
2025-08-24 04:00:00,0.0,0.0,27.96,0.0
2025-08-24 05:00:00,7.28,0.0,27.55,7.88
2025-08-24 06:00:00,108.32,32.65,28.67,119.9
2025-08-24 07:00:00,273.5,115.56,31.23,312.25
2025-08-24 08:00:00,481.52,245.07,34.67,535.4
2025-08-24 09:00:00,717.25,445.83,37.45,740.67
2025-08-24 10:00:00,852.88,499.11,39.51,882.1
2025-08-24 11:00:00,921.6,539.84,41.11,950.35
2025-08-24 12:00:00,904.85,495.55,42.26,945.08
2025-08-24 13:00:00,730.25,392.46,42.88,863.9
2025-08-24 14:00:00,614.45,298.0,42.95,714.9
2025-08-24 15:00:00,420.4,220.62,42.48,513.38
2025-08-24 16:00:00,231.15,124.84,41.52,285.95
2025-08-24 17:00:00,79.05,34.59,39.26,86.93
2025-08-24 18:00:00,0.0,0.0,36.04,0.0
2025-08-24 19:00:00,0.0,0.0,35.12,0.0
2025-08-24 20:00:00,0.0,0.0,34.26,0.0
2025-08-24 21:00:00,0.0,0.0,33.28,0.0
2025-08-24 22:00:00,0.0,0.0,32.48,0.0
2025-08-24 23:00:00,0.0,0.0,31.83,0.0
2025-08-25 00:00:00,0.0,0.0,30.92,0.0
2025-08-25 01:00:00,0.0,0.0,30.1,0.0
2025-08-25 02:00:00,0.0,0.0,29.3,0.0
2025-08-25 03:00:00,0.0,0.0,28.55,0.0
2025-08-25 04:00:00,0.0,0.0,27.9,0.0
2025-08-25 05:00:00,7.07,0.0,27.46,7.88
2025-08-25 06:00:00,112.95,70.82,28.47,124.38
2025-08-25 07:00:00,288.42,181.08,31.12,323.38
2025-08-25 08:00:00,495.3,298.49,34.18,541.08
2025-08-25 09:00:00,694.65,368.78,36.8,737.6
2025-08-25 10:00:00,861.58,482.05,38.67,879.1
2025-08-25 11:00:00,951.28,622.79,40.11,954.35
2025-08-25 12:00:00,946.65,636.91,41.13,951.05
2025-08-25 13:00:00,867.53,613.2,41.68,871.25
2025-08-25 14:00:00,724.1,592.94,41.68,726.05
2025-08-25 15:00:00,527.42,521.47,41.14,527.95
2025-08-25 16:00:00,297.98,362.59,40.0,298.52
2025-08-25 17:00:00,91.45,119.74,38.03,91.57
2025-08-25 18:00:00,0.0,0.0,35.27,0.0
2025-08-25 19:00:00,0.0,0.0,34.04,0.0
2025-08-25 20:00:00,0.0,0.0,32.9,0.0
2025-08-25 21:00:00,0.0,0.0,31.95,0.0
2025-08-25 22:00:00,0.0,0.0,30.96,0.0
2025-08-25 23:00:00,0.0,0.0,30.09,0.0
2025-08-26 00:00:00,0.0,0.0,29.34,0.0
2025-08-26 01:00:00,0.0,0.0,28.65,0.0
2025-08-26 02:00:00,0.0,0.0,28.02,0.0
2025-08-26 03:00:00,0.0,0.0,27.46,0.0
2025-08-26 04:00:00,0.0,0.0,26.89,0.0
2025-08-26 05:00:00,8.25,0.94,26.43,8.2
2025-08-26 06:00:00,139.23,198.13,27.33,142.25
2025-08-26 07:00:00,361.83,422.62,30.08,368.4
2025-08-26 08:00:00,587.17,579.84,33.19,594.38
2025-08-26 09:00:00,777.55,653.23,35.48,783.7
2025-08-26 10:00:00,911.03,710.35,37.35,915.5
2025-08-26 11:00:00,962.58,689.65,38.83,965.25
2025-08-26 12:00:00,955.2,697.28,39.87,955.4
2025-08-26 13:00:00,871.42,637.94,40.43,871.62
2025-08-26 14:00:00,720.58,576.59,40.43,720.8
2025-08-26 15:00:00,517.1,485.89,39.92,517.3
2025-08-26 16:00:00,287.48,314.58,38.77,287.62
2025-08-26 17:00:00,84.05,81.86,36.85,84.07
2025-08-26 18:00:00,0.0,0.0,34.18,0.0
2025-08-26 19:00:00,0.0,0.0,33.09,0.0
2025-08-26 20:00:00,0.0,0.0,31.95,0.0
2025-08-26 21:00:00,0.0,0.0,30.84,0.0
2025-08-26 22:00:00,0.0,0.0,29.83,0.0
2025-08-26 23:00:00,0.0,0.0,28.9,0.0
2025-08-27 00:00:00,0.0,0.0,28.01,0.0
2025-08-27 01:00:00,0.0,0.0,27.31,0.0
2025-08-27 02:00:00,0.0,0.0,26.72,0.0
2025-08-27 03:00:00,0.0,0.0,26.14,0.0
2025-08-27 04:00:00,0.0,0.0,25.58,0.0
2025-08-27 05:00:00,7.9,0.0,25.15,7.8
2025-08-27 06:00:00,132.75,125.05,26.32,137.62
2025-08-27 07:00:00,355.1,360.29,29.29,364.77
2025-08-27 08:00:00,588.45,546.73,32.58,595.8
2025-08-27 09:00:00,788.5,665.22,34.63,790.3
2025-08-27 10:00:00,914.72,669.52,36.17,926.78
2025-08-27 11:00:00,946.58,526.85,37.36,980.72
2025-08-27 12:00:00,917.15,622.05,38.37,970.75
2025-08-27 13:00:00,873.0,588.43,38.99,886.0
2025-08-27 14:00:00,722.33,557.66,39.11,734.3
2025-08-27 15:00:00,518.78,475.42,38.56,529.1
2025-08-27 16:00:00,289.1,326.57,37.41,295.67
2025-08-27 17:00:00,83.22,80.24,35.47,84.65
2025-08-27 18:00:00,0.0,0.0,32.39,0.0
2025-08-27 19:00:00,0.0,0.0,31.29,0.0
2025-08-27 20:00:00,0.0,0.0,30.55,0.0
2025-08-27 21:00:00,0.0,0.0,29.76,0.0
2025-08-27 22:00:00,0.0,0.0,28.96,0.0
2025-08-27 23:00:00,0.0,0.0,28.24,0.0
2025-08-28 00:00:00,0.0,0.0,27.57,0.0
2025-08-28 01:00:00,0.0,0.0,26.91,0.0
2025-08-28 02:00:00,0.0,0.0,26.27,0.0
2025-08-28 03:00:00,0.0,0.0,25.66,0.0
2025-08-28 04:00:00,0.0,0.0,25.1,0.0
2025-08-28 05:00:00,7.85,1.62,24.73,7.85
2025-08-28 06:00:00,147.52,287.18,26.5,147.65
2025-08-28 07:00:00,377.35,532.59,29.41,377.58
2025-08-28 08:00:00,606.62,676.71,33.23,606.88
2025-08-28 09:00:00,797.05,761.83,35.14,797.28
2025-08-28 10:00:00,929.25,816.22,36.63,929.45
2025-08-28 11:00:00,979.6,795.46,37.85,979.83
2025-08-28 12:00:00,968.72,792.66,38.66,968.95
2025-08-28 13:00:00,884.17,727.14,38.86,885.53
2025-08-28 14:00:00,713.6,638.77,38.76,733.92
2025-08-28 15:00:00,509.8,492.08,38.3,530.72
2025-08-28 16:00:00,285.45,357.36,37.42,297.98
2025-08-28 17:00:00,81.78,108.96,35.61,84.18
2025-08-28 18:00:00,0.0,0.0,32.81,0.0
2025-08-28 19:00:00,0.0,0.0,31.93,0.0
2025-08-28 20:00:00,0.0,0.0,31.18,0.0
2025-08-28 21:00:00,0.0,0.0,30.43,0.0
2025-08-28 22:00:00,0.0,0.0,29.57,0.0
2025-08-28 23:00:00,0.0,0.0,28.78,0.0
2025-08-29 00:00:00,0.0,0.0,28.01,0.0
2025-08-29 01:00:00,0.0,0.0,27.24,0.0
2025-08-29 02:00:00,0.0,0.0,26.56,0.0
2025-08-29 03:00:00,0.0,0.0,25.97,0.0
2025-08-29 04:00:00,0.0,0.0,25.42,0.0
2025-08-29 05:00:00,7.68,1.54,25.02,7.68
2025-08-29 06:00:00,146.65,277.84,26.89,147.02
2025-08-29 07:00:00,377.48,519.94,29.58,378.1
2025-08-29 08:00:00,605.97,666.24,33.7,606.58
2025-08-29 09:00:00,796.17,744.56,36.09,796.7
2025-08-29 10:00:00,927.83,794.44,37.72,928.3
2025-08-29 11:00:00,965.12,681.59,39.03,965.65
2025-08-29 12:00:00,953.0,651.79,40.07,953.58
2025-08-29 13:00:00,866.92,623.38,40.68,867.6
2025-08-29 14:00:00,713.3,570.04,40.78,715.22
2025-08-29 15:00:00,508.6,474.44,40.41,510.25
2025-08-29 16:00:00,278.55,302.56,39.52,279.6
2025-08-29 17:00:00,75.47,61.3,37.13,75.62
2025-08-29 18:00:00,0.0,0.0,33.87,0.0
2025-08-29 19:00:00,0.0,0.0,32.86,0.0
2025-08-29 20:00:00,0.0,0.0,32.01,0.0
2025-08-29 21:00:00,0.0,0.0,31.2,0.0
2025-08-29 22:00:00,0.0,0.0,30.46,0.0
2025-08-29 23:00:00,0.0,0.0,29.76,0.0
2025-08-30 00:00:00,0.0,0.0,29.09,0.0
2025-08-30 01:00:00,0.0,0.0,28.5,0.0
2025-08-30 02:00:00,0.0,0.0,27.97,0.0
2025-08-30 03:00:00,0.0,0.0,27.46,0.0
2025-08-30 04:00:00,0.0,0.0,27.01,0.0
2025-08-30 05:00:00,7.43,1.58,26.71,7.43
2025-08-30 06:00:00,145.8,296.21,28.77,146.2
2025-08-30 07:00:00,377.45,553.95,31.37,378.12
2025-08-30 08:00:00,604.12,701.71,35.67,604.8
2025-08-30 09:00:00,786.67,773.84,38.33,794.1
2025-08-30 10:00:00,911.75,777.35,39.93,924.67
2025-08-30 11:00:00,945.75,628.91,40.78,955.62
2025-08-30 12:00:00,938.42,640.98,41.66,944.12
2025-08-30 13:00:00,858.8,659.56,42.21,860.12
2025-08-30 14:00:00,707.78,603.01,42.35,710.6
2025-08-30 15:00:00,504.5,508.05,41.99,508.23
2025-08-30 16:00:00,274.95,336.09,41.08,278.9
2025-08-30 17:00:00,72.62,77.44,38.6,73.38
2025-08-30 18:00:00,0.0,0.0,35.73,0.0
2025-08-30 19:00:00,0.0,0.0,34.83,0.0
2025-08-30 20:00:00,0.0,0.0,33.9,0.0
2025-08-30 21:00:00,0.0,0.0,33.04,0.0
2025-08-30 22:00:00,0.0,0.0,32.22,0.0
2025-08-30 23:00:00,0.0,0.0,31.39,0.0
2025-08-31 00:00:00,0.0,0.0,30.57,0.0
2025-08-31 01:00:00,0.0,0.0,29.79,0.0
2025-08-31 02:00:00,0.0,0.0,29.1,0.0
2025-08-31 03:00:00,0.0,0.0,28.53,0.0
2025-08-31 04:00:00,0.0,0.0,28.07,0.0
2025-08-31 05:00:00,7.53,5.25,27.76,7.53
2025-08-31 06:00:00,147.93,345.15,29.37,148.82
2025-08-31 07:00:00,379.4,608.84,32.08,381.42
2025-08-31 08:00:00,605.35,735.54,36.14,607.75
2025-08-31 09:00:00,792.4,822.52,38.66,794.75
2025-08-31 10:00:00,922.0,862.23,40.61,924.12
2025-08-31 11:00:00,958.95,780.58,42.04,960.97
2025-08-31 12:00:00,946.88,741.84,42.86,948.83
2025-08-31 13:00:00,861.92,727.55,43.1,864.53
2025-08-31 14:00:00,715.33,683.59,42.77,715.85
2025-08-31 15:00:00,510.55,590.85,41.94,513.1
2025-08-31 16:00:00,281.1,419.94,40.64,283.88
2025-08-31 17:00:00,73.6,115.25,38.71,74.5
2025-08-31 18:00:00,0.0,0.0,36.28,0.0
2025-08-31 19:00:00,0.0,0.0,35.11,0.0
2025-08-31 20:00:00,0.0,0.0,34.0,0.0
2025-08-31 21:00:00,0.0,0.0,32.88,0.0
2025-08-31 22:00:00,0.0,0.0,31.83,0.0
2025-08-31 23:00:00,0.0,0.0,30.74,0.0
2025-09-01 00:00:00,0.0,0.0,29.51,0.0
2025-09-01 01:00:00,0.0,0.0,28.19,0.0
2025-09-01 02:00:00,0.0,0.0,27.01,0.0
2025-09-01 03:00:00,0.0,0.0,26.14,0.0
2025-09-01 04:00:00,0.0,0.0,25.5,0.0
2025-09-01 05:00:00,7.82,9.02,25.04,7.82
2025-09-01 06:00:00,156.4,390.33,26.38,156.4
2025-09-01 07:00:00,399.67,655.93,29.28,399.67
2025-09-01 08:00:00,634.8,792.41,32.98,634.8
2025-09-01 09:00:00,828.72,871.66,35.6,828.72
2025-09-01 10:00:00,963.4,922.46,37.19,963.4
2025-09-01 11:00:00,1020.47,933.84,38.38,1020.47
2025-09-01 12:00:00,1009.85,894.41,39.26,1009.85
2025-09-01 13:00:00,923.47,851.38,39.74,923.58
2025-09-01 14:00:00,766.67,787.67,39.79,767.0
2025-09-01 15:00:00,554.0,684.73,39.31,554.6
2025-09-01 16:00:00,310.02,522.1,38.24,310.7
2025-09-01 17:00:00,80.62,166.86,35.83,80.85
2025-09-01 18:00:00,0.0,0.0,32.56,0.0
2025-09-01 19:00:00,0.0,0.0,31.82,0.0
2025-09-01 20:00:00,0.0,0.0,31.02,0.0
2025-09-01 21:00:00,0.0,0.0,30.17,0.0
2025-09-01 22:00:00,0.0,0.0,29.28,0.0
2025-09-01 23:00:00,0.0,0.0,28.35,0.0
2025-09-02 00:00:00,0.0,0.0,27.34,0.0
2025-09-02 01:00:00,0.0,0.0,26.33,0.0
2025-09-02 02:00:00,0.0,0.0,25.34,0.0
2025-09-02 03:00:00,0.0,0.0,24.47,0.0
2025-09-02 04:00:00,0.0,0.0,23.82,0.0
2025-09-02 05:00:00,7.55,4.67,23.51,7.57
2025-09-02 06:00:00,154.43,367.17,25.93,154.82
2025-09-02 07:00:00,397.2,621.32,28.92,397.7
2025-09-02 08:00:00,631.3,762.01,33.05,631.58
2025-09-02 09:00:00,824.22,840.61,35.44,824.58
2025-09-02 10:00:00,956.78,888.05,37.18,957.22
2025-09-02 11:00:00,1013.0,903.52,38.59,1013.58
2025-09-02 12:00:00,999.53,863.27,39.6,999.83
2025-09-02 13:00:00,909.72,818.2,40.19,911.6
2025-09-02 14:00:00,751.55,754.52,40.24,754.9
2025-09-02 15:00:00,538.08,640.13,39.78,542.3
2025-09-02 16:00:00,295.12,463.07,38.78,298.73
2025-09-02 17:00:00,72.53,104.72,36.31,73.57
2025-09-02 18:00:00,0.0,0.0,33.2,0.0
2025-09-02 19:00:00,0.0,0.0,32.67,0.0
2025-09-02 20:00:00,0.0,0.0,31.98,0.0
2025-09-02 21:00:00,0.0,0.0,31.17,0.0
2025-09-02 22:00:00,0.0,0.0,30.33,0.0
2025-09-02 23:00:00,0.0,0.0,29.49,0.0
2025-09-03 00:00:00,0.0,0.0,28.72,0.0
2025-09-03 01:00:00,0.0,0.0,28.02,0.0
2025-09-03 02:00:00,0.0,0.0,27.35,0.0
2025-09-03 03:00:00,0.0,0.0,26.76,0.0
2025-09-03 04:00:00,0.0,0.0,26.19,0.0
2025-09-03 05:00:00,6.82,0.0,25.72,6.8
2025-09-03 06:00:00,136.02,184.56,26.82,136.68
2025-09-03 07:00:00,371.0,447.1,29.73,373.42
2025-09-03 08:00:00,605.0,609.47,33.56,607.83
2025-09-03 09:00:00,799.83,700.1,36.1,802.33
2025-09-03 10:00:00,935.97,754.71,37.8,937.15
2025-09-03 11:00:00,1000.88,789.28,39.02,1001.15
2025-09-03 12:00:00,991.38,787.69,39.83,991.72
2025-09-03 13:00:00,904.53,758.76,40.2,904.92
2025-09-03 14:00:00,746.15,690.5,40.06,747.08
2025-09-03 15:00:00,532.2,582.21,39.4,533.7
2025-09-03 16:00:00,288.55,386.51,38.16,290.02
2025-09-03 17:00:00,67.97,72.25,35.73,68.43
2025-09-03 18:00:00,0.0,0.0,32.37,0.0
2025-09-03 19:00:00,0.0,0.0,31.36,0.0
2025-09-03 20:00:00,0.0,0.0,30.44,0.0
2025-09-03 21:00:00,0.0,0.0,29.49,0.0
2025-09-03 22:00:00,0.0,0.0,28.54,0.0
2025-09-03 23:00:00,0.0,0.0,27.65,0.0
2025-09-04 00:00:00,0.0,0.0,26.83,0.0
2025-09-04 01:00:00,0.0,0.0,26.12,0.0
2025-09-04 02:00:00,0.0,0.0,25.51,0.0
2025-09-04 03:00:00,0.0,0.0,24.87,0.0
2025-09-04 04:00:00,0.0,0.0,24.24,0.0
2025-09-04 05:00:00,6.5,0.0,23.7,6.57
2025-09-04 06:00:00,133.23,160.36,25.6,135.1
2025-09-04 07:00:00,364.1,411.7,28.26,368.48
2025-09-04 08:00:00,598.8,566.11,32.59,604.17
2025-09-04 09:00:00,795.38,654.85,35.16,800.33
2025-09-04 10:00:00,931.65,702.79,36.77,935.33
2025-09-04 11:00:00,1009.85,809.2,38.07,1012.0
2025-09-04 12:00:00,995.92,818.3,39.04,996.9
2025-09-04 13:00:00,906.42,785.87,39.62,906.53
2025-09-04 14:00:00,747.38,720.16,39.74,747.53
2025-09-04 15:00:00,533.72,611.88,39.36,533.9
2025-09-04 16:00:00,289.9,423.99,38.45,290.05
2025-09-04 17:00:00,67.03,78.29,35.6,67.05
2025-09-04 18:00:00,0.0,0.0,32.14,0.0
2025-09-04 19:00:00,0.0,0.0,31.11,0.0
2025-09-04 20:00:00,0.0,0.0,30.31,0.0
2025-09-04 21:00:00,0.0,0.0,29.57,0.0
2025-09-04 22:00:00,0.0,0.0,28.83,0.0
2025-09-04 23:00:00,0.0,0.0,28.07,0.0
2025-09-05 00:00:00,0.0,0.0,27.27,0.0
2025-09-05 01:00:00,0.0,0.0,26.5,0.0
2025-09-05 02:00:00,0.0,0.0,25.77,0.0
2025-09-05 03:00:00,0.0,0.0,25.09,0.0
2025-09-05 04:00:00,0.0,0.0,24.43,0.0
2025-09-05 05:00:00,6.4,0.51,23.91,6.45
2025-09-05 06:00:00,139.05,218.98,25.7,140.18
2025-09-05 07:00:00,375.52,486.18,28.48,377.98
2025-09-05 08:00:00,610.08,642.31,33.17,613.0
2025-09-05 09:00:00,805.0,729.77,35.79,807.78
2025-09-05 10:00:00,939.6,776.2,37.57,941.78
2025-09-05 11:00:00,1001.08,794.92,38.92,1002.55
2025-09-05 12:00:00,988.22,791.18,39.87,988.55
2025-09-05 13:00:00,897.88,757.33,40.43,898.53
2025-09-05 14:00:00,738.42,692.13,40.49,739.4
2025-09-05 15:00:00,523.33,573.58,40.1,524.53
2025-09-05 16:00:00,279.92,386.45,39.13,280.9
2025-09-05 17:00:00,62.25,66.83,36.1,62.47
2025-09-05 18:00:00,0.0,0.0,32.72,0.0
2025-09-05 19:00:00,0.0,0.0,31.87,0.0
2025-09-05 20:00:00,0.0,0.0,31.03,0.0
2025-09-05 21:00:00,0.0,0.0,30.14,0.0
2025-09-05 22:00:00,0.0,0.0,29.33,0.0
2025-09-05 23:00:00,0.0,0.0,28.58,0.0
2025-09-06 00:00:00,0.0,0.0,27.8,0.0
2025-09-06 01:00:00,0.0,0.0,27.06,0.0
2025-09-06 02:00:00,0.0,0.0,26.36,0.0
2025-09-06 03:00:00,0.0,0.0,25.66,0.0
2025-09-06 04:00:00,0.0,0.0,24.95,0.0
2025-09-06 05:00:00,6.07,0.54,24.32,6.12
2025-09-06 06:00:00,134.93,224.42,25.59,135.98
2025-09-06 07:00:00,369.3,490.83,28.23,371.58
2025-09-06 08:00:00,602.8,652.77,32.74,605.42
2025-09-06 09:00:00,795.72,738.57,35.75,797.97
2025-09-06 10:00:00,927.88,782.43,37.54,929.47
2025-09-06 11:00:00,991.97,826.32,38.83,992.78
2025-09-06 12:00:00,976.22,818.88,39.67,976.22
2025-09-06 13:00:00,883.95,776.76,40.12,884.1
2025-09-06 14:00:00,723.4,704.22,40.04,723.75
2025-09-06 15:00:00,508.85,578.69,39.42,509.42
2025-09-06 16:00:00,268.2,395.64,38.19,268.73
2025-09-06 17:00:00,56.67,65.0,35.88,56.8
2025-09-06 18:00:00,0.0,0.0,33.12,0.0
2025-09-06 19:00:00,0.0,0.0,32.36,0.0
2025-09-06 20:00:00,0.0,0.0,31.44,0.0
2025-09-06 21:00:00,0.0,0.0,30.53,0.0
2025-09-06 22:00:00,0.0,0.0,29.66,0.0
2025-09-06 23:00:00,0.0,0.0,28.79,0.0
2025-09-07 00:00:00,0.0,0.0,27.95,0.0
2025-09-07 01:00:00,0.0,0.0,27.17,0.0
2025-09-07 02:00:00,0.0,0.0,26.46,0.0
2025-09-07 03:00:00,0.0,0.0,25.7,0.0
2025-09-07 04:00:00,0.0,0.0,25.03,0.0
2025-09-07 05:00:00,5.62,0.0,24.42,5.65
2025-09-07 06:00:00,126.53,158.81,25.18,127.0
2025-09-07 07:00:00,354.3,406.26,28.01,355.3
2025-09-07 08:00:00,586.42,563.68,31.86,587.55
2025-09-07 09:00:00,780.42,657.21,34.49,781.33
2025-09-07 10:00:00,914.15,706.78,36.46,914.72
2025-09-07 11:00:00,982.95,776.78,38.03,983.25
2025-09-07 12:00:00,968.08,767.87,39.13,968.22
2025-09-07 13:00:00,877.45,741.77,39.73,878.28
2025-09-07 14:00:00,718.92,685.16,39.71,720.0
2025-09-07 15:00:00,507.05,565.65,39.1,508.2
2025-09-07 16:00:00,268.12,379.77,37.82,269.0
2025-09-07 17:00:00,55.7,57.78,35.38,55.88
2025-09-07 18:00:00,0.0,0.0,32.44,0.0
2025-09-07 19:00:00,0.0,0.0,31.45,0.0
2025-09-07 20:00:00,0.0,0.0,30.3,0.0
2025-09-07 21:00:00,0.0,0.0,29.23,0.0
2025-09-07 22:00:00,0.0,0.0,28.26,0.0
2025-09-07 23:00:00,0.0,0.0,27.35,0.0
2025-09-08 00:00:00,0.0,0.0,26.51,0.0
2025-09-08 01:00:00,0.0,0.0,25.75,0.0
2025-09-08 02:00:00,0.0,0.0,25.03,0.0
2025-09-08 03:00:00,0.0,0.0,24.39,0.0
2025-09-08 04:00:00,0.0,0.0,23.81,0.0
2025-09-08 05:00:00,5.5,0.55,23.32,5.6
2025-09-08 06:00:00,127.95,183.01,24.26,130.9
2025-09-08 07:00:00,354.45,446.22,27.19,362.67
2025-09-08 08:00:00,580.12,574.19,31.44,592.8
2025-09-08 09:00:00,768.58,667.42,33.7,783.5
2025-09-08 10:00:00,898.15,688.49,35.26,913.78
2025-09-08 11:00:00,950.0,660.67,36.31,965.4
2025-09-08 12:00:00,936.1,670.14,37.35,950.2
2025-09-08 13:00:00,848.25,638.41,38.14,860.45
2025-09-08 14:00:00,693.45,602.84,38.37,703.25
2025-09-08 15:00:00,486.7,481.93,37.97,493.75
2025-09-08 16:00:00,253.68,291.41,36.92,257.27
2025-09-08 17:00:00,50.83,28.28,34.48,51.1
2025-09-08 18:00:00,0.0,0.0,31.64,0.0
2025-09-08 19:00:00,0.0,0.0,30.89,0.0
2025-09-08 20:00:00,0.0,0.0,29.93,0.0
2025-09-08 21:00:00,0.0,0.0,28.92,0.0
2025-09-08 22:00:00,0.0,0.0,28.03,0.0
2025-09-08 23:00:00,0.0,0.0,27.23,0.0
2025-09-09 00:00:00,0.0,0.0,26.49,0.0
2025-09-09 01:00:00,0.0,0.0,25.79,0.0
2025-09-09 02:00:00,0.0,0.0,25.11,0.0
2025-09-09 03:00:00,0.0,0.0,24.48,0.0
2025-09-09 04:00:00,0.0,0.0,23.91,0.0
2025-09-09 05:00:00,5.47,0.0,23.38,5.45
2025-09-09 06:00:00,127.7,144.4,24.2,129.25
2025-09-09 07:00:00,354.62,375.33,26.95,362.95
2025-09-09 08:00:00,588.1,528.12,30.56,596.97
2025-09-09 09:00:00,774.92,604.18,32.75,791.25
2025-09-09 10:00:00,921.62,718.49,34.39,922.38
2025-09-09 11:00:00,980.95,727.53,35.69,982.15
2025-09-09 12:00:00,963.62,727.87,36.58,965.47
2025-09-09 13:00:00,872.0,699.34,37.07,873.47
2025-09-09 14:00:00,708.9,645.79,37.05,712.62
2025-09-09 15:00:00,496.02,526.64,36.48,499.17
2025-09-09 16:00:00,257.92,343.83,35.33,259.8
2025-09-09 17:00:00,50.28,41.51,33.04,50.6
2025-09-09 18:00:00,0.0,0.0,29.97,0.0
2025-09-09 19:00:00,0.0,0.0,29.11,0.0
2025-09-09 20:00:00,0.0,0.0,28.3,0.0
2025-09-09 21:00:00,0.0,0.0,27.45,0.0
2025-09-09 22:00:00,0.0,0.0,26.66,0.0
2025-09-09 23:00:00,0.0,0.0,25.91,0.0
2025-09-10 00:00:00,0.0,0.0,25.13,0.0
2025-09-10 01:00:00,0.0,0.0,24.36,0.0
2025-09-10 02:00:00,0.0,0.0,23.6,0.0
2025-09-10 03:00:00,0.0,0.0,22.87,0.0
2025-09-10 04:00:00,0.0,0.0,22.25,0.0
2025-09-10 05:00:00,5.5,0.59,21.76,5.55
2025-09-10 06:00:00,133.68,221.29,23.13,134.8
2025-09-10 07:00:00,369.05,501.92,25.98,371.62
2025-09-10 08:00:00,602.95,654.45,30.28,606.35
2025-09-10 09:00:00,796.53,742.56,32.75,799.88
2025-09-10 10:00:00,929.42,783.03,34.46,932.22
2025-09-10 11:00:00,981.92,765.54,35.85,983.92
2025-09-10 12:00:00,965.4,751.74,36.83,966.65
2025-09-10 13:00:00,871.92,712.26,37.36,872.2
2025-09-10 14:00:00,708.05,640.84,37.37,708.85
2025-09-10 15:00:00,491.12,514.86,36.8,491.83
2025-09-10 16:00:00,250.32,317.35,35.6,250.77
2025-09-10 17:00:00,46.88,27.24,33.27,46.92
2025-09-10 18:00:00,0.0,0.0,30.47,0.0
2025-09-10 19:00:00,0.0,0.0,29.48,0.0
2025-09-10 20:00:00,0.0,0.0,28.44,0.0
2025-09-10 21:00:00,0.0,0.0,27.47,0.0
2025-09-10 22:00:00,0.0,0.0,26.61,0.0
2025-09-10 23:00:00,0.0,0.0,25.79,0.0
2025-09-11 00:00:00,0.0,0.0,25.04,0.0
2025-09-11 01:00:00,0.0,0.0,24.32,0.0
2025-09-11 02:00:00,0.0,0.0,23.67,0.0
2025-09-11 03:00:00,0.0,0.0,23.03,0.0
2025-09-11 04:00:00,0.0,0.0,22.42,0.0
2025-09-11 05:00:00,5.12,0.0,21.88,5.15
2025-09-11 06:00:00,126.12,149.77,22.88,126.35
2025-09-11 07:00:00,357.27,409.1,25.58,357.62
2025-09-11 08:00:00,592.4,568.15,30.11,592.67
2025-09-11 09:00:00,787.7,662.57,32.72,787.88
2025-09-11 10:00:00,921.08,711.1,34.54,921.17
2025-09-11 11:00:00,987.15,777.17,35.95,987.2
2025-09-11 12:00:00,969.2,761.68,37.0,969.2
2025-09-11 13:00:00,874.47,720.94,37.58,874.65
2025-09-11 14:00:00,710.62,652.75,37.59,710.9
2025-09-11 15:00:00,494.27,539.85,37.0,494.65
2025-09-11 16:00:00,252.68,347.88,35.8,252.98
2025-09-11 17:00:00,45.83,33.91,33.18,45.85
2025-09-11 18:00:00,0.0,0.0,30.13,0.0
2025-09-11 19:00:00,0.0,0.0,29.23,0.0
2025-09-11 20:00:00,0.0,0.0,28.36,0.0
2025-09-11 21:00:00,0.0,0.0,27.47,0.0
2025-09-11 22:00:00,0.0,0.0,26.57,0.0
2025-09-11 23:00:00,0.0,0.0,25.73,0.0
2025-09-12 00:00:00,0.0,0.0,24.94,0.0
2025-09-12 01:00:00,0.0,0.0,24.23,0.0
2025-09-12 02:00:00,0.0,0.0,23.58,0.0
2025-09-12 03:00:00,0.0,0.0,23.01,0.0
2025-09-12 04:00:00,0.0,0.0,22.52,0.0
2025-09-12 05:00:00,5.0,0.0,22.16,5.07
2025-09-12 06:00:00,124.6,171.91,24.11,126.5
2025-09-12 07:00:00,350.6,428.58,26.98,354.85
2025-09-12 08:00:00,581.0,578.08,31.15,586.05
2025-09-12 09:00:00,773.8,668.0,33.47,777.97
2025-09-12 10:00:00,906.42,709.16,35.21,909.03
2025-09-12 11:00:00,971.25,765.42,36.62,972.25
2025-09-12 12:00:00,954.65,757.44,37.58,954.65
2025-09-12 13:00:00,861.17,720.49,38.13,861.25
2025-09-12 14:00:00,699.1,657.22,38.11,699.33
2025-09-12 15:00:00,483.98,540.71,37.54,484.35
2025-09-12 16:00:00,244.75,347.07,36.43,245.12
2025-09-12 17:00:00,43.08,34.27,33.3,43.15
2025-09-12 18:00:00,0.0,0.0,30.17,0.0
2025-09-12 19:00:00,0.0,0.0,29.19,0.0
2025-09-12 20:00:00,0.0,0.0,28.33,0.0
2025-09-12 21:00:00,0.0,0.0,27.57,0.0
2025-09-12 22:00:00,0.0,0.0,26.88,0.0
2025-09-12 23:00:00,0.0,0.0,26.3,0.0
2025-09-13 00:00:00,0.0,0.0,25.8,0.0
2025-09-13 01:00:00,0.0,0.0,25.36,0.0
2025-09-13 02:00:00,0.0,0.0,24.92,0.0
2025-09-13 03:00:00,0.0,0.0,24.43,0.0
2025-09-13 04:00:00,0.0,0.0,23.94,0.0
2025-09-13 05:00:00,4.85,0.0,23.49,4.8
2025-09-13 06:00:00,118.55,125.36,24.87,120.5
2025-09-13 07:00:00,338.52,355.66,27.37,345.15
2025-09-13 08:00:00,568.78,526.28,31.81,576.17
2025-09-13 09:00:00,762.4,628.18,35.24,768.42
2025-09-13 10:00:00,896.0,669.54,37.28,900.05
2025-09-13 11:00:00,955.7,696.55,38.86,957.7
2025-09-13 12:00:00,940.22,713.27,40.05,940.25
2025-09-13 13:00:00,853.49,719.07,40.73,856.29
2025-09-13 14:00:00,683.53,614.01,40.86,683.85
2025-09-13 15:00:00,469.25,497.1,40.44,469.8
2025-09-13 16:00:00,233.18,299.07,39.39,233.68
2025-09-13 17:00:00,39.88,23.53,35.62,39.88
2025-09-13 18:00:00,0.0,0.0,32.69,0.0
2025-09-13 19:00:00,0.0,0.0,31.77,0.0
2025-09-13 20:00:00,0.0,0.0,30.93,0.0
2025-09-13 21:00:00,0.0,0.0,30.16,0.0
2025-09-13 22:00:00,0.0,0.0,29.48,0.0
2025-09-13 23:00:00,0.0,0.0,28.82,0.0
2025-09-14 00:00:00,0.0,0.0,28.22,0.0
2025-09-14 01:00:00,0.0,0.0,27.67,0.0
2025-09-14 02:00:00,0.0,0.0,27.14,0.0
2025-09-14 03:00:00,0.0,0.0,26.62,0.0
2025-09-14 04:00:00,0.0,0.0,26.1,0.0
2025-09-14 05:00:00,4.53,0.0,25.72,4.53
2025-09-14 06:00:00,117.4,153.53,26.85,118.1
2025-09-14 07:00:00,333.8,379.78,29.29,335.67
2025-09-14 08:00:00,563.65,539.68,33.32,566.1
2025-09-14 09:00:00,751.78,631.62,36.62,755.53
2025-09-14 10:00:00,881.08,667.15,38.81,885.85
2025-09-14 11:00:00,924.62,622.87,40.44,930.4
2025-09-14 12:00:00,905.92,636.27,41.52,912.72
2025-09-14 13:00:00,812.15,604.57,42.02,820.05
2025-09-14 14:00:00,658.33,552.07,41.99,661.28
2025-09-14 15:00:00,444.25,419.04,41.36,447.02
2025-09-14 16:00:00,215.18,239.56,40.08,216.27
2025-09-14 17:00:00,35.95,16.28,36.86,36.03
2025-09-14 18:00:00,0.0,0.0,33.92,0.0
2025-09-14 19:00:00,0.0,0.0,33.05,0.0
2025-09-14 20:00:00,0.0,0.0,32.09,0.0
2025-09-14 21:00:00,0.0,0.0,31.17,0.0
2025-09-14 22:00:00,0.0,0.0,30.21,0.0
2025-09-14 23:00:00,0.0,0.0,29.22,0.0
2025-09-15 00:00:00,0.0,0.0,28.37,0.0
2025-09-15 01:00:00,0.0,0.0,27.64,0.0
2025-09-15 02:00:00,0.0,0.0,26.97,0.0
2025-09-15 03:00:00,0.0,0.0,26.42,0.0
2025-09-15 04:00:00,0.0,0.0,25.96,0.0
2025-09-15 05:00:00,4.35,0.0,25.5,4.35
2025-09-15 06:00:00,118.1,171.51,26.13,118.45
2025-09-15 07:00:00,342.02,422.97,28.41,343.0
2025-09-15 08:00:00,569.1,569.63,31.66,570.3
2025-09-15 09:00:00,757.58,651.27,34.91,758.6
2025-09-15 10:00:00,884.85,681.01,37.71,885.53
2025-09-15 11:00:00,919.42,584.64,39.68,927.22
2025-09-15 12:00:00,891.47,554.75,40.98,905.83
2025-09-15 13:00:00,772.3,508.02,41.72,807.22
2025-09-15 14:00:00,641.97,469.8,41.82,643.45
2025-09-15 15:00:00,427.05,337.85,41.24,429.17
2025-09-15 16:00:00,203.35,174.09,39.88,204.8
2025-09-15 17:00:00,32.28,4.95,37.03,32.28
2025-09-15 18:00:00,0.0,0.0,34.45,0.0
2025-09-15 19:00:00,0.0,0.0,33.22,0.0
2025-09-15 20:00:00,0.0,0.0,32.04,0.0
2025-09-15 21:00:00,0.0,0.0,31.04,0.0
2025-09-15 22:00:00,0.0,0.0,30.17,0.0
2025-09-15 23:00:00,0.0,0.0,29.44,0.0
2025-09-16 00:00:00,0.0,0.0,28.68,0.0
2025-09-16 01:00:00,0.0,0.0,27.95,0.0
2025-09-16 02:00:00,0.0,0.0,27.3,0.0
2025-09-16 03:00:00,0.0,0.0,26.7,0.0
2025-09-16 04:00:00,0.0,0.0,26.11,0.0
2025-09-16 05:00:00,4.18,0.0,25.54,4.18
2025-09-16 06:00:00,117.0,151.53,25.98,117.07
2025-09-16 07:00:00,339.75,398.27,28.27,340.0
2025-09-16 08:00:00,566.65,543.96,31.26,566.97
2025-09-16 09:00:00,754.45,614.87,33.66,754.75
2025-09-16 10:00:00,881.25,646.13,35.72,881.5
2025-09-16 11:00:00,926.2,604.05,37.35,926.4
2025-09-16 12:00:00,902.2,579.47,38.51,902.35
2025-09-16 13:00:00,799.3,511.76,39.12,799.53
2025-09-16 14:00:00,629.03,420.58,39.12,629.22
2025-09-16 15:00:00,415.17,294.45,38.47,415.3
2025-09-16 16:00:00,193.82,134.53,37.1,193.9
2025-09-16 17:00:00,30.12,2.05,34.77,30.12
2025-09-16 18:00:00,0.0,0.0,32.41,0.0
2025-09-16 19:00:00,0.0,0.0,31.23,0.0
2025-09-16 20:00:00,0.0,0.0,30.1,0.0
2025-09-16 21:00:00,0.0,0.0,29.1,0.0
2025-09-16 22:00:00,0.0,0.0,28.19,0.0
2025-09-16 23:00:00,0.0,0.0,27.27,0.0
2025-09-17 00:00:00,0.0,0.0,26.44,0.0
2025-09-17 01:00:00,0.0,0.0,25.66,0.0
2025-09-17 02:00:00,0.0,0.0,24.89,0.0
2025-09-17 03:00:00,0.0,0.0,24.23,0.0
2025-09-17 04:00:00,0.0,0.0,23.63,0.0
2025-09-17 05:00:00,3.95,0.0,23.11,3.9
2025-09-17 06:00:00,106.62,76.42,23.82,107.57
2025-09-17 07:00:00,312.2,271.58,26.31,322.85
2025-09-17 08:00:00,527.4,388.36,30.07,550.58
2025-09-17 09:00:00,710.92,413.96,32.55,742.05
2025-09-17 10:00:00,855.33,552.45,34.68,872.22
2025-09-17 11:00:00,900.6,538.57,36.48,918.83
2025-09-17 12:00:00,861.7,542.33,37.82,898.35
2025-09-17 13:00:00,755.33,465.42,38.58,799.5
2025-09-17 14:00:00,616.5,410.8,38.68,633.0
2025-09-17 15:00:00,413.1,310.08,38.1,421.05
2025-09-17 16:00:00,190.73,141.97,36.78,196.82
2025-09-17 17:00:00,29.23,1.71,34.3,29.3
2025-09-17 18:00:00,0.0,0.0,31.73,0.0
2025-09-17 19:00:00,0.0,0.0,30.64,0.0
2025-09-17 20:00:00,0.0,0.0,29.47,0.0
2025-09-17 21:00:00,0.0,0.0,28.39,0.0
2025-09-17 22:00:00,0.0,0.0,27.41,0.0
2025-09-17 23:00:00,0.0,0.0,26.57,0.0
2025-09-18 00:00:00,0.0,0.0,25.79,0.0
2025-09-18 01:00:00,0.0,0.0,25.09,0.0
2025-09-18 02:00:00,0.0,0.0,24.44,0.0
2025-09-18 03:00:00,0.0,0.0,23.81,0.0
2025-09-18 04:00:00,0.0,0.0,23.17,0.0
2025-09-18 05:00:00,3.9,0.0,22.61,3.9
2025-09-18 06:00:00,116.0,155.68,23.12,116.5
2025-09-18 07:00:00,339.8,415.74,25.44,341.42
2025-09-18 08:00:00,568.53,573.46,29.36,569.62
2025-09-18 09:00:00,757.62,667.1,32.24,758.45
2025-09-18 10:00:00,885.03,711.19,34.39,885.5
2025-09-18 11:00:00,913.35,591.55,36.24,926.5
2025-09-18 12:00:00,880.5,533.35,37.67,905.2
2025-09-18 13:00:00,801.05,617.9,38.55,808.3
2025-09-18 14:00:00,626.88,510.35,38.76,644.25
2025-09-18 15:00:00,421.23,397.91,38.35,431.85
2025-09-18 16:00:00,200.55,217.65,37.27,203.93
2025-09-18 17:00:00,28.1,7.5,34.42,28.23
2025-09-18 18:00:00,0.0,0.0,32.08,0.0
2025-09-18 19:00:00,0.0,0.0,31.35,0.0
2025-09-18 20:00:00,0.0,0.0,30.35,0.0
2025-09-18 21:00:00,0.0,0.0,29.39,0.0
2025-09-18 22:00:00,0.0,0.0,28.47,0.0
2025-09-18 23:00:00,0.0,0.0,27.6,0.0
2025-09-19 00:00:00,0.0,0.0,26.88,0.0
2025-09-19 01:00:00,0.0,0.0,26.32,0.0
2025-09-19 02:00:00,0.0,0.0,25.84,0.0
2025-09-19 03:00:00,0.0,0.0,25.18,0.0
2025-09-19 04:00:00,0.0,0.0,24.54,0.0
2025-09-19 05:00:00,3.72,0.0,23.92,3.72
2025-09-19 06:00:00,114.0,160.78,24.54,114.03
2025-09-19 07:00:00,337.45,421.16,26.81,337.55
2025-09-19 08:00:00,566.03,582.17,30.07,566.15
2025-09-19 09:00:00,755.62,669.38,33.17,755.75
2025-09-19 10:00:00,884.3,725.88,35.25,884.4
2025-09-19 11:00:00,933.1,714.51,36.81,933.2
2025-09-19 12:00:00,911.53,703.94,38.02,911.6
2025-09-19 13:00:00,814.55,665.83,38.73,814.62
2025-09-19 14:00:00,649.53,595.73,38.85,649.62
2025-09-19 15:00:00,435.77,467.01,38.31,435.9
2025-09-19 16:00:00,206.4,265.45,37.05,206.5
2025-09-19 17:00:00,27.52,9.33,34.43,27.55
2025-09-19 18:00:00,0.0,0.0,32.04,0.0
2025-09-19 19:00:00,0.0,0.0,30.75,0.0
2025-09-19 20:00:00,0.0,0.0,29.61,0.0
2025-09-19 21:00:00,0.0,0.0,28.56,0.0
2025-09-19 22:00:00,0.0,0.0,27.61,0.0
2025-09-19 23:00:00,0.0,0.0,26.72,0.0
2025-09-20 00:00:00,0.0,0.0,25.85,0.0
2025-09-20 01:00:00,0.0,0.0,25.13,0.0
2025-09-20 02:00:00,0.0,0.0,24.47,0.0
2025-09-20 03:00:00,0.0,0.0,23.88,0.0
2025-09-20 04:00:00,0.0,0.0,23.31,0.0
2025-09-20 05:00:00,3.53,0.0,22.78,3.53
2025-09-20 06:00:00,110.3,135.34,23.25,110.43
2025-09-20 07:00:00,328.35,378.82,25.66,328.65
2025-09-20 08:00:00,554.22,528.78,28.98,554.6
2025-09-20 09:00:00,742.65,615.23,31.6,743.03
2025-09-20 10:00:00,870.58,670.06,33.52,870.88
2025-09-20 11:00:00,921.25,660.32,35.08,921.45
2025-09-20 12:00:00,899.1,645.71,36.17,899.2
2025-09-20 13:00:00,800.75,605.21,36.79,800.75
2025-09-20 14:00:00,634.78,525.47,36.83,634.85
2025-09-20 15:00:00,421.12,393.57,36.32,421.23
2025-09-20 16:00:00,197.0,204.0,35.13,197.07
2025-09-20 17:00:00,25.25,3.36,32.55,25.25
2025-09-20 18:00:00,0.0,0.0,30.1,0.0
2025-09-20 19:00:00,0.0,0.0,29.18,0.0
2025-09-20 20:00:00,0.0,0.0,28.14,0.0
2025-09-20 21:00:00,0.0,0.0,27.23,0.0
2025-09-20 22:00:00,0.0,0.0,26.38,0.0
2025-09-20 23:00:00,0.0,0.0,25.62,0.0
2025-09-21 00:00:00,0.0,0.0,24.89,0.0
2025-09-21 01:00:00,0.0,0.0,24.24,0.0
2025-09-21 02:00:00,0.0,0.0,23.63,0.0
2025-09-21 03:00:00,0.0,0.0,23.08,0.0
2025-09-21 04:00:00,0.0,0.0,22.58,0.0
2025-09-21 05:00:00,3.38,0.0,22.14,3.38
2025-09-21 06:00:00,110.45,134.83,22.82,110.5
2025-09-21 07:00:00,332.67,395.62,25.21,332.77
2025-09-21 08:00:00,561.25,556.58,29.0,561.35
2025-09-21 09:00:00,751.05,652.29,32.17,751.1
2025-09-21 10:00:00,879.1,715.11,34.23,879.12
2025-09-21 11:00:00,921.12,673.75,35.87,921.12
2025-09-21 12:00:00,900.5,666.22,37.15,900.5
2025-09-21 13:00:00,803.7,638.57,37.93,803.72
2025-09-21 14:00:00,640.05,575.38,38.15,640.1
2025-09-21 15:00:00,427.58,453.89,37.76,427.65
2025-09-21 16:00:00,200.05,256.99,36.68,200.07
2025-09-21 17:00:00,24.5,7.37,33.57,24.5
2025-09-21 18:00:00,0.0,0.0,31.06,0.0
2025-09-21 19:00:00,0.0,0.0,30.29,0.0
2025-09-21 20:00:00,0.0,0.0,29.2,0.0
2025-09-21 21:00:00,0.0,0.0,28.08,0.0
2025-09-21 22:00:00,0.0,0.0,27.12,0.0
2025-09-21 23:00:00,0.0,0.0,26.22,0.0
2025-09-22 00:00:00,0.0,0.0,25.4,0.0
2025-09-22 01:00:00,0.0,0.0,24.66,0.0
2025-09-22 02:00:00,0.0,0.0,23.98,0.0
2025-09-22 03:00:00,0.0,0.0,23.41,0.0
2025-09-22 04:00:00,0.0,0.0,22.85,0.0
2025-09-22 05:00:00,3.38,0.0,22.29,3.38
2025-09-22 06:00:00,117.4,207.36,22.84,117.45
2025-09-22 07:00:00,346.05,488.61,25.14,346.17
2025-09-22 08:00:00,573.55,637.18,29.01,573.7
2025-09-22 09:00:00,760.0,719.21,31.58,760.12
2025-09-22 10:00:00,885.38,774.35,33.48,885.45
2025-09-22 11:00:00,927.62,727.97,35.08,927.67
2025-09-22 12:00:00,911.44,721.07,36.26,914.74
2025-09-22 13:00:00,805.9,673.01,36.95,806.0
2025-09-22 14:00:00,640.3,603.37,37.02,640.5
2025-09-22 15:00:00,426.73,468.24,36.46,426.92
2025-09-22 16:00:00,197.57,260.74,35.26,197.7
2025-09-22 17:00:00,23.4,6.39,32.7,23.42
2025-09-22 18:00:00,0.0,0.0,30.27,0.0
2025-09-22 19:00:00,0.0,0.0,29.32,0.0
2025-09-22 20:00:00,0.0,0.0,28.45,0.0
2025-09-22 21:00:00,0.0,0.0,27.71,0.0
2025-09-22 22:00:00,0.0,0.0,27.09,0.0
2025-09-22 23:00:00,0.0,0.0,26.46,0.0
2025-09-23 00:00:00,0.0,0.0,25.78,0.0
2025-09-23 01:00:00,0.0,0.0,25.09,0.0
2025-09-23 02:00:00,0.0,0.0,24.45,0.0
2025-09-23 03:00:00,0.0,0.0,23.87,0.0
2025-09-23 04:00:00,0.0,0.0,23.3,0.0
2025-09-23 05:00:00,0.0,0.0,22.75,0.0
2025-09-23 06:00:00,121.47,189.3,23.33,121.7
2025-09-23 07:00:00,338.38,442.42,25.69,338.9
2025-09-23 08:00:00,566.2,600.84,29.6,566.8
2025-09-23 09:00:00,754.33,694.01,32.42,754.83
2025-09-23 10:00:00,881.25,750.39,34.56,881.6
2025-09-23 11:00:00,910.62,648.52,36.31,910.88
2025-09-23 12:00:00,888.55,638.88,37.63,888.72
2025-09-23 13:00:00,789.83,604.11,38.39,790.25
2025-09-23 14:00:00,624.25,540.76,38.52,624.7
2025-09-23 15:00:00,411.23,410.08,38.06,411.67
2025-09-23 16:00:00,186.38,219.07,36.92,186.65
2025-09-23 17:00:00,21.55,3.93,33.7,21.55
2025-09-23 18:00:00,0.0,0.0,31.3,0.0
2025-09-23 19:00:00,0.0,0.0,30.36,0.0
2025-09-23 20:00:00,0.0,0.0,29.24,0.0
2025-09-23 21:00:00,0.0,0.0,28.3,0.0
2025-09-23 22:00:00,0.0,0.0,27.45,0.0
2025-09-23 23:00:00,0.0,0.0,26.72,0.0
2025-09-24 00:00:00,0.0,0.0,26.19,0.0
2025-09-24 01:00:00,0.0,0.0,25.7,0.0
2025-09-24 02:00:00,0.0,0.0,25.2,0.0
2025-09-24 03:00:00,0.0,0.0,24.61,0.0
2025-09-24 04:00:00,0.0,0.0,24.02,0.0
2025-09-24 05:00:00,0.0,0.0,23.5,0.0
2025-09-24 06:00:00,121.47,215.64,23.86,121.6
2025-09-24 07:00:00,340.8,478.14,26.09,341.17
2025-09-24 08:00:00,569.03,637.19,29.6,569.6
2025-09-24 09:00:00,756.92,730.8,32.08,757.42
2025-09-24 10:00:00,883.2,787.89,33.98,883.62
2025-09-24 11:00:00,906.25,671.29,35.48,906.65
2025-09-24 12:00:00,884.67,666.68,36.49,885.05
2025-09-24 13:00:00,787.9,642.42,36.91,788.28
2025-09-24 14:00:00,625.47,588.51,36.71,625.85
2025-09-24 15:00:00,415.17,469.79,35.92,415.52
2025-09-24 16:00:00,188.9,283.2,34.45,189.12
2025-09-24 17:00:00,20.98,10.79,32.11,20.98
2025-09-24 18:00:00,0.0,0.0,29.93,0.0
2025-09-24 19:00:00,0.0,0.0,28.79,0.0
2025-09-24 20:00:00,0.0,0.0,27.66,0.0
2025-09-24 21:00:00,0.0,0.0,26.65,0.0
2025-09-24 22:00:00,0.0,0.0,25.81,0.0
2025-09-24 23:00:00,0.0,0.0,25.09,0.0
2025-09-25 00:00:00,0.0,0.0,24.4,0.0
2025-09-25 01:00:00,0.0,0.0,23.75,0.0
2025-09-25 02:00:00,0.0,0.0,23.13,0.0
2025-09-25 03:00:00,0.0,0.0,22.57,0.0
2025-09-25 04:00:00,0.0,0.0,22.06,0.0
2025-09-25 05:00:00,0.0,0.0,21.56,0.0
2025-09-25 06:00:00,126.53,279.04,22.04,127.82
2025-09-25 07:00:00,350.17,550.18,24.35,353.17
2025-09-25 08:00:00,577.78,711.27,27.96,581.62
2025-09-25 09:00:00,765.7,790.12,30.15,769.5
2025-09-25 10:00:00,893.28,838.55,31.88,896.62
2025-09-25 11:00:00,931.78,771.73,33.34,934.53
2025-09-25 12:00:00,910.4,763.05,34.42,912.55
2025-09-25 13:00:00,814.42,738.92,35.03,815.22
2025-09-25 14:00:00,648.67,672.24,35.05,650.42
2025-09-25 15:00:00,432.9,553.19,34.49,434.35
2025-09-25 16:00:00,197.6,335.43,33.28,198.3
2025-09-25 17:00:00,20.95,15.48,30.47,20.98
2025-09-25 18:00:00,0.0,0.0,27.91,0.0
2025-09-25 19:00:00,0.0,0.0,27.08,0.0
2025-09-25 20:00:00,0.0,0.0,26.28,0.0
2025-09-25 21:00:00,0.0,0.0,25.52,0.0
2025-09-25 22:00:00,0.0,0.0,24.81,0.0
2025-09-25 23:00:00,0.0,0.0,24.12,0.0
2025-09-26 00:00:00,0.0,0.0,23.42,0.0
2025-09-26 01:00:00,0.0,0.0,22.77,0.0
2025-09-26 02:00:00,0.0,0.0,22.15,0.0
2025-09-26 03:00:00,0.0,0.0,21.57,0.0
2025-09-26 04:00:00,0.0,0.0,20.98,0.0
2025-09-26 05:00:00,0.0,0.0,20.38,0.0
2025-09-26 06:00:00,129.7,285.95,21.44,130.12
2025-09-26 07:00:00,358.17,564.37,23.92,358.95
2025-09-26 08:00:00,590.22,723.55,28.02,591.17
2025-09-26 09:00:00,778.97,802.7,30.27,780.05
2025-09-26 10:00:00,905.3,858.2,31.81,906.55
2025-09-26 11:00:00,952.08,837.44,33.07,953.5
2025-09-26 12:00:00,926.5,812.96,33.94,928.08
2025-09-26 13:00:00,824.33,760.94,34.43,825.12
2025-09-26 14:00:00,651.72,657.51,34.36,652.83
2025-09-26 15:00:00,427.2,500.91,33.71,428.35
2025-09-26 16:00:00,188.38,254.15,32.42,189.05
2025-09-26 17:00:00,18.75,2.96,29.51,18.77
2025-09-26 18:00:00,0.0,0.0,27.01,0.0
2025-09-26 19:00:00,0.0,0.0,26.16,0.0
2025-09-26 20:00:00,0.0,0.0,25.34,0.0
2025-09-26 21:00:00,0.0,0.0,24.5,0.0
2025-09-26 22:00:00,0.0,0.0,23.69,0.0
2025-09-26 23:00:00,0.0,0.0,22.93,0.0
2025-09-27 00:00:00,0.0,0.0,22.23,0.0
2025-09-27 01:00:00,0.0,0.0,21.6,0.0
2025-09-27 02:00:00,0.0,0.0,20.97,0.0
2025-09-27 03:00:00,0.0,0.0,20.39,0.0
2025-09-27 04:00:00,0.0,0.0,19.82,0.0
2025-09-27 05:00:00,0.0,0.0,19.32,0.0
2025-09-27 06:00:00,122.6,226.75,20.57,123.05
2025-09-27 07:00:00,349.23,515.31,23.16,350.2
2025-09-27 08:00:00,582.67,693.86,27.46,583.67
2025-09-27 09:00:00,773.33,781.44,30.24,773.97
2025-09-27 10:00:00,900.5,839.65,31.91,900.78
2025-09-27 11:00:00,949.72,836.8,33.32,949.83
2025-09-27 12:00:00,925.22,831.65,34.48,925.22
2025-09-27 13:00:00,823.85,791.05,35.25,823.95
2025-09-27 14:00:00,653.92,715.31,35.53,654.22
2025-09-27 15:00:00,432.73,570.44,35.3,433.2
2025-09-27 16:00:00,193.57,344.12,34.43,193.93
2025-09-27 17:00:00,18.35,12.13,30.98,18.38
2025-09-27 18:00:00,0.0,0.0,28.56,0.0
2025-09-27 19:00:00,0.0,0.0,27.25,0.0
2025-09-27 20:00:00,0.0,0.0,26.21,0.0
2025-09-27 21:00:00,0.0,0.0,25.36,0.0
2025-09-27 22:00:00,0.0,0.0,24.61,0.0
2025-09-27 23:00:00,0.0,0.0,23.97,0.0
2025-09-28 00:00:00,0.0,0.0,23.36,0.0
2025-09-28 01:00:00,0.0,0.0,22.8,0.0
2025-09-28 02:00:00,0.0,0.0,22.24,0.0
2025-09-28 03:00:00,0.0,0.0,21.64,0.0
2025-09-28 04:00:00,0.0,0.0,21.03,0.0
2025-09-28 05:00:00,0.0,0.0,20.44,0.0
2025-09-28 06:00:00,127.03,310.64,21.58,127.68
2025-09-28 07:00:00,354.8,591.96,24.23,356.23
2025-09-28 08:00:00,585.97,743.36,28.33,587.42
2025-09-28 09:00:00,775.08,826.77,32.75,776.17
2025-09-28 10:00:00,901.55,870.29,34.59,902.2
2025-09-28 11:00:00,949.95,868.79,35.88,950.28
2025-09-28 12:00:00,925.83,871.41,36.83,925.9
2025-09-28 13:00:00,825.53,834.16,37.4,825.88
2025-09-28 14:00:00,657.4,770.19,37.49,658.03
2025-09-28 15:00:00,437.42,637.16,37.07,438.23
2025-09-28 16:00:00,197.68,429.2,35.99,198.25
2025-09-28 17:00:00,17.98,29.41,32.19,18.0
2025-09-28 18:00:00,0.0,0.0,29.72,0.0
2025-09-28 19:00:00,0.0,0.0,28.34,0.0
2025-09-28 20:00:00,0.0,0.0,27.35,0.0
2025-09-28 21:00:00,0.0,0.0,26.55,0.0
2025-09-28 22:00:00,0.0,0.0,25.81,0.0
2025-09-28 23:00:00,0.0,0.0,25.08,0.0
2025-09-29 00:00:00,0.0,0.0,24.43,0.0
2025-09-29 01:00:00,0.0,0.0,23.88,0.0
2025-09-29 02:00:00,0.0,0.0,23.35,0.0
2025-09-29 03:00:00,0.0,0.0,22.79,0.0
2025-09-29 04:00:00,0.0,0.0,22.24,0.0
2025-09-29 05:00:00,0.0,0.0,21.77,0.0
2025-09-29 06:00:00,126.1,328.06,22.79,126.68
2025-09-29 07:00:00,352.4,599.46,25.28,353.62
2025-09-29 08:00:00,580.28,747.53,29.28,581.53
2025-09-29 09:00:00,766.1,825.34,33.32,767.08
2025-09-29 10:00:00,890.15,865.77,35.52,890.8
2025-09-29 11:00:00,922.22,798.09,37.02,922.6
2025-09-29 12:00:00,897.42,799.93,38.11,897.62
2025-09-29 13:00:00,795.08,761.86,38.82,795.17
2025-09-29 14:00:00,627.53,689.03,39.0,627.8
2025-09-29 15:00:00,411.73,568.63,38.66,412.17
2025-09-29 16:00:00,181.88,356.21,37.5,182.25
2025-09-29 17:00:00,15.73,18.45,32.94,15.75
2025-09-29 18:00:00,0.0,0.0,30.47,0.0
2025-09-29 19:00:00,0.0,0.0,29.56,0.0
2025-09-29 20:00:00,0.0,0.0,28.83,0.0
2025-09-29 21:00:00,0.0,0.0,28.2,0.0
2025-09-29 22:00:00,0.0,0.0,27.54,0.0
2025-09-29 23:00:00,0.0,0.0,26.73,0.0
2025-09-30 00:00:00,0.0,0.0,25.87,0.0
2025-09-30 01:00:00,0.0,0.0,25.03,0.0
2025-09-30 02:00:00,0.0,0.0,24.23,0.0
2025-09-30 03:00:00,0.0,0.0,23.5,0.0
2025-09-30 04:00:00,0.0,0.0,22.84,0.0
2025-09-30 05:00:00,0.0,0.0,22.23,0.0
2025-09-30 06:00:00,122.68,314.57,23.05,123.25
2025-09-30 07:00:00,350.45,601.28,25.54,351.8
2025-09-30 08:00:00,578.97,749.73,29.11,580.53
2025-09-30 09:00:00,765.58,822.35,32.68,766.9
2025-09-30 10:00:00,890.6,863.97,35.4,891.53
2025-09-30 11:00:00,924.7,795.75,37.1,925.3
2025-09-30 12:00:00,900.33,796.46,38.28,900.7
2025-09-30 13:00:00,800.9,763.16,38.98,801.15
2025-09-30 14:00:00,634.03,693.59,39.14,634.35
2025-09-30 15:00:00,417.58,576.33,38.69,417.95
2025-09-30 16:00:00,182.55,350.52,37.44,182.8
2025-09-30 17:00:00,15.32,12.34,32.84,15.35
2025-09-30 18:00:00,0.0,0.0,30.4,0.0
2025-09-30 19:00:00,0.0,0.0,29.61,0.0
2025-09-30 20:00:00,0.0,0.0,28.88,0.0
2025-09-30 21:00:00,0.0,0.0,28.14,0.0
2025-09-30 22:00:00,0.0,0.0,27.56,0.0
2025-09-30 23:00:00,0.0,0.0,26.7,0.0
2025-10-01 00:00:00,0.0,0.0,25.53,0.0
2025-10-01 01:00:00,0.0,0.0,24.67,0.0
2025-10-01 02:00:00,0.0,0.0,23.99,0.0
2025-10-01 03:00:00,0.0,0.0,23.41,0.0
2025-10-01 04:00:00,0.0,0.0,22.92,0.0
2025-10-01 05:00:00,0.0,0.0,22.5,0.0
2025-10-01 06:00:00,122.75,301.12,23.22,126.55
2025-10-01 07:00:00,351.48,572.57,25.65,359.8
2025-10-01 08:00:00,579.55,743.2,28.89,590.35
2025-10-01 09:00:00,765.62,835.57,31.27,776.47
2025-10-01 10:00:00,890.8,862.4,33.16,900.38
2025-10-01 11:00:00,933.38,805.95,34.66,940.42
2025-10-01 12:00:00,910.7,802.28,35.79,915.25
2025-10-01 13:00:00,813.1,770.55,36.48,814.2
2025-10-01 14:00:00,643.92,720.39,36.66,645.7
2025-10-01 15:00:00,425.08,589.89,36.31,426.27
2025-10-01 16:00:00,185.23,346.13,35.31,185.75
2025-10-01 17:00:00,14.93,7.06,31.59,14.95
2025-10-01 18:00:00,0.0,0.0,29.33,0.0
2025-10-01 19:00:00,0.0,0.0,28.84,0.0
2025-10-01 20:00:00,0.0,0.0,28.36,0.0
2025-10-01 21:00:00,0.0,0.0,27.69,0.0
2025-10-01 22:00:00,0.0,0.0,27.01,0.0
2025-10-01 23:00:00,0.0,0.0,26.07,0.0
2025-10-02 00:00:00,0.0,0.0,24.61,0.0
2025-10-02 01:00:00,0.0,0.0,23.48,0.0
2025-10-02 02:00:00,0.0,0.0,22.53,0.0
2025-10-02 03:00:00,0.0,0.0,21.75,0.0
2025-10-02 04:00:00,0.0,0.0,21.18,0.0
2025-10-02 05:00:00,0.0,0.0,20.78,0.0
2025-10-02 06:00:00,126.75,320.63,22.01,131.48
2025-10-02 07:00:00,360.7,634.26,24.97,368.65
2025-10-02 08:00:00,592.45,787.19,28.45,599.65
2025-10-02 09:00:00,781.08,851.71,31.46,786.28
2025-10-02 10:00:00,906.72,927.06,33.78,909.8
2025-10-02 11:00:00,948.3,872.58,35.52,949.8
2025-10-02 12:00:00,923.85,874.9,36.73,923.97
2025-10-02 13:00:00,821.5,834.78,37.4,822.03
2025-10-02 14:00:00,651.38,767.2,37.57,652.03
2025-10-02 15:00:00,429.12,649.92,37.2,429.77
2025-10-02 16:00:00,185.65,399.1,36.08,186.02
2025-10-02 17:00:00,13.9,11.75,31.41,13.93
2025-10-02 18:00:00,0.0,0.0,29.05,0.0
2025-10-02 19:00:00,0.0,0.0,28.23,0.0
2025-10-02 20:00:00,0.0,0.0,27.69,0.0
2025-10-02 21:00:00,0.0,0.0,27.16,0.0
2025-10-02 22:00:00,0.0,0.0,26.56,0.0
2025-10-02 23:00:00,0.0,0.0,25.92,0.0
2025-10-03 00:00:00,0.0,0.0,25.41,0.0
2025-10-03 01:00:00,0.0,0.0,24.82,0.0
2025-10-03 02:00:00,0.0,0.0,24.1,0.0
2025-10-03 03:00:00,0.0,0.0,23.41,0.0
2025-10-03 04:00:00,0.0,0.0,22.83,0.0
2025-10-03 05:00:00,0.0,0.0,22.33,0.0
2025-10-03 06:00:00,118.05,259.96,22.56,118.68
2025-10-03 07:00:00,347.65,562.47,24.64,349.1
2025-10-03 08:00:00,576.75,724.55,28.68,578.33
2025-10-03 09:00:00,762.83,795.57,32.35,764.1
2025-10-03 10:00:00,886.33,836.49,34.71,887.2
2025-10-03 11:00:00,924.03,776.03,36.26,924.58
2025-10-03 12:00:00,896.62,769.86,37.12,896.92
2025-10-03 13:00:00,791.88,723.27,37.46,792.67
2025-10-03 14:00:00,619.75,635.1,37.25,620.75
2025-10-03 15:00:00,398.65,490.28,36.56,399.65
2025-10-03 16:00:00,163.57,244.32,35.27,164.07
2025-10-03 17:00:00,12.07,1.03,31.6,12.07
2025-10-03 18:00:00,0.0,0.0,29.51,0.0
2025-10-03 19:00:00,0.0,0.0,28.7,0.0
2025-10-03 20:00:00,0.0,0.0,27.88,0.0
2025-10-03 21:00:00,0.0,0.0,27.02,0.0
2025-10-03 22:00:00,0.0,0.0,26.13,0.0
2025-10-03 23:00:00,0.0,0.0,25.37,0.0
2025-10-04 00:00:00,0.0,0.0,24.71,0.0
2025-10-04 01:00:00,0.0,0.0,24.08,0.0
2025-10-04 02:00:00,0.0,0.0,23.48,0.0
2025-10-04 03:00:00,0.0,0.0,22.96,0.0
2025-10-04 04:00:00,0.0,0.0,22.46,0.0
2025-10-04 05:00:00,0.0,0.0,21.96,0.0
2025-10-04 06:00:00,107.88,145.12,22.18,109.65
2025-10-04 07:00:00,332.45,451.4,24.35,336.4
2025-10-04 08:00:00,563.25,627.71,28.36,566.83
2025-10-04 09:00:00,733.35,637.78,31.63,753.55
2025-10-04 10:00:00,871.72,763.7,33.41,875.35
2025-10-04 11:00:00,926.5,794.54,34.59,928.12
2025-10-04 12:00:00,898.3,770.96,35.35,898.4
2025-10-04 13:00:00,791.17,701.55,35.67,791.28
2025-10-04 14:00:00,616.08,602.77,35.49,616.17
2025-10-04 15:00:00,392.73,451.7,34.76,392.85
2025-10-04 16:00:00,159.02,211.47,33.4,159.1
2025-10-04 17:00:00,10.85,0.41,30.12,10.85
2025-10-04 18:00:00,0.0,0.0,27.94,0.0
2025-10-04 19:00:00,0.0,0.0,27.14,0.0
2025-10-04 20:00:00,0.0,0.0,26.18,0.0
2025-10-04 21:00:00,0.0,0.0,25.23,0.0
2025-10-04 22:00:00,0.0,0.0,24.33,0.0
2025-10-04 23:00:00,0.0,0.0,23.57,0.0
2025-10-05 00:00:00,0.0,0.0,22.94,0.0
2025-10-05 01:00:00,0.0,0.0,22.36,0.0
2025-10-05 02:00:00,0.0,0.0,21.87,0.0
2025-10-05 03:00:00,0.0,0.0,21.43,0.0
2025-10-05 04:00:00,0.0,0.0,21.04,0.0
2025-10-05 05:00:00,0.0,0.0,20.65,0.0
2025-10-05 06:00:00,108.57,182.99,20.84,108.7
2025-10-05 07:00:00,333.58,474.62,22.96,333.92
2025-10-05 08:00:00,562.78,649.59,26.94,563.22
2025-10-05 09:00:00,749.5,737.27,29.94,749.97
2025-10-05 10:00:00,872.03,768.31,31.83,872.47
2025-10-05 11:00:00,912.9,726.25,33.25,913.35
2025-10-05 12:00:00,881.55,682.67,34.25,882.08
2025-10-05 13:00:00,769.45,594.78,34.75,770.1
2025-10-05 14:00:00,586.17,468.12,34.71,587.12
2025-10-05 15:00:00,358.27,292.91,34.07,359.02
2025-10-05 16:00:00,137.38,84.46,32.73,137.7
2025-10-05 17:00:00,9.4,0.0,29.33,9.4
2025-10-05 18:00:00,0.0,0.0,27.39,0.0
2025-10-05 19:00:00,0.0,0.0,26.79,0.0
2025-10-05 20:00:00,0.0,0.0,26.03,0.0
2025-10-05 21:00:00,0.0,0.0,25.25,0.0
2025-10-05 22:00:00,0.0,0.0,24.57,0.0
2025-10-05 23:00:00,0.0,0.0,23.96,0.0
2025-10-06 00:00:00,0.0,0.0,23.46,0.0
2025-10-06 01:00:00,0.0,0.0,23.03,0.0
2025-10-06 02:00:00,0.0,0.0,22.66,0.0
2025-10-06 03:00:00,0.0,0.0,22.25,0.0
2025-10-06 04:00:00,0.0,0.0,21.78,0.0
2025-10-06 05:00:00,0.0,0.0,21.19,0.0
2025-10-06 06:00:00,87.18,29.72,21.3,87.57
2025-10-06 07:00:00,283.15,204.08,23.3,284.5
2025-10-06 08:00:00,506.73,366.96,26.32,508.62
2025-10-06 09:00:00,698.95,477.52,29.02,700.88
2025-10-06 10:00:00,830.28,547.41,30.98,831.85
2025-10-06 11:00:00,908.08,702.22,32.44,909.15
2025-10-06 12:00:00,880.58,687.99,33.48,881.12
2025-10-06 13:00:00,775.88,650.02,33.99,775.88
2025-10-06 14:00:00,603.3,570.66,33.91,603.42
2025-10-06 15:00:00,382.08,430.29,33.17,382.27
2025-10-06 16:00:00,151.57,192.44,31.75,151.7
2025-10-06 17:00:00,9.48,0.47,28.4,9.48
2025-10-06 18:00:00,0.0,0.0,26.17,0.0
2025-10-06 19:00:00,0.0,0.0,25.28,0.0
2025-10-06 20:00:00,0.0,0.0,24.42,0.0
2025-10-06 21:00:00,0.0,0.0,23.61,0.0
2025-10-06 22:00:00,0.0,0.0,22.78,0.0
2025-10-06 23:00:00,0.0,0.0,21.99,0.0
2025-10-07 00:00:00,0.0,0.0,21.29,0.0
2025-10-07 01:00:00,0.0,0.0,20.67,0.0
2025-10-07 02:00:00,0.0,0.0,20.12,0.0
2025-10-07 03:00:00,0.0,0.0,19.64,0.0
2025-10-07 04:00:00,0.0,0.0,19.18,0.0
2025-10-07 05:00:00,0.0,0.0,18.75,0.0
2025-10-07 06:00:00,112.4,242.21,19.57,113.07
2025-10-07 07:00:00,338.52,550.2,22.15,339.75
2025-10-07 08:00:00,565.08,708.85,25.91,566.17
2025-10-07 09:00:00,749.53,795.31,28.99,750.33
2025-10-07 10:00:00,871.92,837.95,31.13,872.5
2025-10-07 11:00:00,908.05,783.15,32.83,908.53
2025-10-07 12:00:00,880.45,775.63,34.01,880.78
2025-10-07 13:00:00,777.5,743.58,34.7,777.83
2025-10-07 14:00:00,608.0,680.57,34.81,608.35
2025-10-07 15:00:00,389.23,545.29,34.27,389.52
2025-10-07 16:00:00,156.6,304.72,32.93,156.75
2025-10-07 17:00:00,9.07,3.57,28.87,9.07
2025-10-07 18:00:00,0.0,0.0,26.75,0.0
2025-10-07 19:00:00,0.0,0.0,25.93,0.0
2025-10-07 20:00:00,0.0,0.0,25.14,0.0
2025-10-07 21:00:00,0.0,0.0,24.44,0.0
2025-10-07 22:00:00,0.0,0.0,23.82,0.0
2025-10-07 23:00:00,0.0,0.0,23.26,0.0
2025-10-08 00:00:00,0.0,0.0,22.7,0.0
2025-10-08 01:00:00,0.0,0.0,22.13,0.0
2025-10-08 02:00:00,0.0,0.0,21.51,0.0
2025-10-08 03:00:00,0.0,0.0,20.88,0.0
2025-10-08 04:00:00,0.0,0.0,20.25,0.0
2025-10-08 05:00:00,0.0,0.0,19.61,0.0
2025-10-08 06:00:00,111.47,273.73,20.33,111.7
2025-10-08 07:00:00,340.55,583.39,23.14,341.08
2025-10-08 08:00:00,567.95,735.79,26.68,568.53
2025-10-08 09:00:00,751.4,822.82,30.48,751.85
2025-10-08 10:00:00,872.42,865.38,32.84,872.67
2025-10-08 11:00:00,908.88,812.83,34.55,909.0
2025-10-08 12:00:00,878.88,798.48,35.77,878.92
2025-10-08 13:00:00,773.58,753.47,36.4,773.72
2025-10-08 14:00:00,602.17,677.15,36.46,602.4
2025-10-08 15:00:00,382.65,528.66,35.95,382.98
2025-10-08 16:00:00,150.68,268.99,34.65,150.88
2025-10-08 17:00:00,8.27,1.65,30.42,8.27
2025-10-08 18:00:00,0.0,0.0,28.56,0.0
2025-10-08 19:00:00,0.0,0.0,27.81,0.0
2025-10-08 20:00:00,0.0,0.0,27.07,0.0
2025-10-08 21:00:00,0.0,0.0,26.25,0.0
2025-10-08 22:00:00,0.0,0.0,25.44,0.0
2025-10-08 23:00:00,0.0,0.0,24.74,0.0
2025-10-09 00:00:00,0.0,0.0,24.09,0.0
2025-10-09 01:00:00,0.0,0.0,23.49,0.0
2025-10-09 02:00:00,0.0,0.0,22.93,0.0
2025-10-09 03:00:00,0.0,0.0,22.38,0.0
2025-10-09 04:00:00,0.0,0.0,21.85,0.0
2025-10-09 05:00:00,0.0,0.0,21.35,0.0
2025-10-09 06:00:00,97.6,120.01,21.64,97.93
2025-10-09 07:00:00,313.48,400.15,23.71,314.45
2025-10-09 08:00:00,536.35,561.34,27.28,537.55
2025-10-09 09:00:00,718.92,647.71,30.63,720.03
2025-10-09 10:00:00,839.97,680.08,33.15,840.83
2025-10-09 11:00:00,899.67,770.0,34.69,900.17
2025-10-09 12:00:00,868.33,742.16,35.62,868.38
2025-10-09 13:00:00,761.7,687.9,36.02,761.92
2025-10-09 14:00:00,589.58,604.04,35.85,590.0
2025-10-09 15:00:00,370.65,453.79,35.16,371.2
2025-10-09 16:00:00,142.3,197.46,33.79,142.6
2025-10-09 17:00:00,7.4,0.0,30.26,7.43
2025-10-09 18:00:00,0.0,0.0,28.43,0.0
2025-10-09 19:00:00,0.0,0.0,27.53,0.0
2025-10-09 20:00:00,0.0,0.0,26.33,0.0
2025-10-09 21:00:00,0.0,0.0,25.21,0.0
2025-10-09 22:00:00,0.0,0.0,24.24,0.0
2025-10-09 23:00:00,0.0,0.0,23.39,0.0
2025-10-10 00:00:00,0.0,0.0,22.63,0.0
2025-10-10 01:00:00,0.0,0.0,22.07,0.0
2025-10-10 02:00:00,0.0,0.0,21.48,0.0
2025-10-10 03:00:00,0.0,0.0,20.92,0.0
2025-10-10 04:00:00,0.0,0.0,20.39,0.0
2025-10-10 05:00:00,0.0,0.0,19.86,0.0
2025-10-10 06:00:00,101.2,157.31,19.96,101.85
2025-10-10 07:00:00,327.55,477.59,21.94,329.55
2025-10-10 08:00:00,555.88,656.65,25.58,558.78
2025-10-10 09:00:00,742.0,746.43,28.86,745.3
2025-10-10 10:00:00,865.1,802.22,30.98,868.42
2025-10-10 11:00:00,909.72,792.32,32.61,912.85
2025-10-10 12:00:00,880.95,787.92,33.84,883.75
2025-10-10 13:00:00,776.72,745.0,34.57,779.03
2025-10-10 14:00:00,605.75,671.38,34.7,607.45
2025-10-10 15:00:00,385.0,531.92,34.24,386.05
2025-10-10 16:00:00,148.9,261.12,32.96,149.27
2025-10-10 17:00:00,7.18,0.57,28.62,7.18
2025-10-10 18:00:00,0.0,0.0,26.7,0.0
2025-10-10 19:00:00,0.0,0.0,25.93,0.0
2025-10-10 20:00:00,0.0,0.0,24.95,0.0
2025-10-10 21:00:00,0.0,0.0,23.88,0.0
2025-10-10 22:00:00,0.0,0.0,22.94,0.0
2025-10-10 23:00:00,0.0,0.0,22.04,0.0
2025-10-11 00:00:00,0.0,0.0,21.2,0.0
2025-10-11 01:00:00,0.0,0.0,20.39,0.0
2025-10-11 02:00:00,0.0,0.0,19.65,0.0
2025-10-11 03:00:00,0.0,0.0,18.99,0.0
2025-10-11 04:00:00,0.0,0.0,18.38,0.0
2025-10-11 05:00:00,0.0,0.0,17.86,0.0
2025-10-11 06:00:00,105.07,202.97,18.02,106.32
2025-10-11 07:00:00,336.17,537.75,20.1,339.42
2025-10-11 08:00:00,563.75,731.9,23.41,568.05
2025-10-11 09:00:00,748.7,808.25,26.85,753.05
2025-10-11 10:00:00,870.7,848.98,29.38,874.65
2025-10-11 11:00:00,911.1,811.49,31.43,914.35
2025-10-11 12:00:00,882.22,808.88,32.89,884.7
2025-10-11 13:00:00,778.15,766.18,33.71,779.03
2025-10-11 14:00:00,605.33,691.03,33.87,606.5
2025-10-11 15:00:00,383.42,551.98,33.25,384.67
2025-10-11 16:00:00,146.3,275.74,31.72,146.88
2025-10-11 17:00:00,6.72,1.23,27.77,6.75
2025-10-11 18:00:00,0.0,0.0,25.74,0.0
2025-10-11 19:00:00,0.0,0.0,24.67,0.0
2025-10-11 20:00:00,0.0,0.0,23.51,0.0
2025-10-11 21:00:00,0.0,0.0,22.48,0.0
2025-10-11 22:00:00,0.0,0.0,21.56,0.0
2025-10-11 23:00:00,0.0,0.0,20.73,0.0
2025-10-12 00:00:00,0.0,0.0,19.95,0.0
2025-10-12 01:00:00,0.0,0.0,19.24,0.0
2025-10-12 02:00:00,0.0,0.0,18.59,0.0
2025-10-12 03:00:00,0.0,0.0,18.02,0.0
2025-10-12 04:00:00,0.0,0.0,17.51,0.0
2025-10-12 05:00:00,0.0,0.0,17.07,0.0
2025-10-12 06:00:00,99.47,171.32,17.68,99.55
2025-10-12 07:00:00,324.45,479.14,19.97,324.77
2025-10-12 08:00:00,552.1,641.44,23.73,552.62
2025-10-12 09:00:00,736.65,727.68,27.1,737.28
2025-10-12 10:00:00,857.85,768.9,29.29,858.58
2025-10-12 11:00:00,906.55,792.74,31.07,907.35
2025-10-12 12:00:00,874.1,777.4,32.43,874.97
2025-10-12 13:00:00,765.4,731.69,33.28,765.92
2025-10-12 14:00:00,589.38,641.7,33.49,590.17
2025-10-12 15:00:00,365.48,475.98,33.0,366.4
2025-10-12 16:00:00,134.05,197.81,31.63,134.52
2025-10-12 17:00:00,5.85,0.0,27.62,5.85
2025-10-12 18:00:00,0.0,0.0,25.77,0.0
2025-10-12 19:00:00,0.0,0.0,24.99,0.0
2025-10-12 20:00:00,0.0,0.0,24.12,0.0
2025-10-12 21:00:00,0.0,0.0,23.26,0.0
2025-10-12 22:00:00,0.0,0.0,22.49,0.0
2025-10-12 23:00:00,0.0,0.0,21.73,0.0
2025-10-13 00:00:00,0.0,0.0,21.0,0.0
2025-10-13 01:00:00,0.0,0.0,20.29,0.0
2025-10-13 02:00:00,0.0,0.0,19.61,0.0
2025-10-13 03:00:00,0.0,0.0,18.95,0.0
2025-10-13 04:00:00,0.0,0.0,18.37,0.0
2025-10-13 05:00:00,0.0,0.0,17.9,0.0
2025-10-13 06:00:00,93.15,138.25,18.24,93.65
2025-10-13 07:00:00,312.55,446.42,20.36,313.98
2025-10-13 08:00:00,537.97,626.34,23.82,539.45
2025-10-13 09:00:00,721.25,718.93,27.72,722.3
2025-10-13 10:00:00,841.8,769.34,30.42,842.38
2025-10-13 11:00:00,885.72,773.25,32.15,885.97
2025-10-13 12:00:00,854.33,767.08,33.43,854.38
2025-10-13 13:00:00,746.7,719.66,34.33,746.95
2025-10-13 14:00:00,573.03,630.88,34.66,573.55
2025-10-13 15:00:00,352.77,465.18,34.36,353.48
2025-10-13 16:00:00,127.05,196.36,33.12,127.43
2025-10-13 17:00:00,5.18,0.0,28.89,5.18
2025-10-13 18:00:00,0.0,0.0,27.15,0.0
2025-10-13 19:00:00,0.0,0.0,26.34,0.0
2025-10-13 20:00:00,0.0,0.0,25.07,0.0
2025-10-13 21:00:00,0.0,0.0,23.75,0.0
2025-10-13 22:00:00,0.0,0.0,22.7,0.0
2025-10-13 23:00:00,0.0,0.0,21.9,0.0
2025-10-14 00:00:00,0.0,0.0,21.25,0.0
2025-10-14 01:00:00,0.0,0.0,20.67,0.0
2025-10-14 02:00:00,0.0,0.0,20.1,0.0
2025-10-14 03:00:00,0.0,0.0,19.61,0.0
2025-10-14 04:00:00,0.0,0.0,19.22,0.0
2025-10-14 05:00:00,0.0,0.0,18.88,0.0
2025-10-14 06:00:00,89.97,142.29,19.49,90.55
2025-10-14 07:00:00,306.42,446.95,21.89,308.12
2025-10-14 08:00:00,528.28,620.19,25.09,530.2
2025-10-14 09:00:00,709.25,712.45,29.26,710.75
2025-10-14 10:00:00,827.78,758.74,31.92,828.72
2025-10-14 11:00:00,856.65,693.59,33.79,857.1
2025-10-14 12:00:00,823.85,677.59,35.06,824.05
2025-10-14 13:00:00,713.83,616.52,35.75,714.17
2025-10-14 14:00:00,538.47,512.78,35.86,538.72
2025-10-14 15:00:00,322.08,341.41,35.47,322.25
2025-10-14 16:00:00,110.78,109.91,34.16,110.82
2025-10-14 17:00:00,4.32,0.0,30.21,4.32
2025-10-14 18:00:00,0.0,0.0,28.77,0.0
2025-10-14 19:00:00,0.0,0.0,27.72,0.0
2025-10-14 20:00:00,0.0,0.0,26.17,0.0
2025-10-14 21:00:00,0.0,0.0,24.87,0.0
2025-10-14 22:00:00,0.0,0.0,23.89,0.0
2025-10-14 23:00:00,0.0,0.0,23.06,0.0
2025-10-15 00:00:00,0.0,0.0,22.32,0.0
2025-10-15 01:00:00,0.0,0.0,21.69,0.0
2025-10-15 02:00:00,0.0,0.0,21.14,0.0
2025-10-15 03:00:00,0.0,0.0,20.66,0.0
2025-10-15 04:00:00,0.0,0.0,20.21,0.0
2025-10-15 05:00:00,0.0,0.0,19.8,0.0
2025-10-15 06:00:00,81.57,101.26,19.9,81.82
2025-10-15 07:00:00,286.95,378.95,21.65,287.75
2025-10-15 08:00:00,504.83,556.2,25.06,505.83
2025-10-15 09:00:00,684.03,653.26,28.86,684.95
2025-10-15 10:00:00,801.8,696.45,31.4,802.5
2025-10-15 11:00:00,834.28,648.51,33.19,834.85
2025-10-15 12:00:00,800.2,618.71,34.54,800.75
2025-10-15 13:00:00,690.95,565.18,35.35,691.2
2025-10-15 14:00:00,516.45,452.27,35.61,517.03
2025-10-15 15:00:00,305.33,291.28,35.33,305.98
2025-10-15 16:00:00,104.35,86.15,34.06,104.65
2025-10-15 17:00:00,3.9,0.0,30.29,3.9
2025-10-15 18:00:00,0.0,0.0,28.99,0.0
2025-10-15 19:00:00,0.0,0.0,28.42,0.0
2025-10-15 20:00:00,0.0,0.0,27.22,0.0
2025-10-15 21:00:00,0.0,0.0,25.84,0.0
2025-10-15 22:00:00,0.0,0.0,24.67,0.0
2025-10-15 23:00:00,0.0,0.0,23.71,0.0
2025-10-16 00:00:00,0.0,0.0,22.91,0.0
2025-10-16 01:00:00,0.0,0.0,22.21,0.0
2025-10-16 02:00:00,0.0,0.0,21.6,0.0
2025-10-16 03:00:00,0.0,0.0,21.02,0.0
2025-10-16 04:00:00,0.0,0.0,20.54,0.0
2025-10-16 05:00:00,0.0,0.0,20.15,0.0
2025-10-16 06:00:00,83.53,117.44,20.49,83.72
2025-10-16 07:00:00,293.98,421.76,22.36,294.67
2025-10-16 08:00:00,514.5,590.44,25.53,515.3
2025-10-16 09:00:00,694.85,692.99,29.12,695.53
2025-10-16 10:00:00,813.12,743.93,31.8,813.58
2025-10-16 11:00:00,846.7,709.66,33.82,846.95
2025-10-16 12:00:00,813.6,690.55,35.4,813.72
2025-10-16 13:00:00,701.5,624.13,36.37,701.5
2025-10-16 14:00:00,519.4,490.21,36.66,519.45
2025-10-16 15:00:00,300.1,303.17,36.4,300.17
2025-10-16 16:00:00,102.03,105.1,34.99,102.07
2025-10-16 17:00:00,3.58,0.0,30.95,3.58
2025-10-16 18:00:00,0.0,0.0,29.1,0.0
2025-10-16 19:00:00,0.0,0.0,28.32,0.0
2025-10-16 20:00:00,0.0,0.0,27.47,0.0
2025-10-16 21:00:00,0.0,0.0,26.38,0.0
2025-10-16 22:00:00,0.0,0.0,25.12,0.0
2025-10-16 23:00:00,0.0,0.0,23.99,0.0
2025-10-17 00:00:00,0.0,0.0,23.13,0.0
2025-10-17 01:00:00,0.0,0.0,22.45,0.0
2025-10-17 02:00:00,0.0,0.0,21.91,0.0
2025-10-17 03:00:00,0.0,0.0,21.43,0.0
2025-10-17 04:00:00,0.0,0.0,20.98,0.0
2025-10-17 05:00:00,0.0,0.0,20.54,0.0
2025-10-17 06:00:00,82.32,111.58,20.85,82.5
2025-10-17 07:00:00,292.83,407.5,22.85,293.35
2025-10-17 08:00:00,512.78,568.71,25.96,513.5
2025-10-17 09:00:00,693.83,673.95,29.7,694.5
2025-10-17 10:00:00,813.38,720.52,32.48,813.92
2025-10-17 11:00:00,843.38,665.36,34.66,843.83
2025-10-17 12:00:00,813.15,659.68,36.38,813.5
2025-10-17 13:00:00,706.95,621.52,37.36,707.17
2025-10-17 14:00:00,536.2,530.7,37.65,536.53
2025-10-17 15:00:00,321.75,387.01,37.33,322.1
2025-10-17 16:00:00,108.78,139.22,35.76,108.93
2025-10-17 17:00:00,3.42,0.0,31.69,3.42
2025-10-17 18:00:00,0.0,0.0,29.49,0.0
2025-10-17 19:00:00,0.0,0.0,28.8,0.0
2025-10-17 20:00:00,0.0,0.0,27.8,0.0
2025-10-17 21:00:00,0.0,0.0,26.36,0.0
2025-10-17 22:00:00,0.0,0.0,25.04,0.0
2025-10-17 23:00:00,0.0,0.0,23.94,0.0
2025-10-18 00:00:00,0.0,0.0,23.16,0.0
2025-10-18 01:00:00,0.0,0.0,22.7,0.0
2025-10-18 02:00:00,0.0,0.0,22.4,0.0
2025-10-18 03:00:00,0.0,0.0,22.17,0.0
2025-10-18 04:00:00,0.0,0.0,21.92,0.0
2025-10-18 05:00:00,0.0,0.0,21.68,0.0
2025-10-18 06:00:00,79.82,103.09,22.03,79.97
2025-10-18 07:00:00,288.0,400.24,24.2,288.45
2025-10-18 08:00:00,506.3,562.85,27.07,506.83
2025-10-18 09:00:00,686.33,662.51,30.61,686.72
2025-10-18 10:00:00,805.17,709.83,33.62,805.42
2025-10-18 11:00:00,842.4,687.1,36.11,842.53
2025-10-18 12:00:00,811.38,677.97,37.58,811.42
2025-10-18 13:00:00,697.53,625.41,38.15,703.47
2025-10-18 14:00:00,523.5,508.98,38.09,531.5
2025-10-18 15:00:00,309.35,339.01,37.49,316.27
2025-10-18 16:00:00,110.07,109.78,35.62,111.85
2025-10-18 17:00:00,0.0,0.0,31.52,0.0
2025-10-18 18:00:00,0.0,0.0,30.48,0.0
2025-10-18 19:00:00,0.0,0.0,29.73,0.0
2025-10-18 20:00:00,0.0,0.0,28.4,0.0
2025-10-18 21:00:00,0.0,0.0,27.18,0.0
2025-10-18 22:00:00,0.0,0.0,26.14,0.0
2025-10-18 23:00:00,0.0,0.0,25.09,0.0
2025-10-19 00:00:00,0.0,0.0,24.18,0.0
2025-10-19 01:00:00,0.0,0.0,23.46,0.0
2025-10-19 02:00:00,0.0,0.0,22.85,0.0
2025-10-19 03:00:00,0.0,0.0,22.3,0.0
2025-10-19 04:00:00,0.0,0.0,21.73,0.0
2025-10-19 05:00:00,0.0,0.0,21.21,0.0
2025-10-19 06:00:00,78.9,101.29,21.36,79.1
2025-10-19 07:00:00,288.95,406.21,23.41,289.6
2025-10-19 08:00:00,508.25,572.17,26.25,509.1
2025-10-19 09:00:00,689.35,674.42,29.45,690.17
2025-10-19 10:00:00,808.88,722.92,32.6,809.5
2025-10-19 11:00:00,858.1,754.66,35.1,858.4
2025-10-19 12:00:00,824.69,741.1,36.38,826.21
2025-10-19 13:00:00,714.83,677.65,36.95,719.35
2025-10-19 14:00:00,539.25,578.26,36.97,547.28
2025-10-19 15:00:00,321.6,368.2,36.42,329.92
2025-10-19 16:00:00,113.4,144.49,34.6,116.5
2025-10-19 17:00:00,0.0,0.0,30.32,0.0
2025-10-19 18:00:00,0.0,0.0,28.75,0.0
2025-10-19 19:00:00,0.0,0.0,28.0,0.0
2025-10-19 20:00:00,0.0,0.0,27.19,0.0
2025-10-19 21:00:00,0.0,0.0,26.17,0.0
2025-10-19 22:00:00,0.0,0.0,25.06,0.0
2025-10-19 23:00:00,0.0,0.0,24.05,0.0
2025-10-20 00:00:00,0.0,0.0,23.12,0.0
2025-10-20 01:00:00,0.0,0.0,22.22,0.0
2025-10-20 02:00:00,0.0,0.0,21.42,0.0
2025-10-20 03:00:00,0.0,0.0,20.73,0.0
2025-10-20 04:00:00,0.0,0.0,20.1,0.0
2025-10-20 05:00:00,0.0,0.0,19.46,0.0
2025-10-20 06:00:00,82.0,139.38,19.65,82.4
2025-10-20 07:00:00,293.17,436.36,22.1,294.17
2025-10-20 08:00:00,513.53,595.34,25.01,514.5
2025-10-20 09:00:00,693.78,701.55,28.04,694.5
2025-10-20 10:00:00,812.17,742.92,31.62,812.67
2025-10-20 11:00:00,856.17,755.62,34.45,856.47
2025-10-20 12:00:00,823.55,742.95,35.75,823.65
2025-10-20 13:00:00,715.8,697.06,36.41,716.12
2025-10-20 14:00:00,543.12,611.47,36.45,543.75
2025-10-20 15:00:00,325.7,448.52,35.93,326.48
2025-10-20 16:00:00,113.82,181.33,34.32,114.25
2025-10-20 17:00:00,0.0,0.0,30.7,0.0
2025-10-20 18:00:00,0.0,0.0,28.83,0.0
2025-10-20 19:00:00,0.0,0.0,27.5,0.0
2025-10-20 20:00:00,0.0,0.0,26.52,0.0
2025-10-20 21:00:00,0.0,0.0,25.66,0.0
2025-10-20 22:00:00,0.0,0.0,24.79,0.0
2025-10-20 23:00:00,0.0,0.0,23.88,0.0
2025-10-21 00:00:00,0.0,0.0,22.97,0.0
2025-10-21 01:00:00,0.0,0.0,22.12,0.0
2025-10-21 02:00:00,0.0,0.0,21.4,0.0
2025-10-21 03:00:00,0.0,0.0,20.84,0.0
2025-10-21 04:00:00,0.0,0.0,20.4,0.0
2025-10-21 05:00:00,0.0,0.0,20.04,0.0
2025-10-21 06:00:00,77.3,104.42,20.47,77.35
2025-10-21 07:00:00,290.9,425.9,24.0,291.08
2025-10-21 08:00:00,512.53,595.63,27.0,512.78
2025-10-21 09:00:00,694.08,696.79,30.64,694.35
2025-10-21 10:00:00,812.83,738.11,33.92,813.12
2025-10-21 11:00:00,853.35,739.45,35.76,853.7
2025-10-21 12:00:00,820.4,727.58,36.73,820.75
2025-10-21 13:00:00,712.45,681.17,37.16,712.7
2025-10-21 14:00:00,539.45,596.12,37.14,539.78
2025-10-21 15:00:00,322.38,430.01,36.67,322.7
2025-10-21 16:00:00,109.28,165.4,35.12,109.43
2025-10-21 17:00:00,0.0,0.0,32.37,0.0
2025-10-21 18:00:00,0.0,0.0,30.13,0.0
2025-10-21 19:00:00,0.0,0.0,28.06,0.0
2025-10-21 20:00:00,0.0,0.0,26.67,0.0
2025-10-21 21:00:00,0.0,0.0,25.73,0.0
2025-10-21 22:00:00,0.0,0.0,24.83,0.0
2025-10-21 23:00:00,0.0,0.0,23.95,0.0
2025-10-22 00:00:00,0.0,0.0,23.14,0.0
2025-10-22 01:00:00,0.0,0.0,22.4,0.0
2025-10-22 02:00:00,0.0,0.0,21.77,0.0
2025-10-22 03:00:00,0.0,0.0,21.21,0.0
2025-10-22 04:00:00,0.0,0.0,20.7,0.0
2025-10-22 05:00:00,0.0,0.0,20.2,0.0
2025-10-22 06:00:00,74.28,93.66,20.5,74.47
2025-10-22 07:00:00,282.92,410.15,23.56,283.7
2025-10-22 08:00:00,502.05,576.02,26.57,503.08
2025-10-22 09:00:00,682.6,679.75,30.52,683.58
2025-10-22 10:00:00,801.28,724.22,33.99,802.05
2025-10-22 11:00:00,835.33,693.41,35.91,835.85
2025-10-22 12:00:00,802.92,686.61,36.86,803.17
2025-10-22 13:00:00,694.9,645.49,37.27,694.9
2025-10-22 14:00:00,522.75,552.28,37.28,522.97
2025-10-22 15:00:00,307.85,390.92,36.83,308.15
2025-10-22 16:00:00,101.35,131.91,35.34,101.5
2025-10-22 17:00:00,0.0,0.0,32.18,0.0
2025-10-22 18:00:00,0.0,0.0,29.73,0.0
2025-10-22 19:00:00,0.0,0.0,28.23,0.0
2025-10-22 20:00:00,0.0,0.0,27.36,0.0
2025-10-22 21:00:00,0.0,0.0,26.58,0.0
2025-10-22 22:00:00,0.0,0.0,25.72,0.0
2025-10-22 23:00:00,0.0,0.0,24.75,0.0
2025-10-23 00:00:00,0.0,0.0,23.8,0.0
2025-10-23 01:00:00,0.0,0.0,22.96,0.0
2025-10-23 02:00:00,0.0,0.0,22.18,0.0
2025-10-23 03:00:00,0.0,0.0,21.49,0.0
2025-10-23 04:00:00,0.0,0.0,20.9,0.0
2025-10-23 05:00:00,0.0,0.0,20.38,0.0
2025-10-23 06:00:00,71.3,80.49,20.62,71.5
2025-10-23 07:00:00,278.15,391.71,23.22,278.92
2025-10-23 08:00:00,496.98,560.76,26.09,497.92
2025-10-23 09:00:00,677.45,670.94,30.04,678.3
2025-10-23 10:00:00,796.33,712.88,33.35,796.95
2025-10-23 11:00:00,831.65,687.93,35.36,832.1
2025-10-23 12:00:00,798.58,673.38,36.42,798.85
2025-10-23 13:00:00,689.65,632.13,36.98,690.1
2025-10-23 14:00:00,517.17,529.47,37.07,517.8
2025-10-23 15:00:00,303.33,375.11,36.63,303.95
2025-10-23 16:00:00,98.07,111.85,34.94,98.32
2025-10-23 17:00:00,0.0,0.0,31.56,0.0
2025-10-23 18:00:00,0.0,0.0,29.47,0.0
2025-10-23 19:00:00,0.0,0.0,28.19,0.0
2025-10-23 20:00:00,0.0,0.0,27.2,0.0
2025-10-23 21:00:00,0.0,0.0,26.15,0.0
2025-10-23 22:00:00,0.0,0.0,25.18,0.0
2025-10-23 23:00:00,0.0,0.0,24.3,0.0
2025-10-24 00:00:00,0.0,0.0,23.51,0.0
2025-10-24 01:00:00,0.0,0.0,22.75,0.0
2025-10-24 02:00:00,0.0,0.0,22.03,0.0
2025-10-24 03:00:00,0.0,0.0,21.38,0.0
2025-10-24 04:00:00,0.0,0.0,20.8,0.0
2025-10-24 05:00:00,0.0,0.0,20.26,0.0
2025-10-24 06:00:00,73.15,96.26,20.21,73.25
2025-10-24 07:00:00,286.3,439.54,22.01,286.7
2025-10-24 08:00:00,507.6,611.99,25.2,508.05
2025-10-24 09:00:00,688.62,723.42,29.36,689.03
2025-10-24 10:00:00,807.3,762.0,32.58,807.58
2025-10-24 11:00:00,837.8,707.8,34.22,837.95
2025-10-24 12:00:00,804.97,695.06,35.24,805.05
2025-10-24 13:00:00,696.88,657.31,35.78,697.17
2025-10-24 14:00:00,525.0,560.91,35.77,525.62
2025-10-24 15:00:00,309.92,410.0,35.21,310.62
2025-10-24 16:00:00,99.68,134.75,33.2,100.0
2025-10-24 17:00:00,0.0,0.0,28.88,0.0
2025-10-24 18:00:00,0.0,0.0,27.45,0.0
2025-10-24 19:00:00,0.0,0.0,26.65,0.0
2025-10-24 20:00:00,0.0,0.0,25.68,0.0
2025-10-24 21:00:00,0.0,0.0,24.69,0.0
2025-10-24 22:00:00,0.0,0.0,23.83,0.0
2025-10-24 23:00:00,0.0,0.0,23.01,0.0
2025-10-25 00:00:00,0.0,0.0,22.2,0.0
2025-10-25 01:00:00,0.0,0.0,21.47,0.0
2025-10-25 02:00:00,0.0,0.0,20.81,0.0
2025-10-25 03:00:00,0.0,0.0,20.26,0.0
2025-10-25 04:00:00,0.0,0.0,19.72,0.0
2025-10-25 05:00:00,0.0,0.0,19.2,0.0
2025-10-25 06:00:00,73.55,124.64,19.34,74.3
2025-10-25 07:00:00,284.73,433.63,21.59,287.2
2025-10-25 08:00:00,505.0,607.14,24.86,508.17
2025-10-25 09:00:00,685.85,711.85,28.76,688.62
2025-10-25 10:00:00,804.88,762.13,31.88,806.75
2025-10-25 11:00:00,847.95,766.59,33.73,848.8
2025-10-25 12:00:00,815.22,751.35,34.79,815.33
2025-10-25 13:00:00,706.78,713.93,35.33,706.97
2025-10-25 14:00:00,533.3,617.18,35.37,533.6
2025-10-25 15:00:00,315.3,454.21,34.83,315.6
2025-10-25 16:00:00,99.82,160.18,32.82,99.95
2025-10-25 17:00:00,0.0,0.0,28.3,0.0
2025-10-25 18:00:00,0.0,0.0,26.87,0.0
2025-10-25 19:00:00,0.0,0.0,26.19,0.0
2025-10-25 20:00:00,0.0,0.0,25.48,0.0
2025-10-25 21:00:00,0.0,0.0,24.6,0.0
2025-10-25 22:00:00,0.0,0.0,23.71,0.0
2025-10-25 23:00:00,0.0,0.0,22.89,0.0
2025-10-26 00:00:00,0.0,0.0,22.17,0.0
2025-10-26 01:00:00,0.0,0.0,21.51,0.0
2025-10-26 02:00:00,0.0,0.0,20.92,0.0
2025-10-26 03:00:00,0.0,0.0,20.45,0.0
2025-10-26 04:00:00,0.0,0.0,20.02,0.0
2025-10-26 05:00:00,0.0,0.0,19.48,0.0
2025-10-26 06:00:00,73.78,142.01,19.47,74.88
2025-10-26 07:00:00,289.65,498.59,21.83,293.35
2025-10-26 08:00:00,510.42,654.09,24.96,515.3
2025-10-26 09:00:00,690.88,759.93,28.68,695.7
2025-10-26 10:00:00,809.45,804.86,31.79,813.45
2025-10-26 11:00:00,848.45,788.36,33.48,851.2
2025-10-26 12:00:00,816.62,769.36,34.43,817.97
2025-10-26 13:00:00,710.03,741.68,34.91,710.03
2025-10-26 14:00:00,536.2,645.74,34.87,536.55
2025-10-26 15:00:00,316.92,479.84,34.32,317.4
2025-10-26 16:00:00,98.57,171.28,32.38,98.78
2025-10-26 17:00:00,0.0,0.0,28.06,0.0
2025-10-26 18:00:00,0.0,0.0,26.47,0.0
2025-10-26 19:00:00,0.0,0.0,25.72,0.0
2025-10-26 20:00:00,0.0,0.0,24.99,0.0
2025-10-26 21:00:00,0.0,0.0,24.12,0.0
2025-10-26 22:00:00,0.0,0.0,23.14,0.0
2025-10-26 23:00:00,0.0,0.0,22.2,0.0
2025-10-27 00:00:00,0.0,0.0,21.35,0.0
2025-10-27 01:00:00,0.0,0.0,20.59,0.0
2025-10-27 02:00:00,0.0,0.0,19.94,0.0
2025-10-27 03:00:00,0.0,0.0,19.38,0.0
2025-10-27 04:00:00,0.0,0.0,18.88,0.0
2025-10-27 05:00:00,0.0,0.0,18.43,0.0
2025-10-27 06:00:00,71.12,126.36,18.64,71.55
2025-10-27 07:00:00,287.05,484.68,21.11,288.67
2025-10-27 08:00:00,507.92,656.43,24.21,510.05
2025-10-27 09:00:00,688.03,751.34,28.11,689.97
2025-10-27 10:00:00,806.1,795.44,31.34,807.67
2025-10-27 11:00:00,843.8,781.98,33.16,844.97
2025-10-27 12:00:00,810.38,758.92,34.15,811.25
2025-10-27 13:00:00,701.58,722.81,34.67,702.22
2025-10-27 14:00:00,527.65,620.71,34.75,528.42
2025-10-27 15:00:00,308.98,452.68,34.33,309.7
2025-10-27 16:00:00,92.95,135.21,32.84,93.2
2025-10-27 17:00:00,0.0,0.0,30.07,0.0
2025-10-27 18:00:00,0.0,0.0,27.63,0.0
2025-10-27 19:00:00,0.0,0.0,25.71,0.0
2025-10-27 20:00:00,0.0,0.0,24.42,0.0
2025-10-27 21:00:00,0.0,0.0,23.41,0.0
2025-10-27 22:00:00,0.0,0.0,22.46,0.0
2025-10-27 23:00:00,0.0,0.0,21.59,0.0
2025-10-28 00:00:00,0.0,0.0,20.84,0.0
2025-10-28 01:00:00,0.0,0.0,20.18,0.0
2025-10-28 02:00:00,0.0,0.0,19.6,0.0
2025-10-28 03:00:00,0.0,0.0,19.11,0.0
2025-10-28 04:00:00,0.0,0.0,18.66,0.0
2025-10-28 05:00:00,0.0,0.0,18.18,0.0
2025-10-28 06:00:00,67.25,99.27,18.25,67.28
2025-10-28 07:00:00,277.3,443.95,20.43,277.45
2025-10-28 08:00:00,494.33,606.28,23.61,494.52
2025-10-28 09:00:00,671.38,703.37,28.06,671.58
2025-10-28 10:00:00,787.05,742.57,31.03,787.25
2025-10-28 11:00:00,829.0,753.43,32.75,829.25
2025-10-28 12:00:00,795.33,732.18,33.84,795.58
2025-10-28 13:00:00,686.88,701.29,34.44,687.08
2025-10-28 14:00:00,515.62,601.28,34.51,515.92
2025-10-28 15:00:00,301.17,440.37,34.02,301.5
2025-10-28 16:00:00,89.28,128.55,32.08,89.43
2025-10-28 17:00:00,0.0,0.0,27.96,0.0
2025-10-28 18:00:00,0.0,0.0,26.46,0.0
2025-10-28 19:00:00,0.0,0.0,25.61,0.0
2025-10-28 20:00:00,0.0,0.0,24.75,0.0
2025-10-28 21:00:00,0.0,0.0,23.85,0.0
2025-10-28 22:00:00,0.0,0.0,23.0,0.0
2025-10-28 23:00:00,0.0,0.0,22.23,0.0
2025-10-29 00:00:00,0.0,0.0,21.45,0.0
2025-10-29 01:00:00,0.0,0.0,20.68,0.0
2025-10-29 02:00:00,0.0,0.0,19.99,0.0
2025-10-29 03:00:00,0.0,0.0,19.36,0.0
2025-10-29 04:00:00,0.0,0.0,18.81,0.0
2025-10-29 05:00:00,0.0,0.0,18.33,0.0
2025-10-29 06:00:00,64.62,91.83,18.41,64.78
2025-10-29 07:00:00,271.58,431.94,20.42,272.15
2025-10-29 08:00:00,488.85,605.02,23.49,489.45
2025-10-29 09:00:00,666.53,711.41,27.74,666.97
2025-10-29 10:00:00,782.5,758.62,30.53,782.72
2025-10-29 11:00:00,816.33,729.2,32.19,816.4
2025-10-29 12:00:00,782.17,711.76,33.3,782.17
2025-10-29 13:00:00,673.75,672.66,33.93,673.85
2025-10-29 14:00:00,502.17,567.11,34.01,502.4
2025-10-29 15:00:00,289.05,400.73,33.59,289.38
2025-10-29 16:00:00,83.93,108.51,31.8,84.05
2025-10-29 17:00:00,0.0,0.0,28.36,0.0
2025-10-29 18:00:00,0.0,0.0,26.56,0.0
2025-10-29 19:00:00,0.0,0.0,25.57,0.0
2025-10-29 20:00:00,0.0,0.0,24.77,0.0
2025-10-29 21:00:00,0.0,0.0,23.92,0.0
2025-10-29 22:00:00,0.0,0.0,22.96,0.0
2025-10-29 23:00:00,0.0,0.0,21.98,0.0
2025-10-30 00:00:00,0.0,0.0,21.07,0.0
2025-10-30 01:00:00,0.0,0.0,20.31,0.0
2025-10-30 02:00:00,0.0,0.0,19.7,0.0
2025-10-30 03:00:00,0.0,0.0,19.19,0.0
2025-10-30 04:00:00,0.0,0.0,18.7,0.0
2025-10-30 05:00:00,0.0,0.0,18.2,0.0
2025-10-30 06:00:00,63.5,105.2,18.24,63.83
2025-10-30 07:00:00,270.73,448.74,20.59,272.0
2025-10-30 08:00:00,486.17,630.0,23.32,487.83
2025-10-30 09:00:00,662.55,727.27,26.35,664.03
2025-10-30 10:00:00,777.92,773.84,29.19,779.0
2025-10-30 11:00:00,814.0,754.48,32.17,814.53
2025-10-30 12:00:00,780.65,738.99,33.66,780.65
2025-10-30 13:00:00,673.22,696.88,34.36,673.53
2025-10-30 14:00:00,502.42,599.01,34.49,502.98
2025-10-30 15:00:00,289.58,432.13,34.04,290.12
2025-10-30 16:00:00,82.3,120.21,32.0,82.45
2025-10-30 17:00:00,0.0,0.0,27.9,0.0
2025-10-30 18:00:00,0.0,0.0,26.74,0.0
2025-10-30 19:00:00,0.0,0.0,26.07,0.0
2025-10-30 20:00:00,0.0,0.0,24.95,0.0
2025-10-30 21:00:00,0.0,0.0,23.8,0.0
2025-10-30 22:00:00,0.0,0.0,23.04,0.0
2025-10-30 23:00:00,0.0,0.0,22.47,0.0
2025-10-31 00:00:00,0.0,0.0,21.8,0.0
2025-10-31 01:00:00,0.0,0.0,21.12,0.0
2025-10-31 02:00:00,0.0,0.0,20.52,0.0
2025-10-31 03:00:00,0.0,0.0,19.86,0.0
2025-10-31 04:00:00,0.0,0.0,19.24,0.0
2025-10-31 05:00:00,0.0,0.0,18.61,0.0
2025-10-31 06:00:00,59.62,85.07,18.66,60.28
2025-10-31 07:00:00,262.17,423.56,20.61,264.4
2025-10-31 08:00:00,477.2,610.41,23.52,478.92
2025-10-31 09:00:00,654.95,719.1,27.14,655.4
2025-10-31 10:00:00,766.1,756.06,30.26,770.35
2025-10-31 11:00:00,784.78,646.31,32.57,789.38
2025-10-31 12:00:00,731.53,613.75,33.74,754.15
2025-10-31 13:00:00,609.83,589.75,34.33,647.8
2025-10-31 14:00:00,458.58,471.08,34.37,479.95
2025-10-31 15:00:00,255.68,318.51,33.91,272.38
2025-10-31 16:00:00,70.88,64.02,31.96,74.8
2025-10-31 17:00:00,0.0,0.0,28.1,0.0
2025-10-31 18:00:00,0.0,0.0,26.74,0.0
2025-10-31 19:00:00,0.0,0.0,25.93,0.0
2025-10-31 20:00:00,0.0,0.0,24.91,0.0
2025-10-31 21:00:00,0.0,0.0,23.85,0.0
2025-10-31 22:00:00,0.0,0.0,22.98,0.0
2025-10-31 23:00:00,0.0,0.0,22.25,0.0
2025-11-01 00:00:00,0.0,0.0,21.51,0.0
2025-11-01 01:00:00,0.0,0.0,20.73,0.0
2025-11-01 02:00:00,0.0,0.0,19.98,0.0
2025-11-01 03:00:00,0.0,0.0,19.34,0.0
2025-11-01 04:00:00,0.0,0.0,18.7,0.0
2025-11-01 05:00:00,0.0,0.0,18.2,0.0
2025-11-01 06:00:00,57.2,84.06,18.33,57.22
2025-11-01 07:00:00,255.23,409.85,20.76,255.38
2025-11-01 08:00:00,467.35,585.01,23.64,467.52
2025-11-01 09:00:00,641.7,684.22,27.52,641.88
2025-11-01 10:00:00,756.0,737.59,30.96,756.15
2025-11-01 11:00:00,785.22,690.97,32.93,785.35
2025-11-01 12:00:00,750.08,674.11,34.12,750.2
2025-11-01 13:00:00,642.33,625.57,34.7,642.45
2025-11-01 14:00:00,471.35,513.92,34.82,473.05
2025-11-01 15:00:00,263.67,338.38,34.46,265.52
2025-11-01 16:00:00,72.2,81.94,33.14,72.68
2025-11-01 17:00:00,0.0,0.0,30.49,0.0
2025-11-01 18:00:00,0.0,0.0,28.09,0.0
2025-11-01 19:00:00,0.0,0.0,26.74,0.0
2025-11-01 20:00:00,0.0,0.0,25.95,0.0
2025-11-01 21:00:00,0.0,0.0,25.06,0.0
2025-11-01 22:00:00,0.0,0.0,24.04,0.0
2025-11-01 23:00:00,0.0,0.0,23.0,0.0
2025-11-02 00:00:00,0.0,0.0,22.1,0.0
2025-11-02 01:00:00,0.0,0.0,21.38,0.0
2025-11-02 02:00:00,0.0,0.0,20.79,0.0
2025-11-02 03:00:00,0.0,0.0,20.4,0.0
2025-11-02 04:00:00,0.0,0.0,20.22,0.0
2025-11-02 05:00:00,0.0,0.0,20.19,0.0
2025-11-02 06:00:00,42.65,8.02,20.53,52.08
2025-11-02 07:00:00,162.1,44.01,23.2,243.45
2025-11-02 08:00:00,291.98,126.61,25.71,450.55
2025-11-02 09:00:00,434.1,205.72,28.84,621.25
2025-11-02 10:00:00,514.6,314.95,32.12,734.35
2025-11-02 11:00:00,600.08,298.5,34.3,758.67
2025-11-02 12:00:00,600.97,324.36,35.67,725.28
2025-11-02 13:00:00,469.02,389.03,36.48,618.72
2025-11-02 14:00:00,356.12,268.63,36.7,451.27
2025-11-02 15:00:00,204.05,167.03,36.24,248.77
2025-11-02 16:00:00,59.67,27.6,33.85,65.15
2025-11-02 17:00:00,0.0,0.0,30.98,0.0
2025-11-02 18:00:00,0.0,0.0,30.72,0.0
2025-11-02 19:00:00,0.0,0.0,30.02,0.0
2025-11-02 20:00:00,0.0,0.0,28.72,0.0
2025-11-02 21:00:00,0.0,0.0,27.28,0.0
2025-11-02 22:00:00,0.0,0.0,26.0,0.0
2025-11-02 23:00:00,0.0,0.0,24.93,0.0
2025-11-03 00:00:00,0.0,0.0,24.06,0.0
2025-11-03 01:00:00,0.0,0.0,23.22,0.0
2025-11-03 02:00:00,0.0,0.0,22.56,0.0
2025-11-03 03:00:00,0.0,0.0,22.1,0.0
2025-11-03 04:00:00,0.0,0.0,21.64,0.0
2025-11-03 05:00:00,0.0,0.0,21.12,0.0
2025-11-03 06:00:00,51.4,40.22,21.03,52.45
2025-11-03 07:00:00,237.6,311.48,23.27,247.32
2025-11-03 08:00:00,443.73,502.25,26.08,459.25
2025-11-03 09:00:00,611.22,573.72,29.6,634.28
2025-11-03 10:00:00,728.4,620.55,32.8,749.12
2025-11-03 11:00:00,758.83,559.75,34.89,768.47
2025-11-03 12:00:00,713.25,563.71,35.99,736.35
2025-11-03 13:00:00,611.6,496.92,36.41,629.3
2025-11-03 14:00:00,447.27,429.68,36.22,460.73
2025-11-03 15:00:00,247.6,272.0,35.48,254.88
2025-11-03 16:00:00,64.1,40.95,33.1,65.4
2025-11-03 17:00:00,0.0,0.0,29.16,0.0
2025-11-03 18:00:00,0.0,0.0,27.87,0.0
2025-11-03 19:00:00,0.0,0.0,26.88,0.0
2025-11-03 20:00:00,0.0,0.0,25.89,0.0
2025-11-03 21:00:00,0.0,0.0,24.97,0.0
2025-11-03 22:00:00,0.0,0.0,24.1,0.0
2025-11-03 23:00:00,0.0,0.0,23.3,0.0
2025-11-04 00:00:00,0.0,0.0,22.69,0.0
2025-11-04 01:00:00,0.0,0.0,22.29,0.0
2025-11-04 02:00:00,0.0,0.0,21.94,0.0
2025-11-04 03:00:00,0.0,0.0,21.6,0.0
2025-11-04 04:00:00,0.0,0.0,21.46,0.0
2025-11-04 05:00:00,0.0,0.0,21.17,0.0
2025-11-04 06:00:00,50.28,46.87,20.89,50.33
2025-11-04 07:00:00,242.95,340.39,22.97,243.35
2025-11-04 08:00:00,452.9,515.59,25.29,453.42
2025-11-04 09:00:00,627.47,612.36,28.73,628.0
2025-11-04 10:00:00,742.25,667.47,31.68,742.67
2025-11-04 11:00:00,792.53,711.8,33.32,792.85
2025-11-04 12:00:00,758.55,701.48,34.36,758.78
2025-11-04 13:00:00,650.72,648.31,34.91,651.1
2025-11-04 14:00:00,480.0,539.65,34.97,480.5
2025-11-04 15:00:00,269.02,367.88,34.56,269.5
2025-11-04 16:00:00,68.45,67.27,32.67,68.55
2025-11-04 17:00:00,0.0,0.0,29.19,0.0
2025-11-04 18:00:00,0.0,0.0,27.12,0.0
2025-11-04 19:00:00,0.0,0.0,25.9,0.0
2025-11-04 20:00:00,0.0,0.0,24.96,0.0
2025-11-04 21:00:00,0.0,0.0,24.18,0.0
2025-11-04 22:00:00,0.0,0.0,23.42,0.0
2025-11-04 23:00:00,0.0,0.0,22.49,0.0
2025-11-05 00:00:00,0.0,0.0,21.71,0.0
2025-11-05 01:00:00,0.0,0.0,21.07,0.0
2025-11-05 02:00:00,0.0,0.0,20.49,0.0
2025-11-05 03:00:00,0.0,0.0,19.97,0.0
2025-11-05 04:00:00,0.0,0.0,19.51,0.0
2025-11-05 05:00:00,0.0,0.0,19.1,0.0
2025-11-05 06:00:00,47.55,30.32,19.12,47.62
2025-11-05 07:00:00,235.23,289.74,22.22,235.93
2025-11-05 08:00:00,445.52,478.81,24.71,446.48
2025-11-05 09:00:00,623.28,589.25,28.85,624.15
2025-11-05 10:00:00,740.5,648.75,32.28,741.15
2025-11-05 11:00:00,792.45,705.88,33.73,792.85
2025-11-05 12:00:00,759.9,700.78,34.54,760.1
2025-11-05 13:00:00,653.15,650.34,34.78,653.65
2025-11-05 14:00:00,482.83,553.07,34.43,483.6
2025-11-05 15:00:00,271.25,379.38,33.54,272.05
2025-11-05 16:00:00,68.35,74.08,31.16,68.57
2025-11-05 17:00:00,0.0,0.0,27.25,0.0
2025-11-05 18:00:00,0.0,0.0,26.14,0.0
2025-11-05 19:00:00,0.0,0.0,25.36,0.0
2025-11-05 20:00:00,0.0,0.0,24.49,0.0
2025-11-05 21:00:00,0.0,0.0,23.65,0.0
2025-11-05 22:00:00,0.0,0.0,22.87,0.0
2025-11-05 23:00:00,0.0,0.0,22.14,0.0
2025-11-06 00:00:00,0.0,0.0,21.41,0.0
2025-11-06 01:00:00,0.0,0.0,20.69,0.0
2025-11-06 02:00:00,0.0,0.0,19.96,0.0
2025-11-06 03:00:00,0.0,0.0,19.23,0.0
2025-11-06 04:00:00,0.0,0.0,18.56,0.0
2025-11-06 05:00:00,0.0,0.0,17.93,0.0
2025-11-06 06:00:00,48.47,44.39,17.74,48.78
2025-11-06 07:00:00,239.05,341.46,19.31,240.8
2025-11-06 08:00:00,449.62,532.61,22.3,452.17
2025-11-06 09:00:00,624.47,637.56,26.08,627.03
2025-11-06 10:00:00,739.38,688.9,29.01,741.42
2025-11-06 11:00:00,771.97,651.64,30.82,773.38
2025-11-06 12:00:00,737.97,635.84,32.0,738.65
2025-11-06 13:00:00,629.9,572.78,32.63,629.9
2025-11-06 14:00:00,458.27,460.62,32.6,458.52
2025-11-06 15:00:00,251.98,292.3,31.92,252.27
2025-11-06 16:00:00,62.92,40.31,29.91,63.03
2025-11-06 17:00:00,0.0,0.0,26.26,0.0
2025-11-06 18:00:00,0.0,0.0,25.11,0.0
2025-11-06 19:00:00,0.0,0.0,24.14,0.0
2025-11-06 20:00:00,0.0,0.0,23.09,0.0
2025-11-06 21:00:00,0.0,0.0,22.22,0.0
2025-11-06 22:00:00,0.0,0.0,21.45,0.0
2025-11-06 23:00:00,0.0,0.0,20.72,0.0
2025-11-07 00:00:00,0.0,0.0,20.01,0.0
2025-11-07 01:00:00,0.0,0.0,19.39,0.0
2025-11-07 02:00:00,0.0,0.0,18.82,0.0
2025-11-07 03:00:00,0.0,0.0,18.31,0.0
2025-11-07 04:00:00,0.0,0.0,17.88,0.0
2025-11-07 05:00:00,0.0,0.0,17.51,0.0
2025-11-07 06:00:00,49.15,67.83,17.49,49.33
2025-11-07 07:00:00,250.23,435.38,19.09,251.12
2025-11-07 08:00:00,464.33,625.87,22.2,465.45
2025-11-07 09:00:00,639.45,738.77,25.86,640.38
2025-11-07 10:00:00,753.55,796.99,28.23,754.15
2025-11-07 11:00:00,771.0,667.99,29.76,771.33
2025-11-07 12:00:00,737.58,657.51,30.76,737.72
2025-11-07 13:00:00,631.45,608.13,31.31,631.47
2025-11-07 14:00:00,464.2,512.7,31.39,464.38
2025-11-07 15:00:00,258.12,346.88,30.9,258.35
2025-11-07 16:00:00,62.85,56.5,29.12,62.92
2025-11-07 17:00:00,0.0,0.0,25.59,0.0
2025-11-07 18:00:00,0.0,0.0,24.47,0.0
2025-11-07 19:00:00,0.0,0.0,23.84,0.0
2025-11-07 20:00:00,0.0,0.0,23.04,0.0
2025-11-07 21:00:00,0.0,0.0,22.05,0.0
2025-11-07 22:00:00,0.0,0.0,21.19,0.0
2025-11-07 23:00:00,0.0,0.0,20.45,0.0
2025-11-08 00:00:00,0.0,0.0,19.88,0.0
2025-11-08 01:00:00,0.0,0.0,19.45,0.0
2025-11-08 02:00:00,0.0,0.0,19.08,0.0
2025-11-08 03:00:00,0.0,0.0,18.65,0.0
2025-11-08 04:00:00,0.0,0.0,18.23,0.0
2025-11-08 05:00:00,0.0,0.0,17.86,0.0
2025-11-08 06:00:00,45.2,46.04,17.81,46.15
2025-11-08 07:00:00,237.18,357.24,19.41,242.5
2025-11-08 08:00:00,444.52,546.06,22.13,453.55
2025-11-08 09:00:00,617.05,634.74,25.57,626.88
2025-11-08 10:00:00,712.45,608.84,28.27,740.05
2025-11-08 11:00:00,744.33,590.1,30.12,763.25
2025-11-08 12:00:00,724.95,622.5,31.37,727.65
2025-11-08 13:00:00,614.35,551.39,32.08,620.35
2025-11-08 14:00:00,446.75,434.84,32.27,451.65
2025-11-08 15:00:00,238.27,233.94,31.95,245.85
2025-11-08 16:00:00,55.33,20.55,30.2,57.53
2025-11-08 17:00:00,0.0,0.0,26.8,0.0
2025-11-08 18:00:00,0.0,0.0,25.55,0.0
2025-11-08 19:00:00,0.0,0.0,25.04,0.0
2025-11-08 20:00:00,0.0,0.0,24.27,0.0
2025-11-08 21:00:00,0.0,0.0,23.21,0.0
2025-11-08 22:00:00,0.0,0.0,22.07,0.0
2025-11-08 23:00:00,0.0,0.0,21.19,0.0
2025-11-09 00:00:00,0.0,0.0,20.56,0.0
2025-11-09 01:00:00,0.0,0.0,20.08,0.0
2025-11-09 02:00:00,0.0,0.0,19.62,0.0
2025-11-09 03:00:00,0.0,0.0,19.09,0.0
2025-11-09 04:00:00,0.0,0.0,18.49,0.0
2025-11-09 05:00:00,0.0,0.0,17.9,0.0
2025-11-09 06:00:00,42.33,26.83,17.69,42.55
2025-11-09 07:00:00,229.35,312.15,19.84,230.73
2025-11-09 08:00:00,438.67,499.06,22.52,440.35
2025-11-09 09:00:00,615.25,615.29,25.76,616.55
2025-11-09 10:00:00,731.65,676.03,28.37,732.47
2025-11-09 11:00:00,768.7,662.7,30.57,769.15
2025-11-09 12:00:00,735.2,647.83,32.13,735.22
2025-11-09 13:00:00,629.0,593.26,32.99,629.1
2025-11-09 14:00:00,460.73,496.36,33.26,460.92
2025-11-09 15:00:00,253.77,326.46,32.93,254.02
2025-11-09 16:00:00,59.72,47.63,30.89,59.78
2025-11-09 17:00:00,0.0,0.0,27.78,0.0
2025-11-09 18:00:00,0.0,0.0,26.17,0.0
2025-11-09 19:00:00,0.0,0.0,25.1,0.0
2025-11-09 20:00:00,0.0,0.0,24.23,0.0
2025-11-09 21:00:00,0.0,0.0,23.44,0.0
2025-11-09 22:00:00,0.0,0.0,22.74,0.0
2025-11-09 23:00:00,0.0,0.0,22.05,0.0
2025-11-10 00:00:00,0.0,0.0,21.35,0.0
2025-11-10 01:00:00,0.0,0.0,20.61,0.0
2025-11-10 02:00:00,0.0,0.0,19.9,0.0
2025-11-10 03:00:00,0.0,0.0,19.27,0.0
2025-11-10 04:00:00,0.0,0.0,18.64,0.0
2025-11-10 05:00:00,0.0,0.0,18.02,0.0
2025-11-10 06:00:00,43.95,49.13,17.78,44.1
2025-11-10 07:00:00,236.98,383.2,20.3,237.75
2025-11-10 08:00:00,448.38,572.85,22.93,449.5
2025-11-10 09:00:00,622.92,679.19,26.27,624.08
2025-11-10 10:00:00,737.9,734.3,29.39,738.88
2025-11-10 11:00:00,775.97,719.11,32.18,776.65
2025-11-10 12:00:00,743.83,708.82,33.55,744.05
2025-11-10 13:00:00,637.58,653.81,34.01,637.92
2025-11-10 14:00:00,468.73,554.54,33.89,469.1
2025-11-10 15:00:00,260.65,392.31,33.3,260.98
2025-11-10 16:00:00,60.97,68.12,30.47,61.05
2025-11-10 17:00:00,0.0,0.0,26.99,0.0
2025-11-10 18:00:00,0.0,0.0,25.57,0.0
2025-11-10 19:00:00,0.0,0.0,24.66,0.0
2025-11-10 20:00:00,0.0,0.0,23.87,0.0
2025-11-10 21:00:00,0.0,0.0,22.95,0.0
2025-11-10 22:00:00,0.0,0.0,22.02,0.0
2025-11-10 23:00:00,0.0,0.0,21.45,0.0
2025-11-11 00:00:00,0.0,0.0,20.59,0.0
2025-11-11 01:00:00,0.0,0.0,19.95,0.0
2025-11-11 02:00:00,0.0,0.0,19.58,0.0
2025-11-11 03:00:00,0.0,0.0,19.36,0.0
2025-11-11 04:00:00,0.0,0.0,18.88,0.0
2025-11-11 05:00:00,0.0,0.0,18.25,0.0
2025-11-11 06:00:00,40.5,23.72,18.03,40.92
2025-11-11 07:00:00,221.9,298.57,19.61,227.55
2025-11-11 08:00:00,426.33,499.86,22.33,435.9
2025-11-11 09:00:00,597.92,588.14,25.97,609.62
2025-11-11 10:00:00,711.75,648.88,29.07,724.47
2025-11-11 11:00:00,743.3,625.0,31.06,756.3
2025-11-11 12:00:00,711.62,595.08,32.23,724.12
2025-11-11 13:00:00,607.67,559.89,32.8,618.62
2025-11-11 14:00:00,443.05,464.13,32.78,451.6
2025-11-11 15:00:00,240.98,288.87,32.18,245.77
2025-11-11 16:00:00,55.8,33.54,29.49,56.53
2025-11-11 17:00:00,0.0,0.0,25.9,0.0
2025-11-11 18:00:00,0.0,0.0,24.95,0.0
2025-11-11 19:00:00,0.0,0.0,24.36,0.0
2025-11-11 20:00:00,0.0,0.0,23.52,0.0
2025-11-11 21:00:00,0.0,0.0,22.49,0.0
2025-11-11 22:00:00,0.0,0.0,21.53,0.0
2025-11-11 23:00:00,0.0,0.0,20.77,0.0
2025-11-12 00:00:00,0.0,0.0,20.2,0.0
2025-11-12 01:00:00,0.0,0.0,19.71,0.0
2025-11-12 02:00:00,0.0,0.0,19.25,0.0
2025-11-12 03:00:00,0.0,0.0,18.85,0.0
2025-11-12 04:00:00,0.0,0.0,18.51,0.0
2025-11-12 05:00:00,0.0,0.0,18.08,0.0
2025-11-12 06:00:00,39.65,34.15,17.88,39.65
2025-11-12 07:00:00,223.6,339.93,19.14,224.0
2025-11-12 08:00:00,428.73,526.36,21.8,429.35
2025-11-12 09:00:00,599.67,632.88,24.94,600.35
2025-11-12 10:00:00,711.3,672.5,27.7,711.92
2025-11-12 11:00:00,737.33,610.16,29.7,737.85
2025-11-12 12:00:00,702.53,580.92,31.09,702.92
2025-11-12 13:00:00,593.65,507.79,31.81,593.88
2025-11-12 14:00:00,425.95,391.63,31.98,426.25
2025-11-12 15:00:00,226.57,221.06,31.55,226.77
2025-11-12 16:00:00,51.72,18.88,29.32,51.72
2025-11-12 17:00:00,0.0,0.0,26.09,0.0
2025-11-12 18:00:00,0.0,0.0,25.47,0.0
2025-11-12 19:00:00,0.0,0.0,25.01,0.0
2025-11-12 20:00:00,0.0,0.0,23.86,0.0
2025-11-12 21:00:00,0.0,0.0,22.73,0.0
2025-11-12 22:00:00,0.0,0.0,21.87,0.0
2025-11-12 23:00:00,0.0,0.0,21.03,0.0
2025-11-13 00:00:00,0.0,0.0,20.12,0.0
2025-11-13 01:00:00,0.0,0.0,19.27,0.0
2025-11-13 02:00:00,0.0,0.0,18.59,0.0
2025-11-13 03:00:00,0.0,0.0,17.94,0.0
2025-11-13 04:00:00,0.0,0.0,17.8,0.0
2025-11-13 05:00:00,0.0,0.0,17.7,0.0
2025-11-13 06:00:00,35.78,15.67,17.57,36.03
2025-11-13 07:00:00,209.73,255.52,18.31,211.43
2025-11-13 08:00:00,412.85,455.42,20.76,415.5
2025-11-13 09:00:00,587.08,571.65,23.71,589.67
2025-11-13 10:00:00,703.15,632.86,25.95,705.2
2025-11-13 11:00:00,749.28,656.93,27.57,750.53
2025-11-13 12:00:00,718.28,644.41,28.65,718.85
2025-11-13 13:00:00,613.53,591.35,29.23,613.7
2025-11-13 14:00:00,448.48,489.68,29.18,448.62
2025-11-13 15:00:00,245.45,316.91,28.47,245.55
2025-11-13 16:00:00,55.85,43.56,26.65,55.85
2025-11-13 17:00:00,0.0,0.0,23.32,0.0
2025-11-13 18:00:00,0.0,0.0,22.26,0.0
2025-11-13 19:00:00,0.0,0.0,21.04,0.0
2025-11-13 20:00:00,0.0,0.0,19.92,0.0
2025-11-13 21:00:00,0.0,0.0,19.0,0.0
2025-11-13 22:00:00,0.0,0.0,18.19,0.0
2025-11-13 23:00:00,0.0,0.0,17.53,0.0
2025-11-14 00:00:00,0.0,0.0,17.02,0.0
2025-11-14 01:00:00,0.0,0.0,16.57,0.0
2025-11-14 02:00:00,0.0,0.0,16.14,0.0
2025-11-14 03:00:00,0.0,0.0,15.92,0.0
2025-11-14 04:00:00,0.0,0.0,15.54,0.0
2025-11-14 05:00:00,0.0,0.0,14.9,0.0
2025-11-14 06:00:00,41.58,73.13,14.58,41.72
2025-11-14 07:00:00,240.62,462.65,15.98,241.5
2025-11-14 08:00:00,454.52,679.92,19.28,455.83
2025-11-14 09:00:00,629.45,769.38,21.9,631.03
2025-11-14 10:00:00,742.22,819.11,23.53,744.05
2025-11-14 11:00:00,771.9,735.52,24.68,773.92
2025-11-14 12:00:00,739.65,715.65,25.46,740.88
2025-11-14 13:00:00,631.1,650.05,25.84,633.58
2025-11-14 14:00:00,461.88,537.67,25.69,464.02
2025-11-14 15:00:00,253.6,348.47,24.95,254.9
2025-11-14 16:00:00,56.92,50.84,23.51,57.17
2025-11-14 17:00:00,0.0,0.0,20.83,0.0
2025-11-14 18:00:00,0.0,0.0,19.83,0.0
2025-11-14 19:00:00,0.0,0.0,19.09,0.0
2025-11-14 20:00:00,0.0,0.0,18.34,0.0
2025-11-14 21:00:00,0.0,0.0,17.68,0.0
2025-11-14 22:00:00,0.0,0.0,17.14,0.0
2025-11-14 23:00:00,0.0,0.0,16.61,0.0
2025-11-15 00:00:00,0.0,0.0,16.1,0.0
2025-11-15 01:00:00,0.0,0.0,15.62,0.0
2025-11-15 02:00:00,0.0,0.0,15.37,0.0
2025-11-15 03:00:00,0.0,0.0,14.85,0.0
2025-11-15 04:00:00,0.0,0.0,14.27,0.0
2025-11-15 05:00:00,0.0,0.0,13.76,0.0
2025-11-15 06:00:00,39.83,70.13,13.55,40.15
2025-11-15 07:00:00,237.4,456.84,15.0,239.32
2025-11-15 08:00:00,451.15,668.43,18.14,453.62
2025-11-15 09:00:00,625.65,756.68,21.28,627.85
2025-11-15 10:00:00,740.03,807.59,23.09,741.53
2025-11-15 11:00:00,790.22,859.81,24.4,790.92
2025-11-15 12:00:00,758.65,837.98,25.37,758.72
2025-11-15 13:00:00,653.88,782.86,25.93,654.05
2025-11-15 14:00:00,485.98,677.7,25.93,486.27
2025-11-15 15:00:00,274.75,509.79,25.32,275.05
2025-11-15 16:00:00,63.28,121.78,23.61,63.38
2025-11-15 17:00:00,0.0,0.0,19.99,0.0
2025-11-15 18:00:00,0.0,0.0,18.94,0.0
2025-11-15 19:00:00,0.0,0.0,18.2,0.0
2025-11-15 20:00:00,0.0,0.0,17.42,0.0
2025-11-15 21:00:00,0.0,0.0,16.64,0.0
2025-11-15 22:00:00,0.0,0.0,15.9,0.0
2025-11-15 23:00:00,0.0,0.0,15.21,0.0
2025-11-16 00:00:00,0.0,0.0,14.56,0.0
2025-11-16 01:00:00,0.0,0.0,13.98,0.0
2025-11-16 02:00:00,0.0,0.0,13.44,0.0
2025-11-16 03:00:00,0.0,0.0,12.95,0.0
2025-11-16 04:00:00,0.0,0.0,12.55,0.0
2025-11-16 05:00:00,0.0,0.0,12.2,0.0
2025-11-16 06:00:00,38.47,48.29,12.17,39.03
2025-11-16 07:00:00,233.95,408.3,14.51,237.45
2025-11-16 08:00:00,447.52,607.44,17.42,451.75
2025-11-16 09:00:00,624.97,732.25,21.04,628.33
2025-11-16 10:00:00,742.2,791.35,23.56,744.3
2025-11-16 11:00:00,796.22,879.27,25.04,797.17
2025-11-16 12:00:00,766.5,873.45,26.09,766.55
2025-11-16 13:00:00,663.85,825.14,26.79,664.1
2025-11-16 14:00:00,496.42,729.38,26.98,496.77
2025-11-16 15:00:00,282.92,567.14,26.58,283.15
2025-11-16 16:00:00,65.65,156.19,24.32,65.7
2025-11-16 17:00:00,0.0,0.0,20.55,0.0
2025-11-16 18:00:00,0.0,0.0,19.39,0.0
2025-11-16 19:00:00,0.0,0.0,18.6,0.0
2025-11-16 20:00:00,0.0,0.0,17.93,0.0
2025-11-16 21:00:00,0.0,0.0,17.38,0.0
2025-11-16 22:00:00,0.0,0.0,16.87,0.0
2025-11-16 23:00:00,0.0,0.0,16.31,0.0
2025-11-17 00:00:00,0.0,0.0,15.63,0.0
2025-11-17 01:00:00,0.0,0.0,14.92,0.0
2025-11-17 02:00:00,0.0,0.0,14.28,0.0
2025-11-17 03:00:00,0.0,0.0,13.68,0.0
2025-11-17 04:00:00,0.0,0.0,13.15,0.0
2025-11-17 05:00:00,0.0,0.0,12.71,0.0
2025-11-17 06:00:00,42.67,154.32,12.61,42.95
2025-11-17 07:00:00,252.6,627.14,15.07,253.77
2025-11-17 08:00:00,471.2,815.66,17.9,472.3
2025-11-17 09:00:00,646.35,899.2,21.21,647.17
2025-11-17 10:00:00,760.95,959.7,24.38,761.6
2025-11-17 11:00:00,795.1,887.23,26.06,795.65
2025-11-17 12:00:00,763.95,872.06,27.04,764.4
2025-11-17 13:00:00,660.8,829.89,27.56,661.05
2025-11-17 14:00:00,493.48,734.66,27.6,494.33
2025-11-17 15:00:00,281.02,571.07,27.1,281.8
2025-11-17 16:00:00,64.4,161.76,24.64,64.62
2025-11-17 17:00:00,0.0,0.0,20.85,0.0
2025-11-17 18:00:00,0.0,0.0,19.55,0.0
2025-11-17 19:00:00,0.0,0.0,18.73,0.0
2025-11-17 20:00:00,0.0,0.0,18.07,0.0
2025-11-17 21:00:00,0.0,0.0,17.44,0.0
2025-11-17 22:00:00,0.0,0.0,16.74,0.0
2025-11-17 23:00:00,0.0,0.0,15.93,0.0
2025-11-18 00:00:00,0.0,0.0,15.2,0.0
2025-11-18 01:00:00,0.0,0.0,14.62,0.0
2025-11-18 02:00:00,0.0,0.0,14.11,0.0
2025-11-18 03:00:00,0.0,0.0,13.6,0.0
2025-11-18 04:00:00,0.0,0.0,13.07,0.0
2025-11-18 05:00:00,0.0,0.0,12.51,0.0
2025-11-18 06:00:00,40.28,130.05,12.17,40.88
2025-11-18 07:00:00,246.02,602.42,14.07,249.1
2025-11-18 08:00:00,464.08,790.73,16.81,467.35
2025-11-18 09:00:00,639.65,863.71,20.7,642.65
2025-11-18 10:00:00,754.35,921.28,24.06,757.15
2025-11-18 11:00:00,784.6,832.34,26.14,787.38
2025-11-18 12:00:00,753.75,834.04,27.35,756.5
2025-11-18 13:00:00,650.05,790.92,27.99,652.03
2025-11-18 14:00:00,481.95,686.71,28.07,484.52
2025-11-18 15:00:00,271.17,480.84,27.55,273.1
2025-11-18 16:00:00,61.0,113.66,24.78,61.38
2025-11-18 17:00:00,0.0,0.0,21.04,0.0
2025-11-18 18:00:00,0.0,0.0,19.48,0.0
2025-11-18 19:00:00,0.0,0.0,18.45,0.0
2025-11-18 20:00:00,0.0,0.0,17.56,0.0
2025-11-18 21:00:00,0.0,0.0,16.66,0.0
2025-11-18 22:00:00,0.0,0.0,15.88,0.0
2025-11-18 23:00:00,0.0,0.0,15.16,0.0
2025-11-19 00:00:00,0.0,0.0,14.66,0.0
2025-11-19 01:00:00,0.0,0.0,14.41,0.0
2025-11-19 02:00:00,0.0,0.0,14.25,0.0
2025-11-19 03:00:00,0.0,0.0,14.11,0.0
2025-11-19 04:00:00,0.0,0.0,13.49,0.0
2025-11-19 05:00:00,0.0,0.0,12.34,0.0
2025-11-19 06:00:00,37.1,87.86,11.96,37.83
2025-11-19 07:00:00,237.3,518.45,15.1,241.4
2025-11-19 08:00:00,454.2,749.97,17.9,458.25
2025-11-19 09:00:00,631.03,834.02,21.68,633.95
2025-11-19 10:00:00,747.42,890.78,25.52,749.3
2025-11-19 11:00:00,783.2,847.83,27.52,784.25
2025-11-19 12:00:00,753.22,856.99,28.48,753.45
2025-11-19 13:00:00,649.22,809.16,28.96,649.83
2025-11-19 14:00:00,482.55,708.37,28.96,483.38
2025-11-19 15:00:00,271.73,543.2,28.44,272.5
2025-11-19 16:00:00,60.72,141.27,26.36,60.95
2025-11-19 17:00:00,0.0,0.0,23.6,0.0
2025-11-19 18:00:00,0.0,0.0,21.53,0.0
2025-11-19 19:00:00,0.0,0.0,19.82,0.0
2025-11-19 20:00:00,0.0,0.0,18.61,0.0
2025-11-19 21:00:00,0.0,0.0,17.73,0.0
2025-11-19 22:00:00,0.0,0.0,17.01,0.0
2025-11-19 23:00:00,0.0,0.0,16.4,0.0
2025-11-20 00:00:00,0.0,0.0,15.84,0.0
2025-11-20 01:00:00,0.0,0.0,15.22,0.0
2025-11-20 02:00:00,0.0,0.0,14.6,0.0
2025-11-20 03:00:00,0.0,0.0,14.08,0.0
2025-11-20 04:00:00,0.0,0.0,13.65,0.0
2025-11-20 05:00:00,0.0,0.0,13.21,0.0
2025-11-20 06:00:00,34.38,71.05,13.03,34.42
2025-11-20 07:00:00,229.65,506.08,15.91,229.95
2025-11-20 08:00:00,443.27,703.22,18.76,443.6
2025-11-20 09:00:00,617.55,805.63,22.28,617.88
2025-11-20 10:00:00,731.15,860.34,25.64,731.45
2025-11-20 11:00:00,765.42,812.61,29.06,765.72
2025-11-20 12:00:00,734.15,804.9,30.45,734.35
2025-11-20 13:00:00,630.47,745.9,30.99,630.85
2025-11-20 14:00:00,465.38,647.45,31.02,465.92
2025-11-20 15:00:00,258.85,476.27,30.52,259.35
2025-11-20 16:00:00,56.58,106.66,28.3,56.7
2025-11-20 17:00:00,0.0,0.0,24.96,0.0
2025-11-20 18:00:00,0.0,0.0,23.04,0.0
2025-11-20 19:00:00,0.0,0.0,21.81,0.0
2025-11-20 20:00:00,0.0,0.0,20.88,0.0
2025-11-20 21:00:00,0.0,0.0,20.11,0.0
2025-11-20 22:00:00,0.0,0.0,19.36,0.0
2025-11-20 23:00:00,0.0,0.0,18.54,0.0
2025-11-21 00:00:00,0.0,0.0,17.76,0.0
2025-11-21 01:00:00,0.0,0.0,17.1,0.0
2025-11-21 02:00:00,0.0,0.0,16.61,0.0
2025-11-21 03:00:00,0.0,0.0,16.28,0.0
2025-11-21 04:00:00,0.0,0.0,15.96,0.0
2025-11-21 05:00:00,0.0,0.0,15.62,0.0
2025-11-21 06:00:00,30.38,41.14,15.46,30.58
2025-11-21 07:00:00,210.32,401.89,17.96,211.8
2025-11-21 08:00:00,416.48,603.85,20.53,418.42
2025-11-21 09:00:00,587.28,712.7,23.88,589.05
2025-11-21 10:00:00,700.8,756.26,27.33,702.3
2025-11-21 11:00:00,720.5,627.96,30.24,721.8
2025-11-21 12:00:00,691.38,624.99,31.65,692.55
2025-11-21 13:00:00,589.25,557.94,32.34,590.92
2025-11-21 14:00:00,427.0,461.63,32.31,429.0
2025-11-21 15:00:00,228.65,282.84,31.69,230.25
2025-11-21 16:00:00,48.03,29.89,29.6,48.38
2025-11-21 17:00:00,0.0,0.0,27.41,0.0
2025-11-21 18:00:00,0.0,0.0,25.5,0.0
2025-11-21 19:00:00,0.0,0.0,23.69,0.0
2025-11-21 20:00:00,0.0,0.0,22.17,0.0
2025-11-21 21:00:00,0.0,0.0,21.23,0.0
2025-11-21 22:00:00,0.0,0.0,20.41,0.0
2025-11-21 23:00:00,0.0,0.0,19.65,0.0
2025-11-22 00:00:00,0.0,0.0,18.99,0.0
2025-11-22 01:00:00,0.0,0.0,18.36,0.0
2025-11-22 02:00:00,0.0,0.0,17.65,0.0
2025-11-22 03:00:00,0.0,0.0,16.94,0.0
2025-11-22 04:00:00,0.0,0.0,16.25,0.0
2025-11-22 05:00:00,0.0,0.0,15.7,0.0
2025-11-22 06:00:00,28.33,21.9,15.46,28.7
2025-11-22 07:00:00,202.85,346.32,17.93,205.57
2025-11-22 08:00:00,407.42,554.6,20.35,411.42
2025-11-22 09:00:00,580.25,661.08,24.23,584.05
2025-11-22 10:00:00,696.4,713.82,28.95,699.4
2025-11-22 11:00:00,717.4,600.83,31.29,719.6
2025-11-22 12:00:00,687.7,589.48,32.39,689.4
2025-11-22 13:00:00,586.45,534.28,32.84,587.72
2025-11-22 14:00:00,423.15,434.01,32.72,424.5
2025-11-22 15:00:00,224.75,253.66,31.93,225.7
2025-11-22 16:00:00,47.95,27.3,30.24,48.05
2025-11-22 17:00:00,0.0,0.0,28.63,0.0
2025-11-22 18:00:00,0.0,0.0,26.76,0.0
2025-11-22 19:00:00,0.0,0.0,24.7,0.0
2025-11-22 20:00:00,0.0,0.0,23.07,0.0
2025-11-22 21:00:00,0.0,0.0,21.68,0.0
2025-11-22 22:00:00,0.0,0.0,20.73,0.0
2025-11-22 23:00:00,0.0,0.0,20.33,0.0
2025-11-23 00:00:00,0.0,0.0,20.17,0.0
2025-11-23 01:00:00,0.0,0.0,19.82,0.0
2025-11-23 02:00:00,0.0,0.0,19.32,0.0
2025-11-23 03:00:00,0.0,0.0,18.63,0.0
2025-11-23 04:00:00,0.0,0.0,17.93,0.0
2025-11-23 05:00:00,0.0,0.0,17.29,0.0
2025-11-23 06:00:00,22.98,4.88,17.0,25.23
2025-11-23 07:00:00,167.68,177.99,19.15,187.0
2025-11-23 08:00:00,352.7,321.17,21.39,385.0
2025-11-23 09:00:00,515.95,446.69,25.1,553.0
2025-11-23 10:00:00,640.42,579.65,28.53,664.47
2025-11-23 11:00:00,662.97,479.56,30.45,686.15
2025-11-23 12:00:00,646.65,502.01,31.54,655.33
2025-11-23 13:00:00,527.97,440.04,32.06,553.67
2025-11-23 14:00:00,379.7,335.04,32.03,394.88
2025-11-23 15:00:00,200.57,184.51,31.56,206.25
2025-11-23 16:00:00,42.15,10.68,30.33,42.78
2025-11-23 17:00:00,0.0,0.0,29.14,0.0
2025-11-23 18:00:00,0.0,0.0,27.9,0.0
2025-11-23 19:00:00,0.0,0.0,26.63,0.0
2025-11-23 20:00:00,0.0,0.0,25.7,0.0
2025-11-23 21:00:00,0.0,0.0,25.19,0.0
2025-11-23 22:00:00,0.0,0.0,24.69,0.0
2025-11-23 23:00:00,0.0,0.0,24.24,0.0
2025-11-24 00:00:00,0.0,0.0,23.92,0.0
2025-11-24 01:00:00,0.0,0.0,23.56,0.0
2025-11-24 02:00:00,0.0,0.0,23.05,0.0
2025-11-24 03:00:00,0.0,0.0,22.43,0.0
2025-11-24 04:00:00,0.0,0.0,21.88,0.0
2025-11-24 05:00:00,0.0,0.0,21.37,0.0
2025-11-24 06:00:00,22.08,1.79,21.12,22.62
2025-11-24 07:00:00,164.23,147.26,22.59,169.25
2025-11-24 08:00:00,347.42,315.55,24.43,358.52
2025-11-24 09:00:00,510.85,419.3,27.24,524.4
2025-11-24 10:00:00,628.4,473.23,29.44,635.72
2025-11-24 11:00:00,685.4,553.68,30.65,685.92
2025-11-24 12:00:00,628.33,490.17,31.33,655.25
2025-11-24 13:00:00,534.08,412.66,31.51,554.6
2025-11-24 14:00:00,344.05,264.43,30.98,395.08
2025-11-24 15:00:00,175.9,102.29,30.22,206.5
2025-11-24 16:00:00,37.78,2.51,29.07,42.1
2025-11-24 17:00:00,0.0,0.0,27.45,0.0
2025-11-24 18:00:00,0.0,0.0,26.41,0.0
2025-11-24 19:00:00,0.0,0.0,25.21,0.0
2025-11-24 20:00:00,0.0,0.0,24.39,0.0
2025-11-24 21:00:00,0.0,0.0,23.78,0.0
2025-11-24 22:00:00,0.0,0.0,23.34,0.0
2025-11-24 23:00:00,0.0,0.0,22.98,0.0
2025-11-25 00:00:00,0.0,0.0,22.53,0.0
2025-11-25 01:00:00,0.0,0.0,22.17,0.0
2025-11-25 02:00:00,0.0,0.0,21.86,0.0
2025-11-25 03:00:00,0.0,0.0,21.5,0.0
2025-11-25 04:00:00,0.0,0.0,20.94,0.0
2025-11-25 05:00:00,0.0,0.0,20.26,0.0
2025-11-25 06:00:00,20.83,0.36,19.59,20.85
2025-11-25 07:00:00,166.35,153.44,19.99,166.8
2025-11-25 08:00:00,349.8,297.86,22.0,350.6
2025-11-25 09:00:00,518.42,411.83,24.42,519.33
2025-11-25 10:00:00,634.5,485.91,26.37,635.28
2025-11-25 11:00:00,678.53,495.65,27.74,679.12
2025-11-25 12:00:00,649.45,483.19,28.67,649.85
2025-11-25 13:00:00,549.08,421.88,29.16,549.78
2025-11-25 14:00:00,391.77,315.62,29.11,392.58
2025-11-25 15:00:00,208.93,173.99,28.53,209.45
2025-11-25 16:00:00,43.42,7.56,26.9,43.47
2025-11-25 17:00:00,0.0,0.0,23.98,0.0
2025-11-25 18:00:00,0.0,0.0,23.28,0.0
2025-11-25 19:00:00,0.0,0.0,22.29,0.0
2025-11-25 20:00:00,0.0,0.0,21.0,0.0
2025-11-25 21:00:00,0.0,0.0,19.87,0.0
2025-11-25 22:00:00,0.0,0.0,18.98,0.0
2025-11-25 23:00:00,0.0,0.0,18.27,0.0
2025-11-26 00:00:00,0.0,0.0,17.63,0.0
2025-11-26 01:00:00,0.0,0.0,17.06,0.0
2025-11-26 02:00:00,0.0,0.0,16.53,0.0
2025-11-26 03:00:00,0.0,0.0,16.0,0.0
2025-11-26 04:00:00,0.0,0.0,15.49,0.0
2025-11-26 05:00:00,0.0,0.0,14.99,0.0
2025-11-26 06:00:00,23.23,8.84,14.57,23.48
2025-11-26 07:00:00,184.18,266.36,15.73,187.25
2025-11-26 08:00:00,383.4,477.21,18.31,390.08
2025-11-26 09:00:00,555.62,585.96,21.88,564.47
2025-11-26 10:00:00,671.33,671.19,24.8,681.12
2025-11-26 11:00:00,719.22,712.08,26.51,729.3
2025-11-26 12:00:00,691.4,680.68,27.35,701.83
2025-11-26 13:00:00,569.2,553.95,27.52,603.12
2025-11-26 14:00:00,424.3,504.59,27.44,443.9
2025-11-26 15:00:00,234.98,339.51,27.19,244.2
2025-11-26 16:00:00,49.88,51.99,25.0,51.33
2025-11-26 17:00:00,0.0,0.0,21.79,0.0
2025-11-26 18:00:00,0.0,0.0,20.66,0.0
2025-11-26 19:00:00,0.0,0.0,19.8,0.0
2025-11-26 20:00:00,0.0,0.0,18.84,0.0
2025-11-26 21:00:00,0.0,0.0,17.93,0.0
2025-11-26 22:00:00,0.0,0.0,17.08,0.0
2025-11-26 23:00:00,0.0,0.0,16.27,0.0
2025-11-27 00:00:00,0.0,0.0,15.57,0.0
2025-11-27 01:00:00,0.0,0.0,14.94,0.0
2025-11-27 02:00:00,0.0,0.0,14.32,0.0
2025-11-27 03:00:00,0.0,0.0,13.75,0.0
2025-11-27 04:00:00,0.0,0.0,13.3,0.0
2025-11-27 05:00:00,0.0,0.0,13.13,0.0
2025-11-27 06:00:00,22.35,16.66,13.6,23.38
2025-11-27 07:00:00,179.65,298.82,15.24,194.32
2025-11-27 08:00:00,371.98,450.59,17.32,399.1
2025-11-27 09:00:00,535.75,524.73,20.85,571.8
2025-11-27 10:00:00,647.33,574.4,24.7,686.65
2025-11-27 11:00:00,682.28,600.71,26.67,723.25
2025-11-27 12:00:00,686.5,671.16,27.8,695.92
2025-11-27 13:00:00,589.85,625.31,28.38,596.92
2025-11-27 14:00:00,430.98,520.24,28.5,436.67
2025-11-27 15:00:00,235.15,353.97,28.1,238.32
2025-11-27 16:00:00,48.6,46.27,25.76,49.0
2025-11-27 17:00:00,0.0,0.0,23.2,0.0
2025-11-27 18:00:00,0.0,0.0,21.61,0.0
2025-11-27 19:00:00,0.0,0.0,19.96,0.0
2025-11-27 20:00:00,0.0,0.0,18.72,0.0
2025-11-27 21:00:00,0.0,0.0,17.94,0.0
2025-11-27 22:00:00,0.0,0.0,16.95,0.0
2025-11-27 23:00:00,0.0,0.0,16.03,0.0
2025-11-28 00:00:00,0.0,0.0,15.43,0.0
2025-11-28 01:00:00,0.0,0.0,14.8,0.0
2025-11-28 02:00:00,0.0,0.0,14.45,0.0
2025-11-28 03:00:00,0.0,0.0,13.87,0.0
2025-11-28 04:00:00,0.0,0.0,13.59,0.0
2025-11-28 05:00:00,0.0,0.0,13.29,0.0
2025-11-28 06:00:00,21.45,15.27,13.01,21.65
2025-11-28 07:00:00,184.05,315.32,15.24,187.85
2025-11-28 08:00:00,381.65,521.54,17.91,390.88
2025-11-28 09:00:00,551.05,619.23,21.61,564.0
2025-11-28 10:00:00,664.03,676.08,24.84,679.67
2025-11-28 11:00:00,698.35,652.68,27.26,718.55
2025-11-28 12:00:00,690.08,697.81,28.68,692.05
2025-11-28 13:00:00,579.47,633.47,29.28,591.8
2025-11-28 14:00:00,395.98,384.68,29.34,432.42
2025-11-28 15:00:00,208.35,181.35,28.78,235.62
2025-11-28 16:00:00,44.33,17.25,26.11,48.1
2025-11-28 17:00:00,0.0,0.0,23.27,0.0
2025-11-28 18:00:00,0.0,0.0,21.46,0.0
2025-11-28 19:00:00,0.0,0.0,20.24,0.0
2025-11-28 20:00:00,0.0,0.0,19.46,0.0
2025-11-28 21:00:00,0.0,0.0,18.86,0.0
2025-11-28 22:00:00,0.0,0.0,17.99,0.0
2025-11-28 23:00:00,0.0,0.0,17.08,0.0
2025-11-29 00:00:00,0.0,0.0,16.39,0.0
2025-11-29 01:00:00,0.0,0.0,16.16,0.0
2025-11-29 02:00:00,0.0,0.0,16.37,0.0
2025-11-29 03:00:00,0.0,0.0,15.59,0.0
2025-11-29 04:00:00,0.0,0.0,15.18,0.0
2025-11-29 05:00:00,0.0,0.0,15.19,0.0
2025-11-29 06:00:00,19.98,12.39,14.89,19.98
2025-11-29 07:00:00,178.15,315.11,17.47,179.6
2025-11-29 08:00:00,376.3,532.51,20.11,379.15
2025-11-29 09:00:00,548.12,656.29,23.45,551.97
2025-11-29 10:00:00,666.45,709.55,27.15,668.95
2025-11-29 11:00:00,675.67,594.35,29.04,717.33
2025-11-29 12:00:00,648.03,548.34,30.05,691.85
2025-11-29 13:00:00,513.62,498.9,30.52,595.35
2025-11-29 14:00:00,385.67,474.76,30.47,437.77
2025-11-29 15:00:00,219.6,340.39,29.85,240.75
2025-11-29 16:00:00,47.17,51.72,27.56,49.78
2025-11-29 17:00:00,0.0,0.0,24.86,0.0
2025-11-29 18:00:00,0.0,0.0,22.76,0.0
2025-11-29 19:00:00,0.0,0.0,21.59,0.0
2025-11-29 20:00:00,0.0,0.0,20.91,0.0
2025-11-29 21:00:00,0.0,0.0,20.13,0.0
2025-11-29 22:00:00,0.0,0.0,19.24,0.0
2025-11-29 23:00:00,0.0,0.0,18.47,0.0
2025-11-30 00:00:00,0.0,0.0,17.9,0.0
2025-11-30 01:00:00,0.0,0.0,17.44,0.0
2025-11-30 02:00:00,0.0,0.0,17.03,0.0
2025-11-30 03:00:00,0.0,0.0,16.65,0.0
2025-11-30 04:00:00,0.0,0.0,16.3,0.0
2025-11-30 05:00:00,0.0,0.0,16.02,0.0
2025-11-30 06:00:00,18.92,5.26,15.87,19.73
2025-11-30 07:00:00,156.2,102.69,16.73,181.12
2025-11-30 08:00:00,320.0,195.65,18.56,382.62
2025-11-30 09:00:00,469.88,305.76,20.83,555.03
2025-11-30 10:00:00,536.85,199.47,23.1,670.8
2025-11-30 11:00:00,569.3,205.82,25.3,698.45
2025-11-30 12:00:00,550.3,304.78,26.99,672.05
2025-11-30 13:00:00,448.2,175.18,27.73,573.05
2025-11-30 14:00:00,316.15,105.84,27.33,414.12
2025-11-30 15:00:00,180.12,55.31,26.38,222.2
2025-11-30 16:00:00,43.17,5.82,24.0,44.92
2025-11-30 17:00:00,0.0,0.0,21.21,0.0
2025-11-30 18:00:00,0.0,0.0,20.25,0.0
2025-11-30 19:00:00,0.0,0.0,18.82,0.0
2025-11-30 20:00:00,0.0,0.0,17.55,0.0
2025-11-30 21:00:00,0.0,0.0,16.61,0.0
2025-11-30 22:00:00,0.0,0.0,15.66,0.0
2025-11-30 23:00:00,0.0,0.0,14.94,0.0
2025-12-01 00:00:00,0.0,0.0,14.49,0.0
2025-12-01 01:00:00,0.0,0.0,14.23,0.0
2025-12-01 02:00:00,0.0,0.0,14.07,0.0
2025-12-01 03:00:00,0.0,0.0,14.23,0.0
2025-12-01 04:00:00,0.0,0.0,14.36,0.0
2025-12-01 05:00:00,0.0,0.0,14.26,0.0
2025-12-01 06:00:00,17.02,1.2,14.07,18.2
2025-12-01 07:00:00,131.77,38.11,14.55,173.82
2025-12-01 08:00:00,268.58,63.89,16.18,376.38
2025-12-01 09:00:00,398.27,125.57,18.08,548.92
2025-12-01 10:00:00,397.25,82.62,19.94,666.53
2025-12-01 11:00:00,497.33,173.65,21.53,716.17
2025-12-01 12:00:00,513.95,197.41,21.73,689.8
2025-12-01 13:00:00,377.05,91.11,21.73,594.1
2025-12-01 14:00:00,293.12,155.28,21.65,437.3
2025-12-01 15:00:00,178.35,177.47,21.34,241.2
2025-12-01 16:00:00,41.88,39.26,20.05,50.2
2025-12-01 17:00:00,0.0,0.0,17.04,0.0
2025-12-01 18:00:00,0.0,0.0,16.13,0.0
2025-12-01 19:00:00,0.0,0.0,15.65,0.0
2025-12-01 20:00:00,0.0,0.0,15.27,0.0
2025-12-01 21:00:00,0.0,0.0,15.06,0.0
2025-12-01 22:00:00,0.0,0.0,14.83,0.0
2025-12-01 23:00:00,0.0,0.0,14.56,0.0
2025-12-02 00:00:00,0.0,0.0,14.14,0.0
2025-12-02 01:00:00,0.0,0.0,13.74,0.0
2025-12-02 02:00:00,0.0,0.0,13.4,0.0
2025-12-02 03:00:00,0.0,0.0,12.96,0.0
2025-12-02 04:00:00,0.0,0.0,12.45,0.0
2025-12-02 05:00:00,0.0,0.0,12.0,0.0
2025-12-02 06:00:00,19.23,27.49,11.71,19.33
2025-12-02 07:00:00,186.2,422.67,13.15,188.23
2025-12-02 08:00:00,391.98,650.5,15.79,394.83
2025-12-02 09:00:00,565.9,777.11,18.82,568.47
2025-12-02 10:00:00,683.78,831.73,21.68,685.72
2025-12-02 11:00:00,718.97,776.66,23.67,720.22
2025-12-02 12:00:00,696.78,774.56,24.94,697.15
2025-12-02 13:00:00,604.1,744.07,25.67,604.1
2025-12-02 14:00:00,442.3,620.68,25.78,448.75
2025-12-02 15:00:00,244.25,431.18,25.1,251.88
2025-12-02 16:00:00,53.12,92.46,22.35,54.53
2025-12-02 17:00:00,0.0,0.0,19.48,0.0
2025-12-02 18:00:00,0.0,0.0,18.68,0.0
2025-12-02 19:00:00,0.0,0.0,17.33,0.0
2025-12-02 20:00:00,0.0,0.0,16.37,0.0
2025-12-02 21:00:00,0.0,0.0,15.7,0.0
2025-12-02 22:00:00,0.0,0.0,15.07,0.0
2025-12-02 23:00:00,0.0,0.0,14.4,0.0
2025-12-03 00:00:00,0.0,0.0,13.84,0.0
2025-12-03 01:00:00,0.0,0.0,13.74,0.0
2025-12-03 02:00:00,0.0,0.0,13.16,0.0
2025-12-03 03:00:00,0.0,0.0,12.63,0.0
2025-12-03 04:00:00,0.0,0.0,12.17,0.0
2025-12-03 05:00:00,0.0,0.0,11.84,0.0
2025-12-03 06:00:00,18.83,39.6,12.19,19.23
2025-12-03 07:00:00,178.35,407.61,14.1,187.35
2025-12-03 08:00:00,371.75,586.45,15.53,390.98
2025-12-03 09:00:00,533.55,683.66,18.13,561.05
2025-12-03 10:00:00,652.35,726.06,21.17,675.3
2025-12-03 11:00:00,663.12,594.46,23.9,707.4
2025-12-03 12:00:00,660.3,641.49,25.46,682.28
2025-12-03 13:00:00,525.47,478.71,26.15,588.2
2025-12-03 14:00:00,358.38,270.1,26.17,433.17
2025-12-03 15:00:00,187.88,107.69,25.41,237.88
2025-12-03 16:00:00,40.0,14.95,22.86,49.75
2025-12-03 17:00:00,0.0,0.0,20.65,0.0
2025-12-03 18:00:00,0.0,0.0,20.01,0.0
2025-12-03 19:00:00,0.0,0.0,19.53,0.0
2025-12-03 20:00:00,0.0,0.0,19.53,0.0
2025-12-03 21:00:00,0.0,0.0,19.37,0.0
2025-12-03 22:00:00,0.0,0.0,18.35,0.0
2025-12-03 23:00:00,0.0,0.0,17.91,0.0
2025-12-04 00:00:00,0.0,0.0,17.49,0.0
2025-12-04 01:00:00,0.0,0.0,16.26,0.0
2025-12-04 02:00:00,0.0,0.0,14.99,0.0
2025-12-04 03:00:00,0.0,0.0,14.11,0.0
2025-12-04 04:00:00,0.0,0.0,13.55,0.0
2025-12-04 05:00:00,0.0,0.0,13.07,0.0
2025-12-04 06:00:00,17.08,18.14,12.76,17.17
2025-12-04 07:00:00,171.32,366.48,14.82,177.65
2025-12-04 08:00:00,374.4,554.42,17.33,382.17
2025-12-04 09:00:00,548.17,704.57,20.79,554.05
2025-12-04 10:00:00,662.6,775.54,23.72,670.53
2025-12-04 11:00:00,709.33,779.77,26.04,716.03
2025-12-04 12:00:00,667.05,633.31,27.67,691.2
2025-12-04 13:00:00,549.08,535.21,29.24,596.1
2025-12-04 14:00:00,402.77,512.4,29.86,440.92
2025-12-04 15:00:00,225.15,357.17,29.49,242.82
2025-12-04 16:00:00,49.7,75.03,26.77,51.55
2025-12-04 17:00:00,0.0,0.0,24.24,0.0
2025-12-04 18:00:00,0.0,0.0,23.08,0.0
2025-12-04 19:00:00,0.0,0.0,22.45,0.0
2025-12-04 20:00:00,0.0,0.0,21.99,0.0
2025-12-04 21:00:00,0.0,0.0,21.3,0.0
2025-12-04 22:00:00,0.0,0.0,20.94,0.0
2025-12-04 23:00:00,0.0,0.0,20.93,0.0
2025-12-05 00:00:00,0.0,0.0,20.58,0.0
2025-12-05 01:00:00,0.0,0.0,20.15,0.0
2025-12-05 02:00:00,0.0,0.0,19.8,0.0
2025-12-05 03:00:00,0.0,0.0,19.35,0.0
2025-12-05 04:00:00,0.0,0.0,19.07,0.0
2025-12-05 05:00:00,0.0,0.0,18.53,0.0
2025-12-05 06:00:00,14.75,10.1,17.84,16.33
2025-12-05 07:00:00,150.23,212.82,18.64,173.95
2025-12-05 08:00:00,337.2,352.94,20.84,374.67
2025-12-05 09:00:00,503.7,542.97,24.09,542.15
2025-12-05 10:00:00,608.67,585.62,26.75,653.88
2025-12-05 11:00:00,588.75,405.67,28.24,694.55
2025-12-05 12:00:00,485.8,279.38,29.31,664.97
2025-12-05 13:00:00,385.98,173.42,29.96,572.97
2025-12-05 14:00:00,266.17,92.48,30.1,422.6
2025-12-05 15:00:00,147.43,67.3,29.53,233.23
2025-12-05 16:00:00,33.65,0.0,27.54,49.25
2025-12-05 17:00:00,0.0,0.0,25.57,0.0
2025-12-05 18:00:00,0.0,0.0,24.47,0.0
2025-12-05 19:00:00,0.0,0.0,23.67,0.0
2025-12-05 20:00:00,0.0,0.0,22.99,0.0
2025-12-05 21:00:00,0.0,0.0,22.49,0.0
2025-12-05 22:00:00,0.0,0.0,22.08,0.0
2025-12-05 23:00:00,0.0,0.0,21.69,0.0
2025-12-06 00:00:00,0.0,0.0,21.52,0.0
2025-12-06 01:00:00,0.0,0.0,21.51,0.0
2025-12-06 02:00:00,0.0,0.0,21.18,0.0
2025-12-06 03:00:00,0.0,0.0,20.48,0.0
2025-12-06 04:00:00,0.0,0.0,19.79,0.0
2025-12-06 05:00:00,0.0,0.0,18.89,0.0
2025-12-06 06:00:00,11.07,2.52,18.24,14.15
2025-12-06 07:00:00,138.27,155.23,19.69,156.25
2025-12-06 08:00:00,331.12,390.56,21.86,349.73
2025-12-06 09:00:00,511.35,580.01,24.81,516.03
2025-12-06 10:00:00,625.12,630.81,27.25,629.05
2025-12-06 11:00:00,621.12,447.21,29.07,652.6
2025-12-06 12:00:00,570.38,294.0,30.47,631.08
2025-12-06 13:00:00,481.23,310.18,31.3,539.25
2025-12-06 14:00:00,351.02,249.65,31.51,388.92
2025-12-06 15:00:00,193.0,146.73,31.01,204.55
2025-12-06 16:00:00,42.4,10.16,28.46,42.53
2025-12-06 17:00:00,0.0,0.0,25.35,0.0
2025-12-06 18:00:00,0.0,0.0,24.24,0.0
2025-12-06 19:00:00,0.0,0.0,22.64,0.0
2025-12-06 20:00:00,0.0,0.0,21.22,0.0
2025-12-06 21:00:00,0.0,0.0,20.13,0.0
2025-12-06 22:00:00,0.0,0.0,19.05,0.0
2025-12-06 23:00:00,0.0,0.0,18.09,0.0
2025-12-07 00:00:00,0.0,0.0,17.53,0.0
2025-12-07 01:00:00,0.0,0.0,17.12,0.0
2025-12-07 02:00:00,0.0,0.0,16.76,0.0
2025-12-07 03:00:00,0.0,0.0,16.42,0.0
2025-12-07 04:00:00,0.0,0.0,16.11,0.0
2025-12-07 05:00:00,0.0,0.0,15.79,0.0
2025-12-07 06:00:00,10.55,0.0,15.47,14.57
2025-12-07 07:00:00,73.68,0.0,15.56,162.0
2025-12-07 08:00:00,148.48,0.0,16.46,360.27
2025-12-07 09:00:00,205.1,15.28,17.77,530.55
2025-12-07 10:00:00,405.8,6.42,18.56,646.62
2025-12-07 11:00:00,253.2,14.74,19.04,696.17
2025-12-07 12:00:00,471.38,61.35,19.64,674.65
2025-12-07 13:00:00,305.33,0.87,21.33,584.33
2025-12-07 14:00:00,251.15,103.03,21.37,436.92
2025-12-07 15:00:00,166.35,150.77,21.27,243.85
2025-12-07 16:00:00,45.62,49.57,19.8,53.28
2025-12-07 17:00:00,0.0,0.0,16.98,0.0
2025-12-07 18:00:00,0.0,0.0,15.92,0.0
2025-12-07 19:00:00,0.0,0.0,14.98,0.0
2025-12-07 20:00:00,0.0,0.0,14.06,0.0
2025-12-07 21:00:00,0.0,0.0,13.18,0.0
2025-12-07 22:00:00,0.0,0.0,12.43,0.0
2025-12-07 23:00:00,0.0,0.0,11.79,0.0
2025-12-08 00:00:00,0.0,0.0,11.25,0.0
2025-12-08 01:00:00,0.0,0.0,10.81,0.0
2025-12-08 02:00:00,0.0,0.0,10.41,0.0
2025-12-08 03:00:00,0.0,0.0,10.08,0.0
2025-12-08 04:00:00,0.0,0.0,9.76,0.0
2025-12-08 05:00:00,0.0,0.0,9.39,0.0
2025-12-08 06:00:00,14.35,3.65,9.11,14.4
2025-12-08 07:00:00,165.68,283.52,11.12,167.18
2025-12-08 08:00:00,371.0,507.05,13.71,373.6
2025-12-08 09:00:00,547.38,631.73,17.2,550.0
2025-12-08 10:00:00,668.05,692.74,19.12,670.33
2025-12-08 11:00:00,724.97,761.95,20.56,726.83
2025-12-08 12:00:00,702.42,747.34,21.69,703.78
2025-12-08 13:00:00,608.05,698.3,22.31,608.72
2025-12-08 14:00:00,449.3,591.65,22.34,450.02
2025-12-08 15:00:00,247.62,386.0,21.66,248.15
2025-12-08 16:00:00,53.15,50.74,19.56,53.25
2025-12-08 17:00:00,0.0,0.0,16.17,0.0
2025-12-08 18:00:00,0.0,0.0,14.96,0.0
2025-12-08 19:00:00,0.0,0.0,14.07,0.0
2025-12-08 20:00:00,0.0,0.0,13.35,0.0
2025-12-08 21:00:00,0.0,0.0,12.79,0.0
2025-12-08 22:00:00,0.0,0.0,12.32,0.0
2025-12-08 23:00:00,0.0,0.0,11.82,0.0
2025-12-09 00:00:00,0.0,0.0,11.25,0.0
2025-12-09 01:00:00,0.0,0.0,10.77,0.0
2025-12-09 02:00:00,0.0,0.0,10.42,0.0
2025-12-09 03:00:00,0.0,0.0,10.15,0.0
2025-12-09 04:00:00,0.0,0.0,9.95,0.0
2025-12-09 05:00:00,0.0,0.0,9.89,0.0
2025-12-09 06:00:00,12.68,0.51,9.9,12.7
2025-12-09 07:00:00,147.5,160.91,12.08,148.23
2025-12-09 08:00:00,336.55,351.04,14.69,339.1
2025-12-09 09:00:00,505.62,471.98,18.52,510.62
2025-12-09 10:00:00,621.33,529.97,20.33,628.9
2025-12-09 11:00:00,699.5,726.33,21.57,709.72
2025-12-09 12:00:00,674.0,706.33,22.37,685.55
2025-12-09 13:00:00,581.6,637.62,22.64,591.03
2025-12-09 14:00:00,428.62,538.03,22.31,435.98
2025-12-09 15:00:00,237.48,360.22,21.43,240.85
2025-12-09 16:00:00,51.58,47.67,19.67,52.08
2025-12-09 17:00:00,0.0,0.0,16.74,0.0
2025-12-09 18:00:00,0.0,0.0,15.9,0.0
2025-12-09 19:00:00,0.0,0.0,15.09,0.0
2025-12-09 20:00:00,0.0,0.0,14.26,0.0
2025-12-09 21:00:00,0.0,0.0,13.47,0.0
2025-12-09 22:00:00,0.0,0.0,12.76,0.0
2025-12-09 23:00:00,0.0,0.0,12.12,0.0
2025-12-10 00:00:00,0.0,0.0,11.59,0.0
2025-12-10 01:00:00,0.0,0.0,11.18,0.0
2025-12-10 02:00:00,0.0,0.0,10.82,0.0
2025-12-10 03:00:00,0.0,0.0,10.45,0.0
2025-12-10 04:00:00,0.0,0.0,10.06,0.0
2025-12-10 05:00:00,0.0,0.0,9.67,0.0
2025-12-10 06:00:00,12.82,2.01,9.45,12.85
2025-12-10 07:00:00,156.6,258.86,11.52,157.82
2025-12-10 08:00:00,355.27,497.86,14.36,359.62
2025-12-10 09:00:00,526.47,626.12,17.65,534.88
2025-12-10 10:00:00,642.38,697.14,19.29,654.97
2025-12-10 11:00:00,701.0,797.31,20.46,717.42
2025-12-10 12:00:00,675.65,769.81,21.4,695.38
2025-12-10 13:00:00,568.42,611.45,21.95,602.17
2025-12-10 14:00:00,424.12,540.9,22.04,447.12
2025-12-10 15:00:00,238.32,369.93,21.56,250.3
2025-12-10 16:00:00,53.25,69.14,19.71,55.08
2025-12-10 17:00:00,0.0,0.0,16.61,0.0
2025-12-10 18:00:00,0.0,0.0,15.89,0.0
2025-12-10 19:00:00,0.0,0.0,15.33,0.0
2025-12-10 20:00:00,0.0,0.0,14.97,0.0
2025-12-10 21:00:00,0.0,0.0,14.72,0.0
2025-12-10 22:00:00,0.0,0.0,14.12,0.0
2025-12-10 23:00:00,0.0,0.0,13.56,0.0
2025-12-11 00:00:00,0.0,0.0,12.76,0.0
2025-12-11 01:00:00,0.0,0.0,12.19,0.0
2025-12-11 02:00:00,0.0,0.0,11.68,0.0
2025-12-11 03:00:00,0.0,0.0,11.07,0.0
2025-12-11 04:00:00,0.0,0.0,11.16,0.0
2025-12-11 05:00:00,0.0,0.0,10.61,0.0
2025-12-11 06:00:00,12.43,4.49,10.18,12.5
2025-12-11 07:00:00,157.93,298.88,11.76,160.82
2025-12-11 08:00:00,361.0,555.15,14.4,365.98
2025-12-11 09:00:00,538.72,687.81,17.91,541.72
2025-12-11 10:00:00,662.45,771.76,19.77,663.0
2025-12-11 11:00:00,719.1,836.91,21.0,719.97
2025-12-11 12:00:00,699.03,820.34,21.88,700.33
2025-12-11 13:00:00,607.7,779.57,22.39,609.67
2025-12-11 14:00:00,454.7,692.82,22.43,456.38
2025-12-11 15:00:00,257.33,508.88,21.93,258.42
2025-12-11 16:00:00,58.35,127.11,19.51,58.58
2025-12-11 17:00:00,0.0,0.0,16.24,0.0
2025-12-11 18:00:00,0.0,0.0,15.33,0.0
2025-12-11 19:00:00,0.0,0.0,14.56,0.0
2025-12-11 20:00:00,0.0,0.0,13.83,0.0
2025-12-11 21:00:00,0.0,0.0,13.15,0.0
2025-12-11 22:00:00,0.0,0.0,12.53,0.0
2025-12-11 23:00:00,0.0,0.0,11.97,0.0
2025-12-12 00:00:00,0.0,0.0,11.4,0.0
2025-12-12 01:00:00,0.0,0.0,10.84,0.0
2025-12-12 02:00:00,0.0,0.0,10.32,0.0
2025-12-12 03:00:00,0.0,0.0,9.81,0.0
2025-12-12 04:00:00,0.0,0.0,9.24,0.0
2025-12-12 05:00:00,0.0,0.0,8.7,0.0
2025-12-12 06:00:00,12.68,13.41,8.32,12.7
2025-12-12 07:00:00,167.1,428.2,10.56,167.82
2025-12-12 08:00:00,374.15,665.61,13.22,375.15
2025-12-12 09:00:00,550.0,794.08,16.85,550.9
2025-12-12 10:00:00,670.33,854.12,18.97,670.97
2025-12-12 11:00:00,721.58,884.02,20.21,722.03
2025-12-12 12:00:00,702.05,871.31,21.13,702.2
2025-12-12 13:00:00,611.6,832.63,21.68,611.78
2025-12-12 14:00:00,459.4,749.79,21.72,459.6
2025-12-12 15:00:00,262.95,582.42,21.15,263.15
2025-12-12 16:00:00,61.62,194.25,18.86,61.67
2025-12-12 17:00:00,0.0,0.0,15.56,0.0
2025-12-12 18:00:00,0.0,0.0,14.69,0.0
2025-12-12 19:00:00,0.0,0.0,13.93,0.0
2025-12-12 20:00:00,0.0,0.0,13.21,0.0
2025-12-12 21:00:00,0.0,0.0,12.57,0.0
2025-12-12 22:00:00,0.0,0.0,12.02,0.0
2025-12-12 23:00:00,0.0,0.0,11.45,0.0
2025-12-13 00:00:00,0.0,0.0,11.1,0.0
2025-12-13 01:00:00,0.0,0.0,10.83,0.0
2025-12-13 02:00:00,0.0,0.0,10.14,0.0
2025-12-13 03:00:00,0.0,0.0,9.7,0.0
2025-12-13 04:00:00,0.0,0.0,9.29,0.0
2025-12-13 05:00:00,0.0,0.0,8.88,0.0
2025-12-13 06:00:00,12.05,16.36,8.61,12.07
2025-12-13 07:00:00,164.5,427.59,10.57,165.15
2025-12-13 08:00:00,371.58,673.27,13.22,372.42
2025-12-13 09:00:00,548.03,796.7,16.72,548.83
2025-12-13 10:00:00,669.33,851.04,18.98,670.0
2025-12-13 11:00:00,719.12,845.72,20.39,719.75
2025-12-13 12:00:00,700.5,842.01,21.49,701.1
2025-12-13 13:00:00,610.85,804.15,22.16,611.45
2025-12-13 14:00:00,458.38,709.3,22.24,458.98
2025-12-13 15:00:00,260.33,524.94,21.63,260.8
2025-12-13 16:00:00,60.2,139.52,18.98,60.3
2025-12-13 17:00:00,0.0,0.0,15.61,0.0
2025-12-13 18:00:00,0.0,0.0,14.65,0.0
2025-12-13 19:00:00,0.0,0.0,13.85,0.0
2025-12-13 20:00:00,0.0,0.0,13.3,0.0
2025-12-13 21:00:00,0.0,0.0,12.99,0.0
2025-12-13 22:00:00,0.0,0.0,12.58,0.0
2025-12-13 23:00:00,0.0,0.0,12.1,0.0
2025-12-14 00:00:00,0.0,0.0,11.62,0.0
2025-12-14 01:00:00,0.0,0.0,11.23,0.0
2025-12-14 02:00:00,0.0,0.0,10.83,0.0
2025-12-14 03:00:00,0.0,0.0,10.36,0.0
2025-12-14 04:00:00,0.0,0.0,9.95,0.0
2025-12-14 05:00:00,0.0,0.0,9.56,0.0
2025-12-14 06:00:00,11.48,17.77,9.29,11.48
2025-12-14 07:00:00,162.82,445.78,10.74,162.98
2025-12-14 08:00:00,368.9,686.46,13.38,369.23
2025-12-14 09:00:00,544.15,817.63,17.22,544.6
2025-12-14 10:00:00,663.62,868.29,20.01,664.22
2025-12-14 11:00:00,700.3,787.71,21.47,701.0
2025-12-14 12:00:00,679.08,761.14,22.3,679.85
2025-12-14 13:00:00,586.88,695.56,22.67,587.4
2025-12-14 14:00:00,432.52,580.73,22.56,434.1
2025-12-14 15:00:00,240.12,391.99,21.9,241.6
2025-12-14 16:00:00,54.3,67.98,19.74,54.6
2025-12-14 17:00:00,0.0,0.0,16.74,0.0
2025-12-14 18:00:00,0.0,0.0,16.43,0.0
2025-12-14 19:00:00,0.0,0.0,16.05,0.0
2025-12-14 20:00:00,0.0,0.0,15.28,0.0
2025-12-14 21:00:00,0.0,0.0,14.62,0.0
2025-12-14 22:00:00,0.0,0.0,13.92,0.0
2025-12-14 23:00:00,0.0,0.0,13.31,0.0
2025-12-15 00:00:00,0.0,0.0,12.79,0.0
2025-12-15 01:00:00,0.0,0.0,12.39,0.0
2025-12-15 02:00:00,0.0,0.0,12.12,0.0
2025-12-15 03:00:00,0.0,0.0,11.77,0.0
2025-12-15 04:00:00,0.0,0.0,11.34,0.0
2025-12-15 05:00:00,0.0,0.0,10.81,0.0
2025-12-15 06:00:00,11.3,30.22,10.45,11.35
2025-12-15 07:00:00,163.2,474.35,11.87,166.43
2025-12-15 08:00:00,365.2,692.52,14.52,374.2
2025-12-15 09:00:00,538.1,789.07,18.09,549.25
2025-12-15 10:00:00,650.35,819.11,20.36,669.1
2025-12-15 11:00:00,686.3,755.05,21.74,709.53
2025-12-15 12:00:00,688.55,847.16,22.66,691.1
2025-12-15 13:00:00,601.55,813.03,23.16,601.75
2025-12-15 14:00:00,450.98,717.79,23.14,452.27
2025-12-15 15:00:00,256.05,530.84,22.51,257.5
2025-12-15 16:00:00,60.15,154.49,20.44,60.65
2025-12-15 17:00:00,0.0,0.0,17.58,0.0
2025-12-15 18:00:00,0.0,0.0,16.98,0.0
2025-12-15 19:00:00,0.0,0.0,16.2,0.0
2025-12-15 20:00:00,0.0,0.0,15.38,0.0
2025-12-15 21:00:00,0.0,0.0,14.66,0.0
2025-12-15 22:00:00,0.0,0.0,13.94,0.0
2025-12-15 23:00:00,0.0,0.0,13.32,0.0
2025-12-16 00:00:00,0.0,0.0,12.77,0.0
2025-12-16 01:00:00,0.0,0.0,12.34,0.0
2025-12-16 02:00:00,0.0,0.0,11.95,0.0
2025-12-16 03:00:00,0.0,0.0,11.5,0.0
2025-12-16 04:00:00,0.0,0.0,11.03,0.0
2025-12-16 05:00:00,0.0,0.0,10.58,0.0
2025-12-16 06:00:00,8.4,0.0,10.23,8.4
2025-12-16 07:00:00,117.07,49.42,11.28,117.28
2025-12-16 08:00:00,292.8,203.98,13.91,293.4
2025-12-16 09:00:00,468.95,345.72,16.4,469.8
2025-12-16 10:00:00,599.6,443.69,18.09,600.5
2025-12-16 11:00:00,714.38,791.94,19.36,715.25
2025-12-16 12:00:00,698.08,781.7,20.22,698.83
2025-12-16 13:00:00,609.75,731.97,20.67,610.55
2025-12-16 14:00:00,457.48,634.29,20.66,458.38
2025-12-16 15:00:00,258.58,448.73,20.11,259.33
2025-12-16 16:00:00,61.0,95.34,18.16,61.17
2025-12-16 17:00:00,0.0,0.0,15.52,0.0
2025-12-16 18:00:00,0.0,0.0,15.29,0.0
2025-12-16 19:00:00,0.0,0.0,15.47,0.0
2025-12-16 20:00:00,0.0,0.0,15.25,0.0
2025-12-16 21:00:00,0.0,0.0,14.84,0.0
2025-12-16 22:00:00,0.0,0.0,14.34,0.0
2025-12-16 23:00:00,0.0,0.0,13.54,0.0
2025-12-17 00:00:00,0.0,0.0,12.9,0.0
2025-12-17 01:00:00,0.0,0.0,12.36,0.0
2025-12-17 02:00:00,0.0,0.0,12.32,0.0
2025-12-17 03:00:00,0.0,0.0,12.27,0.0
2025-12-17 04:00:00,0.0,0.0,11.31,0.0
2025-12-17 05:00:00,0.0,0.0,10.92,0.0
2025-12-17 06:00:00,9.8,9.45,10.56,9.77
2025-12-17 07:00:00,153.93,391.98,11.99,155.23
2025-12-17 08:00:00,358.98,661.89,14.45,361.67
2025-12-17 09:00:00,540.65,812.53,17.16,541.22
2025-12-17 10:00:00,665.2,885.07,18.78,665.65
2025-12-17 11:00:00,715.3,882.1,19.92,715.55
2025-12-17 12:00:00,699.8,881.01,20.83,699.95
2025-12-17 13:00:00,613.47,846.2,21.34,613.65
2025-12-17 14:00:00,465.12,771.37,21.44,465.35
2025-12-17 15:00:00,268.75,608.61,20.97,268.92
2025-12-17 16:00:00,67.53,227.76,19.01,67.57
2025-12-17 17:00:00,0.0,0.0,15.81,0.0
2025-12-17 18:00:00,0.0,0.0,15.25,0.0
2025-12-17 19:00:00,0.0,0.0,14.94,0.0
2025-12-17 20:00:00,0.0,0.0,14.36,0.0
2025-12-17 21:00:00,0.0,0.0,13.64,0.0
2025-12-17 22:00:00,0.0,0.0,13.15,0.0
2025-12-17 23:00:00,0.0,0.0,12.49,0.0
2025-12-18 00:00:00,0.0,0.0,11.9,0.0
2025-12-18 01:00:00,0.0,0.0,11.12,0.0
2025-12-18 02:00:00,0.0,0.0,10.33,0.0
2025-12-18 03:00:00,0.0,0.0,9.61,0.0
2025-12-18 04:00:00,0.0,0.0,9.22,0.0
2025-12-18 05:00:00,0.0,0.0,8.75,0.0
2025-12-18 06:00:00,10.7,39.38,8.3,11.05
2025-12-18 07:00:00,164.57,507.53,10.42,171.23
2025-12-18 08:00:00,371.77,754.94,13.38,384.73
2025-12-18 09:00:00,550.33,887.54,16.51,563.92
2025-12-18 10:00:00,680.3,938.82,18.15,687.08
2025-12-18 11:00:00,730.22,921.84,19.61,733.58
2025-12-18 12:00:00,702.33,796.78,20.81,717.97
2025-12-18 13:00:00,580.58,733.13,21.62,632.4
2025-12-18 14:00:00,427.85,491.65,21.95,483.23
2025-12-18 15:00:00,255.05,354.67,21.64,286.6
2025-12-18 16:00:00,66.57,138.08,18.91,76.43
2025-12-18 17:00:00,0.0,0.0,15.87,0.0
2025-12-18 18:00:00,0.0,0.0,15.05,0.0
2025-12-18 19:00:00,0.0,0.0,14.34,0.0
2025-12-18 20:00:00,0.0,0.0,13.5,0.0
2025-12-18 21:00:00,0.0,0.0,12.5,0.0
2025-12-18 22:00:00,0.0,0.0,11.46,0.0
2025-12-18 23:00:00,0.0,0.0,10.54,0.0
2025-12-19 00:00:00,0.0,0.0,9.76,0.0
2025-12-19 01:00:00,0.0,0.0,9.11,0.0
2025-12-19 02:00:00,0.0,0.0,8.65,0.0
2025-12-19 03:00:00,0.0,0.0,8.38,0.0
2025-12-19 04:00:00,0.0,0.0,8.26,0.0
2025-12-19 05:00:00,0.0,0.0,7.89,0.0
2025-12-19 06:00:00,10.85,68.16,7.53,10.98
2025-12-19 07:00:00,168.1,610.34,9.92,170.25
2025-12-19 08:00:00,377.55,801.76,12.57,380.35
2025-12-19 09:00:00,554.45,919.8,16.11,557.15
2025-12-19 10:00:00,676.6,956.97,19.59,679.5
2025-12-19 11:00:00,718.85,898.83,21.13,719.4
2025-12-19 12:00:00,690.25,789.19,22.15,704.0
2025-12-19 13:00:00,607.08,815.91,22.56,618.72
2025-12-19 14:00:00,458.67,733.33,22.65,471.08
2025-12-19 15:00:00,267.6,553.79,22.24,276.77
2025-12-19 16:00:00,69.35,209.48,19.24,72.3
2025-12-19 17:00:00,0.0,0.0,15.99,0.0
2025-12-19 18:00:00,0.0,0.0,15.16,0.0
2025-12-19 19:00:00,0.0,0.0,14.42,0.0
2025-12-19 20:00:00,0.0,0.0,13.51,0.0
2025-12-19 21:00:00,0.0,0.0,12.28,0.0
2025-12-19 22:00:00,0.0,0.0,11.24,0.0
2025-12-19 23:00:00,0.0,0.0,10.39,0.0
2025-12-20 00:00:00,0.0,0.0,9.78,0.0
2025-12-20 01:00:00,0.0,0.0,9.21,0.0
2025-12-20 02:00:00,0.0,0.0,8.87,0.0
2025-12-20 03:00:00,0.0,0.0,8.17,0.0
2025-12-20 04:00:00,0.0,0.0,7.68,0.0
2025-12-20 05:00:00,0.0,0.0,7.34,0.0
2025-12-20 06:00:00,9.43,35.77,7.01,9.55
2025-12-20 07:00:00,157.5,509.15,9.26,159.65
2025-12-20 08:00:00,364.55,727.93,12.28,367.95
2025-12-20 09:00:00,542.12,848.5,15.52,545.28
2025-12-20 10:00:00,665.72,894.94,18.22,668.0
2025-12-20 11:00:00,711.62,856.38,20.12,713.05
2025-12-20 12:00:00,698.45,867.72,21.22,699.22
2025-12-20 13:00:00,614.35,841.51,21.87,614.6
2025-12-20 14:00:00,466.25,762.04,22.07,467.08
2025-12-20 15:00:00,272.12,604.91,21.68,273.05
2025-12-20 16:00:00,70.88,230.43,19.7,71.22
2025-12-20 17:00:00,0.0,0.0,17.17,0.0
2025-12-20 18:00:00,0.0,0.0,15.73,0.0
2025-12-20 19:00:00,0.0,0.0,14.62,0.0
2025-12-20 20:00:00,0.0,0.0,13.78,0.0
2025-12-20 21:00:00,0.0,0.0,13.0,0.0
2025-12-20 22:00:00,0.0,0.0,12.29,0.0
2025-12-20 23:00:00,0.0,0.0,11.63,0.0
2025-12-21 00:00:00,0.0,0.0,11.1,0.0
2025-12-21 01:00:00,0.0,0.0,10.66,0.0
2025-12-21 02:00:00,0.0,0.0,10.07,0.0
2025-12-21 03:00:00,0.0,0.0,9.54,0.0
2025-12-21 04:00:00,0.0,0.0,9.26,0.0
2025-12-21 05:00:00,0.0,0.0,9.21,0.0
2025-12-21 06:00:00,8.82,27.76,9.26,8.93
2025-12-21 07:00:00,152.82,454.92,11.0,156.77
2025-12-21 08:00:00,359.9,699.91,13.33,365.5
2025-12-21 09:00:00,538.58,832.02,16.95,543.4
2025-12-21 10:00:00,658.15,900.56,20.74,665.4
2025-12-21 11:00:00,634.25,447.13,22.53,701.67
2025-12-21 12:00:00,494.8,61.45,23.35,685.55
2025-12-21 13:00:00,381.5,18.75,23.59,601.1
2025-12-21 14:00:00,304.2,99.04,23.21,454.45
2025-12-21 15:00:00,182.05,121.7,22.58,263.27
2025-12-21 16:00:00,54.45,55.54,20.7,67.9
2025-12-21 17:00:00,0.0,0.0,19.1,0.0
2025-12-21 18:00:00,0.0,0.0,17.78,0.0
2025-12-21 19:00:00,0.0,0.0,16.32,0.0
2025-12-21 20:00:00,0.0,0.0,14.99,0.0
2025-12-21 21:00:00,0.0,0.0,14.24,0.0
2025-12-21 22:00:00,0.0,0.0,13.41,0.0
2025-12-21 23:00:00,0.0,0.0,12.57,0.0
2025-12-22 00:00:00,0.0,0.0,12.11,0.0
2025-12-22 01:00:00,0.0,0.0,11.55,0.0
2025-12-22 02:00:00,0.0,0.0,11.0,0.0
2025-12-22 03:00:00,0.0,0.0,10.51,0.0
2025-12-22 04:00:00,0.0,0.0,10.08,0.0
2025-12-22 05:00:00,0.0,0.0,9.76,0.0
2025-12-22 06:00:00,7.62,7.23,10.11,7.65
2025-12-22 07:00:00,140.35,354.38,12.32,141.35
2025-12-22 08:00:00,342.95,598.65,14.62,344.7
2025-12-22 09:00:00,521.8,739.0,17.56,523.78
2025-12-22 10:00:00,648.4,804.49,20.58,649.67
2025-12-22 11:00:00,719.12,890.94,22.8,719.72
2025-12-22 12:00:00,706.22,886.83,23.92,706.33
2025-12-22 13:00:00,621.62,849.14,24.48,621.75
2025-12-22 14:00:00,473.77,767.89,24.42,473.92
2025-12-22 15:00:00,278.35,604.76,23.77,278.5
2025-12-22 16:00:00,73.9,226.61,20.12,73.95
2025-12-22 17:00:00,0.0,0.0,17.1,0.0
2025-12-22 18:00:00,0.0,0.0,15.96,0.0
2025-12-22 19:00:00,0.0,0.0,15.18,0.0
2025-12-22 20:00:00,0.0,0.0,14.61,0.0
2025-12-22 21:00:00,0.0,0.0,14.08,0.0
2025-12-22 22:00:00,0.0,0.0,13.44,0.0
2025-12-22 23:00:00,0.0,0.0,12.86,0.0
2025-12-23 00:00:00,0.0,0.0,12.41,0.0
2025-12-23 01:00:00,0.0,0.0,11.61,0.0
2025-12-23 02:00:00,0.0,0.0,10.93,0.0
2025-12-23 03:00:00,0.0,0.0,10.25,0.0
2025-12-23 04:00:00,0.0,0.0,9.62,0.0
2025-12-23 05:00:00,0.0,0.0,9.59,0.0
2025-12-23 06:00:00,7.15,1.35,9.73,7.4
2025-12-23 07:00:00,117.47,146.66,10.59,138.57
2025-12-23 08:00:00,297.67,312.06,12.47,343.4
2025-12-23 09:00:00,461.65,465.6,15.19,521.3
2025-12-23 10:00:00,455.17,86.23,17.97,645.2
2025-12-23 11:00:00,575.88,253.32,19.61,705.33
2025-12-23 12:00:00,609.47,396.19,20.34,688.55
2025-12-23 13:00:00,415.6,116.07,20.55,602.47
2025-12-23 14:00:00,285.75,48.53,20.12,454.92
2025-12-23 15:00:00,160.73,29.29,19.21,263.15
2025-12-23 16:00:00,45.03,6.52,17.29,68.3
2025-12-23 17:00:00,0.0,0.0,15.89,0.0
2025-12-23 18:00:00,0.0,0.0,15.37,0.0
2025-12-23 19:00:00,0.0,0.0,14.81,0.0
2025-12-23 20:00:00,0.0,0.0,14.12,0.0
2025-12-23 21:00:00,0.0,0.0,13.09,0.0
2025-12-23 22:00:00,0.0,0.0,12.72,0.0
2025-12-23 23:00:00,0.0,0.0,12.45,0.0
2025-12-24 00:00:00,0.0,0.0,12.59,0.0
2025-12-24 01:00:00,0.0,0.0,12.84,0.0
2025-12-24 02:00:00,0.0,0.0,12.79,0.0
2025-12-24 03:00:00,0.0,0.0,12.53,0.0
2025-12-24 04:00:00,0.0,0.0,12.2,0.0
2025-12-24 05:00:00,0.0,0.0,11.52,0.0
2025-12-24 06:00:00,7.2,0.94,10.51,7.2
2025-12-24 07:00:00,119.47,123.09,11.87,140.18
2025-12-24 08:00:00,304.23,333.57,14.05,349.17
2025-12-24 09:00:00,485.62,556.48,17.17,531.35
2025-12-24 10:00:00,608.5,541.22,20.18,658.92
2025-12-24 11:00:00,704.75,805.84,22.61,707.0
2025-12-24 12:00:00,693.6,798.83,23.87,696.97
2025-12-24 13:00:00,612.12,792.2,24.55,615.58
2025-12-24 14:00:00,465.77,689.83,24.69,470.73
2025-12-24 15:00:00,272.52,520.75,24.15,278.27
2025-12-24 16:00:00,72.78,152.97,20.7,75.97
2025-12-24 17:00:00,0.0,0.0,17.49,0.0
2025-12-24 18:00:00,0.0,0.0,16.45,0.0
2025-12-24 19:00:00,0.0,0.0,15.81,0.0
2025-12-24 20:00:00,0.0,0.0,15.15,0.0
2025-12-24 21:00:00,0.0,0.0,14.46,0.0
2025-12-24 22:00:00,0.0,0.0,14.42,0.0
2025-12-24 23:00:00,0.0,0.0,14.41,0.0
2025-12-25 00:00:00,0.0,0.0,14.0,0.0
2025-12-25 01:00:00,0.0,0.0,13.66,0.0
2025-12-25 02:00:00,0.0,0.0,13.41,0.0
2025-12-25 03:00:00,0.0,0.0,13.3,0.0
2025-12-25 04:00:00,0.0,0.0,13.17,0.0
2025-12-25 05:00:00,0.0,0.0,12.79,0.0
2025-12-25 06:00:00,5.68,0.0,12.1,7.15
2025-12-25 07:00:00,104.05,54.78,13.86,142.93
2025-12-25 08:00:00,255.52,125.31,16.07,349.23
2025-12-25 09:00:00,401.08,221.98,18.79,528.78
2025-12-25 10:00:00,525.92,366.33,22.11,657.7
2025-12-25 11:00:00,659.2,591.06,24.57,706.0
2025-12-25 12:00:00,686.45,760.29,25.82,695.53
2025-12-25 13:00:00,608.55,736.14,26.46,613.0
2025-12-25 14:00:00,462.65,641.13,26.5,466.67
2025-12-25 15:00:00,271.0,477.49,25.73,273.98
2025-12-25 16:00:00,73.9,148.28,21.63,74.75
2025-12-25 17:00:00,0.0,0.0,18.08,0.0
2025-12-25 18:00:00,0.0,0.0,16.97,0.0
2025-12-25 19:00:00,0.0,0.0,16.11,0.0
2025-12-25 20:00:00,0.0,0.0,15.24,0.0
2025-12-25 21:00:00,0.0,0.0,14.38,0.0
2025-12-25 22:00:00,0.0,0.0,13.6,0.0
2025-12-25 23:00:00,0.0,0.0,12.9,0.0
2025-12-26 00:00:00,0.0,0.0,12.26,0.0
2025-12-26 01:00:00,0.0,0.0,11.63,0.0
2025-12-26 02:00:00,0.0,0.0,10.99,0.0
2025-12-26 03:00:00,0.0,0.0,10.39,0.0
2025-12-26 04:00:00,0.0,0.0,9.87,0.0
2025-12-26 05:00:00,0.0,0.0,9.4,0.0
2025-12-26 06:00:00,7.25,6.6,9.07,7.28
2025-12-26 07:00:00,146.23,407.0,10.82,147.65
2025-12-26 08:00:00,358.45,686.64,13.4,360.25
2025-12-26 09:00:00,541.97,824.07,16.63,543.35
2025-12-26 10:00:00,671.4,892.66,19.63,672.05
2025-12-26 11:00:00,723.92,851.72,21.64,724.55
2025-12-26 12:00:00,714.35,848.45,22.78,714.47
2025-12-26 13:00:00,631.03,812.56,23.35,631.72
2025-12-26 14:00:00,483.95,719.62,23.28,484.55
2025-12-26 15:00:00,288.2,574.48,22.49,288.65
2025-12-26 16:00:00,81.82,197.84,19.2,81.97
2025-12-26 17:00:00,0.0,0.0,15.83,0.0
2025-12-26 18:00:00,0.0,0.0,14.76,0.0
2025-12-26 19:00:00,0.0,0.0,14.2,0.0
2025-12-26 20:00:00,0.0,0.0,13.57,0.0
2025-12-26 21:00:00,0.0,0.0,12.88,0.0
2025-12-26 22:00:00,0.0,0.0,12.2,0.0
2025-12-26 23:00:00,0.0,0.0,11.65,0.0
2025-12-27 00:00:00,0.0,0.0,11.32,0.0
2025-12-27 01:00:00,0.0,0.0,10.91,0.0
2025-12-27 02:00:00,0.0,0.0,10.42,0.0
2025-12-27 03:00:00,0.0,0.0,10.08,0.0
2025-12-27 04:00:00,0.0,0.0,9.44,0.0
2025-12-27 05:00:00,0.0,0.0,8.98,0.0
2025-12-27 06:00:00,6.82,10.07,8.88,6.85
2025-12-27 07:00:00,142.4,398.26,10.74,143.23
2025-12-27 08:00:00,351.8,676.22,13.25,352.8
2025-12-27 09:00:00,533.88,812.81,16.75,534.6
2025-12-27 10:00:00,662.0,874.76,19.45,662.42
2025-12-27 11:00:00,718.65,870.06,21.1,718.9
2025-12-27 12:00:00,708.55,866.57,22.25,708.58
2025-12-27 13:00:00,626.65,830.42,22.94,626.85
2025-12-27 14:00:00,480.73,731.75,23.02,481.12
2025-12-27 15:00:00,286.67,583.91,22.4,287.17
2025-12-27 16:00:00,82.5,210.2,19.13,82.72
2025-12-27 17:00:00,0.0,0.0,15.94,0.0
2025-12-27 18:00:00,0.0,0.0,15.72,0.0
2025-12-27 19:00:00,0.0,0.0,14.87,0.0
2025-12-27 20:00:00,0.0,0.0,13.8,0.0
2025-12-27 21:00:00,0.0,0.0,13.03,0.0
2025-12-27 22:00:00,0.0,0.0,12.36,0.0
2025-12-27 23:00:00,0.0,0.0,11.69,0.0
2025-12-28 00:00:00,0.0,0.0,10.94,0.0
2025-12-28 01:00:00,0.0,0.0,10.28,0.0
2025-12-28 02:00:00,0.0,0.0,9.72,0.0
2025-12-28 03:00:00,0.0,0.0,9.18,0.0
2025-12-28 04:00:00,0.0,0.0,8.65,0.0
2025-12-28 05:00:00,0.0,0.0,8.16,0.0
2025-12-28 06:00:00,6.53,4.29,7.78,6.55
2025-12-28 07:00:00,141.48,372.5,10.12,142.48
2025-12-28 08:00:00,352.1,653.3,12.7,353.4
2025-12-28 09:00:00,536.6,792.14,15.91,537.6
2025-12-28 10:00:00,667.3,858.36,19.05,667.92
2025-12-28 11:00:00,727.15,864.64,20.85,727.5
2025-12-28 12:00:00,716.8,858.94,22.18,716.85
2025-12-28 13:00:00,633.65,818.62,23.12,633.78
2025-12-28 14:00:00,485.95,715.77,23.5,486.1
2025-12-28 15:00:00,290.3,563.54,23.14,290.48
2025-12-28 16:00:00,84.82,188.31,20.17,84.9
2025-12-28 17:00:00,0.0,0.0,17.68,0.0
2025-12-28 18:00:00,0.0,0.0,15.99,0.0
2025-12-28 19:00:00,0.0,0.0,14.48,0.0
2025-12-28 20:00:00,0.0,0.0,13.57,0.0
2025-12-28 21:00:00,0.0,0.0,12.8,0.0
2025-12-28 22:00:00,0.0,0.0,12.12,0.0
2025-12-28 23:00:00,0.0,0.0,11.56,0.0
2025-12-29 00:00:00,0.0,0.0,11.1,0.0
2025-12-29 01:00:00,0.0,0.0,10.76,0.0
2025-12-29 02:00:00,0.0,0.0,10.56,0.0
2025-12-29 03:00:00,0.0,0.0,10.47,0.0
2025-12-29 04:00:00,0.0,0.0,10.27,0.0
2025-12-29 05:00:00,0.0,0.0,9.74,0.0
2025-12-29 06:00:00,6.38,2.3,9.19,6.38
2025-12-29 07:00:00,140.02,331.96,10.84,140.75
2025-12-29 08:00:00,353.4,628.31,13.14,354.3
2025-12-29 09:00:00,540.12,770.45,16.74,540.65
2025-12-29 10:00:00,672.25,842.57,20.58,672.95
2025-12-29 11:00:00,731.05,831.62,22.38,731.95
2025-12-29 12:00:00,720.47,820.64,23.25,721.5
2025-12-29 13:00:00,635.05,766.95,23.53,636.3
2025-12-29 14:00:00,484.42,652.68,23.22,485.73
2025-12-29 15:00:00,287.05,489.86,22.25,288.08
2025-12-29 16:00:00,83.68,144.47,18.73,84.0
2025-12-29 17:00:00,0.0,0.0,15.35,0.0
2025-12-29 18:00:00,0.0,0.0,14.42,0.0
2025-12-29 19:00:00,0.0,0.0,13.77,0.0
2025-12-29 20:00:00,0.0,0.0,13.42,0.0
2025-12-29 21:00:00,0.0,0.0,13.1,0.0
2025-12-29 22:00:00,0.0,0.0,12.47,0.0
2025-12-29 23:00:00,0.0,0.0,11.76,0.0
2025-12-30 00:00:00,0.0,0.0,11.1,0.0
2025-12-30 01:00:00,0.0,0.0,10.54,0.0
2025-12-30 02:00:00,0.0,0.0,10.08,0.0
2025-12-30 03:00:00,0.0,0.0,9.69,0.0
2025-12-30 04:00:00,0.0,0.0,9.26,0.0
2025-12-30 05:00:00,0.0,0.0,8.8,0.0
2025-12-30 06:00:00,6.07,3.49,8.41,6.07
2025-12-30 07:00:00,139.05,361.91,10.14,139.77
2025-12-30 08:00:00,352.2,650.78,12.64,353.2
2025-12-30 09:00:00,537.6,792.64,16.3,538.62
2025-12-30 10:00:00,667.97,857.55,19.43,668.65
2025-12-30 11:00:00,724.03,821.07,21.26,724.42
2025-12-30 12:00:00,715.17,816.12,22.14,715.4
2025-12-30 13:00:00,633.8,781.71,22.56,633.9
2025-12-30 14:00:00,487.3,684.75,22.58,487.52
2025-12-30 15:00:00,291.9,541.32,22.06,292.2
2025-12-30 16:00:00,87.05,179.1,19.83,87.18
2025-12-30 17:00:00,0.0,0.0,17.28,0.0
2025-12-30 18:00:00,0.0,0.0,16.04,0.0
2025-12-30 19:00:00,0.0,0.0,14.86,0.0
2025-12-30 20:00:00,0.0,0.0,13.8,0.0
2025-12-30 21:00:00,0.0,0.0,12.94,0.0
2025-12-30 22:00:00,0.0,0.0,12.17,0.0
2025-12-30 23:00:00,0.0,0.0,11.43,0.0
2025-12-31 00:00:00,0.0,0.0,10.7,0.0
2025-12-31 01:00:00,0.0,0.0,9.93,0.0
2025-12-31 02:00:00,0.0,0.0,9.25,0.0
2025-12-31 03:00:00,0.0,0.0,8.8,0.0
2025-12-31 04:00:00,0.0,0.0,8.69,0.0
2025-12-31 05:00:00,0.0,0.0,8.87,0.0
2025-12-31 06:00:00,6.0,5.17,9.15,6.03
2025-12-31 07:00:00,140.9,384.77,11.1,141.12
2025-12-31 08:00:00,354.98,665.42,13.65,355.5
2025-12-31 09:00:00,540.78,790.4,17.01,541.58
2025-12-31 10:00:00,671.62,855.9,20.69,672.33
2025-12-31 11:00:00,729.08,838.96,22.48,729.78
2025-12-31 12:00:00,720.72,835.31,23.64,721.15
2025-12-31 13:00:00,638.28,800.78,24.26,638.5
2025-12-31 14:00:00,490.83,702.7,24.23,491.1
2025-12-31 15:00:00,294.58,558.22,23.47,294.83
2025-12-31 16:00:00,89.1,191.49,19.64,89.2
2025-12-31 17:00:00,0.0,0.0,16.2,0.0
2025-12-31 18:00:00,0.0,0.0,15.01,0.0
2025-12-31 19:00:00,0.0,0.0,14.1,0.0
2025-12-31 20:00:00,0.0,0.0,13.31,0.0
2025-12-31 21:00:00,0.0,0.0,12.65,0.0
2025-12-31 22:00:00,0.0,0.0,12.11,0.0
2025-12-31 23:00:00,0.0,0.0,11.67,0.0
