timestamp_utc,WS10M,WS50M,WD50M,T2M
2025-01-01 00:00:00,5.9,7.7,359.7,15.7
2025-01-01 01:00:00,6.27,8.22,1.1,15.51
2025-01-01 02:00:00,6.53,8.58,1.2,15.32
2025-01-01 03:00:00,6.62,8.71,3.8,15.08
2025-01-01 04:00:00,6.54,8.59,7.2,14.82
2025-01-01 05:00:00,6.26,8.21,8.8,14.57
2025-01-01 06:00:00,5.94,7.73,10.6,14.38
2025-01-01 07:00:00,5.61,7.04,12.8,15.34
2025-01-01 08:00:00,5.7,6.28,14.5,16.5
2025-01-01 09:00:00,5.32,5.73,8.8,17.33
2025-01-01 10:00:00,5.18,5.56,0.7,18.16
2025-01-01 11:00:00,5.24,5.59,353.2,18.91
2025-01-01 12:00:00,5.81,6.2,342.4,19.54
2025-01-01 13:00:00,6.5,7.01,338.6,20.0
2025-01-01 14:00:00,6.97,7.63,338.5,20.25
2025-01-01 15:00:00,7.28,8.13,339.2,20.26
2025-01-01 16:00:00,7.09,8.71,340.2,19.55
2025-01-01 17:00:00,7.27,9.43,343.1,18.38
2025-01-01 18:00:00,7.56,9.72,351.9,17.86
2025-01-01 19:00:00,7.43,9.6,5.6,17.26
2025-01-01 20:00:00,7.2,9.43,23.0,16.72
2025-01-01 21:00:00,6.64,8.69,31.8,16.15
2025-01-01 22:00:00,5.96,7.62,34.6,15.53
2025-01-01 23:00:00,5.29,6.59,37.4,15.02
2025-01-02 00:00:00,4.59,5.58,40.5,14.69
2025-01-02 01:00:00,3.92,4.65,45.9,14.61
2025-01-02 02:00:00,3.18,3.68,49.9,14.71
2025-01-02 03:00:00,2.43,2.76,54.8,14.92
2025-01-02 04:00:00,1.72,1.93,69.7,15.1
2025-01-02 05:00:00,0.87,0.93,75.7,15.2
2025-01-02 06:00:00,0.21,0.15,11.3,15.13
2025-01-02 07:00:00,0.52,0.7,262.6,15.5
2025-01-02 08:00:00,1.25,1.37,264.5,16.76
2025-01-02 09:00:00,2.02,2.12,261.0,17.46
2025-01-02 10:00:00,2.49,2.56,268.4,18.2
2025-01-02 11:00:00,2.31,2.36,280.7,18.89
2025-01-02 12:00:00,1.97,2.01,292.2,19.46
2025-01-02 13:00:00,1.93,1.96,307.3,19.9
2025-01-02 14:00:00,2.22,2.27,322.3,20.09
2025-01-02 15:00:00,2.69,2.82,333.3,19.9
2025-01-02 16:00:00,2.84,3.45,340.2,18.74
2025-01-02 17:00:00,3.28,3.93,339.8,17.64
2025-01-02 18:00:00,3.52,4.19,333.4,17.5
2025-01-02 19:00:00,3.51,4.16,329.1,17.46
2025-01-02 20:00:00,3.15,3.73,329.7,17.42
2025-01-02 21:00:00,2.61,3.07,330.3,17.32
2025-01-02 22:00:00,2.04,2.41,327.7,17.18
2025-01-02 23:00:00,1.61,1.91,315.8,17.07
2025-01-03 00:00:00,1.24,1.44,298.7,16.95
2025-01-03 01:00:00,1.01,1.12,269.5,16.86
2025-01-03 02:00:00,1.03,1.13,244.8,16.71
2025-01-03 03:00:00,0.93,1.01,229.4,16.61
2025-01-03 04:00:00,0.81,0.95,194.6,16.58
2025-01-03 05:00:00,0.85,1.04,170.6,16.69
2025-01-03 06:00:00,0.73,0.91,163.4,16.79
2025-01-03 07:00:00,0.54,0.67,171.4,17.17
2025-01-03 08:00:00,0.5,0.58,194.0,17.85
2025-01-03 09:00:00,0.56,0.7,192.4,18.71
2025-01-03 10:00:00,0.35,0.26,272.2,19.53
2025-01-03 11:00:00,1.32,1.24,325.2,20.08
2025-01-03 12:00:00,2.05,2.04,331.3,20.35
2025-01-03 13:00:00,2.8,2.87,340.4,20.33
2025-01-03 14:00:00,3.43,3.58,345.8,20.23
2025-01-03 15:00:00,3.98,4.27,345.8,19.9
2025-01-03 16:00:00,3.9,4.85,345.3,19.03
2025-01-03 17:00:00,4.32,5.51,343.8,18.33
2025-01-03 18:00:00,4.62,5.89,342.1,18.2
2025-01-03 19:00:00,4.49,5.66,338.6,17.97
2025-01-03 20:00:00,4.18,5.17,332.8,17.59
2025-01-03 21:00:00,3.65,4.48,327.5,17.39
2025-01-03 22:00:00,3.06,3.76,316.9,17.35
2025-01-03 23:00:00,2.97,3.59,298.3,17.1
2025-01-04 00:00:00,3.13,3.7,283.9,16.7
2025-01-04 01:00:00,3.04,3.51,277.0,16.36
2025-01-04 02:00:00,2.65,2.99,273.1,16.3
2025-01-04 03:00:00,2.33,2.58,269.8,16.4
2025-01-04 04:00:00,1.96,2.14,264.1,16.55
2025-01-04 05:00:00,1.89,2.08,256.1,16.5
2025-01-04 06:00:00,1.81,2.0,250.1,16.47
2025-01-04 07:00:00,1.59,1.78,246.5,16.7
2025-01-04 08:00:00,1.29,1.45,245.6,17.28
2025-01-04 09:00:00,1.16,1.13,247.5,17.87
2025-01-04 10:00:00,0.73,0.77,235.1,18.54
2025-01-04 11:00:00,0.43,0.55,209.4,19.23
2025-01-04 12:00:00,0.67,0.82,170.9,19.91
2025-01-04 13:00:00,1.15,1.33,153.6,20.49
2025-01-04 14:00:00,1.71,2.03,145.2,20.92
2025-01-04 15:00:00,1.98,2.63,136.8,20.98
2025-01-04 16:00:00,2.23,3.25,133.9,20.17
2025-01-04 17:00:00,2.51,3.55,138.3,19.79
2025-01-04 18:00:00,2.36,3.33,149.1,19.75
2025-01-04 19:00:00,2.37,3.2,166.3,19.55
2025-01-04 20:00:00,2.72,3.43,183.2,19.05
2025-01-04 21:00:00,3.1,3.81,195.2,18.56
2025-01-04 22:00:00,3.4,4.14,201.9,17.95
2025-01-04 23:00:00,3.55,4.31,201.8,17.49
2025-01-05 00:00:00,3.59,4.32,196.1,17.13
2025-01-05 01:00:00,3.7,4.44,189.5,16.91
2025-01-05 02:00:00,3.91,4.69,184.2,16.81
2025-01-05 03:00:00,4.27,5.16,178.1,16.76
2025-01-05 04:00:00,4.82,5.92,175.1,16.7
2025-01-05 05:00:00,5.25,6.53,177.0,16.61
2025-01-05 06:00:00,5.4,6.78,182.4,16.34
2025-01-05 07:00:00,5.39,6.63,190.9,16.98
2025-01-05 08:00:00,5.45,6.01,188.6,18.25
2025-01-05 09:00:00,5.75,6.4,190.3,20.23
2025-01-05 10:00:00,4.96,6.03,198.9,21.94
2025-01-05 11:00:00,3.98,5.55,211.4,22.86
2025-01-05 12:00:00,3.95,5.74,230.0,23.31
2025-01-05 13:00:00,4.54,6.49,251.2,23.36
2025-01-05 14:00:00,5.38,7.37,270.0,23.05
2025-01-05 15:00:00,5.92,7.67,284.6,22.35
2025-01-05 16:00:00,5.56,7.62,295.4,20.72
2025-01-05 17:00:00,5.74,7.68,297.0,19.23
2025-01-05 18:00:00,5.71,7.45,295.7,18.32
2025-01-05 19:00:00,5.57,7.18,296.5,17.49
2025-01-05 20:00:00,5.66,7.26,298.5,16.92
2025-01-05 21:00:00,5.94,7.61,299.7,16.57
2025-01-05 22:00:00,6.24,7.98,303.0,16.37
2025-01-05 23:00:00,6.57,8.41,311.1,16.22
2025-01-06 00:00:00,6.92,8.89,319.9,16.12
2025-01-06 01:00:00,7.57,9.75,327.9,16.32
2025-01-06 02:00:00,8.26,10.35,331.5,16.62
2025-01-06 03:00:00,8.49,10.46,332.1,16.66
2025-01-06 04:00:00,8.46,10.48,333.2,16.57
2025-01-06 05:00:00,8.37,10.39,334.3,16.47
2025-01-06 06:00:00,8.19,10.21,336.1,16.39
2025-01-06 07:00:00,8.37,9.83,337.8,16.83
2025-01-06 08:00:00,8.95,10.23,341.2,17.58
2025-01-06 09:00:00,9.58,10.84,344.2,18.5
2025-01-06 10:00:00,9.82,11.05,343.9,19.29
2025-01-06 11:00:00,9.84,11.04,341.8,19.96
2025-01-06 12:00:00,9.77,11.0,339.0,20.56
2025-01-06 13:00:00,9.67,10.99,336.5,21.0
2025-01-06 14:00:00,9.61,11.05,334.9,21.25
2025-01-06 15:00:00,9.51,11.06,334.3,21.17
2025-01-06 16:00:00,8.75,10.53,333.7,20.56
2025-01-06 17:00:00,8.11,10.24,335.5,19.65
2025-01-06 18:00:00,8.14,10.19,343.5,19.16
2025-01-06 19:00:00,7.6,9.53,349.1,18.49
2025-01-06 20:00:00,7.01,8.95,354.5,17.81
2025-01-06 21:00:00,6.63,8.61,1.1,17.31
2025-01-06 22:00:00,6.19,8.13,5.9,16.86
2025-01-06 23:00:00,5.85,7.7,7.5,16.45
2025-01-07 00:00:00,5.64,7.39,6.9,16.11
2025-01-07 01:00:00,5.47,7.15,5.6,15.71
2025-01-07 02:00:00,5.44,7.08,3.7,15.34
2025-01-07 03:00:00,5.61,7.3,0.9,15.13
2025-01-07 04:00:00,5.91,7.7,356.9,14.97
2025-01-07 05:00:00,6.27,8.16,356.2,14.85
2025-01-07 06:00:00,6.29,8.21,0.5,14.79
2025-01-07 07:00:00,6.01,7.37,8.5,15.72
2025-01-07 08:00:00,5.27,5.8,18.6,16.84
2025-01-07 09:00:00,3.59,3.91,25.1,17.93
2025-01-07 10:00:00,1.96,2.1,20.1,19.05
2025-01-07 11:00:00,1.03,0.82,317.0,19.98
2025-01-07 12:00:00,2.01,1.86,255.4,20.56
2025-01-07 13:00:00,3.04,3.01,252.2,20.86
2025-01-07 14:00:00,3.72,3.83,261.9,20.81
2025-01-07 15:00:00,3.96,4.21,274.4,20.56
2025-01-07 16:00:00,3.84,4.63,284.6,19.73
2025-01-07 17:00:00,3.88,4.81,298.0,18.7
2025-01-07 18:00:00,3.76,4.62,311.8,18.35
2025-01-07 19:00:00,3.41,4.09,322.7,18.06
2025-01-07 20:00:00,2.76,3.23,330.3,17.92
2025-01-07 21:00:00,1.92,2.21,335.6,17.82
2025-01-07 22:00:00,1.06,1.19,347.4,17.74
2025-01-07 23:00:00,0.54,0.64,70.7,17.71
2025-01-08 00:00:00,1.22,1.47,133.9,17.7
2025-01-08 01:00:00,1.85,2.16,154.3,17.53
2025-01-08 02:00:00,2.24,2.64,159.6,17.3
2025-01-08 03:00:00,2.54,3.0,152.2,17.15
2025-01-08 04:00:00,2.82,3.34,146.6,17.01
2025-01-08 05:00:00,2.95,3.52,147.5,16.88
2025-01-08 06:00:00,3.05,3.66,150.1,16.7
2025-01-08 07:00:00,3.17,3.93,151.6,17.22
2025-01-08 08:00:00,3.76,4.24,153.5,18.73
2025-01-08 09:00:00,4.24,4.62,153.9,19.57
2025-01-08 10:00:00,4.21,4.55,154.5,20.25
2025-01-08 11:00:00,3.83,4.14,158.8,20.85
2025-01-08 12:00:00,3.22,3.51,164.3,21.32
2025-01-08 13:00:00,2.44,2.71,170.6,21.6
2025-01-08 14:00:00,1.63,1.89,180.3,21.61
2025-01-08 15:00:00,0.91,1.12,201.5,21.33
2025-01-08 16:00:00,0.5,0.58,276.9,20.74
2025-01-08 17:00:00,1.17,1.36,348.1,20.19
2025-01-08 18:00:00,2.03,2.41,5.7,19.57
2025-01-08 19:00:00,2.64,3.13,10.5,18.97
2025-01-08 20:00:00,2.76,3.25,11.3,18.56
2025-01-08 21:00:00,2.4,2.8,359.8,18.35
2025-01-08 22:00:00,2.09,2.4,335.7,18.11
2025-01-08 23:00:00,2.04,2.33,313.8,17.78
2025-01-09 00:00:00,1.97,2.2,299.9,17.46
2025-01-09 01:00:00,1.47,1.59,293.3,17.36
2025-01-09 02:00:00,0.3,0.2,306.9,17.54
2025-01-09 03:00:00,1.4,1.73,109.9,17.47
2025-01-09 04:00:00,2.88,3.43,117.0,16.9
2025-01-09 05:00:00,3.65,4.38,122.0,16.44
2025-01-09 06:00:00,4.0,4.84,125.1,16.22
2025-01-09 07:00:00,4.07,5.07,127.7,17.1
2025-01-09 08:00:00,4.47,4.98,134.3,18.8
2025-01-09 09:00:00,4.69,5.22,149.2,19.9
2025-01-09 10:00:00,4.74,5.29,156.6,20.8
2025-01-09 11:00:00,4.47,5.05,155.9,21.42
2025-01-09 12:00:00,4.24,4.9,152.4,21.78
2025-01-09 13:00:00,4.16,4.91,146.8,21.93
2025-01-09 14:00:00,4.42,5.19,138.8,21.84
2025-01-09 15:00:00,5.01,5.74,131.6,21.38
2025-01-09 16:00:00,5.17,6.28,128.6,20.31
2025-01-09 17:00:00,5.09,6.66,133.1,19.14
2025-01-09 18:00:00,5.01,6.54,140.5,18.87
2025-01-09 19:00:00,4.79,6.23,147.7,18.63
2025-01-09 20:00:00,4.65,6.0,154.0,18.42
2025-01-09 21:00:00,4.58,5.86,158.6,18.18
2025-01-09 22:00:00,4.52,5.73,160.2,17.95
2025-01-09 23:00:00,4.29,5.37,161.0,17.73
2025-01-10 00:00:00,3.91,4.82,163.7,17.51
2025-01-10 01:00:00,3.4,4.13,166.8,17.34
2025-01-10 02:00:00,2.8,3.36,166.4,17.36
2025-01-10 03:00:00,2.04,2.43,172.4,17.43
2025-01-10 04:00:00,1.6,1.89,205.3,17.17
2025-01-10 05:00:00,2.19,2.62,239.7,16.69
2025-01-10 06:00:00,3.14,3.82,258.5,16.34
2025-01-10 07:00:00,4.15,5.01,269.0,16.84
2025-01-10 08:00:00,4.47,4.74,278.7,18.09
2025-01-10 09:00:00,3.83,4.09,294.4,19.63
2025-01-10 10:00:00,3.69,4.03,302.1,20.87
2025-01-10 11:00:00,3.53,3.98,308.2,21.65
2025-01-10 12:00:00,3.25,3.89,312.5,22.02
2025-01-10 13:00:00,3.23,4.05,313.6,22.18
2025-01-10 14:00:00,3.61,4.57,312.5,22.15
2025-01-10 15:00:00,4.23,5.28,310.6,21.88
2025-01-10 16:00:00,4.34,5.96,308.0,20.73
2025-01-10 17:00:00,4.88,6.46,301.5,19.35
2025-01-10 18:00:00,4.95,6.37,293.4,18.57
2025-01-10 19:00:00,4.85,6.19,287.8,17.8
2025-01-10 20:00:00,4.66,5.9,287.1,17.17
2025-01-10 21:00:00,4.47,5.61,289.4,16.67
2025-01-10 22:00:00,4.33,5.42,292.4,16.28
2025-01-10 23:00:00,4.56,5.72,300.6,16.16
2025-01-11 00:00:00,4.98,6.31,310.6,16.08
2025-01-11 01:00:00,5.37,6.87,320.1,15.97
2025-01-11 02:00:00,5.72,7.42,327.8,15.95
2025-01-11 03:00:00,5.94,7.76,332.6,15.85
2025-01-11 04:00:00,5.87,7.7,335.4,15.69
2025-01-11 05:00:00,5.61,7.34,336.3,15.44
2025-01-11 06:00:00,5.28,6.87,337.1,15.22
2025-01-11 07:00:00,5.17,6.34,338.1,16.08
2025-01-11 08:00:00,5.57,6.16,340.9,16.76
2025-01-11 09:00:00,5.71,6.17,341.2,17.31
2025-01-11 10:00:00,5.79,6.2,337.1,17.9
2025-01-11 11:00:00,6.0,6.42,334.0,18.53
2025-01-11 12:00:00,6.36,6.87,333.7,19.04
2025-01-11 13:00:00,6.74,7.34,334.9,19.46
2025-01-11 14:00:00,7.01,7.74,337.5,19.7
2025-01-11 15:00:00,7.18,8.04,340.7,19.85
2025-01-11 16:00:00,6.68,8.1,343.5,19.52
2025-01-11 17:00:00,6.08,7.99,345.4,18.63
2025-01-11 18:00:00,5.67,7.43,347.2,18.36
2025-01-11 19:00:00,5.18,6.69,347.4,18.07
2025-01-11 20:00:00,4.69,5.95,345.6,17.78
2025-01-11 21:00:00,4.35,5.43,341.5,17.47
2025-01-11 22:00:00,4.36,5.41,337.7,17.13
2025-01-11 23:00:00,4.59,5.74,336.2,16.79
2025-01-12 00:00:00,4.73,5.94,335.8,16.51
2025-01-12 01:00:00,4.73,5.94,336.2,16.3
2025-01-12 02:00:00,4.77,6.0,336.9,16.1
2025-01-12 03:00:00,4.8,6.05,340.3,15.94
2025-01-12 04:00:00,4.55,5.73,346.7,15.82
2025-01-12 05:00:00,4.1,5.09,351.1,15.7
2025-01-12 06:00:00,3.56,4.36,351.0,15.66
2025-01-12 07:00:00,2.94,3.65,351.6,16.62
2025-01-12 08:00:00,2.77,3.01,358.7,17.98
2025-01-12 09:00:00,2.37,2.54,5.2,19.1
2025-01-12 10:00:00,2.1,2.23,356.7,20.06
2025-01-12 11:00:00,2.07,2.15,343.0,20.69
2025-01-12 12:00:00,2.17,2.23,327.4,21.06
2025-01-12 13:00:00,2.46,2.54,313.9,21.25
2025-01-12 14:00:00,2.96,3.09,304.7,21.21
2025-01-12 15:00:00,3.52,3.75,304.0,20.88
2025-01-12 16:00:00,3.5,4.23,314.8,19.94
2025-01-12 17:00:00,3.67,4.56,334.7,18.69
2025-01-12 18:00:00,3.78,4.65,350.7,18.33
2025-01-12 19:00:00,3.5,4.25,357.7,18.13
2025-01-12 20:00:00,2.9,3.43,354.7,18.09
2025-01-12 21:00:00,2.38,2.77,339.1,18.07
2025-01-12 22:00:00,2.32,2.69,318.6,17.85
2025-01-12 23:00:00,2.52,2.95,306.2,17.5
2025-01-13 00:00:00,2.72,3.19,301.8,17.18
2025-01-13 01:00:00,2.69,3.15,303.1,16.93
2025-01-13 02:00:00,2.45,2.85,307.2,16.8
2025-01-13 03:00:00,1.97,2.24,314.8,16.83
2025-01-13 04:00:00,1.33,1.49,319.4,16.99
2025-01-13 05:00:00,0.59,0.62,346.9,17.28
2025-01-13 06:00:00,0.07,0.13,116.6,17.41
2025-01-13 07:00:00,0.51,0.6,212.1,17.94
2025-01-13 08:00:00,0.82,0.89,213.5,18.99
2025-01-13 09:00:00,1.34,1.53,186.8,20.07
2025-01-13 10:00:00,1.7,1.95,180.9,21.2
2025-01-13 11:00:00,1.42,1.72,178.7,21.93
2025-01-13 12:00:00,1.0,1.36,168.1,22.25
2025-01-13 13:00:00,0.68,0.95,146.6,22.42
2025-01-13 14:00:00,0.52,0.63,108.4,22.42
2025-01-13 15:00:00,0.64,0.68,58.2,22.15
2025-01-13 16:00:00,1.07,1.42,20.6,21.17
2025-01-13 17:00:00,1.93,2.36,14.5,20.2
2025-01-13 18:00:00,2.43,2.89,10.4,19.62
2025-01-13 19:00:00,2.65,3.1,11.0,19.07
2025-01-13 20:00:00,2.67,3.13,9.6,18.78
2025-01-13 21:00:00,2.65,3.13,6.6,18.56
2025-01-13 22:00:00,2.42,2.83,355.7,18.34
2025-01-13 23:00:00,2.3,2.72,334.5,18.03
2025-01-14 00:00:00,2.92,3.49,313.0,17.53
2025-01-14 01:00:00,3.41,4.11,309.6,17.05
2025-01-14 02:00:00,3.29,3.97,307.0,16.84
2025-01-14 03:00:00,3.24,3.86,304.8,16.43
2025-01-14 04:00:00,2.75,3.21,310.8,16.44
2025-01-14 05:00:00,2.53,2.96,311.2,16.45
2025-01-14 06:00:00,2.35,2.77,303.1,16.44
2025-01-14 07:00:00,1.91,2.3,290.3,17.33
2025-01-14 08:00:00,0.74,0.83,285.4,17.86
2025-01-14 09:00:00,1.65,1.69,265.9,18.78
2025-01-14 10:00:00,2.3,2.3,249.7,19.83
2025-01-14 11:00:00,2.44,2.54,247.3,20.86
2025-01-14 12:00:00,0.93,1.03,233.7,21.56
2025-01-14 13:00:00,1.23,1.35,117.9,21.35
2025-01-14 14:00:00,0.36,0.37,45.0,21.03
2025-01-14 15:00:00,2.12,2.3,306.2,20.95
2025-01-14 16:00:00,3.43,4.3,309.8,20.0
2025-01-14 17:00:00,3.74,4.59,330.4,18.97
2025-01-14 18:00:00,3.8,4.68,346.6,18.82
2025-01-14 19:00:00,3.55,4.37,353.2,18.87
2025-01-14 20:00:00,2.98,3.66,349.9,19.01
2025-01-14 21:00:00,2.52,3.1,332.3,19.09
2025-01-14 22:00:00,2.69,3.28,301.8,18.96
2025-01-14 23:00:00,3.45,4.23,289.8,18.5
2025-01-15 00:00:00,3.7,4.53,295.4,18.12
2025-01-15 01:00:00,3.71,4.53,304.3,17.84
2025-01-15 02:00:00,3.44,4.15,315.1,17.78
2025-01-15 03:00:00,3.82,4.65,325.9,17.69
2025-01-15 04:00:00,4.24,5.26,334.8,17.71
2025-01-15 05:00:00,4.51,5.67,344.3,17.68
2025-01-15 06:00:00,4.36,5.46,350.5,17.62
2025-01-15 07:00:00,3.98,5.06,341.2,18.09
2025-01-15 08:00:00,4.41,5.41,329.8,18.65
2025-01-15 09:00:00,5.18,5.82,321.6,19.03
2025-01-15 10:00:00,5.97,6.52,317.4,19.35
2025-01-15 11:00:00,6.23,6.76,311.9,19.74
2025-01-15 12:00:00,6.73,7.37,308.4,19.98
2025-01-15 13:00:00,6.94,7.68,314.6,20.22
2025-01-15 14:00:00,6.45,7.24,326.4,20.41
2025-01-15 15:00:00,6.5,7.41,330.6,20.52
2025-01-15 16:00:00,5.64,7.1,333.9,20.02
2025-01-15 17:00:00,5.16,6.77,333.6,19.34
2025-01-15 18:00:00,5.3,6.96,331.2,19.23
2025-01-15 19:00:00,5.08,6.61,335.2,19.03
2025-01-15 20:00:00,4.84,6.27,334.3,18.8
2025-01-15 21:00:00,5.2,6.72,328.2,18.42
2025-01-15 22:00:00,5.27,6.81,326.7,18.06
2025-01-15 23:00:00,5.48,7.02,324.3,18.02
2025-01-16 00:00:00,5.38,6.86,320.9,17.9
2025-01-16 01:00:00,6.07,7.59,314.4,17.74
2025-01-16 02:00:00,6.47,7.96,312.6,17.57
2025-01-16 03:00:00,6.5,7.92,311.3,17.34
2025-01-16 04:00:00,7.04,8.43,306.8,17.15
2025-01-16 05:00:00,7.59,9.01,305.9,16.98
2025-01-16 06:00:00,7.97,9.44,307.4,16.77
2025-01-16 07:00:00,8.12,9.31,309.7,17.28
2025-01-16 08:00:00,8.13,8.97,312.3,18.47
2025-01-16 09:00:00,8.67,9.6,316.7,19.95
2025-01-16 10:00:00,8.6,9.96,325.6,21.39
2025-01-16 11:00:00,8.29,9.98,332.0,22.56
2025-01-16 12:00:00,7.53,9.48,338.5,23.48
2025-01-16 13:00:00,6.75,9.0,344.7,23.99
2025-01-16 14:00:00,6.43,8.96,350.1,24.02
2025-01-16 15:00:00,6.73,9.48,353.8,23.93
2025-01-16 16:00:00,6.75,10.15,356.5,23.06
2025-01-16 17:00:00,6.83,10.27,356.1,21.87
2025-01-16 18:00:00,7.01,9.79,353.9,21.24
2025-01-16 19:00:00,7.45,9.55,349.8,20.62
2025-01-16 20:00:00,7.5,9.17,344.7,19.84
2025-01-16 21:00:00,7.53,8.94,338.8,18.98
2025-01-16 22:00:00,7.36,8.72,339.7,18.54
2025-01-16 23:00:00,6.93,8.3,342.9,18.17
2025-01-17 00:00:00,6.17,7.63,347.3,17.67
2025-01-17 01:00:00,5.5,6.95,347.3,17.3
2025-01-17 02:00:00,5.21,6.49,343.8,17.45
2025-01-17 03:00:00,5.19,6.44,339.2,17.46
2025-01-17 04:00:00,5.44,6.74,337.2,17.51
2025-01-17 05:00:00,5.81,7.16,336.8,17.57
2025-01-17 06:00:00,5.78,7.13,334.9,17.41
2025-01-17 07:00:00,6.14,7.01,333.0,17.87
2025-01-17 08:00:00,6.6,7.17,336.4,19.03
2025-01-17 09:00:00,6.68,7.33,344.4,20.69
2025-01-17 10:00:00,6.87,8.04,347.4,21.99
2025-01-17 11:00:00,7.68,9.2,344.8,22.23
2025-01-17 12:00:00,8.63,10.38,343.3,22.4
2025-01-17 13:00:00,9.1,11.11,344.4,22.98
2025-01-17 14:00:00,9.15,11.39,345.2,23.41
2025-01-17 15:00:00,9.56,11.82,343.3,23.15
2025-01-17 16:00:00,9.76,11.95,341.3,22.0
2025-01-17 17:00:00,9.89,12.0,340.8,20.78
2025-01-17 18:00:00,9.75,11.69,344.0,20.14
2025-01-17 19:00:00,9.19,10.87,345.9,19.54
2025-01-17 20:00:00,8.48,10.0,346.6,18.97
2025-01-17 21:00:00,7.86,9.24,342.2,18.44
2025-01-17 22:00:00,7.41,8.79,340.6,17.96
2025-01-17 23:00:00,6.79,8.08,341.6,17.61
2025-01-18 00:00:00,6.23,7.5,342.2,17.31
2025-01-18 01:00:00,6.19,7.49,344.5,17.02
2025-01-18 02:00:00,6.02,7.34,346.9,16.73
2025-01-18 03:00:00,5.89,7.27,350.6,16.54
2025-01-18 04:00:00,5.56,7.0,354.7,16.36
2025-01-18 05:00:00,5.08,6.44,358.9,16.26
2025-01-18 06:00:00,4.59,5.76,358.0,16.1
2025-01-18 07:00:00,4.66,5.54,353.1,16.63
2025-01-18 08:00:00,5.24,5.61,349.8,17.38
2025-01-18 09:00:00,5.43,5.84,344.2,18.42
2025-01-18 10:00:00,6.16,6.77,339.2,19.68
2025-01-18 11:00:00,6.75,7.71,337.2,20.85
2025-01-18 12:00:00,7.51,8.76,334.9,21.56
2025-01-18 13:00:00,8.38,9.85,331.8,21.94
2025-01-18 14:00:00,9.11,10.7,330.3,21.93
2025-01-18 15:00:00,9.73,11.42,329.7,21.53
2025-01-18 16:00:00,9.84,11.7,327.4,20.55
2025-01-18 17:00:00,9.93,11.95,327.7,19.57
2025-01-18 18:00:00,9.88,11.74,333.9,19.18
2025-01-18 19:00:00,9.26,10.97,340.0,18.69
2025-01-18 20:00:00,8.47,10.05,340.3,18.07
2025-01-18 21:00:00,8.14,9.71,339.8,17.56
2025-01-18 22:00:00,8.07,9.7,340.5,17.19
2025-01-18 23:00:00,8.12,9.79,340.6,16.87
2025-01-19 00:00:00,8.26,9.96,339.5,16.56
2025-01-19 01:00:00,8.02,9.68,340.6,16.21
2025-01-19 02:00:00,8.22,9.83,342.7,16.09
2025-01-19 03:00:00,8.18,9.77,343.6,15.96
2025-01-19 04:00:00,8.01,9.56,344.7,15.9
2025-01-19 05:00:00,7.9,9.48,345.2,15.91
2025-01-19 06:00:00,7.63,9.29,346.2,15.88
2025-01-19 07:00:00,7.49,8.69,344.6,16.58
2025-01-19 08:00:00,7.98,8.83,340.8,17.77
2025-01-19 09:00:00,8.42,9.29,337.5,19.02
2025-01-19 10:00:00,8.85,9.85,333.8,20.18
2025-01-19 11:00:00,9.59,10.8,328.9,20.96
2025-01-19 12:00:00,10.09,11.45,327.1,21.28
2025-01-19 13:00:00,10.4,11.9,324.5,21.37
2025-01-19 14:00:00,10.6,12.22,321.8,20.93
2025-01-19 15:00:00,10.81,12.49,319.5,20.36
2025-01-19 16:00:00,10.8,12.6,318.7,19.69
2025-01-19 17:00:00,10.54,12.39,319.5,19.01
2025-01-19 18:00:00,9.78,11.5,323.6,18.64
2025-01-19 19:00:00,9.06,10.75,328.6,18.26
2025-01-19 20:00:00,8.2,9.88,332.2,17.78
2025-01-19 21:00:00,7.46,9.12,333.2,17.19
2025-01-19 22:00:00,6.95,8.67,334.1,16.77
2025-01-19 23:00:00,6.8,8.51,334.8,16.47
2025-01-20 00:00:00,6.95,8.64,333.6,16.22
2025-01-20 01:00:00,7.26,8.95,332.8,16.04
2025-01-20 02:00:00,7.56,9.23,331.6,15.93
2025-01-20 03:00:00,7.79,9.46,330.4,15.85
2025-01-20 04:00:00,7.8,9.45,328.8,15.76
2025-01-20 05:00:00,7.73,9.34,326.7,15.61
2025-01-20 06:00:00,7.59,9.13,324.5,15.48
2025-01-20 07:00:00,7.8,8.89,321.2,16.24
2025-01-20 08:00:00,7.96,8.68,319.0,17.5
2025-01-20 09:00:00,7.89,8.53,319.6,18.98
2025-01-20 10:00:00,7.94,8.66,320.4,20.28
2025-01-20 11:00:00,7.82,8.74,322.3,21.38
2025-01-20 12:00:00,8.05,9.14,323.4,22.02
2025-01-20 13:00:00,8.32,9.62,325.7,22.37
2025-01-20 14:00:00,8.61,10.07,325.0,22.4
2025-01-20 15:00:00,8.9,10.51,322.6,22.14
2025-01-20 16:00:00,8.37,10.32,321.7,21.23
2025-01-20 17:00:00,7.84,10.23,325.2,19.86
2025-01-20 18:00:00,7.61,9.76,332.2,19.25
2025-01-20 19:00:00,6.95,8.9,337.2,18.73
2025-01-20 20:00:00,6.28,8.03,339.4,18.25
2025-01-20 21:00:00,5.89,7.43,338.7,17.89
2025-01-20 22:00:00,5.81,7.24,334.9,17.44
2025-01-20 23:00:00,5.75,7.08,333.1,17.05
2025-01-21 00:00:00,5.7,7.01,332.4,16.67
2025-01-21 01:00:00,5.4,6.73,335.5,16.43
2025-01-21 02:00:00,4.91,6.22,341.6,16.38
2025-01-21 03:00:00,4.42,5.64,343.6,16.26
2025-01-21 04:00:00,3.8,4.83,342.4,16.05
2025-01-21 05:00:00,3.33,4.15,336.6,15.62
2025-01-21 06:00:00,2.85,3.48,334.3,15.49
2025-01-21 07:00:00,2.31,2.73,328.9,16.67
2025-01-21 08:00:00,2.06,2.07,308.5,17.95
2025-01-21 09:00:00,2.3,2.25,273.8,18.83
2025-01-21 10:00:00,2.28,2.26,260.3,19.42
2025-01-21 11:00:00,1.51,1.54,247.1,20.4
2025-01-21 12:00:00,0.88,0.91,252.8,21.55
2025-01-21 13:00:00,0.95,0.95,319.3,21.81
2025-01-21 14:00:00,1.81,2.04,343.8,21.75
2025-01-21 15:00:00,2.84,3.34,350.3,21.49
2025-01-21 16:00:00,3.88,4.85,356.8,20.5
2025-01-21 17:00:00,4.68,6.03,358.2,19.1
2025-01-21 18:00:00,4.92,6.3,356.1,18.63
2025-01-21 19:00:00,4.61,5.91,350.6,18.51
2025-01-21 20:00:00,4.35,5.54,343.8,18.44
2025-01-21 21:00:00,4.58,5.85,334.2,18.31
2025-01-21 22:00:00,5.25,6.73,324.9,17.84
2025-01-21 23:00:00,5.91,7.48,316.6,17.36
2025-01-22 00:00:00,6.32,7.77,310.5,17.05
2025-01-22 01:00:00,7.18,8.61,302.5,16.82
2025-01-22 02:00:00,7.91,9.48,299.9,16.74
2025-01-22 03:00:00,7.99,9.6,303.3,16.72
2025-01-22 04:00:00,7.83,9.53,314.1,16.94
2025-01-22 05:00:00,7.34,9.07,329.8,17.06
2025-01-22 06:00:00,6.22,8.03,341.2,16.96
2025-01-22 07:00:00,5.73,6.79,340.1,17.93
2025-01-22 08:00:00,5.4,5.87,335.1,18.94
2025-01-22 09:00:00,5.3,5.71,324.9,20.09
2025-01-22 10:00:00,5.68,6.15,320.7,20.91
2025-01-22 11:00:00,6.22,6.84,326.3,21.38
2025-01-22 12:00:00,6.82,7.6,333.6,21.66
2025-01-22 13:00:00,7.25,8.23,338.6,21.76
2025-01-22 14:00:00,7.39,8.52,342.1,21.72
2025-01-22 15:00:00,7.34,8.66,343.0,21.6
2025-01-22 16:00:00,7.0,8.64,341.4,21.22
2025-01-22 17:00:00,6.43,8.68,338.2,20.38
2025-01-22 18:00:00,6.49,8.74,336.2,19.9
2025-01-22 19:00:00,6.47,8.61,336.3,19.4
2025-01-22 20:00:00,6.26,8.24,339.4,18.79
2025-01-22 21:00:00,5.81,7.58,346.2,18.22
2025-01-22 22:00:00,5.33,6.91,350.1,17.65
2025-01-22 23:00:00,5.0,6.43,348.1,17.07
2025-01-23 00:00:00,5.04,6.46,343.7,16.58
2025-01-23 01:00:00,5.17,6.64,341.2,16.29
2025-01-23 02:00:00,5.29,6.82,340.3,16.15
2025-01-23 03:00:00,5.33,6.86,340.6,15.98
2025-01-23 04:00:00,5.34,6.88,339.9,15.84
2025-01-23 05:00:00,5.55,7.19,338.8,15.74
2025-01-23 06:00:00,5.77,7.48,338.9,15.72
2025-01-23 07:00:00,6.4,7.59,339.6,16.91
2025-01-23 08:00:00,7.27,8.06,339.7,17.82
2025-01-23 09:00:00,8.03,8.82,338.6,18.4
2025-01-23 10:00:00,8.62,9.43,336.4,18.84
2025-01-23 11:00:00,8.85,9.7,334.5,19.32
2025-01-23 12:00:00,8.91,9.81,333.9,19.74
2025-01-23 13:00:00,8.9,9.85,334.8,20.03
2025-01-23 14:00:00,8.67,9.67,336.5,20.18
2025-01-23 15:00:00,8.5,9.6,336.8,20.21
2025-01-23 16:00:00,7.91,9.35,336.6,19.92
2025-01-23 17:00:00,7.1,9.26,338.8,19.01
2025-01-23 18:00:00,7.35,9.68,344.1,18.81
2025-01-23 19:00:00,7.37,9.65,349.8,18.52
2025-01-23 20:00:00,7.24,9.46,354.4,18.07
2025-01-23 21:00:00,6.98,9.1,357.0,17.57
2025-01-23 22:00:00,6.53,8.52,358.7,17.04
2025-01-23 23:00:00,6.32,8.34,0.8,16.62
2025-01-24 00:00:00,6.21,8.17,1.5,16.3
2025-01-24 01:00:00,6.23,8.2,359.2,15.99
2025-01-24 02:00:00,6.33,8.32,355.8,15.74
2025-01-24 03:00:00,6.43,8.47,354.0,15.59
2025-01-24 04:00:00,6.44,8.52,355.6,15.46
2025-01-24 05:00:00,6.23,8.23,357.5,15.26
2025-01-24 06:00:00,5.98,7.88,359.6,15.05
2025-01-24 07:00:00,6.16,7.31,358.7,16.04
2025-01-24 08:00:00,6.45,7.1,354.9,16.83
2025-01-24 09:00:00,6.75,7.35,348.6,17.71
2025-01-24 10:00:00,7.47,8.13,341.7,18.75
2025-01-24 11:00:00,8.22,8.98,338.0,19.64
2025-01-24 12:00:00,8.88,9.78,334.3,20.17
2025-01-24 13:00:00,9.4,10.43,330.9,20.4
2025-01-24 14:00:00,9.81,10.99,329.4,20.4
2025-01-24 15:00:00,9.93,11.25,329.1,20.13
2025-01-24 16:00:00,9.42,10.98,328.6,19.48
2025-01-24 17:00:00,8.57,10.5,327.6,18.59
2025-01-24 18:00:00,8.2,10.18,331.5,18.24
2025-01-24 19:00:00,7.64,9.63,339.2,17.94
2025-01-24 20:00:00,6.96,8.9,347.3,17.41
2025-01-24 21:00:00,6.24,8.08,354.7,16.75
2025-01-24 22:00:00,5.76,7.51,0.2,16.26
2025-01-24 23:00:00,5.36,6.93,3.3,15.95
2025-01-25 00:00:00,4.87,6.2,4.4,15.63
2025-01-25 01:00:00,4.55,5.74,1.9,15.38
2025-01-25 02:00:00,4.31,5.41,356.7,15.17
2025-01-25 03:00:00,4.16,5.21,349.6,14.99
2025-01-25 04:00:00,3.98,4.96,345.5,14.84
2025-01-25 05:00:00,3.8,4.73,343.0,14.7
2025-01-25 06:00:00,3.61,4.49,341.8,14.66
2025-01-25 07:00:00,3.36,4.0,336.8,16.03
2025-01-25 08:00:00,3.62,3.9,325.1,17.4
2025-01-25 09:00:00,4.06,4.29,315.0,18.64
2025-01-25 10:00:00,4.37,4.6,315.2,19.82
2025-01-25 11:00:00,4.3,4.62,320.4,20.17
2025-01-25 12:00:00,4.36,4.82,322.7,20.22
2025-01-25 13:00:00,4.66,5.22,322.3,20.36
2025-01-25 14:00:00,5.41,6.16,318.4,20.64
2025-01-25 15:00:00,6.05,6.99,318.7,20.6
2025-01-25 16:00:00,5.63,7.02,321.7,20.03
2025-01-25 17:00:00,5.29,7.05,322.2,19.14
2025-01-25 18:00:00,5.5,7.27,321.3,18.87
2025-01-25 19:00:00,5.78,7.58,324.4,18.62
2025-01-25 20:00:00,5.88,7.62,330.5,18.32
2025-01-25 21:00:00,5.78,7.49,335.4,17.74
2025-01-25 22:00:00,5.67,7.31,336.4,17.14
2025-01-25 23:00:00,5.49,7.04,335.0,16.72
2025-01-26 00:00:00,5.28,6.75,331.3,16.3
2025-01-26 01:00:00,5.27,6.71,326.7,15.78
2025-01-26 02:00:00,5.34,6.8,324.0,15.48
2025-01-26 03:00:00,5.53,7.03,319.2,15.3
2025-01-26 04:00:00,5.82,7.38,314.3,15.19
2025-01-26 05:00:00,5.97,7.55,311.4,15.09
2025-01-26 06:00:00,6.1,7.68,309.7,15.11
2025-01-26 07:00:00,6.59,7.53,311.3,16.42
2025-01-26 08:00:00,6.57,7.18,318.0,17.8
2025-01-26 09:00:00,6.32,6.86,328.0,19.19
2025-01-26 10:00:00,6.11,6.66,327.8,20.38
2025-01-26 11:00:00,6.11,6.79,323.0,21.16
2025-01-26 12:00:00,6.44,7.29,320.7,21.48
2025-01-26 13:00:00,6.77,7.83,324.3,21.56
2025-01-26 14:00:00,6.95,8.19,332.1,21.53
2025-01-26 15:00:00,7.11,8.49,339.6,21.35
2025-01-26 16:00:00,6.6,8.29,345.4,20.74
2025-01-26 17:00:00,5.84,8.11,345.7,19.5
2025-01-26 18:00:00,5.87,8.02,345.2,19.04
2025-01-26 19:00:00,5.69,7.57,345.9,18.53
2025-01-26 20:00:00,5.38,7.02,346.2,17.96
2025-01-26 21:00:00,5.22,6.75,347.1,17.42
2025-01-26 22:00:00,4.91,6.28,346.7,16.87
2025-01-26 23:00:00,4.55,5.79,347.8,16.27
2025-01-27 00:00:00,4.36,5.54,349.4,15.77
2025-01-27 01:00:00,4.35,5.54,349.3,15.42
2025-01-27 02:00:00,4.42,5.63,347.3,15.07
2025-01-27 03:00:00,4.62,5.95,344.7,14.82
2025-01-27 04:00:00,4.95,6.39,343.2,14.78
2025-01-27 05:00:00,5.18,6.71,342.3,14.6
2025-01-27 06:00:00,5.48,7.06,341.4,14.41
2025-01-27 07:00:00,6.24,7.23,340.0,15.51
2025-01-27 08:00:00,6.95,7.61,338.7,16.62
2025-01-27 09:00:00,7.54,8.22,340.7,17.99
2025-01-27 10:00:00,7.78,8.5,338.8,19.34
2025-01-27 11:00:00,7.99,8.8,333.0,20.36
2025-01-27 12:00:00,8.42,9.42,327.2,20.94
2025-01-27 13:00:00,8.92,10.12,324.2,21.22
2025-01-27 14:00:00,9.3,10.67,322.9,21.2
2025-01-27 15:00:00,9.42,10.9,322.1,20.92
2025-01-27 16:00:00,9.18,10.85,319.7,20.2
2025-01-27 17:00:00,8.39,10.35,318.4,19.02
2025-01-27 18:00:00,8.07,9.96,321.5,18.34
2025-01-27 19:00:00,7.7,9.51,330.0,17.86
2025-01-27 20:00:00,7.23,8.92,341.6,17.47
2025-01-27 21:00:00,6.72,8.35,348.7,16.88
2025-01-27 22:00:00,6.04,7.67,354.7,16.22
2025-01-27 23:00:00,5.24,6.72,357.3,15.75
2025-01-28 00:00:00,4.58,5.78,352.2,15.35
2025-01-28 01:00:00,4.15,5.23,339.6,15.19
2025-01-28 02:00:00,4.03,5.13,329.2,15.22
2025-01-28 03:00:00,4.17,5.32,323.6,15.12
2025-01-28 04:00:00,4.21,5.39,324.7,15.01
2025-01-28 05:00:00,4.03,5.16,328.1,14.94
2025-01-28 06:00:00,3.84,4.92,331.7,14.98
2025-01-28 07:00:00,3.83,4.51,334.1,16.18
2025-01-28 08:00:00,3.78,4.04,325.7,17.3
2025-01-28 09:00:00,3.81,3.96,311.8,18.43
2025-01-28 10:00:00,4.07,4.21,302.5,19.32
2025-01-28 11:00:00,4.25,4.42,302.0,19.87
2025-01-28 12:00:00,4.16,4.37,305.4,20.28
2025-01-28 13:00:00,4.02,4.26,312.9,20.55
2025-01-28 14:00:00,4.02,4.33,320.9,20.54
2025-01-28 15:00:00,4.16,4.53,326.1,20.29
2025-01-28 16:00:00,4.09,4.87,328.6,19.67
2025-01-28 17:00:00,4.32,5.58,328.5,18.45
2025-01-28 18:00:00,5.09,6.68,328.1,18.2
2025-01-28 19:00:00,5.83,7.65,327.2,18.15
2025-01-28 20:00:00,6.45,8.3,324.6,17.74
2025-01-28 21:00:00,6.76,8.43,324.8,17.25
2025-01-28 22:00:00,6.61,8.09,327.1,16.77
2025-01-28 23:00:00,6.74,8.23,328.3,16.37
2025-01-29 00:00:00,6.96,8.47,328.5,16.05
2025-01-29 01:00:00,7.19,8.7,329.3,15.8
2025-01-29 02:00:00,7.34,8.87,330.3,15.55
2025-01-29 03:00:00,7.33,8.86,331.5,15.35
2025-01-29 04:00:00,7.17,8.68,332.3,15.17
2025-01-29 05:00:00,7.08,8.6,333.5,15.05
2025-01-29 06:00:00,7.04,8.54,334.9,15.03
2025-01-29 07:00:00,7.36,8.4,335.5,15.95
2025-01-29 08:00:00,7.6,8.34,336.7,17.34
2025-01-29 09:00:00,7.52,8.24,337.3,18.96
2025-01-29 10:00:00,7.15,8.11,336.9,20.42
2025-01-29 11:00:00,6.78,7.9,334.2,21.53
2025-01-29 12:00:00,6.4,7.72,330.3,22.24
2025-01-29 13:00:00,6.14,7.74,326.8,22.62
2025-01-29 14:00:00,6.1,7.94,324.1,22.69
2025-01-29 15:00:00,6.31,8.37,321.7,22.47
2025-01-29 16:00:00,6.28,8.78,318.6,21.67
2025-01-29 17:00:00,6.36,9.14,320.7,20.28
2025-01-29 18:00:00,6.15,8.37,325.0,19.45
2025-01-29 19:00:00,5.79,7.61,327.4,18.62
2025-01-29 20:00:00,5.53,7.09,330.2,17.81
2025-01-29 21:00:00,5.35,6.78,333.5,17.11
2025-01-29 22:00:00,5.24,6.62,336.5,16.55
2025-01-29 23:00:00,4.92,6.25,338.4,16.11
2025-01-30 00:00:00,4.47,5.72,341.3,15.86
2025-01-30 01:00:00,3.93,5.01,343.3,15.76
2025-01-30 02:00:00,3.29,4.11,339.1,15.84
2025-01-30 03:00:00,2.92,3.69,321.4,15.99
2025-01-30 04:00:00,3.24,4.19,301.2,16.09
2025-01-30 05:00:00,3.88,4.94,290.1,15.96
2025-01-30 06:00:00,3.81,4.73,290.2,15.68
2025-01-30 07:00:00,3.65,4.19,288.8,16.7
2025-01-30 08:00:00,3.39,3.37,282.3,17.79
2025-01-30 09:00:00,1.83,1.73,254.3,18.84
2025-01-30 10:00:00,1.64,1.8,214.6,20.16
2025-01-30 11:00:00,1.51,1.91,200.9,21.28
2025-01-30 12:00:00,0.91,1.33,182.6,22.02
2025-01-30 13:00:00,0.8,1.04,137.7,22.57
2025-01-30 14:00:00,1.27,1.45,92.8,22.75
2025-01-30 15:00:00,1.96,2.4,74.3,22.39
2025-01-30 16:00:00,2.52,3.8,64.2,21.35
2025-01-30 17:00:00,2.69,4.07,60.9,19.95
2025-01-30 18:00:00,2.18,3.15,55.2,19.79
2025-01-30 19:00:00,1.45,2.01,41.8,19.95
2025-01-30 20:00:00,1.11,1.4,352.2,19.89
2025-01-30 21:00:00,2.3,2.9,310.7,19.02
2025-01-30 22:00:00,3.87,4.96,308.9,18.25
2025-01-30 23:00:00,5.17,6.66,318.4,17.8
2025-01-31 00:00:00,6.19,8.03,326.7,17.41
2025-01-31 01:00:00,7.01,8.97,325.6,16.89
2025-01-31 02:00:00,7.79,9.59,321.5,16.33
2025-01-31 03:00:00,8.35,10.01,321.2,15.76
2025-01-31 04:00:00,8.06,9.7,328.7,15.49
2025-01-31 05:00:00,7.62,9.39,336.7,15.46
2025-01-31 06:00:00,7.33,9.13,339.6,15.49
2025-01-31 07:00:00,7.92,9.07,341.2,16.43
2025-01-31 08:00:00,8.45,9.4,341.3,17.71
2025-01-31 09:00:00,9.11,10.13,341.0,18.99
2025-01-31 10:00:00,9.38,10.51,338.3,20.16
2025-01-31 11:00:00,9.62,10.91,335.5,20.98
2025-01-31 12:00:00,9.81,11.21,332.5,21.33
2025-01-31 13:00:00,10.0,11.46,330.2,21.38
2025-01-31 14:00:00,10.2,11.75,330.1,21.2
2025-01-31 15:00:00,10.24,11.86,331.0,20.84
2025-01-31 16:00:00,9.74,11.4,331.5,20.15
2025-01-31 17:00:00,8.73,10.76,331.6,19.13
2025-01-31 18:00:00,8.66,10.8,338.3,18.74
2025-01-31 19:00:00,8.18,10.25,347.3,18.22
2025-01-31 20:00:00,7.42,9.41,352.8,17.51
2025-01-31 21:00:00,6.93,8.86,351.5,16.79
2025-01-31 22:00:00,6.81,8.75,351.7,16.21
2025-01-31 23:00:00,6.89,8.8,350.9,15.76
2025-02-01 00:00:00,7.24,9.14,351.9,15.52
2025-02-01 01:00:00,7.26,9.16,352.3,15.14
2025-02-01 02:00:00,7.49,9.4,350.0,14.8
2025-02-01 03:00:00,7.87,9.77,350.8,14.52
2025-02-01 04:00:00,7.82,9.73,353.5,14.26
2025-02-01 05:00:00,7.65,9.58,358.1,14.12
2025-02-01 06:00:00,7.22,9.14,0.1,14.04
2025-02-01 07:00:00,7.28,8.32,3.3,15.04
2025-02-01 08:00:00,6.63,7.31,6.0,16.26
2025-02-01 09:00:00,6.51,7.18,2.5,17.92
2025-02-01 10:00:00,6.67,7.43,0.8,19.55
2025-02-01 11:00:00,6.68,7.68,354.5,20.89
2025-02-01 12:00:00,7.08,8.39,346.7,21.74
2025-02-01 13:00:00,7.61,9.2,343.8,22.18
2025-02-01 14:00:00,7.9,9.66,340.0,22.2
2025-02-01 15:00:00,8.46,10.25,334.0,21.69
2025-02-01 16:00:00,9.02,10.76,330.9,20.71
2025-02-01 17:00:00,8.9,10.67,331.6,19.72
2025-02-01 18:00:00,8.59,10.25,334.8,19.24
2025-02-01 19:00:00,7.94,9.53,340.1,18.84
2025-02-01 20:00:00,7.42,8.99,347.4,18.43
2025-02-01 21:00:00,6.77,8.24,350.1,17.87
2025-02-01 22:00:00,6.19,7.74,350.3,16.91
2025-02-01 23:00:00,5.54,7.04,354.0,16.06
2025-02-02 00:00:00,4.88,6.2,349.2,15.5
2025-02-02 01:00:00,4.53,5.74,339.8,15.27
2025-02-02 02:00:00,4.39,5.57,333.3,15.15
2025-02-02 03:00:00,4.47,5.68,329.6,15.1
2025-02-02 04:00:00,4.09,5.27,330.6,14.9
2025-02-02 05:00:00,3.64,4.71,327.7,14.78
2025-02-02 06:00:00,2.92,3.82,324.6,15.05
2025-02-02 07:00:00,2.93,3.4,302.5,16.04
2025-02-02 08:00:00,3.58,3.73,283.5,16.83
2025-02-02 09:00:00,3.15,3.26,267.9,17.44
2025-02-02 10:00:00,2.68,2.75,266.5,18.71
2025-02-02 11:00:00,1.18,1.2,266.2,19.74
2025-02-02 12:00:00,0.91,0.85,301.1,20.5
2025-02-02 13:00:00,0.91,0.83,358.6,20.87
2025-02-02 14:00:00,1.52,1.58,353.1,21.07
2025-02-02 15:00:00,2.53,2.82,12.9,20.9
2025-02-02 16:00:00,3.5,4.12,14.3,20.07
2025-02-02 17:00:00,4.14,5.32,12.9,18.47
2025-02-02 18:00:00,3.73,4.65,15.4,17.89
2025-02-02 19:00:00,2.84,3.37,353.7,17.77
2025-02-02 20:00:00,2.74,3.26,329.6,17.67
2025-02-02 21:00:00,3.33,4.06,305.9,17.5
2025-02-02 22:00:00,3.63,4.45,293.5,17.27
2025-02-02 23:00:00,3.81,4.65,285.2,16.92
2025-02-03 00:00:00,3.72,4.5,285.2,16.66
2025-02-03 01:00:00,3.5,4.2,289.8,16.54
2025-02-03 02:00:00,2.86,3.35,298.6,16.65
2025-02-03 03:00:00,1.44,1.61,309.7,17.09
2025-02-03 04:00:00,0.46,0.49,325.0,17.41
2025-02-03 05:00:00,0.53,0.58,279.0,17.49
2025-02-03 06:00:00,1.04,1.15,282.1,17.42
2025-02-03 07:00:00,1.01,1.14,314.6,17.65
2025-02-03 08:00:00,1.25,1.31,1.7,18.5
2025-02-03 09:00:00,1.29,1.23,15.6,19.44
2025-02-03 10:00:00,1.08,1.07,352.5,20.62
2025-02-03 11:00:00,1.18,1.33,357.4,21.41
2025-02-03 12:00:00,1.5,1.79,6.1,21.76
2025-02-03 13:00:00,1.59,1.95,12.5,21.96
2025-02-03 14:00:00,1.5,1.88,2.7,21.85
2025-02-03 15:00:00,1.64,2.16,348.5,21.69
2025-02-03 16:00:00,1.64,2.53,342.1,20.97
2025-02-03 17:00:00,2.03,3.0,340.1,20.29
2025-02-03 18:00:00,2.02,2.91,334.1,20.14
2025-02-03 19:00:00,2.11,2.95,318.2,19.91
2025-02-03 20:00:00,2.59,3.43,306.5,19.49
2025-02-03 21:00:00,2.84,3.7,306.4,19.09
2025-02-03 22:00:00,3.52,4.48,313.7,18.68
2025-02-03 23:00:00,4.35,5.46,321.2,18.21
2025-02-04 00:00:00,4.4,5.51,330.9,17.81
2025-02-04 01:00:00,4.18,5.14,332.9,17.31
2025-02-04 02:00:00,4.1,5.02,325.7,16.88
2025-02-04 03:00:00,4.13,5.07,320.7,16.53
2025-02-04 04:00:00,4.11,5.01,319.4,16.15
2025-02-04 05:00:00,4.04,4.9,319.6,15.68
2025-02-04 06:00:00,4.31,5.27,316.8,15.46
2025-02-04 07:00:00,4.77,5.59,316.0,16.79
2025-02-04 08:00:00,4.95,5.3,323.7,17.92
2025-02-04 09:00:00,4.77,5.01,324.7,19.02
2025-02-04 10:00:00,4.6,4.85,323.1,20.16
2025-02-04 11:00:00,4.39,4.78,330.8,21.18
2025-02-04 12:00:00,4.63,5.35,341.9,21.69
2025-02-04 13:00:00,5.07,5.95,354.5,21.77
2025-02-04 14:00:00,5.65,6.67,357.4,21.61
2025-02-04 15:00:00,6.17,7.43,358.5,21.4
2025-02-04 16:00:00,5.92,7.64,357.7,20.86
2025-02-04 17:00:00,5.36,7.63,354.5,19.5
2025-02-04 18:00:00,5.49,7.58,348.6,19.27
2025-02-04 19:00:00,5.43,7.28,344.1,18.86
2025-02-04 20:00:00,5.22,6.85,340.4,18.26
2025-02-04 21:00:00,5.16,6.71,338.3,17.82
2025-02-04 22:00:00,5.24,6.79,337.5,17.45
2025-02-04 23:00:00,5.57,7.19,336.4,17.09
2025-02-05 00:00:00,6.0,7.67,335.3,16.83
2025-02-05 01:00:00,6.28,8.02,333.3,16.44
2025-02-05 02:00:00,6.81,8.66,332.0,16.04
2025-02-05 03:00:00,6.98,8.89,335.0,15.65
2025-02-05 04:00:00,7.27,9.26,338.1,15.39
2025-02-05 05:00:00,7.85,9.65,340.9,15.61
2025-02-05 06:00:00,7.49,9.12,345.9,15.55
2025-02-05 07:00:00,7.62,8.73,346.6,15.86
2025-02-05 08:00:00,8.07,8.98,343.8,16.45
2025-02-05 09:00:00,8.16,8.99,338.8,17.22
2025-02-05 10:00:00,7.95,8.74,334.7,17.91
2025-02-05 11:00:00,7.61,8.39,335.1,18.01
2025-02-05 12:00:00,7.37,8.16,336.3,18.26
2025-02-05 13:00:00,7.2,8.0,336.6,18.79
2025-02-05 14:00:00,7.42,8.32,338.7,19.33
2025-02-05 15:00:00,7.15,8.1,339.6,19.42
2025-02-05 16:00:00,6.31,7.45,339.5,19.23
2025-02-05 17:00:00,5.19,6.84,333.3,18.47
2025-02-05 18:00:00,5.06,6.73,321.7,18.21
2025-02-05 19:00:00,5.6,7.45,312.3,17.9
2025-02-05 20:00:00,6.32,8.26,309.0,17.49
2025-02-05 21:00:00,6.97,9.03,313.4,17.11
2025-02-05 22:00:00,7.93,10.12,320.3,16.75
2025-02-05 23:00:00,8.62,10.74,323.9,16.26
2025-02-06 00:00:00,8.91,11.08,325.9,15.69
2025-02-06 01:00:00,9.46,11.64,327.3,15.16
2025-02-06 02:00:00,9.89,12.14,327.9,14.74
2025-02-06 03:00:00,9.9,12.17,328.2,14.34
2025-02-06 04:00:00,9.37,11.65,327.7,14.04
2025-02-06 05:00:00,8.65,10.89,325.2,13.84
2025-02-06 06:00:00,8.35,10.51,321.6,13.8
2025-02-06 07:00:00,8.99,10.54,318.6,14.5
2025-02-06 08:00:00,10.1,11.66,323.2,15.38
2025-02-06 09:00:00,10.38,11.82,327.0,16.08
2025-02-06 10:00:00,10.14,11.49,329.9,16.69
2025-02-06 11:00:00,9.72,10.97,331.2,17.29
2025-02-06 12:00:00,9.37,10.53,334.3,17.63
2025-02-06 13:00:00,9.25,10.39,334.3,18.15
2025-02-06 14:00:00,9.23,10.41,335.5,18.35
2025-02-06 15:00:00,9.31,10.57,336.5,18.17
2025-02-06 16:00:00,9.15,10.61,337.0,17.78
2025-02-06 17:00:00,8.56,10.61,337.4,17.03
2025-02-06 18:00:00,8.65,10.86,336.5,16.64
2025-02-06 19:00:00,9.0,11.23,336.8,16.23
2025-02-06 20:00:00,9.22,11.38,339.6,15.63
2025-02-06 21:00:00,9.27,11.36,344.3,14.93
2025-02-06 22:00:00,9.12,11.1,347.3,14.22
2025-02-06 23:00:00,8.94,10.82,348.5,13.67
2025-02-07 00:00:00,8.85,10.53,348.8,13.4
2025-02-07 01:00:00,8.59,10.17,349.9,13.19
2025-02-07 02:00:00,8.15,9.7,350.8,13.02
2025-02-07 03:00:00,7.57,9.22,350.6,12.84
2025-02-07 04:00:00,7.1,8.84,350.4,12.69
2025-02-07 05:00:00,6.79,8.62,351.6,12.54
2025-02-07 06:00:00,6.61,8.46,352.3,12.52
2025-02-07 07:00:00,6.98,8.08,352.5,13.4
2025-02-07 08:00:00,7.27,8.11,351.4,14.22
2025-02-07 09:00:00,7.34,8.11,348.4,15.03
2025-02-07 10:00:00,7.4,8.09,344.4,15.81
2025-02-07 11:00:00,7.57,8.26,340.8,16.44
2025-02-07 12:00:00,7.79,8.48,338.2,16.84
2025-02-07 13:00:00,7.98,8.7,336.0,17.05
2025-02-07 14:00:00,8.13,8.91,335.4,17.06
2025-02-07 15:00:00,8.08,8.93,336.7,16.92
2025-02-07 16:00:00,7.68,8.71,338.8,16.57
2025-02-07 17:00:00,6.77,8.61,343.7,15.82
2025-02-07 18:00:00,6.58,8.56,350.2,15.51
2025-02-07 19:00:00,6.39,8.36,355.5,15.27
2025-02-07 20:00:00,6.15,8.06,0.1,14.95
2025-02-07 21:00:00,5.99,7.84,3.4,14.53
2025-02-07 22:00:00,6.12,8.01,4.3,14.08
2025-02-07 23:00:00,6.45,8.44,3.5,13.72
2025-02-08 00:00:00,6.78,8.86,2.1,13.47
2025-02-08 01:00:00,7.01,9.11,1.5,13.26
2025-02-08 02:00:00,6.95,9.02,1.1,12.99
2025-02-08 03:00:00,6.77,8.76,1.0,12.78
2025-02-08 04:00:00,6.6,8.47,1.6,12.61
2025-02-08 05:00:00,6.35,8.27,2.1,12.34
2025-02-08 06:00:00,6.34,8.15,3.6,12.47
2025-02-08 07:00:00,6.96,7.93,4.1,13.41
2025-02-08 08:00:00,7.12,7.84,0.7,14.04
2025-02-08 09:00:00,7.09,7.74,353.5,14.68
2025-02-08 10:00:00,7.07,7.63,344.8,15.38
2025-02-08 11:00:00,7.35,7.88,337.1,16.0
2025-02-08 12:00:00,7.96,8.54,331.3,16.61
2025-02-08 13:00:00,8.61,9.29,327.6,17.07
2025-02-08 14:00:00,9.09,9.88,324.8,17.27
2025-02-08 15:00:00,9.34,10.27,323.3,17.12
2025-02-08 16:00:00,9.26,10.46,322.6,16.62
2025-02-08 17:00:00,8.91,10.73,323.3,15.92
2025-02-08 18:00:00,8.67,10.64,329.9,15.83
2025-02-08 19:00:00,8.24,10.28,340.3,15.64
2025-02-08 20:00:00,8.09,10.21,349.3,15.35
2025-02-08 21:00:00,7.96,10.0,356.4,14.89
2025-02-08 22:00:00,7.55,9.54,359.6,14.29
2025-02-08 23:00:00,7.15,9.13,0.8,13.85
2025-02-09 00:00:00,6.81,8.8,0.2,13.52
2025-02-09 01:00:00,6.65,8.62,357.7,13.25
2025-02-09 02:00:00,6.61,8.56,355.6,13.05
2025-02-09 03:00:00,6.48,8.4,355.0,12.87
2025-02-09 04:00:00,6.3,8.19,355.4,12.77
2025-02-09 05:00:00,6.15,7.98,354.9,12.71
2025-02-09 06:00:00,6.16,7.96,350.8,12.84
2025-02-09 07:00:00,6.91,8.0,347.4,13.96
2025-02-09 08:00:00,7.47,8.24,345.2,14.73
2025-02-09 09:00:00,7.77,8.45,341.4,15.49
2025-02-09 10:00:00,7.99,8.69,336.4,16.19
2025-02-09 11:00:00,8.04,8.75,334.8,16.64
2025-02-09 12:00:00,7.9,8.61,335.4,16.92
2025-02-09 13:00:00,7.78,8.53,336.9,17.14
2025-02-09 14:00:00,7.68,8.48,339.7,17.37
2025-02-09 15:00:00,7.56,8.4,343.5,17.42
2025-02-09 16:00:00,7.24,8.27,347.4,17.15
2025-02-09 17:00:00,6.61,8.4,350.3,16.55
2025-02-09 18:00:00,6.77,8.84,350.2,16.2
2025-02-09 19:00:00,6.79,8.93,348.8,15.91
2025-02-09 20:00:00,6.62,8.7,346.6,15.59
2025-02-09 21:00:00,6.27,8.25,343.4,15.24
2025-02-09 22:00:00,6.02,7.9,339.3,14.9
2025-02-09 23:00:00,6.03,7.91,336.3,14.63
2025-02-10 00:00:00,6.11,8.01,336.0,14.41
2025-02-10 01:00:00,6.05,7.95,338.6,14.18
2025-02-10 02:00:00,5.93,7.8,343.1,13.96
2025-02-10 03:00:00,5.81,7.61,348.1,13.77
2025-02-10 04:00:00,5.67,7.41,352.9,13.59
2025-02-10 05:00:00,5.48,7.13,355.0,13.4
2025-02-10 06:00:00,5.22,6.77,354.1,13.4
2025-02-10 07:00:00,5.46,6.44,352.9,14.8
2025-02-10 08:00:00,6.01,6.6,349.3,15.52
2025-02-10 09:00:00,6.26,6.81,343.6,16.16
2025-02-10 10:00:00,6.51,7.04,339.8,16.78
2025-02-10 11:00:00,6.74,7.28,337.9,17.2
2025-02-10 12:00:00,6.92,7.5,337.4,17.42
2025-02-10 13:00:00,7.12,7.73,338.7,17.55
2025-02-10 14:00:00,7.27,7.94,341.8,17.56
2025-02-10 15:00:00,7.33,8.07,345.5,17.48
2025-02-10 16:00:00,7.17,8.15,348.8,17.21
2025-02-10 17:00:00,6.4,8.26,351.4,16.35
2025-02-10 18:00:00,6.41,8.44,353.6,16.05
2025-02-10 19:00:00,6.3,8.32,355.4,15.83
2025-02-10 20:00:00,5.98,7.87,356.0,15.53
2025-02-10 21:00:00,5.69,7.45,356.6,15.21
2025-02-10 22:00:00,5.44,7.1,357.6,14.89
2025-02-10 23:00:00,5.29,6.88,357.7,14.64
2025-02-11 00:00:00,5.34,6.94,357.0,14.44
2025-02-11 01:00:00,5.65,7.38,356.5,14.26
2025-02-11 02:00:00,6.06,7.98,355.5,14.1
2025-02-11 03:00:00,6.44,8.52,355.2,13.94
2025-02-11 04:00:00,6.67,8.83,355.1,13.76
2025-02-11 05:00:00,6.85,9.09,354.9,13.58
2025-02-11 06:00:00,7.05,9.25,355.3,13.62
2025-02-11 07:00:00,7.82,9.1,355.3,14.76
2025-02-11 08:00:00,8.27,9.21,352.8,15.44
2025-02-11 09:00:00,8.31,9.17,347.2,16.14
2025-02-11 10:00:00,8.5,9.32,342.1,16.8
2025-02-11 11:00:00,8.8,9.62,336.9,17.29
2025-02-11 12:00:00,9.05,9.91,333.3,17.61
2025-02-11 13:00:00,9.14,10.07,331.2,17.83
2025-02-11 14:00:00,9.17,10.16,331.0,17.89
2025-02-11 15:00:00,9.13,10.21,331.8,17.77
2025-02-11 16:00:00,8.85,10.17,332.7,17.41
2025-02-11 17:00:00,8.02,10.05,334.4,16.68
2025-02-11 18:00:00,7.57,9.81,338.7,16.38
2025-02-11 19:00:00,7.12,9.34,343.7,16.11
2025-02-11 20:00:00,6.74,8.9,348.5,15.77
2025-02-11 21:00:00,6.61,8.74,352.9,15.37
2025-02-11 22:00:00,6.71,8.85,357.1,15.03
2025-02-11 23:00:00,6.83,8.99,358.5,14.7
2025-02-12 00:00:00,6.98,9.16,358.6,14.39
2025-02-12 01:00:00,7.01,9.2,357.9,14.11
2025-02-12 02:00:00,7.02,9.17,356.2,13.88
2025-02-12 03:00:00,7.02,9.18,354.4,13.67
2025-02-12 04:00:00,7.12,9.34,353.2,13.52
2025-02-12 05:00:00,7.37,9.6,352.4,13.39
2025-02-12 06:00:00,7.79,9.95,351.2,13.42
2025-02-12 07:00:00,8.74,10.11,350.1,14.33
2025-02-12 08:00:00,9.48,10.66,350.2,15.09
2025-02-12 09:00:00,9.56,10.62,347.2,15.81
2025-02-12 10:00:00,9.44,10.41,343.0,16.5
2025-02-12 11:00:00,9.19,10.07,338.9,17.07
2025-02-12 12:00:00,8.9,9.77,336.2,17.52
2025-02-12 13:00:00,8.9,9.82,335.0,17.83
2025-02-12 14:00:00,9.03,10.05,336.5,17.98
2025-02-12 15:00:00,9.02,10.14,339.4,17.96
2025-02-12 16:00:00,8.67,10.0,342.4,17.67
2025-02-12 17:00:00,7.57,9.58,345.4,16.82
2025-02-12 18:00:00,7.0,9.19,349.4,16.36
2025-02-12 19:00:00,6.6,8.75,355.1,16.0
2025-02-12 20:00:00,6.38,8.43,1.3,15.53
2025-02-12 21:00:00,6.42,8.48,6.0,14.98
2025-02-12 22:00:00,6.62,8.71,6.9,14.48
2025-02-12 23:00:00,6.9,9.05,3.6,14.03
2025-02-13 00:00:00,7.45,9.69,358.9,13.71
2025-02-13 01:00:00,8.27,10.52,355.3,13.53
2025-02-13 02:00:00,8.96,11.23,353.0,13.36
2025-02-13 03:00:00,9.26,11.52,352.3,13.15
2025-02-13 04:00:00,9.28,11.53,352.2,12.92
2025-02-13 05:00:00,9.28,11.51,353.1,12.73
2025-02-13 06:00:00,9.38,11.46,354.1,12.7
2025-02-13 07:00:00,9.89,11.38,353.4,13.36
2025-02-13 08:00:00,10.49,11.85,351.0,14.16
2025-02-13 09:00:00,10.97,12.27,348.0,15.09
2025-02-13 10:00:00,11.2,12.46,344.8,16.1
2025-02-13 11:00:00,11.23,12.45,340.9,16.81
2025-02-13 12:00:00,11.19,12.4,337.0,17.31
2025-02-13 13:00:00,11.06,12.3,334.6,17.65
2025-02-13 14:00:00,10.81,12.08,334.1,17.81
2025-02-13 15:00:00,10.45,11.77,335.0,17.75
2025-02-13 16:00:00,9.92,11.43,335.7,17.33
2025-02-13 17:00:00,8.88,10.94,336.4,16.62
2025-02-13 18:00:00,8.5,10.77,343.7,16.31
2025-02-13 19:00:00,8.16,10.39,352.0,15.93
2025-02-13 20:00:00,7.46,9.63,357.3,15.26
2025-02-13 21:00:00,7.15,9.33,0.6,14.68
2025-02-13 22:00:00,6.82,8.9,0.3,14.17
2025-02-13 23:00:00,6.58,8.62,359.5,13.72
2025-02-14 00:00:00,6.36,8.34,358.6,13.35
2025-02-14 01:00:00,5.96,7.81,357.5,12.97
2025-02-14 02:00:00,5.45,7.14,353.7,12.76
2025-02-14 03:00:00,4.99,6.44,351.4,12.51
2025-02-14 04:00:00,4.54,5.74,353.3,12.21
2025-02-14 05:00:00,4.2,5.23,358.7,11.96
2025-02-14 06:00:00,3.82,4.69,5.0,12.15
2025-02-14 07:00:00,3.28,3.81,357.7,13.84
2025-02-14 08:00:00,3.62,3.84,343.6,15.21
2025-02-14 09:00:00,3.94,4.14,333.0,16.69
2025-02-14 10:00:00,4.2,4.36,326.8,18.13
2025-02-14 11:00:00,4.29,4.61,323.7,19.07
2025-02-14 12:00:00,4.46,4.96,322.5,19.64
2025-02-14 13:00:00,4.71,5.4,319.6,20.03
2025-02-14 14:00:00,4.96,5.86,316.5,20.24
2025-02-14 15:00:00,5.31,6.42,313.1,20.03
2025-02-14 16:00:00,5.51,7.04,309.9,19.36
2025-02-14 17:00:00,5.49,7.51,310.2,18.01
2025-02-14 18:00:00,5.39,7.02,319.0,17.27
2025-02-14 19:00:00,4.4,5.69,329.3,16.5
2025-02-14 20:00:00,3.78,4.81,336.8,15.69
2025-02-14 21:00:00,3.69,4.6,348.1,14.94
2025-02-14 22:00:00,3.33,4.1,357.5,14.49
2025-02-14 23:00:00,2.9,3.57,356.5,14.36
2025-02-15 00:00:00,2.88,3.5,349.6,14.5
2025-02-15 01:00:00,3.04,3.68,339.5,14.69
2025-02-15 02:00:00,3.5,4.38,319.4,14.62
2025-02-15 03:00:00,4.33,5.42,306.1,13.98
2025-02-15 04:00:00,4.55,5.7,302.7,13.43
2025-02-15 05:00:00,4.38,5.45,299.8,13.02
2025-02-15 06:00:00,4.06,5.01,296.1,12.94
2025-02-15 07:00:00,3.84,4.22,292.6,14.29
2025-02-15 08:00:00,2.98,2.99,291.8,15.59
2025-02-15 09:00:00,2.0,2.02,285.2,16.93
2025-02-15 10:00:00,0.73,0.8,279.3,18.34
2025-02-15 11:00:00,0.93,0.76,88.5,19.79
2025-02-15 12:00:00,1.91,2.02,77.1,20.5
2025-02-15 13:00:00,2.52,2.88,68.4,20.76
2025-02-15 14:00:00,2.82,3.4,59.0,20.71
2025-02-15 15:00:00,2.7,3.38,48.5,20.4
2025-02-15 16:00:00,2.25,3.18,34.5,19.75
2025-02-15 17:00:00,1.87,2.7,11.8,18.55
2025-02-15 18:00:00,1.88,2.58,328.5,18.26
2025-02-15 19:00:00,2.83,3.65,297.8,17.56
2025-02-15 20:00:00,4.09,5.14,284.3,16.67
2025-02-15 21:00:00,5.03,6.39,280.0,15.71
2025-02-15 22:00:00,5.49,6.98,280.8,14.97
2025-02-15 23:00:00,5.76,7.31,283.0,14.47
2025-02-16 00:00:00,5.87,7.44,285.9,14.15
2025-02-16 01:00:00,5.77,7.3,289.1,13.96
2025-02-16 02:00:00,5.6,7.07,290.5,13.83
2025-02-16 03:00:00,5.45,6.89,291.7,13.77
2025-02-16 04:00:00,5.29,6.69,292.8,13.78
2025-02-16 05:00:00,5.07,6.45,295.9,13.73
2025-02-16 06:00:00,4.85,6.18,301.4,13.81
2025-02-16 07:00:00,4.85,5.47,315.1,15.31
2025-02-16 08:00:00,5.18,5.69,336.8,16.83
2025-02-16 09:00:00,5.67,6.13,343.2,17.85
2025-02-16 10:00:00,5.87,6.34,342.5,18.56
2025-02-16 11:00:00,5.72,6.18,338.7,19.06
2025-02-16 12:00:00,5.48,5.95,336.2,19.36
2025-02-16 13:00:00,5.33,5.84,339.1,19.54
2025-02-16 14:00:00,5.27,5.9,347.2,19.6
2025-02-16 15:00:00,5.3,6.07,356.3,19.45
2025-02-16 16:00:00,5.04,6.07,5.2,19.09
2025-02-16 17:00:00,4.29,5.84,10.6,17.78
2025-02-16 18:00:00,4.02,5.27,8.5,17.3
2025-02-16 19:00:00,3.73,4.7,5.0,17.07
2025-02-16 20:00:00,3.39,4.12,1.4,16.81
2025-02-16 21:00:00,2.95,3.51,355.9,16.49
2025-02-16 22:00:00,2.56,3.03,346.5,16.1
2025-02-16 23:00:00,2.25,2.68,334.1,15.75
2025-02-17 00:00:00,2.09,2.5,319.2,15.49
2025-02-17 01:00:00,2.19,2.65,307.5,15.24
2025-02-17 02:00:00,2.56,3.09,304.5,15.04
2025-02-17 03:00:00,2.78,3.34,302.8,14.91
2025-02-17 04:00:00,2.78,3.31,300.7,14.83
2025-02-17 05:00:00,2.7,3.18,302.1,14.76
2025-02-17 06:00:00,2.46,2.9,306.2,14.96
2025-02-17 07:00:00,2.26,2.57,306.8,16.24
2025-02-17 08:00:00,1.82,1.84,311.0,17.59
2025-02-17 09:00:00,1.07,1.09,289.8,19.06
2025-02-17 10:00:00,0.5,0.68,254.7,19.89
2025-02-17 11:00:00,0.37,0.26,133.5,20.35
2025-02-17 12:00:00,1.28,1.27,78.7,20.88
2025-02-17 13:00:00,1.96,2.13,63.8,21.3
2025-02-17 14:00:00,2.33,2.67,48.5,21.5
2025-02-17 15:00:00,2.49,3.03,30.8,21.47
2025-02-17 16:00:00,2.54,3.67,17.8,20.89
2025-02-17 17:00:00,2.55,4.03,13.2,19.34
2025-02-17 18:00:00,2.45,3.72,8.0,18.92
2025-02-17 19:00:00,2.1,3.09,359.8,18.8
2025-02-17 20:00:00,1.7,2.39,345.7,18.74
2025-02-17 21:00:00,1.46,1.9,325.3,18.55
2025-02-17 22:00:00,1.49,1.76,304.3,18.18
2025-02-17 23:00:00,1.84,2.18,287.6,17.58
2025-02-18 00:00:00,2.27,2.72,281.9,17.02
2025-02-18 01:00:00,2.52,3.01,285.0,16.6
2025-02-18 02:00:00,2.62,3.12,293.6,16.28
2025-02-18 03:00:00,2.51,2.93,307.9,16.11
2025-02-18 04:00:00,2.3,2.65,325.6,16.09
2025-02-18 05:00:00,2.28,2.65,328.6,15.92
2025-02-18 06:00:00,2.28,2.66,328.0,15.86
2025-02-18 07:00:00,2.17,2.51,329.3,17.02
2025-02-18 08:00:00,2.2,2.34,347.2,18.4
2025-02-18 09:00:00,2.09,2.3,358.5,20.05
2025-02-18 10:00:00,1.59,1.93,349.3,20.7
2025-02-18 11:00:00,1.39,1.71,332.8,21.02
2025-02-18 12:00:00,1.33,1.64,333.9,21.29
2025-02-18 13:00:00,1.63,1.96,0.3,21.48
2025-02-18 14:00:00,2.41,2.99,19.1,21.52
2025-02-18 15:00:00,3.27,4.2,26.0,21.18
2025-02-18 16:00:00,3.77,4.96,28.7,20.46
2025-02-18 17:00:00,3.34,4.75,24.1,18.94
2025-02-18 18:00:00,2.95,4.02,6.3,18.49
2025-02-18 19:00:00,2.73,3.83,345.3,18.38
2025-02-18 20:00:00,2.91,4.08,332.6,18.09
2025-02-18 21:00:00,3.36,4.47,327.7,17.87
2025-02-18 22:00:00,3.81,4.85,327.9,17.65
2025-02-18 23:00:00,4.1,5.21,332.3,17.32
2025-02-19 00:00:00,4.27,5.42,336.0,17.01
2025-02-19 01:00:00,4.48,5.65,338.2,16.52
2025-02-19 02:00:00,4.77,6.02,337.2,16.12
2025-02-19 03:00:00,5.08,6.56,334.6,16.14
2025-02-19 04:00:00,5.41,7.05,332.6,15.86
2025-02-19 05:00:00,5.63,7.31,328.8,15.4
2025-02-19 06:00:00,5.75,7.37,325.3,15.21
2025-02-19 07:00:00,6.03,6.84,323.8,16.38
2025-02-19 08:00:00,6.02,6.59,328.9,17.71
2025-02-19 09:00:00,6.01,6.62,327.0,19.35
2025-02-19 10:00:00,5.92,7.0,322.2,20.62
2025-02-19 11:00:00,5.9,7.21,323.5,21.05
2025-02-19 12:00:00,5.91,7.31,328.9,21.13
2025-02-19 13:00:00,5.99,7.47,336.1,21.09
2025-02-19 14:00:00,6.11,7.68,343.1,20.97
2025-02-19 15:00:00,6.15,7.81,348.5,20.74
2025-02-19 16:00:00,5.73,7.52,352.7,20.35
2025-02-19 17:00:00,4.65,7.09,354.6,19.08
2025-02-19 18:00:00,4.81,7.14,353.4,18.5
2025-02-19 19:00:00,5.05,7.09,352.6,18.07
2025-02-19 20:00:00,5.13,6.83,351.3,17.52
2025-02-19 21:00:00,5.09,6.61,350.2,16.87
2025-02-19 22:00:00,5.07,6.55,348.7,16.29
2025-02-19 23:00:00,5.18,6.69,347.7,15.83
2025-02-20 00:00:00,5.23,6.74,347.0,15.49
2025-02-20 01:00:00,5.18,6.7,346.4,15.21
2025-02-20 02:00:00,5.1,6.58,346.3,14.93
2025-02-20 03:00:00,5.02,6.52,347.2,14.67
2025-02-20 04:00:00,5.02,6.52,348.3,14.6
2025-02-20 05:00:00,4.83,6.23,345.8,14.49
2025-02-20 06:00:00,4.61,5.95,341.0,14.64
2025-02-20 07:00:00,5.1,5.8,337.9,16.04
2025-02-20 08:00:00,5.7,6.25,337.0,16.95
2025-02-20 09:00:00,6.0,6.53,336.1,17.7
2025-02-20 10:00:00,6.19,6.74,333.9,18.34
2025-02-20 11:00:00,6.43,7.01,332.7,18.83
2025-02-20 12:00:00,6.64,7.28,336.7,19.18
2025-02-20 13:00:00,6.89,7.6,343.5,19.45
2025-02-20 14:00:00,7.19,8.01,348.8,19.62
2025-02-20 15:00:00,7.43,8.36,353.5,19.53
2025-02-20 16:00:00,7.54,8.59,357.7,19.01
2025-02-20 17:00:00,6.99,8.57,1.4,18.15
2025-02-20 18:00:00,6.7,8.54,0.7,17.63
2025-02-20 19:00:00,6.62,8.52,359.8,17.31
2025-02-20 20:00:00,6.83,8.8,1.3,16.99
2025-02-20 21:00:00,6.89,8.77,2.5,16.6
2025-02-20 22:00:00,6.99,8.81,0.8,16.23
2025-02-20 23:00:00,7.59,9.25,358.6,16.14
2025-02-21 00:00:00,8.39,9.93,358.1,15.95
2025-02-21 01:00:00,8.8,10.26,358.6,15.54
2025-02-21 02:00:00,8.74,10.18,359.6,14.94
2025-02-21 03:00:00,8.32,9.77,0.2,14.33
2025-02-21 04:00:00,7.66,9.14,0.1,13.87
2025-02-21 05:00:00,6.92,8.5,358.8,13.5
2025-02-21 06:00:00,6.43,7.88,356.7,13.39
2025-02-21 07:00:00,6.57,7.2,352.3,14.06
2025-02-21 08:00:00,6.32,6.81,345.4,14.58
2025-02-21 09:00:00,6.26,6.73,339.3,15.2
2025-02-21 10:00:00,6.47,6.92,338.2,15.77
2025-02-21 11:00:00,6.89,7.37,341.4,16.1
2025-02-21 12:00:00,7.33,7.88,343.6,16.26
2025-02-21 13:00:00,7.4,8.03,344.4,16.39
2025-02-21 14:00:00,7.26,7.95,345.6,16.67
2025-02-21 15:00:00,7.09,7.84,346.2,16.86
2025-02-21 16:00:00,6.85,7.67,346.2,16.76
2025-02-21 17:00:00,5.98,7.64,346.5,15.98
2025-02-21 18:00:00,5.95,7.81,347.7,15.53
2025-02-21 19:00:00,5.87,7.69,348.2,15.29
2025-02-21 20:00:00,5.67,7.41,349.8,15.01
2025-02-21 21:00:00,5.42,7.05,354.1,14.67
2025-02-21 22:00:00,5.23,6.77,358.7,14.28
2025-02-21 23:00:00,5.29,6.87,1.2,13.93
2025-02-22 00:00:00,5.65,7.38,0.5,13.66
2025-02-22 01:00:00,6.16,8.09,358.4,13.45
2025-02-22 02:00:00,6.66,8.76,357.3,13.28
2025-02-22 03:00:00,7.04,9.24,357.3,13.13
2025-02-22 04:00:00,7.26,9.5,358.3,12.97
2025-02-22 05:00:00,7.16,9.4,358.6,12.78
2025-02-22 06:00:00,6.95,8.95,358.7,12.94
2025-02-22 07:00:00,7.28,8.24,358.3,13.98
2025-02-22 08:00:00,7.11,7.81,352.3,14.64
2025-02-22 09:00:00,6.97,7.58,344.9,15.22
2025-02-22 10:00:00,6.82,7.39,339.9,15.76
2025-02-22 11:00:00,6.96,7.53,336.6,16.14
2025-02-22 12:00:00,7.22,7.83,335.8,16.41
2025-02-22 13:00:00,7.55,8.24,338.1,16.73
2025-02-22 14:00:00,7.84,8.62,342.5,17.0
2025-02-22 15:00:00,8.07,8.95,345.0,17.12
2025-02-22 16:00:00,8.1,9.17,345.5,16.96
2025-02-22 17:00:00,7.33,9.18,346.6,16.26
2025-02-22 18:00:00,7.15,9.33,348.2,15.82
2025-02-22 19:00:00,7.27,9.54,351.4,15.56
2025-02-22 20:00:00,7.51,9.82,357.1,15.23
2025-02-22 21:00:00,7.82,10.08,2.2,14.78
2025-02-22 22:00:00,7.83,10.0,5.6,14.2
2025-02-22 23:00:00,7.75,9.9,6.3,13.7
2025-02-23 00:00:00,7.69,9.83,5.3,13.34
2025-02-23 01:00:00,7.58,9.71,4.6,13.03
2025-02-23 02:00:00,7.35,9.46,3.9,12.69
2025-02-23 03:00:00,7.14,9.24,1.9,12.41
2025-02-23 04:00:00,7.24,9.33,0.1,12.27
2025-02-23 05:00:00,7.58,9.43,2.2,12.55
2025-02-23 06:00:00,7.39,9.04,6.5,12.75
2025-02-23 07:00:00,7.83,8.79,4.3,13.51
2025-02-23 08:00:00,7.99,8.82,359.9,14.38
2025-02-23 09:00:00,8.31,9.14,354.4,15.33
2025-02-23 10:00:00,8.95,9.8,349.1,16.27
2025-02-23 11:00:00,9.62,10.52,344.1,17.03
2025-02-23 12:00:00,10.19,11.17,339.5,17.48
2025-02-23 13:00:00,10.5,11.56,334.3,17.67
2025-02-23 14:00:00,10.65,11.8,328.4,17.55
2025-02-23 15:00:00,10.7,11.98,327.5,17.19
2025-02-23 16:00:00,10.38,11.81,332.6,16.65
2025-02-23 17:00:00,9.77,11.58,333.8,16.06
2025-02-23 18:00:00,9.94,11.86,343.8,15.59
2025-02-23 19:00:00,10.04,11.95,354.4,15.0
2025-02-23 20:00:00,9.99,11.83,0.8,14.16
2025-02-23 21:00:00,9.69,11.45,3.8,13.29
2025-02-23 22:00:00,9.07,10.77,2.4,12.63
2025-02-23 23:00:00,8.8,10.58,0.5,12.29
2025-02-24 00:00:00,8.75,10.62,0.7,12.09
2025-02-24 01:00:00,8.81,10.77,1.4,11.92
2025-02-24 02:00:00,9.0,11.05,1.8,11.81
2025-02-24 03:00:00,9.21,11.32,3.3,11.69
2025-02-24 04:00:00,9.1,11.24,5.8,11.56
2025-02-24 05:00:00,8.98,11.12,8.8,11.44
2025-02-24 06:00:00,8.87,10.78,10.7,11.58
2025-02-24 07:00:00,8.9,10.13,9.7,12.46
2025-02-24 08:00:00,9.01,10.16,4.1,13.51
2025-02-24 09:00:00,9.59,10.73,357.6,14.47
2025-02-24 10:00:00,9.96,11.06,351.8,15.35
2025-02-24 11:00:00,9.98,11.03,346.6,15.95
2025-02-24 12:00:00,10.06,11.07,341.6,16.31
2025-02-24 13:00:00,10.37,11.44,338.9,16.47
2025-02-24 14:00:00,10.55,11.71,338.6,16.47
2025-02-24 15:00:00,10.47,11.72,340.3,16.32
2025-02-24 16:00:00,10.17,11.51,343.8,15.92
2025-02-24 17:00:00,9.61,11.34,348.9,15.22
2025-02-24 18:00:00,9.43,11.24,356.2,14.67
2025-02-24 19:00:00,8.95,10.73,2.8,14.05
2025-02-24 20:00:00,8.26,10.04,9.3,13.37
2025-02-24 21:00:00,7.28,9.13,13.4,12.72
2025-02-24 22:00:00,6.6,8.49,16.6,12.08
2025-02-24 23:00:00,6.04,7.77,16.8,11.51
2025-02-25 00:00:00,5.62,7.21,16.2,11.03
2025-02-25 01:00:00,5.22,6.63,14.3,10.64
2025-02-25 02:00:00,4.71,5.87,14.2,10.29
2025-02-25 03:00:00,4.07,4.89,17.7,10.06
2025-02-25 04:00:00,3.12,3.59,16.7,10.0
2025-02-25 05:00:00,2.42,2.74,9.7,10.13
2025-02-25 06:00:00,1.92,2.17,359.7,10.52
2025-02-25 07:00:00,1.65,1.75,337.1,12.04
2025-02-25 08:00:00,2.32,2.34,309.8,12.98
2025-02-25 09:00:00,3.11,3.11,307.9,13.93
2025-02-25 10:00:00,3.9,3.94,310.9,14.6
2025-02-25 11:00:00,4.33,4.44,315.9,15.07
2025-02-25 12:00:00,4.72,4.9,316.6,15.39
2025-02-25 13:00:00,5.46,5.77,315.7,15.56
2025-02-25 14:00:00,6.22,6.72,319.0,15.62
2025-02-25 15:00:00,6.67,7.36,322.5,15.8
2025-02-25 16:00:00,6.82,7.96,326.8,15.7
2025-02-25 17:00:00,6.85,8.58,330.6,15.32
2025-02-25 18:00:00,7.03,8.92,337.7,15.25
2025-02-25 19:00:00,7.06,8.97,347.2,15.1
2025-02-25 20:00:00,7.13,9.03,354.5,14.82
2025-02-25 21:00:00,7.31,9.08,356.5,14.39
2025-02-25 22:00:00,7.46,9.14,354.4,13.95
2025-02-25 23:00:00,7.59,9.18,348.7,13.54
2025-02-26 00:00:00,7.79,9.42,344.6,12.97
2025-02-26 01:00:00,7.88,9.46,342.6,12.62
2025-02-26 02:00:00,8.09,9.57,342.1,12.67
2025-02-26 03:00:00,8.4,9.87,337.6,12.66
2025-02-26 04:00:00,8.62,10.09,339.9,12.7
2025-02-26 05:00:00,8.44,9.88,343.6,12.85
2025-02-26 06:00:00,7.83,9.19,343.5,13.09
2025-02-26 07:00:00,7.75,8.8,338.8,13.71
2025-02-26 08:00:00,7.94,8.8,336.4,14.47
2025-02-26 09:00:00,7.52,8.26,333.2,15.65
2025-02-26 10:00:00,7.66,8.35,325.7,16.98
2025-02-26 11:00:00,8.32,9.14,318.9,17.63
2025-02-26 12:00:00,8.71,9.65,321.2,17.95
2025-02-26 13:00:00,8.69,9.72,318.3,18.24
2025-02-26 14:00:00,8.63,9.74,316.2,18.1
2025-02-26 15:00:00,8.23,9.31,316.9,17.89
2025-02-26 16:00:00,7.86,9.07,314.4,17.51
2025-02-26 17:00:00,7.29,8.91,311.6,16.78
2025-02-26 18:00:00,6.82,8.41,315.5,16.22
2025-02-26 19:00:00,6.1,7.61,323.0,15.66
2025-02-26 20:00:00,5.7,7.21,332.0,15.1
2025-02-26 21:00:00,6.48,8.08,333.7,14.55
2025-02-26 22:00:00,7.0,8.6,342.5,14.16
2025-02-26 23:00:00,6.53,8.26,357.0,13.88
2025-02-27 00:00:00,5.78,7.42,359.7,13.56
2025-02-27 01:00:00,5.56,7.12,351.6,13.22
2025-02-27 02:00:00,5.84,7.45,347.1,12.86
2025-02-27 03:00:00,6.03,7.68,346.7,12.63
2025-02-27 04:00:00,6.03,7.7,345.9,12.5
2025-02-27 05:00:00,5.87,7.5,345.8,12.36
2025-02-27 06:00:00,5.58,7.02,348.5,12.66
2025-02-27 07:00:00,5.73,6.33,349.2,14.18
2025-02-27 08:00:00,5.26,5.59,346.0,15.74
2025-02-27 09:00:00,4.77,5.08,338.3,17.54
2025-02-27 10:00:00,4.51,4.89,328.5,19.13
2025-02-27 11:00:00,4.4,5.06,324.6,20.23
2025-02-27 12:00:00,4.56,5.64,322.6,20.8
2025-02-27 13:00:00,4.89,6.33,321.7,21.13
2025-02-27 14:00:00,5.24,6.95,323.3,21.24
2025-02-27 15:00:00,5.53,7.49,324.8,21.14
2025-02-27 16:00:00,5.66,7.97,324.0,20.64
2025-02-27 17:00:00,5.49,8.36,328.0,19.04
2025-02-27 18:00:00,5.88,8.29,338.9,18.07
2025-02-27 19:00:00,5.96,7.9,344.6,17.04
2025-02-27 20:00:00,5.87,7.59,350.8,16.05
2025-02-27 21:00:00,5.68,7.27,355.1,15.28
2025-02-27 22:00:00,5.51,6.98,350.8,14.5
2025-02-27 23:00:00,5.4,6.76,341.5,13.97
2025-02-28 00:00:00,5.32,6.65,334.1,13.87
2025-02-28 01:00:00,5.58,6.95,325.5,13.81
2025-02-28 02:00:00,6.0,7.35,321.2,13.56
2025-02-28 03:00:00,6.31,7.69,319.5,13.38
2025-02-28 04:00:00,6.47,7.88,319.0,13.24
2025-02-28 05:00:00,6.48,7.9,319.0,13.08
2025-02-28 06:00:00,6.54,7.75,319.0,13.24
2025-02-28 07:00:00,6.72,7.38,319.7,14.47
2025-02-28 08:00:00,6.74,7.26,323.8,16.22
2025-02-28 09:00:00,6.93,7.54,324.8,18.09
2025-02-28 10:00:00,7.15,8.11,324.0,19.54
2025-02-28 11:00:00,7.44,8.74,324.1,20.47
2025-02-28 12:00:00,7.92,9.47,325.2,20.95
2025-02-28 13:00:00,8.46,10.18,325.3,21.07
2025-02-28 14:00:00,8.88,10.68,327.5,20.91
2025-02-28 15:00:00,8.86,10.73,329.3,20.57
2025-02-28 16:00:00,8.93,10.85,329.7,19.96
2025-02-28 17:00:00,8.23,10.61,330.3,18.73
2025-02-28 18:00:00,7.73,10.16,337.8,17.85
2025-02-28 19:00:00,7.14,9.6,348.9,17.32
2025-02-28 20:00:00,6.73,9.01,358.0,16.73
2025-02-28 21:00:00,6.12,8.07,5.1,15.97
2025-02-28 22:00:00,5.57,7.3,5.7,15.25
2025-02-28 23:00:00,5.03,6.51,4.2,14.72
2025-03-01 00:00:00,4.92,6.37,351.0,14.39
2025-03-01 01:00:00,4.99,6.44,341.5,14.17
2025-03-01 02:00:00,5.19,6.7,334.2,14.02
2025-03-01 03:00:00,5.6,7.25,332.6,13.96
2025-03-01 04:00:00,5.82,7.54,335.1,13.9
2025-03-01 05:00:00,5.83,7.55,338.7,13.81
2025-03-01 06:00:00,5.7,7.37,342.2,14.22
2025-03-01 07:00:00,6.17,7.05,345.4,15.87
2025-03-01 08:00:00,6.91,7.71,344.6,17.05
2025-03-01 09:00:00,7.45,8.25,341.3,17.78
2025-03-01 10:00:00,7.74,8.55,338.7,18.32
2025-03-01 11:00:00,7.96,8.79,336.5,18.75
2025-03-01 12:00:00,8.1,8.97,334.9,19.09
2025-03-01 13:00:00,8.22,9.2,334.2,19.34
2025-03-01 14:00:00,8.28,9.41,334.1,19.49
2025-03-01 15:00:00,8.38,9.72,334.1,19.51
2025-03-01 16:00:00,8.25,9.71,334.0,19.25
2025-03-01 17:00:00,7.24,9.27,331.6,18.32
2025-03-01 18:00:00,6.91,9.16,333.8,17.59
2025-03-01 19:00:00,6.54,8.7,340.3,17.13
2025-03-01 20:00:00,6.23,8.3,352.4,16.72
2025-03-01 21:00:00,5.66,7.47,5.4,16.06
2025-03-01 22:00:00,5.11,6.63,17.3,15.34
2025-03-01 23:00:00,4.76,6.05,23.5,14.74
2025-03-02 00:00:00,4.2,5.19,21.4,14.27
2025-03-02 01:00:00,3.56,4.31,12.2,13.8
2025-03-02 02:00:00,3.18,3.84,358.4,13.35
2025-03-02 03:00:00,3.1,3.77,349.9,12.94
2025-03-02 04:00:00,2.96,3.59,349.3,12.73
2025-03-02 05:00:00,2.43,2.87,346.5,12.78
2025-03-02 06:00:00,1.78,2.16,325.6,13.3
2025-03-02 07:00:00,1.72,1.83,304.3,14.94
2025-03-02 08:00:00,1.94,1.89,276.4,16.2
2025-03-02 09:00:00,2.31,2.24,251.2,17.28
2025-03-02 10:00:00,2.14,2.17,234.6,18.49
2025-03-02 11:00:00,1.8,1.98,215.8,19.73
2025-03-02 12:00:00,1.45,1.76,204.5,20.68
2025-03-02 13:00:00,0.69,1.08,199.4,21.29
2025-03-02 14:00:00,0.24,0.21,138.8,21.42
2025-03-02 15:00:00,0.93,0.97,45.4,21.23
2025-03-02 16:00:00,1.56,1.93,36.2,20.54
2025-03-02 17:00:00,1.98,3.14,28.0,18.93
2025-03-02 18:00:00,2.5,3.81,21.4,18.14
2025-03-02 19:00:00,2.78,3.83,16.7,17.77
2025-03-02 20:00:00,2.68,3.38,8.3,17.55
2025-03-02 21:00:00,2.4,2.97,349.9,17.35
2025-03-02 22:00:00,2.46,3.02,328.9,17.1
2025-03-02 23:00:00,2.66,3.27,312.5,16.85
2025-03-03 00:00:00,2.98,3.68,299.3,16.55
2025-03-03 01:00:00,3.58,4.42,292.2,16.1
2025-03-03 02:00:00,4.04,4.98,290.3,15.45
2025-03-03 03:00:00,3.94,4.81,290.1,14.92
2025-03-03 04:00:00,3.29,3.94,290.8,14.64
2025-03-03 05:00:00,2.15,2.45,292.6,14.88
2025-03-03 06:00:00,1.0,1.07,270.0,15.73
2025-03-03 07:00:00,0.94,0.98,212.9,16.99
2025-03-03 08:00:00,1.75,2.05,170.7,18.53
2025-03-03 09:00:00,2.27,2.98,167.4,20.03
2025-03-03 10:00:00,2.21,3.06,163.5,20.88
2025-03-03 11:00:00,1.81,2.43,167.9,21.74
2025-03-03 12:00:00,1.58,1.89,134.8,22.5
2025-03-03 13:00:00,2.33,2.74,94.0,22.25
2025-03-03 14:00:00,2.73,3.33,76.8,22.02
2025-03-03 15:00:00,2.8,3.6,63.3,21.72
2025-03-03 16:00:00,2.31,3.53,41.6,21.02
2025-03-03 17:00:00,2.35,3.66,14.6,19.92
2025-03-03 18:00:00,2.75,4.36,352.4,19.53
2025-03-03 19:00:00,3.17,5.28,338.9,19.25
2025-03-03 20:00:00,3.7,6.19,333.8,18.96
2025-03-03 21:00:00,4.46,6.78,331.5,18.62
2025-03-03 22:00:00,5.07,6.92,325.9,18.06
2025-03-03 23:00:00,5.76,7.17,316.9,17.48
2025-03-04 00:00:00,6.25,7.51,313.8,16.98
2025-03-04 01:00:00,6.48,7.72,314.9,16.54
2025-03-04 02:00:00,6.43,7.79,316.9,16.01
2025-03-04 03:00:00,6.35,7.74,317.9,15.71
2025-03-04 04:00:00,6.25,7.63,316.9,15.49
2025-03-04 05:00:00,6.25,7.67,315.4,15.1
2025-03-04 06:00:00,6.36,7.6,316.1,14.99
2025-03-04 07:00:00,6.7,7.39,320.3,16.04
2025-03-04 08:00:00,6.88,7.51,323.1,17.52
2025-03-04 09:00:00,7.2,7.91,319.5,18.81
2025-03-04 10:00:00,7.36,8.25,314.6,19.63
2025-03-04 11:00:00,7.25,8.33,313.5,20.08
2025-03-04 12:00:00,7.05,8.3,317.6,20.32
2025-03-04 13:00:00,7.07,8.43,324.4,20.35
2025-03-04 14:00:00,7.33,8.79,330.8,20.16
2025-03-04 15:00:00,7.47,9.1,335.7,19.94
2025-03-04 16:00:00,7.26,9.14,336.7,19.86
2025-03-04 17:00:00,6.55,9.04,335.1,19.16
2025-03-04 18:00:00,6.63,9.25,332.7,18.5
2025-03-04 19:00:00,6.87,9.22,330.8,18.01
2025-03-04 20:00:00,7.01,9.09,328.2,17.45
2025-03-04 21:00:00,7.04,8.9,327.5,16.93
2025-03-04 22:00:00,6.94,8.69,331.2,16.44
2025-03-04 23:00:00,6.93,8.66,340.2,16.03
2025-03-05 00:00:00,6.58,8.31,344.5,15.55
2025-03-05 01:00:00,6.24,7.96,346.0,15.07
2025-03-05 02:00:00,6.04,7.8,347.9,14.67
2025-03-05 03:00:00,5.83,7.58,346.1,14.37
2025-03-05 04:00:00,5.66,7.36,347.1,14.07
2025-03-05 05:00:00,5.68,7.4,347.5,13.87
2025-03-05 06:00:00,5.82,7.31,348.2,14.19
2025-03-05 07:00:00,6.66,7.5,351.9,15.16
2025-03-05 08:00:00,7.09,7.8,348.8,16.01
2025-03-05 09:00:00,7.35,8.06,341.8,16.98
2025-03-05 10:00:00,7.54,8.25,335.2,18.06
2025-03-05 11:00:00,7.54,8.33,326.5,18.83
2025-03-05 12:00:00,7.57,8.47,317.9,19.24
2025-03-05 13:00:00,7.6,8.66,314.3,19.44
2025-03-05 14:00:00,7.5,8.7,316.4,19.53
2025-03-05 15:00:00,7.42,8.74,320.2,19.39
2025-03-05 16:00:00,7.35,8.8,321.5,19.05
2025-03-05 17:00:00,6.59,8.63,319.6,18.21
2025-03-05 18:00:00,6.56,8.89,316.7,17.55
2025-03-05 19:00:00,6.94,9.15,316.7,17.21
2025-03-05 20:00:00,7.21,9.21,318.5,16.82
2025-03-05 21:00:00,7.15,8.97,321.8,16.44
2025-03-05 22:00:00,7.12,8.87,325.5,16.1
2025-03-05 23:00:00,7.14,8.85,330.1,15.75
2025-03-06 00:00:00,7.04,8.66,333.2,15.36
2025-03-06 01:00:00,6.85,8.42,333.6,14.95
2025-03-06 02:00:00,6.85,8.46,335.1,14.74
2025-03-06 03:00:00,6.93,8.6,336.7,14.64
2025-03-06 04:00:00,7.05,8.71,336.0,14.51
2025-03-06 05:00:00,7.19,8.84,333.9,14.39
2025-03-06 06:00:00,7.54,9.0,332.8,14.65
2025-03-06 07:00:00,8.22,9.22,333.5,15.64
2025-03-06 08:00:00,8.58,9.51,336.0,16.75
2025-03-06 09:00:00,8.55,9.49,336.5,17.92
2025-03-06 10:00:00,8.23,9.45,334.7,19.11
2025-03-06 11:00:00,8.02,9.49,330.5,19.85
2025-03-06 12:00:00,8.2,9.86,325.7,20.25
2025-03-06 13:00:00,8.55,10.41,323.7,20.45
2025-03-06 14:00:00,8.88,10.93,323.9,20.48
2025-03-06 15:00:00,9.01,11.18,325.2,20.29
2025-03-06 16:00:00,8.58,10.75,328.3,19.81
2025-03-06 17:00:00,7.59,9.95,334.8,18.95
2025-03-06 18:00:00,7.16,9.32,342.8,18.22
2025-03-06 19:00:00,7.0,8.88,347.3,17.63
2025-03-06 20:00:00,6.7,8.41,347.2,17.02
2025-03-06 21:00:00,6.38,7.94,343.1,16.5
2025-03-06 22:00:00,6.26,7.74,336.6,16.06
2025-03-06 23:00:00,6.38,7.81,331.2,15.7
2025-03-07 00:00:00,6.61,8.08,327.0,15.42
2025-03-07 01:00:00,6.7,8.26,328.6,15.17
2025-03-07 02:00:00,6.76,8.38,331.8,14.98
2025-03-07 03:00:00,6.81,8.49,334.7,14.78
2025-03-07 04:00:00,6.77,8.51,337.2,14.61
2025-03-07 05:00:00,6.54,8.28,337.8,14.47
2025-03-07 06:00:00,6.36,7.81,335.8,14.75
2025-03-07 07:00:00,6.74,7.54,333.8,15.75
2025-03-07 08:00:00,7.21,8.03,335.8,16.89
2025-03-07 09:00:00,7.77,8.67,335.6,17.93
2025-03-07 10:00:00,8.22,9.25,336.6,18.67
2025-03-07 11:00:00,8.39,9.55,339.1,19.21
2025-03-07 12:00:00,8.29,9.58,340.0,19.55
2025-03-07 13:00:00,8.06,9.48,339.7,19.75
2025-03-07 14:00:00,7.59,9.04,338.9,19.76
2025-03-07 15:00:00,6.92,8.35,337.2,19.6
2025-03-07 16:00:00,6.09,7.48,336.2,19.25
2025-03-07 17:00:00,4.75,6.66,341.7,18.38
2025-03-07 18:00:00,4.55,6.54,351.3,17.73
2025-03-07 19:00:00,4.6,6.48,357.7,17.46
2025-03-07 20:00:00,4.37,5.93,359.2,17.17
2025-03-07 21:00:00,3.87,5.01,353.0,16.9
2025-03-07 22:00:00,3.5,4.33,343.1,16.66
2025-03-07 23:00:00,3.42,4.16,336.0,16.29
2025-03-08 00:00:00,3.45,4.19,333.3,15.86
2025-03-08 01:00:00,3.53,4.3,327.3,15.5
2025-03-08 02:00:00,3.82,4.7,324.5,15.18
2025-03-08 03:00:00,4.1,5.13,321.7,14.92
2025-03-08 04:00:00,4.13,5.18,328.1,14.77
2025-03-08 05:00:00,4.07,5.09,337.2,14.53
2025-03-08 06:00:00,3.94,5.04,342.8,14.87
2025-03-08 07:00:00,4.33,4.84,347.1,16.19
2025-03-08 08:00:00,4.56,4.95,342.7,17.08
2025-03-08 09:00:00,4.74,5.13,336.0,17.99
2025-03-08 10:00:00,4.9,5.32,331.2,18.76
2025-03-08 11:00:00,5.12,5.61,329.2,19.33
2025-03-08 12:00:00,5.23,5.85,332.1,19.71
2025-03-08 13:00:00,5.32,6.16,335.8,19.97
2025-03-08 14:00:00,5.34,6.46,338.4,20.08
2025-03-08 15:00:00,5.33,6.63,342.2,20.02
2025-03-08 16:00:00,5.14,6.54,345.2,19.76
2025-03-08 17:00:00,3.98,5.93,343.1,19.01
2025-03-08 18:00:00,3.7,5.81,335.2,18.58
2025-03-08 19:00:00,3.76,5.88,327.6,18.33
2025-03-08 20:00:00,4.06,6.16,323.5,18.09
2025-03-08 21:00:00,4.22,6.16,322.7,17.8
2025-03-08 22:00:00,4.47,6.26,323.1,17.51
2025-03-08 23:00:00,4.65,6.29,323.7,17.22
2025-03-09 00:00:00,4.73,6.24,324.1,16.92
2025-03-09 01:00:00,4.78,6.21,323.6,16.62
2025-03-09 02:00:00,4.78,6.18,323.0,16.34
2025-03-09 03:00:00,4.75,6.12,322.2,16.09
2025-03-09 04:00:00,4.73,6.1,320.0,15.98
2025-03-09 05:00:00,4.91,6.31,316.0,15.7
2025-03-09 06:00:00,5.25,6.47,312.5,15.86
2025-03-09 07:00:00,5.55,6.06,311.6,17.02
2025-03-09 08:00:00,5.36,5.81,316.3,18.45
2025-03-09 09:00:00,4.72,5.41,321.1,19.82
2025-03-09 10:00:00,4.0,5.01,321.5,20.95
2025-03-09 11:00:00,3.58,4.75,321.9,21.66
2025-03-09 12:00:00,3.55,4.73,324.6,22.05
2025-03-09 13:00:00,3.74,5.01,329.3,22.17
2025-03-09 14:00:00,4.05,5.49,335.0,22.07
2025-03-09 15:00:00,4.35,5.97,339.5,21.79
2025-03-09 16:00:00,4.43,6.25,341.2,21.29
2025-03-09 17:00:00,3.82,6.44,339.1,19.97
2025-03-09 18:00:00,4.11,6.89,336.9,19.29
2025-03-09 19:00:00,4.34,7.11,337.3,19.0
2025-03-09 20:00:00,4.52,7.03,339.3,18.63
2025-03-09 21:00:00,4.59,6.65,343.4,18.19
2025-03-09 22:00:00,4.56,6.25,345.1,17.73
2025-03-09 23:00:00,4.57,6.05,344.5,17.26
2025-03-10 00:00:00,4.61,6.0,343.0,16.79
2025-03-10 01:00:00,4.65,6.02,340.4,16.35
2025-03-10 02:00:00,4.69,6.06,339.1,15.97
2025-03-10 03:00:00,4.71,6.08,338.8,15.68
2025-03-10 04:00:00,4.71,6.08,335.9,15.44
2025-03-10 05:00:00,4.7,6.04,331.6,15.21
2025-03-10 06:00:00,4.81,5.93,328.2,15.65
2025-03-10 07:00:00,5.22,5.67,330.4,17.11
2025-03-10 08:00:00,5.75,6.47,339.3,18.94
2025-03-10 09:00:00,6.22,7.5,341.1,20.56
2025-03-10 10:00:00,6.64,8.32,338.3,21.37
2025-03-10 11:00:00,7.0,9.04,335.9,22.01
2025-03-10 12:00:00,7.36,9.65,334.5,22.45
2025-03-10 13:00:00,7.68,10.14,333.0,22.67
2025-03-10 14:00:00,7.87,10.44,332.4,22.69
2025-03-10 15:00:00,7.83,10.49,332.3,22.52
2025-03-10 16:00:00,7.52,10.17,331.2,22.08
2025-03-10 17:00:00,6.6,9.74,329.1,20.98
2025-03-10 18:00:00,6.51,9.7,332.7,20.09
2025-03-10 19:00:00,6.16,9.07,341.4,19.51
2025-03-10 20:00:00,5.58,8.07,352.0,18.84
2025-03-10 21:00:00,5.14,7.1,1.7,18.17
2025-03-10 22:00:00,4.75,6.24,6.4,17.46
2025-03-10 23:00:00,4.33,5.54,3.7,16.74
2025-03-11 00:00:00,3.99,5.04,352.5,16.12
2025-03-11 01:00:00,3.93,5.02,336.1,15.69
2025-03-11 02:00:00,4.05,5.22,326.1,15.46
2025-03-11 03:00:00,4.15,5.35,322.4,15.33
2025-03-11 04:00:00,4.28,5.53,320.6,15.28
2025-03-11 05:00:00,4.47,5.76,319.4,15.23
2025-03-11 06:00:00,4.69,5.79,320.1,15.8
2025-03-11 07:00:00,5.03,5.47,321.8,17.37
2025-03-11 08:00:00,4.76,5.14,323.5,19.03
2025-03-11 09:00:00,4.04,4.49,322.1,20.54
2025-03-11 10:00:00,3.27,4.03,317.3,21.71
2025-03-11 11:00:00,3.14,3.92,310.0,22.46
2025-03-11 12:00:00,3.3,4.15,304.8,22.92
2025-03-11 13:00:00,3.55,4.57,302.1,23.13
2025-03-11 14:00:00,3.74,4.95,300.6,23.14
2025-03-11 15:00:00,3.83,5.18,302.3,23.01
2025-03-11 16:00:00,3.73,5.23,306.6,22.66
2025-03-11 17:00:00,3.16,5.25,311.4,21.09
2025-03-11 18:00:00,3.33,5.48,315.4,20.16
2025-03-11 19:00:00,3.42,5.66,317.0,19.69
2025-03-11 20:00:00,3.55,5.78,314.4,19.24
2025-03-11 21:00:00,3.97,5.88,311.4,18.79
2025-03-11 22:00:00,4.3,5.9,312.1,18.23
2025-03-11 23:00:00,4.59,6.07,312.3,17.73
2025-03-12 00:00:00,4.87,6.29,311.4,17.35
2025-03-12 01:00:00,4.93,6.28,310.7,16.97
2025-03-12 02:00:00,4.85,6.13,308.0,16.65
2025-03-12 03:00:00,4.81,6.11,302.8,16.44
2025-03-12 04:00:00,4.83,6.15,297.6,16.3
2025-03-12 05:00:00,4.72,6.05,293.6,16.15
2025-03-12 06:00:00,4.73,5.67,288.0,16.58
2025-03-12 07:00:00,4.34,4.55,282.2,17.87
2025-03-12 08:00:00,3.18,3.18,270.2,19.42
2025-03-12 09:00:00,1.87,2.09,242.9,20.55
2025-03-12 10:00:00,1.45,1.91,210.9,21.58
2025-03-12 11:00:00,1.53,2.06,188.6,23.54
2025-03-12 12:00:00,1.39,1.83,203.2,25.06
2025-03-12 13:00:00,1.37,1.68,246.5,25.96
2025-03-12 14:00:00,1.62,1.92,290.7,26.23
2025-03-12 15:00:00,1.83,2.15,334.6,25.94
2025-03-12 16:00:00,2.39,3.02,359.4,24.91
2025-03-12 17:00:00,2.81,4.35,356.4,22.52
2025-03-12 18:00:00,3.38,5.5,345.7,21.16
2025-03-12 19:00:00,3.57,6.06,339.8,20.56
2025-03-12 20:00:00,3.61,6.1,336.4,20.11
2025-03-12 21:00:00,3.62,5.91,331.4,19.82
2025-03-12 22:00:00,3.7,5.78,324.7,19.65
2025-03-12 23:00:00,3.92,5.94,315.8,19.62
2025-03-13 00:00:00,4.13,6.13,307.8,19.54
2025-03-13 01:00:00,3.93,5.73,306.4,19.53
2025-03-13 02:00:00,3.24,4.6,311.5,19.54
2025-03-13 03:00:00,2.3,3.12,324.1,19.44
2025-03-13 04:00:00,1.49,1.91,337.9,19.42
2025-03-13 05:00:00,0.95,1.13,317.1,19.66
2025-03-13 06:00:00,1.22,1.49,270.8,19.98
2025-03-13 07:00:00,1.96,2.33,258.4,21.13
2025-03-13 08:00:00,2.08,2.65,230.7,22.07
2025-03-13 09:00:00,2.12,2.75,199.6,23.76
2025-03-13 10:00:00,2.09,2.71,184.2,25.6
2025-03-13 11:00:00,2.02,2.61,172.1,27.07
2025-03-13 12:00:00,2.04,2.61,157.3,27.77
2025-03-13 13:00:00,2.0,2.5,144.6,27.95
2025-03-13 14:00:00,1.83,2.2,129.8,28.03
2025-03-13 15:00:00,1.72,1.98,105.2,27.87
2025-03-13 16:00:00,1.88,2.26,75.9,27.18
2025-03-13 17:00:00,1.89,2.7,53.7,25.41
2025-03-13 18:00:00,1.89,2.62,32.4,24.81
2025-03-13 19:00:00,1.91,2.65,10.9,24.37
2025-03-13 20:00:00,2.05,2.89,350.0,23.46
2025-03-13 21:00:00,2.45,3.66,332.9,22.48
2025-03-13 22:00:00,2.84,4.59,325.4,22.14
2025-03-13 23:00:00,3.15,5.36,321.4,21.99
2025-03-14 00:00:00,3.38,5.79,319.5,21.86
2025-03-14 01:00:00,3.59,6.15,318.8,21.58
2025-03-14 02:00:00,3.99,6.76,318.0,21.25
2025-03-14 03:00:00,4.21,7.01,319.5,21.04
2025-03-14 04:00:00,4.11,6.71,321.9,20.87
2025-03-14 05:00:00,3.94,6.29,319.9,20.71
2025-03-14 06:00:00,4.17,6.34,312.0,21.01
2025-03-14 07:00:00,4.94,6.39,307.7,22.3
2025-03-14 08:00:00,4.84,6.44,310.6,23.35
2025-03-14 09:00:00,4.87,6.62,319.5,25.03
2025-03-14 10:00:00,5.27,7.04,326.3,26.76
2025-03-14 11:00:00,5.68,7.59,326.6,27.81
2025-03-14 12:00:00,6.16,8.34,324.5,28.09
2025-03-14 13:00:00,6.61,9.12,323.5,28.16
2025-03-14 14:00:00,6.93,9.74,323.4,28.04
2025-03-14 15:00:00,7.1,10.16,324.0,27.73
2025-03-14 16:00:00,6.98,10.3,323.4,27.07
2025-03-14 17:00:00,6.64,10.9,322.7,25.67
2025-03-14 18:00:00,7.14,11.54,328.5,24.71
2025-03-14 19:00:00,7.19,11.11,339.1,23.9
2025-03-14 20:00:00,6.93,10.37,343.8,22.97
2025-03-14 21:00:00,6.77,9.66,341.8,22.12
2025-03-14 22:00:00,6.95,9.31,337.7,21.27
2025-03-14 23:00:00,7.1,9.05,333.7,20.47
2025-03-15 00:00:00,7.21,8.85,330.9,19.75
2025-03-15 01:00:00,7.19,8.66,328.7,19.13
2025-03-15 02:00:00,7.12,8.53,326.4,18.79
2025-03-15 03:00:00,7.16,8.53,323.1,18.51
2025-03-15 04:00:00,7.45,8.8,319.7,18.32
2025-03-15 05:00:00,7.77,9.14,318.1,18.22
2025-03-15 06:00:00,8.03,9.16,316.4,18.57
2025-03-15 07:00:00,8.35,9.2,313.2,19.77
2025-03-15 08:00:00,7.62,8.95,322.2,21.86
2025-03-15 09:00:00,6.56,8.23,329.9,24.13
2025-03-15 10:00:00,5.67,7.55,332.7,26.21
2025-03-15 11:00:00,5.29,6.96,334.4,27.83
2025-03-15 12:00:00,5.31,6.91,333.8,28.72
2025-03-15 13:00:00,5.5,7.16,333.9,29.16
2025-03-15 14:00:00,5.77,7.63,334.5,29.25
2025-03-15 15:00:00,6.12,8.36,336.4,29.03
2025-03-15 16:00:00,6.32,9.12,339.2,28.32
2025-03-15 17:00:00,6.04,10.06,343.9,26.75
2025-03-15 18:00:00,6.36,10.85,353.3,25.77
2025-03-15 19:00:00,6.46,10.72,357.9,25.0
2025-03-15 20:00:00,6.32,10.12,358.5,24.03
2025-03-15 21:00:00,6.09,9.16,350.7,23.01
2025-03-15 22:00:00,6.43,8.61,340.0,21.98
2025-03-15 23:00:00,6.53,8.16,333.0,21.07
2025-03-16 00:00:00,6.18,7.48,333.2,20.45
2025-03-16 01:00:00,5.37,6.56,337.5,20.12
2025-03-16 02:00:00,5.0,5.98,333.0,19.79
2025-03-16 03:00:00,4.37,5.23,328.4,19.74
2025-03-16 04:00:00,3.67,4.5,323.9,19.77
2025-03-16 05:00:00,3.16,3.89,317.6,19.86
2025-03-16 06:00:00,2.92,3.32,306.7,20.61
2025-03-16 07:00:00,2.94,3.21,288.3,21.58
2025-03-16 08:00:00,2.32,2.72,271.9,22.5
2025-03-16 09:00:00,1.86,2.36,231.5,23.87
2025-03-16 10:00:00,2.08,2.83,193.5,25.52
2025-03-16 11:00:00,2.6,3.42,173.3,27.48
2025-03-16 12:00:00,2.53,3.23,172.7,28.89
2025-03-16 13:00:00,2.08,2.56,187.6,29.96
2025-03-16 14:00:00,1.57,1.91,213.4,30.65
2025-03-16 15:00:00,1.15,1.42,251.9,30.83
2025-03-16 16:00:00,1.19,1.54,296.2,30.36
2025-03-16 17:00:00,1.48,2.05,318.6,28.96
2025-03-16 18:00:00,1.8,2.47,334.4,27.83
2025-03-16 19:00:00,2.12,2.94,347.6,26.71
2025-03-16 20:00:00,2.3,3.25,348.7,25.65
2025-03-16 21:00:00,2.37,3.42,339.7,24.74
2025-03-16 22:00:00,2.4,3.57,329.0,23.95
2025-03-16 23:00:00,2.36,3.75,321.0,23.38
2025-03-17 00:00:00,2.42,4.13,311.0,23.08
2025-03-17 01:00:00,2.63,4.68,305.5,22.82
2025-03-17 02:00:00,2.79,4.94,303.3,22.5
2025-03-17 03:00:00,2.96,5.1,300.0,22.26
2025-03-17 04:00:00,3.06,5.11,295.8,22.05
2025-03-17 05:00:00,3.16,5.1,287.6,21.83
2025-03-17 06:00:00,3.16,5.09,276.9,22.0
2025-03-17 07:00:00,3.09,4.25,266.2,22.91
2025-03-17 08:00:00,1.98,2.48,242.6,24.6
2025-03-17 09:00:00,1.58,2.07,188.1,26.67
2025-03-17 10:00:00,2.04,2.58,162.6,28.01
2025-03-17 11:00:00,2.28,2.76,148.6,28.97
2025-03-17 12:00:00,2.51,2.91,131.0,29.56
2025-03-17 13:00:00,2.8,3.18,112.2,29.72
2025-03-17 14:00:00,3.12,3.58,96.4,29.5
2025-03-17 15:00:00,3.42,4.07,87.3,28.94
2025-03-17 16:00:00,3.39,4.33,83.5,28.17
2025-03-17 17:00:00,2.84,4.34,82.3,26.52
2025-03-17 18:00:00,2.31,3.31,84.1,26.06
2025-03-17 19:00:00,1.52,2.06,93.6,26.67
2025-03-17 20:00:00,0.76,1.0,119.4,26.77
2025-03-17 21:00:00,0.37,0.49,253.4,26.29
2025-03-17 22:00:00,0.99,1.38,294.0,25.34
2025-03-17 23:00:00,1.26,1.81,302.8,24.65
2025-03-18 00:00:00,1.56,2.28,306.3,24.11
2025-03-18 01:00:00,1.95,2.96,307.7,23.54
2025-03-18 02:00:00,2.19,3.38,307.9,23.02
2025-03-18 03:00:00,2.19,3.42,308.9,22.62
2025-03-18 04:00:00,2.2,3.44,305.3,22.44
2025-03-18 05:00:00,2.37,3.67,302.3,21.98
2025-03-18 06:00:00,2.51,4.03,306.5,21.86
2025-03-18 07:00:00,2.82,3.98,323.7,23.13
2025-03-18 08:00:00,3.23,4.3,342.7,23.86
2025-03-18 09:00:00,3.33,4.22,338.7,24.6
2025-03-18 10:00:00,3.38,4.16,345.5,25.23
2025-03-18 11:00:00,3.7,4.57,0.1,25.64
2025-03-18 12:00:00,4.1,5.17,10.1,26.09
2025-03-18 13:00:00,4.35,5.52,11.0,26.93
2025-03-18 14:00:00,4.6,5.9,8.0,27.82
2025-03-18 15:00:00,4.83,6.29,3.9,28.13
2025-03-18 16:00:00,4.94,6.72,0.1,27.75
2025-03-18 17:00:00,4.38,7.33,353.3,26.01
2025-03-18 18:00:00,4.62,8.18,343.9,24.74
2025-03-18 19:00:00,4.91,8.84,336.0,24.08
2025-03-18 20:00:00,5.33,9.23,330.5,23.47
2025-03-18 21:00:00,6.07,9.56,325.8,22.88
2025-03-18 22:00:00,7.3,10.05,323.8,22.2
2025-03-18 23:00:00,8.47,10.54,325.2,21.27
2025-03-19 00:00:00,8.51,10.15,327.5,20.24
2025-03-19 01:00:00,7.7,9.16,328.9,19.46
2025-03-19 02:00:00,7.21,8.57,326.3,18.92
2025-03-19 03:00:00,7.13,8.48,323.0,18.49
2025-03-19 04:00:00,6.94,8.27,322.6,18.15
2025-03-19 05:00:00,6.86,8.25,322.2,17.88
2025-03-19 06:00:00,7.29,8.34,323.4,18.19
2025-03-19 07:00:00,7.91,8.78,326.8,19.13
2025-03-19 08:00:00,8.5,9.42,328.9,20.25
2025-03-19 09:00:00,8.7,9.57,328.7,20.98
2025-03-19 10:00:00,8.58,9.48,327.4,21.58
2025-03-19 11:00:00,8.25,9.29,327.6,22.22
2025-03-19 12:00:00,7.94,9.27,331.2,22.88
2025-03-19 13:00:00,7.77,9.5,336.6,23.42
2025-03-19 14:00:00,7.63,9.74,341.6,23.86
2025-03-19 15:00:00,7.33,9.76,342.4,24.06
2025-03-19 16:00:00,6.72,9.24,340.9,23.8
2025-03-19 17:00:00,5.45,8.39,339.0,22.85
2025-03-19 18:00:00,4.93,8.16,335.8,21.78
2025-03-19 19:00:00,5.08,8.03,328.2,21.27
2025-03-19 20:00:00,5.95,8.47,323.6,20.74
2025-03-19 21:00:00,6.91,8.97,328.1,20.07
2025-03-19 22:00:00,7.71,9.53,337.3,19.37
2025-03-19 23:00:00,8.98,10.95,347.7,18.72
2025-03-20 00:00:00,9.78,11.65,351.4,18.04
2025-03-20 01:00:00,9.96,11.78,351.1,17.38
2025-03-20 02:00:00,9.92,11.69,349.6,16.79
2025-03-20 03:00:00,9.6,11.35,347.8,16.23
2025-03-20 04:00:00,9.15,10.91,345.4,15.71
2025-03-20 05:00:00,8.67,10.45,341.9,15.21
2025-03-20 06:00:00,8.71,10.12,338.2,15.19
2025-03-20 07:00:00,8.94,9.99,334.4,15.61
2025-03-20 08:00:00,8.78,9.69,331.5,16.19
2025-03-20 09:00:00,8.56,9.43,330.3,16.91
2025-03-20 10:00:00,8.37,9.26,329.9,17.84
2025-03-20 11:00:00,8.21,9.08,330.7,18.83
2025-03-20 12:00:00,8.1,9.0,331.7,19.71
2025-03-20 13:00:00,8.1,9.08,330.7,20.44
2025-03-20 14:00:00,8.19,9.28,328.2,20.91
2025-03-20 15:00:00,8.33,9.57,326.3,21.09
2025-03-20 16:00:00,8.58,9.96,325.9,20.84
2025-03-20 17:00:00,8.51,10.11,327.6,20.03
2025-03-20 18:00:00,8.68,10.56,328.4,19.12
2025-03-20 19:00:00,10.08,12.17,331.0,18.33
2025-03-20 20:00:00,10.74,12.81,335.4,17.41
2025-03-20 21:00:00,10.72,12.74,338.6,16.6
2025-03-20 22:00:00,10.49,12.43,341.0,15.79
2025-03-20 23:00:00,9.94,11.83,341.6,15.09
2025-03-21 00:00:00,9.28,11.1,340.3,14.51
2025-03-21 01:00:00,8.66,10.45,338.7,14.08
2025-03-21 02:00:00,8.07,9.84,337.1,13.75
2025-03-21 03:00:00,7.68,9.36,336.1,13.59
2025-03-21 04:00:00,7.34,8.98,335.6,13.45
2025-03-21 05:00:00,7.17,8.77,335.3,13.41
2025-03-21 06:00:00,7.35,8.56,335.9,13.76
2025-03-21 07:00:00,7.83,8.74,338.5,14.52
2025-03-21 08:00:00,7.82,8.61,338.2,15.27
2025-03-21 09:00:00,7.72,8.45,337.9,16.07
2025-03-21 10:00:00,7.68,8.38,337.0,16.8
2025-03-21 11:00:00,7.69,8.39,336.9,17.37
2025-03-21 12:00:00,7.72,8.44,337.4,17.84
2025-03-21 13:00:00,7.8,8.57,338.5,18.28
2025-03-21 14:00:00,7.98,8.79,340.5,18.63
2025-03-21 15:00:00,8.16,9.04,342.2,18.77
2025-03-21 16:00:00,8.16,9.13,343.4,18.59
2025-03-21 17:00:00,7.55,8.88,343.6,18.08
2025-03-21 18:00:00,6.81,8.65,342.8,17.5
2025-03-21 19:00:00,6.57,8.53,341.1,17.24
2025-03-21 20:00:00,6.72,8.7,340.9,17.15
2025-03-21 21:00:00,7.32,9.19,344.1,17.01
2025-03-21 22:00:00,8.06,9.89,350.5,16.56
2025-03-21 23:00:00,8.69,10.42,355.3,16.09
2025-03-22 00:00:00,8.64,10.45,356.5,15.47
2025-03-22 01:00:00,8.31,10.12,355.6,14.96
2025-03-22 02:00:00,7.73,9.57,354.2,14.61
2025-03-22 03:00:00,7.02,8.84,353.4,14.25
2025-03-22 04:00:00,6.26,8.07,352.7,13.88
2025-03-22 05:00:00,5.82,7.58,351.5,13.6
2025-03-22 06:00:00,6.13,7.29,349.9,14.2
2025-03-22 07:00:00,6.62,7.31,347.5,14.84
2025-03-22 08:00:00,6.69,7.29,344.2,15.56
2025-03-22 09:00:00,6.94,7.52,339.9,16.32
2025-03-22 10:00:00,7.4,8.03,335.6,16.95
2025-03-22 11:00:00,7.84,8.51,335.2,17.4
2025-03-22 12:00:00,8.12,8.86,336.0,17.72
2025-03-22 13:00:00,8.34,9.15,335.9,18.04
2025-03-22 14:00:00,8.61,9.5,336.1,18.32
2025-03-22 15:00:00,8.95,9.96,336.4,18.45
2025-03-22 16:00:00,9.01,10.12,337.4,18.27
2025-03-22 17:00:00,8.25,9.69,337.4,17.84
2025-03-22 18:00:00,7.45,9.38,337.3,17.36
2025-03-22 19:00:00,7.18,9.24,340.4,17.22
2025-03-22 20:00:00,6.9,9.02,346.4,17.02
2025-03-22 21:00:00,6.91,9.07,356.1,16.74
2025-03-22 22:00:00,6.82,8.95,4.9,16.2
2025-03-22 23:00:00,6.68,8.8,11.1,15.59
2025-03-23 00:00:00,6.3,8.28,13.3,14.95
2025-03-23 01:00:00,5.9,7.74,11.2,14.42
2025-03-23 02:00:00,5.66,7.39,7.3,14.0
2025-03-23 03:00:00,5.39,7.01,4.5,13.68
2025-03-23 04:00:00,5.08,6.58,3.6,13.48
2025-03-23 05:00:00,4.95,6.35,3.3,13.36
2025-03-23 06:00:00,4.73,5.69,5.9,14.24
2025-03-23 07:00:00,4.43,4.76,1.3,15.5
2025-03-23 08:00:00,4.09,4.29,346.9,17.0
2025-03-23 09:00:00,4.23,4.36,333.0,18.52
2025-03-23 10:00:00,4.53,4.71,324.4,19.77
2025-03-23 11:00:00,4.79,5.22,319.4,20.62
2025-03-23 12:00:00,5.14,5.81,316.5,21.2
2025-03-23 13:00:00,5.47,6.47,314.8,21.58
2025-03-23 14:00:00,5.8,7.18,313.7,21.83
2025-03-23 15:00:00,6.27,8.0,314.7,21.91
2025-03-23 16:00:00,6.92,8.93,317.7,21.75
2025-03-23 17:00:00,6.97,9.47,319.8,21.0
2025-03-23 18:00:00,6.99,9.61,324.9,19.95
2025-03-23 19:00:00,6.96,9.16,331.4,19.19
2025-03-23 20:00:00,6.44,8.33,341.2,18.34
2025-03-23 21:00:00,5.9,7.6,346.8,17.52
2025-03-23 22:00:00,5.51,7.04,345.9,16.79
2025-03-23 23:00:00,5.68,7.15,342.2,16.1
2025-03-24 00:00:00,5.89,7.28,341.8,15.58
2025-03-24 01:00:00,5.44,6.76,338.3,15.21
2025-03-24 02:00:00,5.05,6.38,330.7,14.95
2025-03-24 03:00:00,5.17,6.51,323.5,14.8
2025-03-24 04:00:00,5.66,6.96,320.0,14.72
2025-03-24 05:00:00,5.95,7.26,319.0,14.73
2025-03-24 06:00:00,6.29,7.14,316.4,15.37
2025-03-24 07:00:00,6.36,6.87,311.3,16.84
2025-03-24 08:00:00,6.22,6.58,306.0,18.64
2025-03-24 09:00:00,5.9,6.2,304.8,19.82
2025-03-24 10:00:00,5.25,5.74,304.9,20.98
2025-03-24 11:00:00,4.01,5.11,303.9,22.07
2025-03-24 12:00:00,3.54,4.64,304.6,23.07
2025-03-24 13:00:00,3.63,4.79,305.2,23.8
2025-03-24 14:00:00,3.97,5.27,306.6,24.28
2025-03-24 15:00:00,4.29,5.75,311.9,24.57
2025-03-24 16:00:00,4.47,6.23,318.0,24.54
2025-03-24 17:00:00,3.98,6.76,323.9,22.98
2025-03-24 18:00:00,4.11,7.26,340.6,21.72
2025-03-24 19:00:00,4.1,7.22,356.8,21.16
2025-03-24 20:00:00,3.76,6.47,8.1,20.42
2025-03-24 21:00:00,3.17,5.2,13.4,19.73
2025-03-24 22:00:00,3.01,4.36,2.8,19.12
2025-03-24 23:00:00,3.8,4.91,334.2,18.33
2025-03-25 00:00:00,4.98,6.4,320.1,17.64
2025-03-25 01:00:00,5.67,7.05,317.4,17.3
2025-03-25 02:00:00,5.95,7.25,312.4,17.15
2025-03-25 03:00:00,6.32,7.62,306.9,16.97
2025-03-25 04:00:00,6.56,7.88,303.5,16.79
2025-03-25 05:00:00,6.65,7.99,300.7,16.65
2025-03-25 06:00:00,7.0,8.01,293.9,17.16
2025-03-25 07:00:00,7.07,7.44,284.1,18.61
2025-03-25 08:00:00,4.75,4.92,282.2,20.87
2025-03-25 09:00:00,3.07,3.57,275.3,22.77
2025-03-25 10:00:00,2.5,3.01,255.5,24.12
2025-03-25 11:00:00,2.43,2.87,241.3,25.21
2025-03-25 12:00:00,2.26,2.63,239.9,26.56
2025-03-25 13:00:00,2.17,2.6,251.1,27.66
2025-03-25 14:00:00,2.12,2.66,264.8,28.09
2025-03-25 15:00:00,2.07,2.67,280.8,28.17
2025-03-25 16:00:00,2.22,2.91,297.2,27.72
2025-03-25 17:00:00,2.38,3.53,313.5,25.89
2025-03-25 18:00:00,3.17,4.76,326.1,24.15
2025-03-25 19:00:00,3.68,5.92,330.6,22.96
2025-03-25 20:00:00,3.79,6.61,334.9,22.12
2025-03-25 21:00:00,4.18,6.91,334.0,21.53
2025-03-25 22:00:00,4.52,6.76,331.9,20.99
2025-03-25 23:00:00,4.38,6.18,330.9,20.31
2025-03-26 00:00:00,4.22,5.71,329.6,19.66
2025-03-26 01:00:00,4.04,5.38,330.0,19.13
2025-03-26 02:00:00,3.84,5.07,325.4,19.02
2025-03-26 03:00:00,4.19,5.53,310.1,19.26
2025-03-26 04:00:00,4.58,6.14,301.3,18.53
2025-03-26 05:00:00,4.81,6.3,295.2,17.95
2025-03-26 06:00:00,4.63,5.66,291.6,18.63
2025-03-26 07:00:00,3.6,3.68,288.0,20.03
2025-03-26 08:00:00,1.81,1.97,259.5,21.51
2025-03-26 09:00:00,1.39,1.83,210.9,23.04
2025-03-26 10:00:00,1.75,2.34,185.9,24.99
2025-03-26 11:00:00,1.88,2.47,176.8,26.98
2025-03-26 12:00:00,1.71,2.2,163.4,28.2
2025-03-26 13:00:00,1.79,2.16,136.1,29.06
2025-03-26 14:00:00,2.12,2.5,114.8,29.15
2025-03-26 15:00:00,2.3,2.74,105.3,28.82
2025-03-26 16:00:00,2.1,2.58,100.0,28.27
2025-03-26 17:00:00,1.67,2.43,94.5,26.88
2025-03-26 18:00:00,1.52,2.11,93.3,26.11
2025-03-26 19:00:00,1.31,1.77,89.0,25.9
2025-03-26 20:00:00,0.97,1.29,75.6,25.59
2025-03-26 21:00:00,0.47,0.64,23.0,25.16
2025-03-26 22:00:00,0.98,1.34,315.0,24.06
2025-03-26 23:00:00,1.6,2.29,306.8,22.91
2025-03-27 00:00:00,1.93,2.86,303.3,22.21
2025-03-27 01:00:00,2.01,3.08,297.1,21.93
2025-03-27 02:00:00,1.98,3.07,289.0,21.79
2025-03-27 03:00:00,1.94,2.99,278.1,21.52
2025-03-27 04:00:00,1.57,2.31,258.0,21.48
2025-03-27 05:00:00,1.34,1.91,216.7,21.57
2025-03-27 06:00:00,1.71,2.55,180.4,21.74
2025-03-27 07:00:00,2.41,3.5,166.0,22.73
2025-03-27 08:00:00,3.15,4.24,165.0,23.5
2025-03-27 09:00:00,3.85,5.2,160.3,24.73
2025-03-27 10:00:00,4.47,6.01,154.4,26.19
2025-03-27 11:00:00,4.9,6.51,147.5,27.21
2025-03-27 12:00:00,5.17,6.83,141.7,27.82
2025-03-27 13:00:00,5.33,7.0,136.4,28.04
2025-03-27 14:00:00,5.37,7.08,132.4,27.94
2025-03-27 15:00:00,5.27,7.02,131.2,27.62
2025-03-27 16:00:00,5.11,7.0,134.0,27.05
2025-03-27 17:00:00,4.53,7.21,144.2,25.66
2025-03-27 18:00:00,4.51,7.77,155.5,24.35
2025-03-27 19:00:00,4.54,7.81,166.4,23.61
2025-03-27 20:00:00,4.27,7.34,173.0,23.13
2025-03-27 21:00:00,3.65,6.39,177.2,22.61
2025-03-27 22:00:00,3.03,5.14,174.8,22.3
2025-03-27 23:00:00,2.86,4.65,158.8,22.16
2025-03-28 00:00:00,3.14,5.18,143.9,21.98
2025-03-28 01:00:00,3.33,5.52,143.8,21.69
2025-03-28 02:00:00,3.3,5.34,154.8,21.59
2025-03-28 03:00:00,3.48,5.77,154.5,21.89
2025-03-28 04:00:00,3.79,6.45,155.1,22.16
2025-03-28 05:00:00,4.11,7.18,156.6,22.46
2025-03-28 06:00:00,4.37,7.84,154.7,23.2
2025-03-28 07:00:00,5.35,8.01,153.3,24.71
2025-03-28 08:00:00,6.19,8.98,156.0,25.74
2025-03-28 09:00:00,6.79,9.72,158.0,26.78
2025-03-28 10:00:00,6.88,9.68,155.1,27.77
2025-03-28 11:00:00,6.58,9.03,150.2,28.48
2025-03-28 12:00:00,6.04,8.02,144.9,28.92
2025-03-28 13:00:00,5.66,7.36,140.2,29.17
2025-03-28 14:00:00,5.57,7.25,136.1,29.0
2025-03-28 15:00:00,5.54,7.29,133.3,28.43
2025-03-28 16:00:00,5.33,7.23,132.1,27.47
2025-03-28 17:00:00,4.6,6.85,135.7,25.9
2025-03-28 18:00:00,3.94,6.27,144.9,24.43
2025-03-28 19:00:00,3.39,5.53,153.3,23.59
2025-03-28 20:00:00,2.14,3.42,169.2,23.1
2025-03-28 21:00:00,1.43,2.16,280.7,22.71
2025-03-28 22:00:00,4.55,7.17,325.0,22.07
2025-03-28 23:00:00,8.59,10.61,334.6,21.28
2025-03-29 00:00:00,10.47,12.21,330.8,19.85
2025-03-29 01:00:00,11.41,13.39,330.7,19.37
2025-03-29 02:00:00,11.44,13.42,331.4,19.09
2025-03-29 03:00:00,10.96,12.83,331.4,18.62
2025-03-29 04:00:00,10.3,12.02,330.0,18.18
2025-03-29 05:00:00,9.93,11.56,328.1,17.86
2025-03-29 06:00:00,10.08,11.49,327.2,17.97
2025-03-29 07:00:00,10.21,11.46,328.2,18.7
2025-03-29 08:00:00,9.98,11.11,329.5,19.73
2025-03-29 09:00:00,9.79,10.92,327.8,20.83
2025-03-29 10:00:00,9.61,10.84,324.6,21.83
2025-03-29 11:00:00,9.13,10.54,322.9,22.67
2025-03-29 12:00:00,8.35,9.91,323.3,23.2
2025-03-29 13:00:00,7.71,9.42,327.5,23.52
2025-03-29 14:00:00,7.7,9.51,333.7,23.53
2025-03-29 15:00:00,7.84,9.74,338.9,23.34
2025-03-29 16:00:00,7.92,9.93,340.8,23.0
2025-03-29 17:00:00,7.36,9.64,340.6,22.4
2025-03-29 18:00:00,6.72,9.34,338.5,21.57
2025-03-29 19:00:00,6.45,8.95,335.9,21.0
2025-03-29 20:00:00,6.11,8.42,335.3,20.41
2025-03-29 21:00:00,5.97,8.01,333.6,19.82
2025-03-29 22:00:00,6.07,7.94,332.9,19.22
2025-03-29 23:00:00,6.61,8.47,333.6,18.8
2025-03-30 00:00:00,7.06,8.83,338.3,18.46
2025-03-30 01:00:00,6.82,8.48,343.2,17.98
2025-03-30 02:00:00,6.17,7.73,343.2,17.47
2025-03-30 03:00:00,5.61,7.1,340.1,17.08
2025-03-30 04:00:00,4.99,6.37,337.3,16.75
2025-03-30 05:00:00,4.46,5.72,335.7,16.48
2025-03-30 06:00:00,4.73,5.35,331.2,17.25
2025-03-30 07:00:00,5.39,5.9,333.3,18.65
2025-03-30 08:00:00,6.29,7.01,338.7,20.58
2025-03-30 09:00:00,6.91,8.04,336.6,22.24
2025-03-30 10:00:00,7.07,8.53,333.6,23.22
2025-03-30 11:00:00,7.09,8.77,331.0,23.73
2025-03-30 12:00:00,7.0,8.84,330.0,23.98
2025-03-30 13:00:00,6.81,8.74,330.8,24.04
2025-03-30 14:00:00,6.47,8.52,334.3,24.01
2025-03-30 15:00:00,6.08,8.24,339.3,23.92
2025-03-30 16:00:00,5.69,7.91,343.6,23.68
2025-03-30 17:00:00,4.53,7.21,345.7,22.91
2025-03-30 18:00:00,4.13,7.15,346.2,21.84
2025-03-30 19:00:00,4.09,6.99,352.5,21.62
2025-03-30 20:00:00,3.65,6.18,2.5,21.46
2025-03-30 21:00:00,3.1,5.18,13.2,21.31
2025-03-30 22:00:00,2.7,4.41,22.3,21.1
2025-03-30 23:00:00,2.17,3.44,28.7,20.99
2025-03-31 00:00:00,1.61,2.41,24.2,20.94
2025-03-31 01:00:00,1.36,1.97,17.4,20.84
2025-03-31 02:00:00,1.3,1.77,11.4,20.72
2025-03-31 03:00:00,1.22,1.62,19.1,20.63
2025-03-31 04:00:00,1.3,1.79,43.4,20.54
2025-03-31 05:00:00,1.21,1.65,60.2,20.43
2025-03-31 06:00:00,1.32,1.79,78.4,20.71
2025-03-31 07:00:00,1.58,1.98,90.9,21.62
2025-03-31 08:00:00,2.0,2.74,117.4,22.72
2025-03-31 09:00:00,2.44,3.21,156.9,24.09
2025-03-31 10:00:00,3.13,4.15,176.5,24.64
2025-03-31 11:00:00,3.49,4.72,171.8,24.71
2025-03-31 12:00:00,3.71,5.06,161.9,24.71
2025-03-31 13:00:00,3.94,5.4,152.5,24.79
2025-03-31 14:00:00,4.09,5.57,147.5,24.98
2025-03-31 15:00:00,4.11,5.64,148.0,24.71
2025-03-31 16:00:00,4.19,6.09,136.7,23.98
2025-03-31 17:00:00,4.01,6.62,128.1,22.92
2025-03-31 18:00:00,4.0,6.71,130.4,22.27
2025-03-31 19:00:00,3.68,6.17,135.5,22.06
2025-03-31 20:00:00,3.37,5.59,148.2,21.88
2025-03-31 21:00:00,3.31,5.39,162.6,21.64
2025-03-31 22:00:00,3.48,5.49,176.1,21.36
2025-03-31 23:00:00,3.29,5.13,189.9,21.04
2025-04-01 00:00:00,2.56,3.95,187.1,20.84
2025-04-01 01:00:00,2.1,3.36,166.6,20.75
2025-04-01 02:00:00,1.96,3.18,136.1,20.79
2025-04-01 03:00:00,2.25,3.61,122.3,20.82
2025-04-01 04:00:00,2.94,4.73,151.5,20.95
2025-04-01 05:00:00,4.12,6.56,171.6,20.94
2025-04-01 06:00:00,5.29,7.95,172.6,21.26
2025-04-01 07:00:00,6.66,8.76,168.4,21.9
2025-04-01 08:00:00,6.84,8.9,164.0,22.56
2025-04-01 09:00:00,6.74,9.13,163.9,23.38
2025-04-01 10:00:00,6.93,9.86,161.1,24.41
2025-04-01 11:00:00,7.29,10.51,157.9,25.39
2025-04-01 12:00:00,7.04,10.14,154.2,26.01
2025-04-01 13:00:00,6.53,9.31,146.8,26.65
2025-04-01 14:00:00,5.77,7.99,144.3,27.25
2025-04-01 15:00:00,4.34,5.81,155.5,28.03
2025-04-01 16:00:00,2.86,4.25,204.0,28.13
2025-04-01 17:00:00,3.61,6.0,246.3,26.05
2025-04-01 18:00:00,3.89,6.66,267.2,24.39
2025-04-01 19:00:00,3.62,6.13,286.0,23.28
2025-04-01 20:00:00,3.44,5.83,303.0,22.33
2025-04-01 21:00:00,3.44,5.9,313.5,21.64
2025-04-01 22:00:00,3.84,6.22,319.2,21.11
2025-04-01 23:00:00,4.43,6.52,320.8,20.57
2025-04-02 00:00:00,4.97,6.69,323.1,19.87
2025-04-02 01:00:00,5.13,6.66,324.7,18.95
2025-04-02 02:00:00,5.09,6.54,323.3,18.14
2025-04-02 03:00:00,5.0,6.41,321.1,17.55
2025-04-02 04:00:00,5.11,6.58,319.5,17.19
2025-04-02 05:00:00,5.25,6.73,321.4,17.02
2025-04-02 06:00:00,5.46,6.4,325.6,18.05
2025-04-02 07:00:00,5.9,6.56,336.8,19.64
2025-04-02 08:00:00,6.36,7.08,341.5,21.33
2025-04-02 09:00:00,6.24,7.04,340.6,22.35
2025-04-02 10:00:00,5.95,6.96,339.3,22.98
2025-04-02 11:00:00,5.77,7.02,338.1,23.43
2025-04-02 12:00:00,5.78,7.26,338.2,23.73
2025-04-02 13:00:00,5.85,7.5,340.5,23.96
2025-04-02 14:00:00,5.86,7.67,341.4,24.09
2025-04-02 15:00:00,5.77,7.75,341.2,24.11
2025-04-02 16:00:00,5.57,7.72,340.8,24.02
2025-04-02 17:00:00,4.65,7.48,339.7,23.32
2025-04-02 18:00:00,4.31,7.53,341.2,22.13
2025-04-02 19:00:00,4.28,7.38,344.4,21.83
2025-04-02 20:00:00,4.15,7.1,347.6,21.52
2025-04-02 21:00:00,4.11,6.95,349.5,21.2
2025-04-02 22:00:00,4.18,6.99,349.9,20.91
2025-04-02 23:00:00,4.49,7.17,349.3,20.63
2025-04-03 00:00:00,4.88,7.37,347.2,20.3
2025-04-03 01:00:00,5.41,7.72,343.4,19.94
2025-04-03 02:00:00,5.87,8.06,338.8,19.52
2025-04-03 03:00:00,6.12,8.2,334.6,19.06
2025-04-03 04:00:00,6.12,8.04,331.5,18.65
2025-04-03 05:00:00,6.45,8.22,328.3,18.34
2025-04-03 06:00:00,7.02,8.18,326.8,18.95
2025-04-03 07:00:00,7.41,8.21,326.6,20.1
2025-04-03 08:00:00,7.59,8.72,329.3,21.76
2025-04-03 09:00:00,7.61,9.35,329.5,23.34
2025-04-03 10:00:00,7.77,10.01,328.2,24.41
2025-04-03 11:00:00,7.74,10.18,325.5,24.84
2025-04-03 12:00:00,7.54,10.12,323.1,25.12
2025-04-03 13:00:00,7.39,10.06,323.4,25.33
2025-04-03 14:00:00,7.35,10.11,325.8,25.31
2025-04-03 15:00:00,7.35,10.2,329.7,25.15
2025-04-03 16:00:00,7.23,10.14,334.5,24.8
2025-04-03 17:00:00,6.17,9.51,337.8,24.0
2025-04-03 18:00:00,5.54,9.55,338.2,22.85
2025-04-03 19:00:00,5.68,9.6,337.8,22.43
2025-04-03 20:00:00,5.77,9.38,336.9,21.93
2025-04-03 21:00:00,5.96,9.11,335.3,21.35
2025-04-03 22:00:00,6.58,9.35,335.3,20.82
2025-04-03 23:00:00,7.35,9.65,336.2,20.32
2025-04-04 00:00:00,7.65,9.59,334.7,19.62
2025-04-04 01:00:00,7.44,9.05,331.4,18.73
2025-04-04 02:00:00,7.31,8.79,330.5,18.0
2025-04-04 03:00:00,7.25,8.73,330.4,17.55
2025-04-04 04:00:00,7.22,8.71,330.5,17.25
2025-04-04 05:00:00,6.97,8.46,331.6,17.03
2025-04-04 06:00:00,7.07,8.03,332.1,17.73
2025-04-04 07:00:00,7.2,7.97,333.8,19.16
2025-04-04 08:00:00,7.23,8.0,333.6,20.78
2025-04-04 09:00:00,7.13,8.15,332.8,22.14
2025-04-04 10:00:00,7.09,8.37,331.8,22.86
2025-04-04 11:00:00,6.99,8.52,333.6,23.32
2025-04-04 12:00:00,6.87,8.71,338.9,23.76
2025-04-04 13:00:00,6.87,9.0,345.0,24.14
2025-04-04 14:00:00,7.01,9.4,348.4,24.43
2025-04-04 15:00:00,7.06,9.62,348.7,24.41
2025-04-04 16:00:00,6.87,9.48,348.1,24.08
2025-04-04 17:00:00,5.92,8.72,349.2,23.23
2025-04-04 18:00:00,4.89,8.15,349.8,21.88
2025-04-04 19:00:00,4.6,7.54,348.5,21.27
2025-04-04 20:00:00,4.4,6.86,345.9,20.74
2025-04-04 21:00:00,4.12,5.98,339.5,20.24
2025-04-04 22:00:00,4.04,5.4,332.7,19.76
2025-04-04 23:00:00,3.99,5.15,329.8,19.29
2025-04-05 00:00:00,3.97,5.08,330.9,18.87
2025-04-05 01:00:00,3.95,5.0,331.8,18.5
2025-04-05 02:00:00,3.88,4.85,331.6,18.19
2025-04-05 03:00:00,3.74,4.65,329.8,17.92
2025-04-05 04:00:00,3.44,4.22,324.8,17.71
2025-04-05 05:00:00,3.22,3.92,314.7,17.49
2025-04-05 06:00:00,3.19,3.66,309.1,18.25
2025-04-05 07:00:00,2.93,3.11,320.0,19.71
2025-04-05 08:00:00,2.45,2.62,326.9,21.32
2025-04-05 09:00:00,1.99,2.5,327.9,22.08
2025-04-05 10:00:00,2.2,2.87,343.8,22.72
2025-04-05 11:00:00,2.76,3.45,6.7,23.32
2025-04-05 12:00:00,3.31,4.09,22.6,23.85
2025-04-05 13:00:00,3.64,4.52,30.7,24.13
2025-04-05 14:00:00,3.65,4.59,37.4,24.29
2025-04-05 15:00:00,3.41,4.32,45.3,24.28
2025-04-05 16:00:00,3.03,3.87,57.0,23.97
2025-04-05 17:00:00,2.46,3.53,75.9,23.07
2025-04-05 18:00:00,2.1,3.29,103.0,21.79
2025-04-05 19:00:00,2.23,3.5,135.8,21.46
2025-04-05 20:00:00,2.84,4.61,157.3,21.07
2025-04-05 21:00:00,3.61,5.97,164.0,20.73
2025-04-05 22:00:00,4.35,7.01,161.9,20.47
2025-04-05 23:00:00,4.95,7.53,159.7,20.15
2025-04-06 00:00:00,5.22,7.68,158.7,19.84
2025-04-06 01:00:00,5.26,7.68,157.5,19.63
2025-04-06 02:00:00,5.13,7.51,159.0,19.53
2025-04-06 03:00:00,5.06,7.51,162.6,19.53
2025-04-06 04:00:00,5.18,7.79,166.3,19.66
2025-04-06 05:00:00,5.33,8.06,168.4,19.86
2025-04-06 06:00:00,5.42,7.95,168.5,21.21
2025-04-06 07:00:00,5.42,7.49,163.2,22.58
2025-04-06 08:00:00,5.82,8.35,161.1,24.09
2025-04-06 09:00:00,6.1,8.63,163.4,25.8
2025-04-06 10:00:00,6.13,8.44,162.6,27.61
2025-04-06 11:00:00,6.07,8.19,162.8,28.98
2025-04-06 12:00:00,5.9,7.88,167.8,29.86
2025-04-06 13:00:00,5.68,7.6,178.6,30.32
2025-04-06 14:00:00,5.54,7.46,192.9,30.37
2025-04-06 15:00:00,5.33,7.23,205.6,30.18
2025-04-06 16:00:00,4.63,6.47,210.6,29.71
2025-04-06 17:00:00,3.56,5.58,212.9,28.06
2025-04-06 18:00:00,3.23,4.85,220.1,26.77
2025-04-06 19:00:00,3.15,4.74,237.1,25.84
2025-04-06 20:00:00,3.36,5.24,258.3,24.73
2025-04-06 21:00:00,3.43,5.64,279.2,23.66
2025-04-06 22:00:00,3.42,5.9,299.6,22.73
2025-04-06 23:00:00,3.5,6.17,318.2,22.01
2025-04-07 00:00:00,3.7,6.45,332.2,21.45
2025-04-07 01:00:00,3.94,6.6,335.6,21.1
2025-04-07 02:00:00,4.21,6.76,330.3,20.82
2025-04-07 03:00:00,4.74,7.22,322.9,20.52
2025-04-07 04:00:00,5.26,7.66,320.2,20.18
2025-04-07 05:00:00,5.35,7.45,320.6,19.73
2025-04-07 06:00:00,5.66,6.75,320.3,20.13
2025-04-07 07:00:00,5.33,6.09,326.3,20.9
2025-04-07 08:00:00,4.52,5.71,329.6,21.97
2025-04-07 09:00:00,3.68,4.86,324.7,23.4
2025-04-07 10:00:00,2.98,3.72,330.7,24.88
2025-04-07 11:00:00,2.5,2.87,353.8,26.55
2025-04-07 12:00:00,2.43,2.64,10.9,28.05
2025-04-07 13:00:00,2.61,3.03,20.3,28.22
2025-04-07 14:00:00,2.84,3.45,20.9,28.02
2025-04-07 15:00:00,2.89,3.58,18.9,27.87
2025-04-07 16:00:00,2.76,3.83,22.9,27.24
2025-04-07 17:00:00,2.71,4.19,27.3,25.9
2025-04-07 18:00:00,2.69,4.01,30.7,25.22
2025-04-07 19:00:00,2.49,3.63,33.2,25.13
2025-04-07 20:00:00,2.09,2.97,24.1,25.22
2025-04-07 21:00:00,1.65,2.3,346.9,25.15
2025-04-07 22:00:00,0.98,1.32,353.0,25.46
2025-04-07 23:00:00,0.11,0.14,197.1,25.59
2025-04-08 00:00:00,1.31,1.83,235.0,24.35
2025-04-08 01:00:00,2.1,3.12,239.2,23.18
2025-04-08 02:00:00,2.16,3.19,217.0,22.65
2025-04-08 03:00:00,2.71,4.17,174.5,22.18
2025-04-08 04:00:00,3.8,6.45,158.7,21.9
2025-04-08 05:00:00,4.55,8.11,157.2,22.0
2025-04-08 06:00:00,5.18,8.65,158.1,23.04
2025-04-08 07:00:00,5.87,8.44,154.4,24.31
2025-04-08 08:00:00,6.42,9.27,153.7,25.56
2025-04-08 09:00:00,7.12,10.23,154.3,27.09
2025-04-08 10:00:00,7.49,10.69,152.0,28.42
2025-04-08 11:00:00,8.06,11.45,147.3,29.45
2025-04-08 12:00:00,8.55,12.18,144.4,30.09
2025-04-08 13:00:00,8.6,12.23,142.8,30.35
2025-04-08 14:00:00,8.46,12.06,140.5,30.2
2025-04-08 15:00:00,8.24,11.81,139.3,29.67
2025-04-08 16:00:00,8.01,11.78,138.0,28.6
2025-04-08 17:00:00,8.02,12.22,138.2,27.06
2025-04-08 18:00:00,8.06,12.51,140.1,26.0
2025-04-08 19:00:00,7.87,12.27,142.0,25.49
2025-04-08 20:00:00,7.18,11.5,144.0,25.0
2025-04-08 21:00:00,6.16,10.42,145.6,24.55
2025-04-08 22:00:00,5.24,9.42,147.3,24.08
2025-04-08 23:00:00,4.55,8.12,150.8,23.71
2025-04-09 00:00:00,4.04,6.81,157.8,23.44
2025-04-09 01:00:00,3.48,5.56,170.2,23.26
2025-04-09 02:00:00,2.64,4.02,189.9,23.5
2025-04-09 03:00:00,1.89,2.78,233.3,23.44
2025-04-09 04:00:00,2.25,3.39,288.4,22.13
2025-04-09 05:00:00,2.94,4.85,316.8,21.22
2025-04-09 06:00:00,4.22,5.94,331.9,21.74
2025-04-09 07:00:00,5.28,6.44,339.8,22.22
2025-04-09 08:00:00,5.27,6.72,338.9,22.95
2025-04-09 09:00:00,5.12,6.86,329.4,23.8
2025-04-09 10:00:00,5.41,7.44,322.6,24.62
2025-04-09 11:00:00,5.63,7.82,330.6,25.14
2025-04-09 12:00:00,6.14,8.46,345.8,25.42
2025-04-09 13:00:00,6.95,9.58,352.4,25.65
2025-04-09 14:00:00,7.55,10.62,350.3,26.21
2025-04-09 15:00:00,7.88,11.21,348.8,26.34
2025-04-09 16:00:00,7.57,10.84,347.5,25.94
2025-04-09 17:00:00,6.9,10.22,343.9,25.18
2025-04-09 18:00:00,6.3,9.84,339.5,24.24
2025-04-09 19:00:00,6.02,9.34,338.8,23.58
2025-04-09 20:00:00,6.08,9.13,338.7,22.99
2025-04-09 21:00:00,6.69,9.28,337.1,22.35
2025-04-09 22:00:00,7.97,10.06,336.9,21.58
2025-04-09 23:00:00,9.37,11.01,340.4,20.58
2025-04-10 00:00:00,9.88,11.46,346.4,19.79
2025-04-10 01:00:00,10.36,12.16,350.2,19.23
2025-04-10 02:00:00,10.47,12.25,352.1,18.61
2025-04-10 03:00:00,10.46,12.23,354.3,18.13
2025-04-10 04:00:00,10.53,12.3,354.4,17.84
2025-04-10 05:00:00,10.44,12.16,352.2,17.47
2025-04-10 06:00:00,10.53,12.08,349.6,17.57
2025-04-10 07:00:00,10.7,12.1,346.9,18.01
2025-04-10 08:00:00,10.79,12.07,342.5,18.66
2025-04-10 09:00:00,10.87,12.1,338.8,19.41
2025-04-10 10:00:00,10.83,12.03,336.1,20.07
2025-04-10 11:00:00,10.72,11.92,334.4,20.59
2025-04-10 12:00:00,10.62,11.82,333.8,20.95
2025-04-10 13:00:00,10.49,11.72,333.4,21.27
2025-04-10 14:00:00,10.47,11.78,333.2,21.5
2025-04-10 15:00:00,10.46,11.86,333.8,21.53
2025-04-10 16:00:00,10.28,11.75,335.0,21.33
2025-04-10 17:00:00,9.6,11.17,335.4,21.04
2025-04-10 18:00:00,8.41,10.4,336.3,20.54
2025-04-10 19:00:00,7.92,10.04,341.8,20.25
2025-04-10 20:00:00,7.69,9.79,350.2,19.91
2025-04-10 21:00:00,7.9,9.93,356.1,19.4
2025-04-10 22:00:00,8.65,10.55,358.3,18.75
2025-04-10 23:00:00,9.57,11.54,357.6,17.95
2025-04-11 00:00:00,10.18,12.1,354.3,17.03
2025-04-11 01:00:00,10.39,12.28,352.6,16.21
2025-04-11 02:00:00,10.17,12.05,352.2,15.66
2025-04-11 03:00:00,9.63,11.44,352.8,15.32
2025-04-11 04:00:00,8.91,10.66,352.5,15.05
2025-04-11 05:00:00,8.4,10.06,351.4,14.86
2025-04-11 06:00:00,8.5,9.64,348.6,15.23
2025-04-11 07:00:00,8.45,9.3,343.4,15.78
2025-04-11 08:00:00,8.32,9.04,338.5,16.48
2025-04-11 09:00:00,8.34,9.01,333.8,17.23
2025-04-11 10:00:00,8.48,9.18,330.1,18.04
2025-04-11 11:00:00,8.63,9.41,329.7,18.96
2025-04-11 12:00:00,8.86,9.75,332.9,19.86
2025-04-11 13:00:00,8.93,9.93,337.1,20.69
2025-04-11 14:00:00,8.84,9.96,339.8,21.45
2025-04-11 15:00:00,8.69,9.95,340.2,21.84
2025-04-11 16:00:00,8.51,9.94,338.7,21.85
2025-04-11 17:00:00,7.97,9.52,338.2,21.44
2025-04-11 18:00:00,7.18,9.27,336.1,20.56
2025-04-11 19:00:00,7.28,9.38,330.3,20.08
2025-04-11 20:00:00,7.48,9.53,326.1,19.65
2025-04-11 21:00:00,7.35,9.31,325.2,19.05
2025-04-11 22:00:00,7.3,9.33,325.7,18.49
2025-04-11 23:00:00,7.19,9.16,330.4,17.95
2025-04-12 00:00:00,6.72,8.7,340.6,17.39
2025-04-12 01:00:00,6.18,8.09,347.8,16.94
2025-04-12 02:00:00,5.6,7.38,351.0,16.56
2025-04-12 03:00:00,5.22,6.83,353.1,16.27
2025-04-12 04:00:00,4.95,6.41,354.7,16.02
2025-04-12 05:00:00,4.81,6.21,355.2,15.91
2025-04-12 06:00:00,5.16,6.01,355.4,17.11
2025-04-12 07:00:00,5.37,5.84,352.1,17.9
2025-04-12 08:00:00,5.33,5.75,344.9,18.66
2025-04-12 09:00:00,5.43,5.85,336.8,19.44
2025-04-12 10:00:00,5.78,6.24,331.7,20.15
2025-04-12 11:00:00,5.98,6.46,334.5,20.65
2025-04-12 12:00:00,5.98,6.47,341.3,21.18
2025-04-12 13:00:00,6.03,6.57,346.6,21.74
2025-04-12 14:00:00,6.04,6.65,350.1,22.04
2025-04-12 15:00:00,5.87,6.54,352.6,22.11
2025-04-12 16:00:00,5.59,6.3,355.2,21.9
2025-04-12 17:00:00,4.97,5.84,2.7,21.34
2025-04-12 18:00:00,4.06,5.29,14.9,20.02
2025-04-12 19:00:00,3.69,4.63,26.0,19.48
2025-04-12 20:00:00,3.35,4.08,40.7,19.13
2025-04-12 21:00:00,3.09,3.7,54.7,18.9
2025-04-12 22:00:00,2.83,3.36,65.0,18.77
2025-04-12 23:00:00,2.46,2.88,70.6,18.77
2025-04-13 00:00:00,1.93,2.23,70.3,18.78
2025-04-13 01:00:00,1.34,1.52,67.1,18.71
2025-04-13 02:00:00,0.78,0.91,60.3,18.72
2025-04-13 03:00:00,0.39,0.44,14.3,18.68
2025-04-13 04:00:00,0.86,1.0,311.3,18.49
2025-04-13 05:00:00,1.53,1.74,305.0,18.08
2025-04-13 06:00:00,2.07,2.34,304.9,18.53
2025-04-13 07:00:00,2.41,2.45,304.5,19.61
2025-04-13 08:00:00,2.81,2.98,302.3,21.02
2025-04-13 09:00:00,3.09,3.44,319.4,22.02
2025-04-13 10:00:00,3.49,4.24,338.4,22.72
2025-04-13 11:00:00,3.93,5.09,347.7,23.21
2025-04-13 12:00:00,4.3,5.68,350.7,23.54
2025-04-13 13:00:00,4.73,6.33,349.0,23.72
2025-04-13 14:00:00,5.1,6.94,345.1,23.8
2025-04-13 15:00:00,5.33,7.33,342.8,23.72
2025-04-13 16:00:00,5.76,7.88,342.5,23.4
2025-04-13 17:00:00,7.3,9.43,343.2,22.72
2025-04-13 18:00:00,8.95,10.94,343.5,21.44
2025-04-13 19:00:00,9.71,11.5,344.0,20.4
2025-04-13 20:00:00,9.18,10.84,345.0,19.73
2025-04-13 21:00:00,8.41,10.11,347.8,19.3
2025-04-13 22:00:00,7.86,9.6,350.0,18.96
2025-04-13 23:00:00,7.55,9.41,350.7,18.64
2025-04-14 00:00:00,7.63,9.58,349.7,18.29
2025-04-14 01:00:00,8.06,10.0,346.6,17.85
2025-04-14 02:00:00,8.45,10.34,344.4,17.29
2025-04-14 03:00:00,8.54,10.42,343.5,16.8
2025-04-14 04:00:00,8.27,10.16,343.9,16.45
2025-04-14 05:00:00,7.85,9.69,345.5,16.21
2025-04-14 06:00:00,7.84,8.99,346.6,16.59
2025-04-14 07:00:00,7.59,8.4,345.7,17.09
2025-04-14 08:00:00,7.13,7.79,342.6,17.72
2025-04-14 09:00:00,6.81,7.37,337.9,18.49
2025-04-14 10:00:00,6.83,7.39,333.8,19.3
2025-04-14 11:00:00,6.99,7.58,331.6,20.02
2025-04-14 12:00:00,7.27,7.93,330.7,20.56
2025-04-14 13:00:00,7.6,8.37,331.4,21.0
2025-04-14 14:00:00,7.57,8.43,334.3,21.41
2025-04-14 15:00:00,7.41,8.32,338.0,21.59
2025-04-14 16:00:00,7.27,8.21,339.5,21.43
2025-04-14 17:00:00,6.77,7.86,340.5,21.03
2025-04-14 18:00:00,5.65,7.46,342.4,20.02
2025-04-14 19:00:00,5.49,7.33,345.1,19.65
2025-04-14 20:00:00,5.26,6.96,347.9,19.38
2025-04-14 21:00:00,5.02,6.57,349.6,19.08
2025-04-14 22:00:00,4.98,6.47,349.8,18.81
2025-04-14 23:00:00,5.17,6.72,349.7,18.39
2025-04-15 00:00:00,5.61,7.34,350.2,17.92
2025-04-15 01:00:00,5.88,7.68,351.8,17.45
2025-04-15 02:00:00,6.14,8.02,351.9,17.09
2025-04-15 03:00:00,6.09,7.99,353.4,16.81
2025-04-15 04:00:00,5.87,7.69,356.7,16.64
2025-04-15 05:00:00,5.36,7.01,0.2,16.65
2025-04-15 06:00:00,5.62,6.75,355.0,18.02
2025-04-15 07:00:00,6.39,7.07,342.1,18.76
2025-04-15 08:00:00,7.02,7.63,332.0,19.27
2025-04-15 09:00:00,7.27,7.85,324.5,19.87
2025-04-15 10:00:00,7.5,8.12,324.1,20.54
2025-04-15 11:00:00,7.44,8.12,329.0,21.29
2025-04-15 12:00:00,7.14,7.86,332.1,21.9
2025-04-15 13:00:00,6.87,7.76,332.3,22.34
2025-04-15 14:00:00,6.62,7.82,333.2,22.67
2025-04-15 15:00:00,6.34,7.88,335.4,22.83
2025-04-15 16:00:00,6.31,8.13,337.9,22.79
2025-04-15 17:00:00,5.94,8.02,340.5,22.35
2025-04-15 18:00:00,5.35,8.11,337.7,21.21
2025-04-15 19:00:00,5.71,8.4,336.9,20.85
2025-04-15 20:00:00,5.71,8.13,342.1,20.6
2025-04-15 21:00:00,5.38,7.45,349.5,20.14
2025-04-15 22:00:00,4.91,6.53,354.0,19.45
2025-04-15 23:00:00,4.67,6.09,355.1,18.76
2025-04-16 00:00:00,4.62,5.98,351.7,18.26
2025-04-16 01:00:00,4.83,6.23,345.3,17.76
2025-04-16 02:00:00,5.03,6.47,339.0,17.47
2025-04-16 03:00:00,5.42,6.84,330.8,17.21
2025-04-16 04:00:00,5.94,7.24,326.5,17.14
2025-04-16 05:00:00,6.03,7.43,323.4,16.77
2025-04-16 06:00:00,6.66,7.49,320.4,17.66
2025-04-16 07:00:00,6.62,7.19,319.8,19.07
2025-04-16 08:00:00,6.14,6.62,318.4,20.71
2025-04-16 09:00:00,5.72,6.36,312.9,22.02
2025-04-16 10:00:00,5.08,5.95,308.6,23.12
2025-04-16 11:00:00,4.05,5.22,307.2,23.83
2025-04-16 12:00:00,3.25,4.34,309.1,24.34
2025-04-16 13:00:00,3.0,4.0,307.9,24.73
2025-04-16 14:00:00,3.01,4.06,310.7,24.89
2025-04-16 15:00:00,3.17,4.3,319.9,24.82
2025-04-16 16:00:00,3.41,4.69,324.1,24.5
2025-04-16 17:00:00,3.33,5.27,322.5,23.63
2025-04-16 18:00:00,3.91,6.76,322.9,22.21
2025-04-16 19:00:00,5.03,8.33,325.0,21.84
2025-04-16 20:00:00,6.39,9.06,328.7,21.35
2025-04-16 21:00:00,7.3,9.21,332.5,20.61
2025-04-16 22:00:00,7.66,9.22,332.5,19.71
2025-04-16 23:00:00,7.76,9.17,331.7,18.83
2025-04-17 00:00:00,7.35,8.66,330.1,18.16
2025-04-17 01:00:00,6.99,8.23,325.2,17.62
2025-04-17 02:00:00,7.01,8.29,322.1,17.2
2025-04-17 03:00:00,7.02,8.29,321.9,16.92
2025-04-17 04:00:00,6.86,8.1,321.8,16.74
2025-04-17 05:00:00,6.57,7.74,321.4,16.71
2025-04-17 06:00:00,6.42,7.14,320.3,17.83
2025-04-17 07:00:00,6.09,6.53,316.2,19.53
2025-04-17 08:00:00,5.22,5.53,310.5,21.65
2025-04-17 09:00:00,4.69,5.18,296.4,23.35
2025-04-17 10:00:00,4.08,5.25,288.7,24.2
2025-04-17 11:00:00,3.56,4.65,287.0,25.08
2025-04-17 12:00:00,3.0,3.84,289.5,26.54
2025-04-17 13:00:00,2.72,3.51,299.3,27.67
2025-04-17 14:00:00,3.01,3.91,312.9,27.81
2025-04-17 15:00:00,3.6,4.71,321.4,27.45
2025-04-17 16:00:00,4.16,5.59,324.1,26.96
2025-04-17 17:00:00,3.94,6.31,323.3,25.92
2025-04-17 18:00:00,4.38,7.63,325.4,24.59
2025-04-17 19:00:00,4.9,8.72,328.6,24.31
2025-04-17 20:00:00,5.46,8.92,322.9,23.73
2025-04-17 21:00:00,6.39,8.87,321.7,22.86
2025-04-17 22:00:00,6.71,8.71,320.9,21.89
2025-04-17 23:00:00,7.53,9.3,317.4,21.0
2025-04-18 00:00:00,7.8,9.44,315.6,20.34
2025-04-18 01:00:00,8.39,9.89,311.4,19.67
2025-04-18 02:00:00,8.77,10.26,309.0,19.22
2025-04-18 03:00:00,9.04,10.55,308.2,18.9
2025-04-18 04:00:00,9.01,10.49,308.8,18.64
2025-04-18 05:00:00,8.65,10.17,309.0,18.56
2025-04-18 06:00:00,9.1,10.11,307.5,19.16
2025-04-18 07:00:00,8.31,9.13,310.2,20.52
2025-04-18 08:00:00,6.9,7.92,308.8,22.13
2025-04-18 09:00:00,5.92,7.23,308.1,23.16
2025-04-18 10:00:00,5.01,6.59,310.0,23.94
2025-04-18 11:00:00,4.37,5.86,311.5,24.81
2025-04-18 12:00:00,4.06,5.35,317.4,25.6
2025-04-18 13:00:00,4.04,5.24,326.0,26.4
2025-04-18 14:00:00,4.28,5.56,332.6,27.16
2025-04-18 15:00:00,4.85,6.47,335.2,27.4
2025-04-18 16:00:00,5.6,7.79,333.6,27.16
2025-04-18 17:00:00,5.84,9.01,329.7,26.3
2025-04-18 18:00:00,6.67,11.0,326.8,25.07
2025-04-18 19:00:00,8.24,12.03,322.2,24.44
2025-04-18 20:00:00,9.35,12.41,318.1,23.55
2025-04-18 21:00:00,10.05,12.55,319.4,22.7
2025-04-18 22:00:00,9.64,11.7,324.0,21.78
2025-04-18 23:00:00,9.09,10.81,321.0,20.84
2025-04-19 00:00:00,9.33,10.9,314.1,20.05
2025-04-19 01:00:00,9.37,10.9,311.1,19.54
2025-04-19 02:00:00,8.99,10.48,311.6,19.19
2025-04-19 03:00:00,8.62,10.05,311.6,18.9
2025-04-19 04:00:00,8.64,10.07,308.4,18.67
2025-04-19 05:00:00,9.14,10.57,301.8,18.57
2025-04-19 06:00:00,9.95,10.94,295.8,19.34
2025-04-19 07:00:00,9.35,10.27,299.5,21.01
2025-04-19 08:00:00,8.13,9.53,303.8,22.9
2025-04-19 09:00:00,7.42,9.39,308.2,24.27
2025-04-19 10:00:00,6.8,9.14,312.8,25.24
2025-04-19 11:00:00,6.16,8.53,313.6,26.29
2025-04-19 12:00:00,5.69,7.79,313.0,27.52
2025-04-19 13:00:00,5.56,7.47,314.9,28.71
2025-04-19 14:00:00,5.81,7.84,319.0,29.11
2025-04-19 15:00:00,6.25,8.62,323.2,28.95
2025-04-19 16:00:00,6.62,9.41,325.7,28.39
2025-04-19 17:00:00,6.41,9.83,325.1,27.25
2025-04-19 18:00:00,6.35,10.75,322.9,25.77
2025-04-19 19:00:00,6.94,11.19,325.6,25.12
2025-04-19 20:00:00,6.81,10.6,331.4,24.34
2025-04-19 21:00:00,6.41,9.62,333.4,23.51
2025-04-19 22:00:00,6.56,9.14,328.2,22.7
2025-04-19 23:00:00,6.97,9.14,324.9,21.97
2025-04-20 00:00:00,7.13,9.06,322.6,21.38
2025-04-20 01:00:00,7.44,9.15,319.4,20.79
2025-04-20 02:00:00,7.82,9.43,316.0,20.32
2025-04-20 03:00:00,8.27,9.81,312.2,20.03
2025-04-20 04:00:00,8.69,10.18,308.1,19.71
2025-04-20 05:00:00,9.06,10.5,306.7,19.43
2025-04-20 06:00:00,9.16,10.16,308.0,20.11
2025-04-20 07:00:00,9.05,10.29,316.9,21.84
2025-04-20 08:00:00,8.68,10.5,322.0,23.81
2025-04-20 09:00:00,8.63,11.07,324.5,25.64
2025-04-20 10:00:00,8.56,11.56,325.3,27.08
2025-04-20 11:00:00,8.48,11.74,324.7,28.03
2025-04-20 12:00:00,8.29,11.61,324.3,28.63
2025-04-20 13:00:00,8.14,11.5,324.4,28.93
2025-04-20 14:00:00,8.04,11.45,326.0,28.97
2025-04-20 15:00:00,7.89,11.32,328.8,28.75
2025-04-20 16:00:00,7.55,10.9,331.0,28.28
2025-04-20 17:00:00,6.53,10.04,332.6,27.3
2025-04-20 18:00:00,5.73,10.09,334.2,25.81
2025-04-20 19:00:00,5.57,9.88,339.1,25.28
2025-04-20 20:00:00,5.14,9.21,345.9,24.65
2025-04-20 21:00:00,4.58,8.19,352.6,24.0
2025-04-20 22:00:00,4.0,7.06,352.5,23.46
2025-04-20 23:00:00,3.77,6.57,343.6,22.98
2025-04-21 00:00:00,4.53,7.25,329.7,22.54
2025-04-21 01:00:00,5.94,8.18,319.5,21.9
2025-04-21 02:00:00,6.07,8.06,317.3,21.13
2025-04-21 03:00:00,6.11,8.06,312.6,20.61
2025-04-21 04:00:00,6.59,8.54,314.2,20.35
2025-04-21 05:00:00,5.83,7.47,318.2,20.13
2025-04-21 06:00:00,4.83,5.52,317.6,20.93
2025-04-21 07:00:00,4.06,4.6,312.9,22.0
2025-04-21 08:00:00,3.27,4.28,312.2,23.64
2025-04-21 09:00:00,3.59,4.63,313.5,25.5
2025-04-21 10:00:00,3.65,4.65,318.2,26.88
2025-04-21 11:00:00,3.53,4.48,325.6,27.57
2025-04-21 12:00:00,3.58,4.55,335.0,27.97
2025-04-21 13:00:00,3.6,4.56,343.8,28.24
2025-04-21 14:00:00,3.39,4.26,351.8,28.51
2025-04-21 15:00:00,3.06,3.82,359.0,28.68
2025-04-21 16:00:00,2.62,3.26,7.6,28.61
2025-04-21 17:00:00,1.85,2.5,27.4,27.91
2025-04-21 18:00:00,1.12,1.51,66.7,27.05
2025-04-21 19:00:00,1.09,1.47,141.6,26.33
2025-04-21 20:00:00,1.7,2.42,173.6,25.08
2025-04-21 21:00:00,2.02,2.91,177.4,24.7
2025-04-21 22:00:00,2.08,2.99,174.8,24.9
2025-04-21 23:00:00,2.1,3.02,171.4,25.27
2025-04-22 00:00:00,2.17,3.12,170.2,25.58
2025-04-22 01:00:00,2.43,3.54,179.2,25.37
2025-04-22 02:00:00,2.7,3.96,205.6,25.12
2025-04-22 03:00:00,2.3,3.33,229.5,26.01
2025-04-22 04:00:00,1.74,2.47,177.2,26.36
2025-04-22 05:00:00,2.83,4.32,166.6,25.14
2025-04-22 06:00:00,3.24,5.2,179.4,25.49
2025-04-22 07:00:00,3.64,5.06,182.4,27.08
2025-04-22 08:00:00,3.41,4.38,167.1,28.43
2025-04-22 09:00:00,3.35,4.25,159.3,29.95
2025-04-22 10:00:00,3.05,3.78,156.1,31.91
2025-04-22 11:00:00,2.76,3.18,146.4,34.15
2025-04-22 12:00:00,2.83,3.16,132.1,35.35
2025-04-22 13:00:00,3.14,3.64,124.3,35.15
2025-04-22 14:00:00,3.33,4.09,129.3,34.53
2025-04-22 15:00:00,3.4,4.2,146.0,34.35
2025-04-22 16:00:00,3.09,4.67,155.6,32.99
2025-04-22 17:00:00,3.4,5.26,159.3,30.53
2025-04-22 18:00:00,3.54,5.53,164.6,28.77
2025-04-22 19:00:00,3.55,5.65,165.6,27.69
2025-04-22 20:00:00,3.48,5.59,164.3,26.9
2025-04-22 21:00:00,3.42,5.49,163.3,26.27
2025-04-22 22:00:00,3.34,5.36,162.3,25.78
2025-04-22 23:00:00,3.22,5.07,165.5,25.46
2025-04-23 00:00:00,3.0,4.54,174.4,25.2
2025-04-23 01:00:00,2.78,4.12,186.1,25.31
2025-04-23 02:00:00,2.7,4.02,196.3,25.58
2025-04-23 03:00:00,2.82,4.22,200.4,25.59
2025-04-23 04:00:00,3.18,4.82,195.0,25.38
2025-04-23 05:00:00,3.39,5.19,190.9,25.37
2025-04-23 06:00:00,3.15,4.96,188.0,26.64
2025-04-23 07:00:00,3.33,4.43,174.6,28.65
2025-04-23 08:00:00,3.38,4.28,157.6,30.41
2025-04-23 09:00:00,2.68,3.29,162.5,33.19
2025-04-23 10:00:00,1.98,2.27,152.8,35.88
2025-04-23 11:00:00,1.91,1.96,128.8,37.15
2025-04-23 12:00:00,1.81,1.78,117.1,37.91
2025-04-23 13:00:00,1.7,1.69,116.7,38.49
2025-04-23 14:00:00,1.64,1.71,124.3,38.64
2025-04-23 15:00:00,1.7,1.91,131.4,38.17
2025-04-23 16:00:00,1.83,2.19,129.6,37.12
2025-04-23 17:00:00,1.67,2.57,112.4,34.78
2025-04-23 18:00:00,1.73,2.65,92.4,32.32
2025-04-23 19:00:00,1.86,2.67,48.5,30.9
2025-04-23 20:00:00,2.97,4.53,11.5,29.5
2025-04-23 21:00:00,4.02,6.49,356.7,27.64
2025-04-23 22:00:00,4.58,7.85,346.4,26.52
2025-04-23 23:00:00,5.33,8.69,333.8,25.82
2025-04-24 00:00:00,6.58,9.79,326.2,25.17
2025-04-24 01:00:00,7.56,10.5,323.8,24.64
2025-04-24 02:00:00,8.12,10.74,318.2,23.99
2025-04-24 03:00:00,8.27,10.41,314.0,23.21
2025-04-24 04:00:00,7.87,9.64,311.3,22.61
2025-04-24 05:00:00,7.76,9.22,310.2,22.25
2025-04-24 06:00:00,7.8,9.02,310.8,22.4
2025-04-24 07:00:00,7.11,8.45,316.8,23.01
2025-04-24 08:00:00,5.57,7.19,322.4,23.86
2025-04-24 09:00:00,4.55,6.25,319.1,24.84
2025-04-24 10:00:00,4.56,6.26,317.4,25.64
2025-04-24 11:00:00,4.68,6.33,333.8,26.24
2025-04-24 12:00:00,5.33,7.19,355.1,26.51
2025-04-24 13:00:00,6.46,8.88,4.8,26.65
2025-04-24 14:00:00,7.15,10.01,3.1,27.16
2025-04-24 15:00:00,7.85,11.12,352.4,27.75
2025-04-24 16:00:00,8.1,11.53,350.5,27.22
2025-04-24 17:00:00,7.27,10.58,351.6,26.16
2025-04-24 18:00:00,6.89,10.07,344.9,25.37
2025-04-24 19:00:00,8.15,10.94,336.5,24.78
2025-04-24 20:00:00,9.51,11.75,335.3,23.9
2025-04-24 21:00:00,9.6,11.45,337.1,22.93
2025-04-24 22:00:00,9.0,10.65,341.8,22.27
2025-04-24 23:00:00,8.43,10.09,346.1,21.95
2025-04-25 00:00:00,7.63,9.23,348.7,21.7
2025-04-25 01:00:00,6.9,8.45,348.4,21.41
2025-04-25 02:00:00,6.51,8.03,345.0,21.04
2025-04-25 03:00:00,6.22,7.69,339.2,20.69
2025-04-25 04:00:00,6.22,7.63,334.3,20.39
2025-04-25 05:00:00,6.58,7.87,330.6,20.27
2025-04-25 06:00:00,7.43,8.38,334.0,21.05
2025-04-25 07:00:00,8.09,9.28,341.0,22.56
2025-04-25 08:00:00,8.44,10.1,340.8,24.05
2025-04-25 09:00:00,8.37,10.22,337.8,25.0
2025-04-25 10:00:00,7.78,9.7,332.6,25.53
2025-04-25 11:00:00,7.18,9.18,329.8,25.71
2025-04-25 12:00:00,6.79,8.79,330.9,25.75
2025-04-25 13:00:00,6.49,8.51,335.3,25.8
2025-04-25 14:00:00,6.27,8.37,340.9,25.88
2025-04-25 15:00:00,6.08,8.32,345.6,25.9
2025-04-25 16:00:00,5.99,8.33,347.9,25.7
2025-04-25 17:00:00,5.47,7.95,348.3,25.28
2025-04-25 18:00:00,4.39,7.63,347.6,24.15
2025-04-25 19:00:00,4.32,7.6,343.6,23.62
2025-04-25 20:00:00,4.4,7.65,339.1,23.25
2025-04-25 21:00:00,4.81,7.96,334.6,22.91
2025-04-25 22:00:00,5.53,8.41,331.9,22.55
2025-04-25 23:00:00,6.33,8.81,330.3,22.07
2025-04-26 00:00:00,7.12,9.19,331.0,21.55
2025-04-26 01:00:00,7.13,8.87,336.2,20.9
2025-04-26 02:00:00,6.64,8.21,338.0,20.39
2025-04-26 03:00:00,6.19,7.68,335.5,19.96
2025-04-26 04:00:00,5.88,7.29,331.9,19.53
2025-04-26 05:00:00,5.8,7.04,331.0,19.25
2025-04-26 06:00:00,6.31,7.07,334.5,19.96
2025-04-26 07:00:00,6.94,7.74,338.3,21.39
2025-04-26 08:00:00,7.56,8.72,340.2,23.03
2025-04-26 09:00:00,7.88,9.21,338.5,23.87
2025-04-26 10:00:00,7.97,9.4,335.3,24.31
2025-04-26 11:00:00,7.9,9.36,333.4,24.55
2025-04-26 12:00:00,7.54,9.07,333.1,24.7
2025-04-26 13:00:00,7.11,8.81,333.6,24.91
2025-04-26 14:00:00,6.91,8.82,335.0,25.09
2025-04-26 15:00:00,6.99,9.12,336.7,25.15
2025-04-26 16:00:00,7.07,9.38,339.2,25.06
2025-04-26 17:00:00,6.64,9.09,342.1,24.67
2025-04-26 18:00:00,5.56,8.58,343.4,23.87
2025-04-26 19:00:00,5.1,8.25,345.2,23.16
2025-04-26 20:00:00,4.82,7.78,348.3,22.92
2025-04-26 21:00:00,4.47,7.15,351.1,22.79
2025-04-26 22:00:00,4.32,6.7,354.1,22.48
2025-04-26 23:00:00,4.5,6.63,353.8,22.13
2025-04-27 00:00:00,4.95,6.75,347.9,21.84
2025-04-27 01:00:00,5.53,7.07,342.5,21.39
2025-04-27 02:00:00,5.9,7.28,339.9,20.83
2025-04-27 03:00:00,6.14,7.5,335.6,20.37
2025-04-27 04:00:00,6.39,7.84,333.0,19.86
2025-04-27 05:00:00,6.56,7.82,332.0,19.55
2025-04-27 06:00:00,6.79,7.55,331.2,20.17
2025-04-27 07:00:00,6.87,7.59,331.7,21.59
2025-04-27 08:00:00,7.27,8.28,329.5,23.08
2025-04-27 09:00:00,7.73,9.04,324.5,23.81
2025-04-27 10:00:00,7.67,9.2,319.9,24.45
2025-04-27 11:00:00,6.93,8.78,319.5,25.15
2025-04-27 12:00:00,6.29,8.37,322.1,25.53
2025-04-27 13:00:00,6.09,8.24,327.1,25.64
2025-04-27 14:00:00,6.08,8.25,333.4,25.55
2025-04-27 15:00:00,6.05,8.21,338.7,25.39
2025-04-27 16:00:00,5.89,8.11,341.7,25.21
2025-04-27 17:00:00,5.27,7.72,342.1,25.1
2025-04-27 18:00:00,4.47,7.91,340.0,24.06
2025-04-27 19:00:00,5.05,8.85,337.8,23.74
2025-04-27 20:00:00,5.68,9.4,336.8,23.48
2025-04-27 21:00:00,6.26,9.49,336.9,23.06
2025-04-27 22:00:00,6.57,9.2,337.2,22.44
2025-04-27 23:00:00,7.18,9.23,338.0,21.71
2025-04-28 00:00:00,7.55,9.29,339.8,20.88
2025-04-28 01:00:00,7.39,8.94,338.3,20.17
2025-04-28 02:00:00,7.08,8.5,333.2,19.51
2025-04-28 03:00:00,7.0,8.35,328.9,18.96
2025-04-28 04:00:00,6.74,8.03,326.9,18.55
2025-04-28 05:00:00,6.44,7.62,325.7,18.41
2025-04-28 06:00:00,6.61,7.3,325.7,19.37
2025-04-28 07:00:00,6.97,7.68,327.2,20.92
2025-04-28 08:00:00,7.48,8.38,330.0,22.73
2025-04-28 09:00:00,7.76,8.91,329.5,23.79
2025-04-28 10:00:00,7.8,9.22,328.8,24.48
2025-04-28 11:00:00,7.72,9.48,330.8,25.11
2025-04-28 12:00:00,7.66,9.75,335.6,25.65
2025-04-28 13:00:00,7.79,10.22,340.1,26.09
2025-04-28 14:00:00,7.99,10.73,342.9,26.49
2025-04-28 15:00:00,8.24,11.24,343.8,26.71
2025-04-28 16:00:00,8.32,11.44,343.5,26.59
2025-04-28 17:00:00,7.57,10.72,343.4,25.96
2025-04-28 18:00:00,6.24,9.99,341.8,24.87
2025-04-28 19:00:00,5.86,9.63,340.8,24.27
2025-04-28 20:00:00,5.39,8.93,342.4,23.71
2025-04-28 21:00:00,4.91,8.16,345.8,23.16
2025-04-28 22:00:00,4.77,7.65,345.1,22.69
2025-04-28 23:00:00,5.23,7.73,341.7,22.25
2025-04-29 00:00:00,6.05,8.12,336.8,21.69
2025-04-29 01:00:00,6.67,8.36,332.4,21.05
2025-04-29 02:00:00,6.58,8.09,329.7,20.54
2025-04-29 03:00:00,6.19,7.56,324.4,20.17
2025-04-29 04:00:00,6.26,7.56,316.4,19.89
2025-04-29 05:00:00,6.99,8.22,310.9,19.8
2025-04-29 06:00:00,7.78,8.63,309.0,20.67
2025-04-29 07:00:00,7.86,8.75,315.8,22.13
2025-04-29 08:00:00,7.33,8.56,323.6,23.61
2025-04-29 09:00:00,6.62,8.24,327.4,24.84
2025-04-29 10:00:00,6.0,7.95,326.7,26.02
2025-04-29 11:00:00,5.77,7.8,322.5,26.98
2025-04-29 12:00:00,5.88,8.01,317.9,27.55
2025-04-29 13:00:00,6.01,8.24,318.3,27.82
2025-04-29 14:00:00,6.1,8.42,321.3,27.9
2025-04-29 15:00:00,6.13,8.56,323.8,27.68
2025-04-29 16:00:00,6.05,8.55,324.8,27.18
2025-04-29 17:00:00,5.73,8.39,324.0,26.36
2025-04-29 18:00:00,5.18,8.77,324.0,25.16
2025-04-29 19:00:00,5.26,8.96,327.8,24.69
2025-04-29 20:00:00,4.86,8.29,332.9,24.35
2025-04-29 21:00:00,3.99,6.87,338.0,23.95
2025-04-29 22:00:00,3.12,5.42,336.4,23.48
2025-04-29 23:00:00,2.49,4.28,332.9,23.02
2025-04-30 00:00:00,1.98,3.35,319.1,22.82
2025-04-30 01:00:00,1.79,2.87,296.5,23.05
2025-04-30 02:00:00,1.71,2.66,273.7,23.02
2025-04-30 03:00:00,1.65,2.58,250.1,22.56
2025-04-30 04:00:00,1.64,2.49,221.3,22.37
2025-04-30 05:00:00,1.98,3.05,180.6,22.45
2025-04-30 06:00:00,3.02,4.66,161.9,23.58
2025-04-30 07:00:00,4.58,6.51,154.9,24.92
2025-04-30 08:00:00,6.21,8.95,157.0,26.61
2025-04-30 09:00:00,7.17,10.36,162.1,28.48
2025-04-30 10:00:00,7.25,10.33,164.3,30.28
2025-04-30 11:00:00,6.75,9.36,173.3,31.85
2025-04-30 12:00:00,6.37,8.87,195.4,32.73
2025-04-30 13:00:00,6.71,9.45,218.4,32.69
2025-04-30 14:00:00,6.64,9.27,228.5,32.1
2025-04-30 15:00:00,5.23,7.06,224.5,31.73
2025-04-30 16:00:00,4.41,5.87,238.0,31.57
2025-04-30 17:00:00,5.13,7.89,271.0,29.87
2025-04-30 18:00:00,7.7,11.9,289.9,28.11
2025-04-30 19:00:00,8.86,12.77,302.0,26.51
2025-04-30 20:00:00,7.73,11.12,319.4,25.22
2025-04-30 21:00:00,8.03,10.77,336.2,24.25
2025-04-30 22:00:00,9.09,11.06,341.6,22.95
2025-04-30 23:00:00,9.79,11.57,342.6,21.85
2025-05-01 00:00:00,9.67,11.31,346.3,21.28
2025-05-01 01:00:00,9.14,10.64,352.2,20.93
2025-05-01 02:00:00,8.37,9.82,354.5,20.79
2025-05-01 03:00:00,7.42,8.91,355.5,20.58
2025-05-01 04:00:00,6.57,8.07,354.9,20.3
2025-05-01 05:00:00,6.01,7.34,353.9,20.18
2025-05-01 06:00:00,6.54,7.42,352.9,20.87
2025-05-01 07:00:00,6.96,7.84,348.4,21.96
2025-05-01 08:00:00,7.07,8.23,342.5,23.05
2025-05-01 09:00:00,6.86,8.23,336.0,23.93
2025-05-01 10:00:00,6.4,7.94,331.4,24.46
2025-05-01 11:00:00,5.69,7.34,332.3,24.82
2025-05-01 12:00:00,5.03,6.65,339.2,25.07
2025-05-01 13:00:00,4.81,6.34,350.7,25.21
2025-05-01 14:00:00,4.88,6.41,0.0,25.23
2025-05-01 15:00:00,4.82,6.39,3.6,25.18
2025-05-01 16:00:00,4.45,6.04,359.3,25.08
2025-05-01 17:00:00,3.97,5.62,354.4,24.84
2025-05-01 18:00:00,3.19,5.34,353.0,23.72
2025-05-01 19:00:00,3.13,5.14,347.0,23.21
2025-05-01 20:00:00,3.12,5.19,336.0,22.81
2025-05-01 21:00:00,3.28,5.54,324.5,22.39
2025-05-01 22:00:00,3.83,6.12,315.6,22.02
2025-05-01 23:00:00,4.83,6.83,310.2,21.6
2025-05-02 00:00:00,5.42,7.23,311.0,21.04
2025-05-02 01:00:00,5.5,7.25,315.8,20.49
2025-05-02 02:00:00,5.37,7.02,321.6,20.08
2025-05-02 03:00:00,5.01,6.52,326.9,19.76
2025-05-02 04:00:00,4.57,5.88,329.9,19.48
2025-05-02 05:00:00,4.21,5.4,330.3,19.47
2025-05-02 06:00:00,4.41,4.91,329.5,20.67
2025-05-02 07:00:00,4.37,4.73,326.4,21.78
2025-05-02 08:00:00,4.17,4.54,324.4,22.9
2025-05-02 09:00:00,3.53,4.21,327.5,23.68
2025-05-02 10:00:00,2.98,3.93,334.7,24.16
2025-05-02 11:00:00,2.87,3.75,346.9,24.62
2025-05-02 12:00:00,2.91,3.66,357.7,25.02
2025-05-02 13:00:00,2.9,3.55,1.1,25.4
2025-05-02 14:00:00,2.78,3.37,0.3,25.77
2025-05-02 15:00:00,2.54,3.08,355.2,26.09
2025-05-02 16:00:00,2.2,2.72,344.4,26.24
2025-05-02 17:00:00,1.94,2.57,330.9,26.06
2025-05-02 18:00:00,1.88,2.76,318.7,24.8
2025-05-02 19:00:00,2.32,3.53,301.4,23.86
2025-05-02 20:00:00,2.96,4.89,291.6,23.13
2025-05-02 21:00:00,3.84,6.43,289.0,22.66
2025-05-02 22:00:00,5.26,7.6,290.4,22.17
2025-05-02 23:00:00,5.75,7.65,292.6,21.43
2025-05-03 00:00:00,5.37,7.04,293.8,20.81
2025-05-03 01:00:00,4.77,6.16,294.7,20.29
2025-05-03 02:00:00,4.25,5.39,299.2,19.87
2025-05-03 03:00:00,3.77,4.69,306.2,19.61
2025-05-03 04:00:00,3.21,3.9,308.1,19.45
2025-05-03 05:00:00,2.86,3.46,304.1,19.51
2025-05-03 06:00:00,3.04,3.33,296.4,20.81
2025-05-03 07:00:00,2.94,3.07,297.2,22.17
2025-05-03 08:00:00,2.19,2.48,294.8,23.63
2025-05-03 09:00:00,1.42,1.83,301.6,24.4
2025-05-03 10:00:00,1.29,1.52,327.9,25.1
2025-05-03 11:00:00,1.77,1.98,3.2,25.58
2025-05-03 12:00:00,2.5,2.89,17.1,25.89
2025-05-03 13:00:00,3.12,3.76,18.3,26.03
2025-05-03 14:00:00,3.6,4.56,15.5,26.03
2025-05-03 15:00:00,3.89,5.12,10.2,25.88
2025-05-03 16:00:00,4.01,5.43,0.9,25.64
2025-05-03 17:00:00,4.15,5.86,347.6,25.27
2025-05-03 18:00:00,3.98,6.88,335.5,24.36
2025-05-03 19:00:00,5.05,8.3,324.5,23.93
2025-05-03 20:00:00,6.44,9.15,318.1,23.58
2025-05-03 21:00:00,7.06,9.21,317.2,22.92
2025-05-03 22:00:00,6.95,8.72,321.2,22.23
2025-05-03 23:00:00,6.46,8.09,328.8,21.57
2025-05-04 00:00:00,6.13,7.72,339.4,21.01
2025-05-04 01:00:00,5.74,7.31,350.4,20.54
2025-05-04 02:00:00,5.29,6.86,354.9,20.17
2025-05-04 03:00:00,4.83,6.3,354.4,19.83
2025-05-04 04:00:00,4.5,5.86,351.9,19.54
2025-05-04 05:00:00,4.37,5.55,347.5,19.56
2025-05-04 06:00:00,5.02,5.55,341.3,20.4
2025-05-04 07:00:00,5.22,5.61,333.7,21.16
2025-05-04 08:00:00,5.28,5.62,327.3,21.74
2025-05-04 09:00:00,5.28,5.6,326.3,22.18
2025-05-04 10:00:00,5.16,5.49,328.6,22.62
2025-05-04 11:00:00,5.24,5.59,333.0,22.99
2025-05-04 12:00:00,5.46,5.92,338.4,23.44
2025-05-04 13:00:00,5.61,6.31,343.3,23.83
2025-05-04 14:00:00,5.71,6.8,346.5,24.08
2025-05-04 15:00:00,5.95,7.33,347.7,24.16
2025-05-04 16:00:00,6.07,7.65,348.4,24.07
2025-05-04 17:00:00,5.96,7.66,348.4,23.79
2025-05-04 18:00:00,5.07,7.15,351.1,23.15
2025-05-04 19:00:00,4.63,6.83,353.3,22.65
2025-05-04 20:00:00,4.44,6.46,353.9,22.26
2025-05-04 21:00:00,4.39,6.14,352.2,21.88
2025-05-04 22:00:00,4.57,6.16,349.1,21.49
2025-05-04 23:00:00,4.83,6.39,347.6,21.07
2025-05-05 00:00:00,5.02,6.6,348.3,20.67
2025-05-05 01:00:00,4.98,6.49,350.4,20.25
2025-05-05 02:00:00,4.88,6.39,349.8,19.83
2025-05-05 03:00:00,4.92,6.45,347.8,19.48
2025-05-05 04:00:00,4.78,6.22,345.0,19.24
2025-05-05 05:00:00,4.53,5.84,343.6,19.34
2025-05-05 06:00:00,4.84,5.4,345.4,20.46
2025-05-05 07:00:00,4.66,5.05,342.2,21.31
2025-05-05 08:00:00,4.54,4.87,338.7,22.23
2025-05-05 09:00:00,4.44,4.74,337.2,23.12
2025-05-05 10:00:00,4.42,4.76,335.8,23.83
2025-05-05 11:00:00,4.39,4.85,334.5,24.27
2025-05-05 12:00:00,4.27,4.93,335.3,24.5
2025-05-05 13:00:00,4.1,4.94,340.7,24.62
2025-05-05 14:00:00,4.1,5.08,347.9,24.63
2025-05-05 15:00:00,4.36,5.44,353.6,24.58
2025-05-05 16:00:00,4.52,5.63,358.9,24.39
2025-05-05 17:00:00,4.1,5.3,3.0,24.12
2025-05-05 18:00:00,2.96,4.65,5.1,23.19
2025-05-05 19:00:00,2.87,4.61,0.0,22.78
2025-05-05 20:00:00,3.04,4.95,353.6,22.71
2025-05-05 21:00:00,3.21,5.28,352.2,22.58
2025-05-05 22:00:00,3.07,5.03,359.7,22.38
2025-05-05 23:00:00,2.91,4.69,3.3,22.15
2025-05-06 00:00:00,3.06,4.66,358.3,21.89
2025-05-06 01:00:00,3.52,4.9,352.1,21.62
2025-05-06 02:00:00,3.73,4.92,349.0,21.37
2025-05-06 03:00:00,3.73,4.79,344.6,21.11
2025-05-06 04:00:00,3.39,4.23,340.1,20.85
2025-05-06 05:00:00,2.79,3.46,337.4,20.88
2025-05-06 06:00:00,2.61,2.97,327.9,21.99
2025-05-06 07:00:00,2.76,3.08,332.4,23.19
2025-05-06 08:00:00,2.78,3.74,345.8,24.88
2025-05-06 09:00:00,3.18,4.3,346.4,25.97
2025-05-06 10:00:00,3.5,4.68,342.3,26.64
2025-05-06 11:00:00,3.87,5.17,333.7,27.08
2025-05-06 12:00:00,4.24,5.73,328.1,27.27
2025-05-06 13:00:00,4.48,6.11,325.6,27.38
2025-05-06 14:00:00,4.68,6.44,324.7,27.39
2025-05-06 15:00:00,4.89,6.83,324.1,27.22
2025-05-06 16:00:00,5.13,7.33,321.7,26.75
2025-05-06 17:00:00,5.06,7.7,319.1,26.25
2025-05-06 18:00:00,4.82,8.33,319.4,25.47
2025-05-06 19:00:00,5.09,8.8,325.3,24.91
2025-05-06 20:00:00,5.19,8.77,334.0,24.38
2025-05-06 21:00:00,5.24,8.55,343.9,23.87
2025-05-06 22:00:00,4.99,7.97,354.1,23.38
2025-05-06 23:00:00,4.7,7.19,359.0,22.86
2025-05-07 00:00:00,4.55,6.5,355.9,22.39
2025-05-07 01:00:00,4.62,6.25,346.8,21.95
2025-05-07 02:00:00,4.88,6.46,335.7,21.52
2025-05-07 03:00:00,5.32,6.91,327.4,21.18
2025-05-07 04:00:00,5.7,7.2,323.9,20.89
2025-05-07 05:00:00,5.98,7.23,322.9,20.95
2025-05-07 06:00:00,6.21,6.83,319.0,22.11
2025-05-07 07:00:00,6.18,6.95,319.6,23.66
2025-05-07 08:00:00,5.75,7.19,327.0,25.54
2025-05-07 09:00:00,5.58,7.6,331.6,27.42
2025-05-07 10:00:00,5.78,7.96,331.1,28.81
2025-05-07 11:00:00,6.0,8.24,329.5,29.6
2025-05-07 12:00:00,6.15,8.43,327.9,29.97
2025-05-07 13:00:00,6.29,8.66,325.5,30.07
2025-05-07 14:00:00,6.42,8.9,323.1,29.97
2025-05-07 15:00:00,6.56,9.23,321.3,29.72
2025-05-07 16:00:00,6.75,9.68,320.2,29.28
2025-05-07 17:00:00,6.61,9.81,317.9,28.59
2025-05-07 18:00:00,6.04,10.16,317.6,27.33
2025-05-07 19:00:00,6.33,10.46,324.1,26.61
2025-05-07 20:00:00,6.39,10.09,331.9,25.94
2025-05-07 21:00:00,6.92,10.0,334.4,25.25
2025-05-07 22:00:00,7.29,9.7,336.0,24.34
2025-05-07 23:00:00,7.48,9.28,334.1,23.33
2025-05-08 00:00:00,7.56,9.02,329.6,22.35
2025-05-08 01:00:00,7.46,8.8,325.1,21.69
2025-05-08 02:00:00,7.43,8.72,321.0,21.16
2025-05-08 03:00:00,7.48,8.73,317.3,20.72
2025-05-08 04:00:00,7.48,8.7,315.1,20.41
2025-05-08 05:00:00,7.43,8.55,314.6,20.39
2025-05-08 06:00:00,7.46,8.14,314.0,21.39
2025-05-08 07:00:00,6.44,7.04,319.7,23.27
2025-05-08 08:00:00,4.42,5.21,324.4,25.77
2025-05-08 09:00:00,3.49,4.44,310.2,28.06
2025-05-08 10:00:00,4.01,5.02,297.5,29.17
2025-05-08 11:00:00,4.52,5.69,299.4,30.4
2025-05-08 12:00:00,4.9,6.31,306.0,31.02
2025-05-08 13:00:00,5.22,6.82,311.1,31.24
2025-05-08 14:00:00,5.44,7.18,314.3,31.28
2025-05-08 15:00:00,5.66,7.59,316.5,31.22
2025-05-08 16:00:00,6.02,8.29,318.1,30.93
2025-05-08 17:00:00,5.97,8.84,317.7,30.17
2025-05-08 18:00:00,5.59,9.8,317.2,28.35
2025-05-08 19:00:00,6.44,10.76,322.6,27.47
2025-05-08 20:00:00,6.82,10.64,330.9,26.61
2025-05-08 21:00:00,6.77,10.06,334.9,25.8
2025-05-08 22:00:00,6.42,9.1,332.4,25.0
2025-05-08 23:00:00,6.31,8.47,326.1,24.17
2025-05-09 00:00:00,6.36,8.17,320.9,23.47
2025-05-09 01:00:00,6.27,7.87,318.9,22.95
2025-05-09 02:00:00,6.17,7.63,318.2,22.52
2025-05-09 03:00:00,6.14,7.48,318.0,22.09
2025-05-09 04:00:00,6.16,7.46,316.8,21.73
2025-05-09 05:00:00,6.37,7.51,314.6,21.67
2025-05-09 06:00:00,6.59,7.26,311.2,22.58
2025-05-09 07:00:00,5.98,6.83,314.4,24.08
2025-05-09 08:00:00,4.61,5.83,322.7,26.13
2025-05-09 09:00:00,3.74,4.86,321.4,28.45
2025-05-09 10:00:00,3.58,4.48,311.8,30.44
2025-05-09 11:00:00,3.65,4.51,308.7,32.06
2025-05-09 12:00:00,3.83,4.77,310.3,32.91
2025-05-09 13:00:00,4.14,5.22,314.4,33.08
2025-05-09 14:00:00,4.59,5.88,318.9,32.84
2025-05-09 15:00:00,5.12,6.71,321.9,32.39
2025-05-09 16:00:00,5.69,7.7,323.2,31.68
2025-05-09 17:00:00,5.73,8.5,323.6,30.72
2025-05-09 18:00:00,5.7,9.85,327.7,29.21
2025-05-09 19:00:00,6.31,10.63,338.9,28.39
2025-05-09 20:00:00,6.37,10.41,350.2,27.54
2025-05-09 21:00:00,5.6,9.32,354.0,26.68
2025-05-09 22:00:00,4.81,7.99,344.8,25.8
2025-05-09 23:00:00,5.18,7.75,329.1,25.11
2025-05-10 00:00:00,5.86,7.96,319.0,24.48
2025-05-10 01:00:00,6.03,7.88,315.5,23.93
2025-05-10 02:00:00,5.62,7.24,316.2,23.49
2025-05-10 03:00:00,4.94,6.37,319.8,23.04
2025-05-10 04:00:00,4.32,5.68,323.5,22.67
2025-05-10 05:00:00,4.22,5.31,323.2,22.72
2025-05-10 06:00:00,4.32,4.77,318.4,23.84
2025-05-10 07:00:00,3.59,4.28,311.9,25.38
2025-05-10 08:00:00,2.97,3.86,305.0,26.83
2025-05-10 09:00:00,2.91,3.68,296.3,28.01
2025-05-10 10:00:00,2.64,3.31,301.7,29.86
2025-05-10 11:00:00,2.4,2.99,312.8,31.75
2025-05-10 12:00:00,2.6,3.13,331.6,32.49
2025-05-10 13:00:00,3.32,3.99,350.2,32.4
2025-05-10 14:00:00,4.1,5.11,0.9,32.04
2025-05-10 15:00:00,4.63,6.0,4.9,31.52
2025-05-10 16:00:00,4.83,6.42,3.7,31.02
2025-05-10 17:00:00,4.34,6.06,358.8,30.46
2025-05-10 18:00:00,3.83,6.2,350.0,28.78
2025-05-10 19:00:00,4.37,7.42,344.0,27.93
2025-05-10 20:00:00,4.78,8.53,344.1,27.33
2025-05-10 21:00:00,4.81,8.59,345.6,26.69
2025-05-10 22:00:00,4.36,7.63,343.7,25.98
2025-05-10 23:00:00,4.51,7.34,335.1,25.39
2025-05-11 00:00:00,5.47,7.79,329.3,24.87
2025-05-11 01:00:00,6.0,7.99,328.6,24.2
2025-05-11 02:00:00,6.01,7.73,329.4,23.55
2025-05-11 03:00:00,5.89,7.59,330.3,23.27
2025-05-11 04:00:00,5.65,7.4,332.3,23.12
2025-05-11 05:00:00,5.29,6.86,332.4,23.28
2025-05-11 06:00:00,5.25,6.11,322.2,24.41
2025-05-11 07:00:00,5.32,6.63,314.6,25.72
2025-05-11 08:00:00,5.11,7.01,329.4,27.37
2025-05-11 09:00:00,5.25,7.22,342.0,29.57
2025-05-11 10:00:00,5.42,7.32,345.4,31.69
2025-05-11 11:00:00,5.74,7.67,342.4,32.86
2025-05-11 12:00:00,6.2,8.35,338.7,33.25
2025-05-11 13:00:00,6.13,8.22,336.1,33.41
2025-05-11 14:00:00,6.01,8.03,330.6,33.34
2025-05-11 15:00:00,5.99,8.05,325.2,33.06
2025-05-11 16:00:00,5.59,7.51,321.7,32.67
2025-05-11 17:00:00,4.24,6.07,320.1,32.23
2025-05-11 18:00:00,2.86,4.28,324.2,31.5
2025-05-11 19:00:00,1.49,2.07,328.8,32.58
2025-05-11 20:00:00,0.49,0.64,262.8,32.8
2025-05-11 21:00:00,1.42,1.94,216.6,31.52
2025-05-11 22:00:00,2.41,3.49,223.6,29.92
2025-05-11 23:00:00,3.45,5.39,241.3,28.62
2025-05-12 00:00:00,4.43,7.67,264.8,27.73
2025-05-12 01:00:00,4.96,8.74,285.7,27.02
2025-05-12 02:00:00,4.69,8.13,301.8,26.04
2025-05-12 03:00:00,4.24,7.33,314.1,25.13
2025-05-12 04:00:00,4.21,7.01,320.7,24.46
2025-05-12 05:00:00,4.89,7.18,324.1,24.23
2025-05-12 06:00:00,6.18,7.64,328.2,24.6
2025-05-12 07:00:00,6.9,8.39,336.7,24.91
2025-05-12 08:00:00,6.85,8.42,337.5,25.27
2025-05-12 09:00:00,7.16,9.02,332.7,25.98
2025-05-12 10:00:00,6.87,9.05,335.2,26.74
2025-05-12 11:00:00,6.76,9.12,336.7,27.2
2025-05-12 12:00:00,7.36,9.82,339.2,27.25
2025-05-12 13:00:00,7.42,9.83,343.4,27.18
2025-05-12 14:00:00,6.87,9.43,343.0,27.7
2025-05-12 15:00:00,6.88,9.71,341.3,28.22
2025-05-12 16:00:00,7.45,10.59,341.5,28.35
2025-05-12 17:00:00,6.95,10.02,345.7,27.86
2025-05-12 18:00:00,5.29,8.72,351.0,26.78
2025-05-12 19:00:00,4.69,8.15,351.8,26.25
2025-05-12 20:00:00,4.28,7.56,348.9,25.77
2025-05-12 21:00:00,3.98,7.01,343.6,25.2
2025-05-12 22:00:00,3.73,6.56,341.5,24.75
2025-05-12 23:00:00,3.82,6.59,334.1,24.44
2025-05-13 00:00:00,4.32,7.25,328.1,24.26
2025-05-13 01:00:00,4.5,7.28,328.0,24.05
2025-05-13 02:00:00,4.41,6.96,329.1,23.8
2025-05-13 03:00:00,4.05,6.26,331.3,23.54
2025-05-13 04:00:00,3.27,4.94,333.5,23.36
2025-05-13 05:00:00,2.32,3.45,331.8,23.62
2025-05-13 06:00:00,1.69,2.25,321.1,24.86
2025-05-13 07:00:00,1.08,1.5,349.2,26.38
2025-05-13 08:00:00,1.11,1.47,17.0,28.24
2025-05-13 09:00:00,0.69,0.93,347.6,29.69
2025-05-13 10:00:00,0.96,1.07,0.0,30.83
2025-05-13 11:00:00,1.64,1.61,23.1,31.94
2025-05-13 12:00:00,1.58,1.64,358.6,33.32
2025-05-13 13:00:00,1.86,2.57,309.3,34.4
2025-05-13 14:00:00,3.81,5.29,288.5,33.82
2025-05-13 15:00:00,6.06,8.67,284.6,32.6
2025-05-13 16:00:00,6.85,9.89,285.7,32.0
2025-05-13 17:00:00,6.18,9.09,287.6,31.32
2025-05-13 18:00:00,4.81,7.98,287.1,30.27
2025-05-13 19:00:00,3.97,6.71,287.0,29.39
2025-05-13 20:00:00,3.8,6.29,287.0,28.64
2025-05-13 21:00:00,4.02,6.89,290.4,27.83
2025-05-13 22:00:00,4.13,7.37,300.7,27.1
2025-05-13 23:00:00,4.35,7.73,319.6,26.39
2025-05-14 00:00:00,5.04,8.18,341.5,25.69
2025-05-14 01:00:00,6.19,8.83,351.5,25.05
2025-05-14 02:00:00,6.68,9.01,352.4,24.48
2025-05-14 03:00:00,6.83,8.9,348.7,24.02
2025-05-14 04:00:00,6.71,8.53,344.4,23.57
2025-05-14 05:00:00,6.78,8.2,341.2,23.26
2025-05-14 06:00:00,6.89,7.83,339.5,23.56
2025-05-14 07:00:00,6.72,7.83,336.4,24.45
2025-05-14 08:00:00,6.57,7.93,332.3,25.29
2025-05-14 09:00:00,6.41,8.12,330.0,26.04
2025-05-14 10:00:00,5.99,7.95,335.9,26.71
2025-05-14 11:00:00,5.57,7.59,343.6,27.26
2025-05-14 12:00:00,5.46,7.47,349.5,27.74
2025-05-14 13:00:00,5.51,7.6,351.4,28.09
2025-05-14 14:00:00,5.74,7.99,351.5,28.32
2025-05-14 15:00:00,5.98,8.4,350.5,28.29
2025-05-14 16:00:00,6.05,8.6,351.1,28.08
2025-05-14 17:00:00,5.72,8.27,351.7,27.61
2025-05-14 18:00:00,4.85,8.15,354.1,26.59
2025-05-14 19:00:00,4.54,8.03,353.8,25.85
2025-05-14 20:00:00,4.23,7.52,350.1,25.3
2025-05-14 21:00:00,4.74,8.18,341.2,24.94
2025-05-14 22:00:00,5.56,8.74,339.8,24.63
2025-05-14 23:00:00,6.71,9.34,339.9,24.18
2025-05-15 00:00:00,6.88,8.83,345.1,23.43
2025-05-15 01:00:00,6.85,8.43,344.0,22.59
2025-05-15 02:00:00,6.35,7.76,345.1,21.87
2025-05-15 03:00:00,6.05,7.36,341.4,21.28
2025-05-15 04:00:00,6.14,7.48,338.9,20.84
2025-05-15 05:00:00,6.8,8.02,341.0,20.85
2025-05-15 06:00:00,7.41,8.34,344.1,21.6
2025-05-15 07:00:00,7.42,8.25,342.6,22.91
2025-05-15 08:00:00,6.64,7.26,337.1,23.84
2025-05-15 09:00:00,6.7,7.35,327.2,24.67
2025-05-15 10:00:00,6.35,7.09,321.3,25.42
2025-05-15 11:00:00,5.53,6.49,316.6,25.99
2025-05-15 12:00:00,5.45,6.73,316.1,26.36
2025-05-15 13:00:00,6.25,7.85,325.4,26.67
2025-05-15 14:00:00,6.79,8.53,338.5,26.68
2025-05-15 15:00:00,6.86,8.73,343.5,26.55
2025-05-15 16:00:00,6.42,8.53,343.2,26.58
2025-05-15 17:00:00,5.74,8.2,341.8,26.61
2025-05-15 18:00:00,4.44,7.54,341.0,25.71
2025-05-15 19:00:00,3.99,7.05,337.7,25.03
2025-05-15 20:00:00,5.09,8.29,329.4,24.89
2025-05-15 21:00:00,5.63,8.44,338.1,24.62
2025-05-15 22:00:00,5.28,7.65,343.1,24.19
2025-05-15 23:00:00,5.16,7.32,337.7,23.82
2025-05-16 00:00:00,4.33,6.15,337.2,23.41
2025-05-16 01:00:00,4.24,5.89,326.1,23.11
2025-05-16 02:00:00,4.81,6.49,323.6,22.87
2025-05-16 03:00:00,5.17,6.85,326.3,22.57
2025-05-16 04:00:00,5.54,7.21,326.6,22.33
2025-05-16 05:00:00,5.43,6.81,325.7,22.46
2025-05-16 06:00:00,5.61,6.36,316.2,23.43
2025-05-16 07:00:00,5.87,6.92,316.5,24.83
2025-05-16 08:00:00,5.36,6.89,323.5,26.59
2025-05-16 09:00:00,4.01,5.22,323.3,28.47
2025-05-16 10:00:00,2.63,3.01,308.9,30.57
2025-05-16 11:00:00,1.62,1.76,277.2,32.6
2025-05-16 12:00:00,0.97,1.14,268.5,33.44
2025-05-16 13:00:00,0.6,0.78,311.9,33.91
2025-05-16 14:00:00,1.2,1.49,346.1,33.73
2025-05-16 15:00:00,1.98,2.47,349.7,33.18
2025-05-16 16:00:00,2.78,3.53,343.9,32.24
2025-05-16 17:00:00,3.43,4.64,333.1,30.87
2025-05-16 18:00:00,3.46,5.58,324.9,29.01
2025-05-16 19:00:00,3.67,5.94,321.4,28.26
2025-05-16 20:00:00,3.6,5.92,318.6,28.04
2025-05-16 21:00:00,3.2,5.38,319.4,27.94
2025-05-16 22:00:00,2.66,4.55,317.9,27.74
2025-05-16 23:00:00,2.41,4.07,315.7,27.47
2025-05-17 00:00:00,2.26,3.79,314.8,27.14
2025-05-17 01:00:00,2.14,3.58,317.0,26.88
2025-05-17 02:00:00,2.01,3.32,322.5,26.73
2025-05-17 03:00:00,1.97,3.24,324.5,26.87
2025-05-17 04:00:00,2.02,3.27,325.6,27.17
2025-05-17 05:00:00,2.08,3.3,327.6,27.57
2025-05-17 06:00:00,2.24,3.27,328.6,28.8
2025-05-17 07:00:00,2.27,2.73,326.9,29.98
2025-05-17 08:00:00,1.73,2.0,317.8,31.34
2025-05-17 09:00:00,1.32,1.49,315.8,32.58
2025-05-17 10:00:00,1.35,1.53,301.6,33.68
2025-05-17 11:00:00,1.92,2.23,288.0,34.52
2025-05-17 12:00:00,2.28,2.68,292.2,35.92
2025-05-17 13:00:00,2.5,3.0,306.6,36.88
2025-05-17 14:00:00,2.72,3.3,318.8,37.03
2025-05-17 15:00:00,2.88,3.54,324.4,36.75
2025-05-17 16:00:00,3.12,3.9,325.5,35.97
2025-05-17 17:00:00,2.96,4.19,329.3,34.4
2025-05-17 18:00:00,3.04,4.6,333.5,31.99
2025-05-17 19:00:00,3.3,5.05,333.3,30.63
2025-05-17 20:00:00,3.73,6.03,325.8,29.6
2025-05-17 21:00:00,4.96,8.52,316.0,29.02
2025-05-17 22:00:00,7.74,11.76,313.3,28.67
2025-05-17 23:00:00,11.22,14.22,312.7,27.05
2025-05-18 00:00:00,13.06,15.61,314.3,25.57
2025-05-18 01:00:00,13.41,15.89,319.4,25.13
2025-05-18 02:00:00,12.52,14.92,325.5,24.78
2025-05-18 03:00:00,11.43,13.67,325.6,24.41
2025-05-18 04:00:00,10.58,12.65,321.5,24.06
2025-05-18 05:00:00,10.01,11.79,318.5,23.77
2025-05-18 06:00:00,10.01,11.63,313.3,24.21
2025-05-18 07:00:00,9.53,11.41,315.6,25.4
2025-05-18 08:00:00,8.84,11.2,316.5,26.85
2025-05-18 09:00:00,8.11,10.76,314.5,28.01
2025-05-18 10:00:00,7.29,10.01,313.1,29.0
2025-05-18 11:00:00,6.9,9.55,314.9,30.07
2025-05-18 12:00:00,7.65,10.74,316.7,30.78
2025-05-18 13:00:00,8.63,12.22,321.1,31.21
2025-05-18 14:00:00,9.0,12.86,326.3,31.51
2025-05-18 15:00:00,9.17,13.22,331.1,31.67
2025-05-18 16:00:00,9.46,13.64,332.5,31.11
2025-05-18 17:00:00,9.66,13.83,330.0,30.12
2025-05-18 18:00:00,9.89,14.03,326.9,29.28
2025-05-18 19:00:00,10.03,13.67,331.3,28.38
2025-05-18 20:00:00,9.45,12.59,333.7,27.38
2025-05-18 21:00:00,9.39,12.17,328.3,26.45
2025-05-18 22:00:00,10.29,12.84,321.8,25.45
2025-05-18 23:00:00,11.52,13.81,318.6,24.49
2025-05-19 00:00:00,12.36,14.43,319.5,23.68
2025-05-19 01:00:00,12.15,14.06,321.5,23.1
2025-05-19 02:00:00,11.73,13.54,320.9,22.77
2025-05-19 03:00:00,11.48,13.15,319.6,22.57
2025-05-19 04:00:00,11.25,12.8,317.2,22.24
2025-05-19 05:00:00,11.2,12.61,317.0,22.01
2025-05-19 06:00:00,11.17,12.62,321.0,22.72
2025-05-19 07:00:00,10.83,12.62,324.8,24.33
2025-05-19 08:00:00,10.96,13.27,327.1,26.17
2025-05-19 09:00:00,11.36,14.06,326.9,27.79
2025-05-19 10:00:00,11.67,14.66,324.0,29.05
2025-05-19 11:00:00,11.59,14.86,322.5,29.93
2025-05-19 12:00:00,11.42,14.85,321.9,30.41
2025-05-19 13:00:00,11.41,14.97,321.2,30.61
2025-05-19 14:00:00,11.38,14.98,320.6,30.5
2025-05-19 15:00:00,11.27,14.93,320.3,30.21
2025-05-19 16:00:00,11.18,14.75,320.4,29.6
2025-05-19 17:00:00,10.78,14.16,319.8,28.59
2025-05-19 18:00:00,10.69,13.93,319.3,27.39
2025-05-19 19:00:00,10.9,13.81,320.7,26.37
2025-05-19 20:00:00,10.73,13.26,322.5,25.49
2025-05-19 21:00:00,10.62,12.83,323.9,24.63
2025-05-19 22:00:00,10.93,12.86,324.6,23.79
2025-05-19 23:00:00,11.21,13.0,325.5,23.11
2025-05-20 00:00:00,11.14,12.98,325.5,22.53
2025-05-20 01:00:00,11.45,13.37,323.9,21.92
2025-05-20 02:00:00,11.39,13.24,322.5,21.41
2025-05-20 03:00:00,11.22,13.02,321.2,21.01
2025-05-20 04:00:00,11.2,12.99,320.6,20.69
2025-05-20 05:00:00,11.39,13.16,321.1,20.49
2025-05-20 06:00:00,11.81,13.46,323.0,20.92
2025-05-20 07:00:00,11.99,13.55,324.6,21.83
2025-05-20 08:00:00,12.24,13.81,325.5,23.08
2025-05-20 09:00:00,12.41,14.19,326.4,24.49
2025-05-20 10:00:00,12.47,14.53,327.4,25.87
2025-05-20 11:00:00,12.03,14.34,327.9,26.93
2025-05-20 12:00:00,11.37,13.97,326.9,27.8
2025-05-20 13:00:00,10.95,13.84,325.7,28.44
2025-05-20 14:00:00,10.72,13.81,324.8,28.72
2025-05-20 15:00:00,10.64,13.86,324.2,28.68
2025-05-20 16:00:00,10.6,13.85,324.1,28.33
2025-05-20 17:00:00,10.3,13.39,324.9,27.5
2025-05-20 18:00:00,9.79,12.75,326.2,26.26
2025-05-20 19:00:00,9.85,12.39,327.8,25.15
2025-05-20 20:00:00,9.83,11.96,334.0,24.26
2025-05-20 21:00:00,9.78,11.56,337.6,23.45
2025-05-20 22:00:00,9.86,11.47,336.8,22.64
2025-05-20 23:00:00,10.32,11.88,333.6,21.98
2025-05-21 00:00:00,11.35,13.26,333.7,21.43
2025-05-21 01:00:00,11.99,13.99,335.9,20.98
2025-05-21 02:00:00,11.78,13.71,336.2,20.59
2025-05-21 03:00:00,11.44,13.28,334.5,20.25
2025-05-21 04:00:00,11.46,13.28,332.5,19.93
2025-05-21 05:00:00,11.89,13.68,331.5,19.74
2025-05-21 06:00:00,12.53,14.19,333.0,20.36
2025-05-21 07:00:00,12.71,14.27,332.3,21.37
2025-05-21 08:00:00,12.76,14.31,329.3,22.55
2025-05-21 09:00:00,12.85,14.46,324.7,23.65
2025-05-21 10:00:00,12.76,14.49,321.6,24.81
2025-05-21 11:00:00,12.48,14.38,320.9,25.68
2025-05-21 12:00:00,11.65,13.81,322.4,26.59
2025-05-21 13:00:00,10.65,13.06,323.5,27.24
2025-05-21 14:00:00,9.73,12.36,323.9,27.68
2025-05-21 15:00:00,8.96,11.76,323.7,27.9
2025-05-21 16:00:00,8.39,11.35,323.3,27.81
2025-05-21 17:00:00,7.53,10.59,321.5,27.3
2025-05-21 18:00:00,6.64,10.3,321.0,26.31
2025-05-21 19:00:00,7.01,10.58,323.8,25.63
2025-05-21 20:00:00,7.28,10.35,327.4,25.01
2025-05-21 21:00:00,7.29,9.83,332.2,24.22
2025-05-21 22:00:00,7.21,9.22,332.5,23.38
2025-05-21 23:00:00,7.21,8.87,327.5,22.57
2025-05-22 00:00:00,7.6,9.14,322.6,21.87
2025-05-22 01:00:00,8.01,9.52,319.5,21.26
2025-05-22 02:00:00,8.34,9.81,317.1,20.74
2025-05-22 03:00:00,8.67,10.26,315.4,20.33
2025-05-22 04:00:00,9.22,10.89,314.6,20.15
2025-05-22 05:00:00,9.58,11.05,314.1,20.04
2025-05-22 06:00:00,9.7,10.83,317.7,20.64
2025-05-22 07:00:00,9.45,10.45,320.3,21.79
2025-05-22 08:00:00,9.34,10.35,319.2,23.11
2025-05-22 09:00:00,9.14,10.36,317.8,24.48
2025-05-22 10:00:00,8.71,10.36,317.5,25.7
2025-05-22 11:00:00,8.23,10.37,317.0,26.83
2025-05-22 12:00:00,7.71,10.3,317.0,27.7
2025-05-22 13:00:00,7.32,10.14,318.9,28.27
2025-05-22 14:00:00,7.13,10.02,320.8,28.55
2025-05-22 15:00:00,7.09,10.05,322.4,28.59
2025-05-22 16:00:00,7.11,10.15,323.3,28.44
2025-05-22 17:00:00,6.96,10.11,323.7,28.08
2025-05-22 18:00:00,6.63,10.56,325.0,27.12
2025-05-22 19:00:00,7.6,11.48,327.7,26.53
2025-05-22 20:00:00,8.19,11.49,332.0,25.84
2025-05-22 21:00:00,8.25,11.01,337.3,24.96
2025-05-22 22:00:00,8.07,10.36,341.3,24.11
2025-05-22 23:00:00,7.69,9.56,340.4,23.23
2025-05-23 00:00:00,7.42,9.05,336.5,22.35
2025-05-23 01:00:00,7.24,8.8,332.7,21.66
2025-05-23 02:00:00,7.21,8.73,329.7,21.11
2025-05-23 03:00:00,7.22,8.7,327.2,20.67
2025-05-23 04:00:00,7.09,8.53,325.7,20.29
2025-05-23 05:00:00,7.3,8.55,324.6,20.39
2025-05-23 06:00:00,8.09,9.07,325.2,21.5
2025-05-23 07:00:00,9.17,10.29,328.4,23.23
2025-05-23 08:00:00,9.6,11.2,332.2,25.11
2025-05-23 09:00:00,9.71,11.9,334.6,26.78
2025-05-23 10:00:00,9.64,12.23,335.0,28.01
2025-05-23 11:00:00,9.54,12.42,333.0,28.91
2025-05-23 12:00:00,9.53,12.65,330.2,29.54
2025-05-23 13:00:00,9.4,12.72,329.1,29.94
2025-05-23 14:00:00,9.4,12.89,328.5,30.09
2025-05-23 15:00:00,9.25,12.86,329.8,30.04
2025-05-23 16:00:00,8.78,12.41,331.3,29.77
2025-05-23 17:00:00,8.09,11.74,331.7,29.17
2025-05-23 18:00:00,6.9,11.16,333.8,28.08
2025-05-23 19:00:00,6.55,11.07,344.5,27.43
2025-05-23 20:00:00,6.24,10.56,355.6,26.83
2025-05-23 21:00:00,5.64,9.6,355.7,25.92
2025-05-23 22:00:00,5.77,9.19,348.0,25.15
2025-05-23 23:00:00,6.34,9.03,337.3,24.43
2025-05-24 00:00:00,7.12,9.27,330.0,23.78
2025-05-24 01:00:00,7.51,9.32,327.6,23.13
2025-05-24 02:00:00,7.56,9.23,324.5,22.57
2025-05-24 03:00:00,7.42,9.01,322.0,22.12
2025-05-24 04:00:00,7.14,8.67,321.6,21.76
2025-05-24 05:00:00,6.74,8.01,325.1,21.84
2025-05-24 06:00:00,6.66,7.37,324.3,22.85
2025-05-24 07:00:00,6.77,7.74,325.4,24.4
2025-05-24 08:00:00,6.62,8.22,328.3,26.17
2025-05-24 09:00:00,6.69,8.94,332.0,27.8
2025-05-24 10:00:00,6.92,9.6,334.3,29.27
2025-05-24 11:00:00,7.21,10.11,334.4,30.21
2025-05-24 12:00:00,7.49,10.57,333.3,30.76
2025-05-24 13:00:00,7.75,11.0,332.4,31.05
2025-05-24 14:00:00,7.95,11.36,332.4,31.17
2025-05-24 15:00:00,8.15,11.71,332.2,31.13
2025-05-24 16:00:00,8.07,11.66,331.9,30.82
2025-05-24 17:00:00,7.58,11.16,329.2,30.17
2025-05-24 18:00:00,6.61,10.81,327.9,28.93
2025-05-24 19:00:00,6.41,10.77,332.0,28.09
2025-05-24 20:00:00,6.39,10.61,339.4,27.46
2025-05-24 21:00:00,6.35,10.27,342.4,26.74
2025-05-24 22:00:00,6.26,9.71,338.0,25.96
2025-05-24 23:00:00,6.19,9.1,331.3,25.18
2025-05-25 00:00:00,6.13,8.63,326.1,24.55
2025-05-25 01:00:00,6.16,8.51,323.2,24.22
2025-05-25 02:00:00,6.22,8.52,323.3,23.99
2025-05-25 03:00:00,6.22,8.45,325.7,23.74
2025-05-25 04:00:00,6.15,8.3,326.8,23.48
2025-05-25 05:00:00,6.48,8.24,325.3,23.6
2025-05-25 06:00:00,6.98,8.2,320.5,24.43
2025-05-25 07:00:00,7.33,8.92,323.6,25.66
2025-05-25 08:00:00,7.15,9.18,332.3,27.31
2025-05-25 09:00:00,6.66,8.99,338.8,29.12
2025-05-25 10:00:00,6.39,8.78,339.9,30.83
2025-05-25 11:00:00,6.69,9.17,337.6,32.04
2025-05-25 12:00:00,6.81,9.36,340.9,32.72
2025-05-25 13:00:00,6.72,9.19,342.6,33.16
2025-05-25 14:00:00,6.91,9.52,340.9,33.31
2025-05-25 15:00:00,7.29,10.24,339.4,33.17
2025-05-25 16:00:00,7.55,10.83,338.1,32.75
2025-05-25 17:00:00,7.31,10.98,337.5,31.82
2025-05-25 18:00:00,6.79,11.18,341.6,30.51
2025-05-25 19:00:00,6.59,11.02,349.0,29.63
2025-05-25 20:00:00,5.97,10.01,355.9,28.99
2025-05-25 21:00:00,4.97,8.68,357.6,28.18
2025-05-25 22:00:00,4.21,7.41,346.6,26.92
2025-05-25 23:00:00,3.99,6.91,334.5,26.0
2025-05-26 00:00:00,4.03,6.62,326.5,25.36
2025-05-26 01:00:00,4.31,6.46,318.1,25.03
2025-05-26 02:00:00,5.02,7.02,305.8,25.18
2025-05-26 03:00:00,5.98,8.05,298.1,24.76
2025-05-26 04:00:00,6.31,8.49,294.4,24.24
2025-05-26 05:00:00,6.03,8.38,291.9,24.49
2025-05-26 06:00:00,5.35,7.37,289.4,25.52
2025-05-26 07:00:00,4.1,5.67,289.6,26.69
2025-05-26 08:00:00,3.07,4.01,292.4,28.46
2025-05-26 09:00:00,1.91,2.43,300.4,30.81
2025-05-26 10:00:00,1.44,1.65,337.2,32.78
2025-05-26 11:00:00,1.92,2.05,15.0,33.74
2025-05-26 12:00:00,2.48,2.74,28.3,34.24
2025-05-26 13:00:00,2.89,3.32,26.1,34.7
2025-05-26 14:00:00,3.04,3.64,15.0,35.47
2025-05-26 15:00:00,2.97,3.66,2.5,35.96
2025-05-26 16:00:00,2.75,3.45,348.3,36.28
2025-05-26 17:00:00,2.36,3.37,336.0,35.74
2025-05-26 18:00:00,2.98,4.43,320.3,33.55
2025-05-26 19:00:00,4.41,7.3,310.8,31.2
2025-05-26 20:00:00,6.4,10.81,316.6,30.18
2025-05-26 21:00:00,8.32,12.64,333.7,28.88
2025-05-26 22:00:00,8.63,12.26,342.2,27.16
2025-05-26 23:00:00,8.71,11.92,338.8,26.14
2025-05-27 00:00:00,9.02,11.78,338.2,25.46
2025-05-27 01:00:00,9.01,11.42,338.7,24.84
2025-05-27 02:00:00,8.96,11.05,338.2,24.3
2025-05-27 03:00:00,8.89,10.76,336.0,23.77
2025-05-27 04:00:00,8.77,10.39,333.2,23.23
2025-05-27 05:00:00,9.21,10.82,332.6,22.74
2025-05-27 06:00:00,10.28,11.83,334.3,22.76
2025-05-27 07:00:00,10.44,11.86,333.6,23.22
2025-05-27 08:00:00,10.26,11.7,333.3,23.99
2025-05-27 09:00:00,9.87,11.45,332.5,24.86
2025-05-27 10:00:00,9.33,11.22,331.7,25.82
2025-05-27 11:00:00,8.72,11.01,332.4,26.74
2025-05-27 12:00:00,8.15,10.79,334.1,27.48
2025-05-27 13:00:00,7.73,10.64,335.3,28.03
2025-05-27 14:00:00,7.57,10.63,336.3,28.42
2025-05-27 15:00:00,7.56,10.73,337.2,28.59
2025-05-27 16:00:00,7.54,10.81,338.2,28.45
2025-05-27 17:00:00,7.19,10.42,338.1,28.07
2025-05-27 18:00:00,6.38,10.1,336.9,27.31
2025-05-27 19:00:00,6.56,10.57,335.2,26.8
2025-05-27 20:00:00,7.82,11.67,335.4,26.55
2025-05-27 21:00:00,9.32,12.58,338.6,26.07
2025-05-27 22:00:00,9.65,12.21,341.8,25.11
2025-05-27 23:00:00,9.14,11.23,343.4,24.01
2025-05-28 00:00:00,8.74,10.5,345.2,23.21
2025-05-28 01:00:00,8.29,9.99,345.6,22.6
2025-05-28 02:00:00,8.25,10.0,344.8,22.1
2025-05-28 03:00:00,8.2,9.97,342.4,21.68
2025-05-28 04:00:00,8.2,10.0,338.5,21.31
2025-05-28 05:00:00,8.59,10.12,336.3,21.12
2025-05-28 06:00:00,9.38,10.65,336.0,21.42
2025-05-28 07:00:00,9.82,10.99,335.7,22.05
2025-05-28 08:00:00,10.01,11.17,333.9,22.99
2025-05-28 09:00:00,10.0,11.16,332.3,24.06
2025-05-28 10:00:00,9.81,11.14,330.6,25.15
2025-05-28 11:00:00,9.54,11.16,328.9,26.11
2025-05-28 12:00:00,9.3,11.24,327.8,26.85
2025-05-28 13:00:00,9.04,11.28,329.4,27.31
2025-05-28 14:00:00,8.69,11.24,333.3,27.61
2025-05-28 15:00:00,8.41,11.26,336.6,27.86
2025-05-28 16:00:00,8.11,11.12,338.0,27.82
2025-05-28 17:00:00,7.37,10.41,337.2,27.51
2025-05-28 18:00:00,5.96,9.6,334.5,26.68
2025-05-28 19:00:00,5.6,9.69,335.9,26.13
2025-05-28 20:00:00,5.85,9.95,342.7,25.92
2025-05-28 21:00:00,6.51,10.22,352.6,25.62
2025-05-28 22:00:00,6.94,10.01,356.5,25.03
2025-05-28 23:00:00,6.68,9.1,354.1,24.16
2025-05-29 00:00:00,6.33,8.16,348.3,23.25
2025-05-29 01:00:00,6.02,7.66,343.4,22.49
2025-05-29 02:00:00,5.55,7.07,340.9,22.01
2025-05-29 03:00:00,4.88,6.28,336.9,21.56
2025-05-29 04:00:00,4.53,5.86,332.0,21.23
2025-05-29 05:00:00,4.79,5.86,328.0,21.56
2025-05-29 06:00:00,5.24,5.76,327.4,22.75
2025-05-29 07:00:00,6.02,6.83,332.6,24.49
2025-05-29 08:00:00,6.57,8.06,334.7,25.95
2025-05-29 09:00:00,6.77,8.68,334.7,26.83
2025-05-29 10:00:00,6.56,8.78,334.1,27.51
2025-05-29 11:00:00,6.13,8.45,334.5,27.98
2025-05-29 12:00:00,5.79,8.04,336.0,28.25
2025-05-29 13:00:00,5.62,7.82,339.6,28.44
2025-05-29 14:00:00,5.58,7.77,345.9,28.53
2025-05-29 15:00:00,5.55,7.74,353.1,28.5
2025-05-29 16:00:00,5.38,7.52,358.2,28.33
2025-05-29 17:00:00,4.86,6.86,1.7,28.03
2025-05-29 18:00:00,3.69,6.12,5.3,26.89
2025-05-29 19:00:00,3.44,5.62,3.8,26.11
2025-05-29 20:00:00,3.29,5.26,359.7,25.77
2025-05-29 21:00:00,3.17,5.07,354.3,25.4
2025-05-29 22:00:00,3.17,5.16,349.2,24.97
2025-05-29 23:00:00,3.16,5.29,349.3,24.53
2025-05-30 00:00:00,3.09,5.21,351.6,24.14
2025-05-30 01:00:00,2.93,4.78,349.1,23.85
2025-05-30 02:00:00,2.82,4.19,341.8,23.66
2025-05-30 03:00:00,2.84,3.73,330.1,23.44
2025-05-30 04:00:00,2.84,3.61,316.6,23.09
2025-05-30 05:00:00,3.19,4.1,301.8,23.08
2025-05-30 06:00:00,4.04,4.56,297.0,23.88
2025-05-30 07:00:00,3.53,4.36,306.3,25.18
2025-05-30 08:00:00,2.76,3.61,314.7,26.5
2025-05-30 09:00:00,2.35,2.91,325.2,27.79
2025-05-30 10:00:00,2.19,2.56,345.3,28.72
2025-05-30 11:00:00,2.5,2.84,14.3,29.29
2025-05-30 12:00:00,3.08,3.61,32.5,29.59
2025-05-30 13:00:00,3.56,4.35,39.5,29.64
2025-05-30 14:00:00,3.75,4.69,41.0,29.58
2025-05-30 15:00:00,3.63,4.57,40.7,29.51
2025-05-30 16:00:00,3.35,4.24,40.4,29.34
2025-05-30 17:00:00,2.89,3.72,42.0,29.12
2025-05-30 18:00:00,1.98,2.96,45.5,28.32
2025-05-30 19:00:00,1.18,1.63,55.5,28.6
2025-05-30 20:00:00,0.47,0.62,117.0,28.88
2025-05-30 21:00:00,0.98,1.35,183.0,28.06
2025-05-30 22:00:00,1.5,2.12,192.8,27.0
2025-05-30 23:00:00,1.69,2.43,199.5,26.25
2025-05-31 00:00:00,1.77,2.58,204.3,25.63
2025-05-31 01:00:00,1.8,2.67,209.9,25.13
2025-05-31 02:00:00,2.03,3.13,217.6,24.62
2025-05-31 03:00:00,2.52,4.13,224.8,24.21
2025-05-31 04:00:00,3.35,5.32,232.7,24.03
2025-05-31 05:00:00,3.99,5.89,240.6,24.33
2025-05-31 06:00:00,3.99,4.89,245.1,25.44
2025-05-31 07:00:00,2.62,3.62,242.4,26.68
2025-05-31 08:00:00,2.34,3.25,237.2,29.02
2025-05-31 09:00:00,2.0,2.81,228.0,30.75
2025-05-31 10:00:00,1.89,2.68,222.0,31.88
2025-05-31 11:00:00,1.7,2.44,221.2,32.84
2025-05-31 12:00:00,1.6,2.32,228.7,33.52
2025-05-31 13:00:00,1.92,2.61,246.5,33.67
2025-05-31 14:00:00,2.54,3.29,262.0,33.28
2025-05-31 15:00:00,3.17,4.03,271.8,32.6
2025-05-31 16:00:00,3.61,4.6,279.1,31.74
2025-05-31 17:00:00,3.92,5.14,285.6,30.83
2025-05-31 18:00:00,3.57,5.77,292.3,29.2
2025-05-31 19:00:00,3.71,6.3,293.5,28.02
2025-05-31 20:00:00,3.8,6.64,292.6,27.34
2025-05-31 21:00:00,3.78,6.67,293.8,26.73
2025-05-31 22:00:00,3.67,6.51,298.2,26.15
2025-05-31 23:00:00,3.59,6.37,306.8,25.62
2025-06-01 00:00:00,3.59,6.24,319.5,25.11
2025-06-01 01:00:00,3.8,6.13,332.1,24.64
2025-06-01 02:00:00,4.12,6.04,338.0,24.2
2025-06-01 03:00:00,4.18,5.78,335.5,23.8
2025-06-01 04:00:00,4.17,5.57,327.9,23.43
2025-06-01 05:00:00,4.5,5.51,319.6,23.48
2025-06-01 06:00:00,4.74,5.19,317.6,24.14
2025-06-01 07:00:00,4.11,4.74,318.5,25.12
2025-06-01 08:00:00,3.03,3.99,319.0,26.09
2025-06-01 09:00:00,2.56,3.24,329.0,27.24
2025-06-01 10:00:00,2.31,2.64,346.0,28.65
2025-06-01 11:00:00,2.39,2.6,6.6,29.87
2025-06-01 12:00:00,2.73,3.0,15.3,30.47
2025-06-01 13:00:00,3.0,3.37,13.5,30.82
2025-06-01 14:00:00,3.21,3.72,10.7,30.9
2025-06-01 15:00:00,3.29,3.93,7.6,30.81
2025-06-01 16:00:00,3.31,4.06,6.4,30.46
2025-06-01 17:00:00,3.2,4.08,9.0,29.93
2025-06-01 18:00:00,2.67,4.09,15.0,28.62
2025-06-01 19:00:00,2.57,3.92,14.0,27.63
2025-06-01 20:00:00,2.54,3.86,2.8,27.14
2025-06-01 21:00:00,2.88,4.6,349.0,26.55
2025-06-01 22:00:00,3.55,6.18,343.0,26.06
2025-06-01 23:00:00,5.01,8.02,341.7,25.76
2025-06-02 00:00:00,7.11,9.26,340.6,25.16
2025-06-02 01:00:00,8.08,9.74,337.9,24.26
2025-06-02 02:00:00,8.17,9.67,334.4,23.68
2025-06-02 03:00:00,7.98,9.4,336.2,23.37
2025-06-02 04:00:00,7.64,9.05,339.0,23.17
2025-06-02 05:00:00,7.73,8.94,338.5,23.2
2025-06-02 06:00:00,8.12,9.18,338.1,23.86
2025-06-02 07:00:00,8.48,9.81,337.9,25.08
2025-06-02 08:00:00,8.81,10.64,336.8,26.37
2025-06-02 09:00:00,8.8,10.97,334.0,27.38
2025-06-02 10:00:00,8.54,10.9,330.2,27.99
2025-06-02 11:00:00,8.21,10.7,328.6,28.28
2025-06-02 12:00:00,7.91,10.46,330.1,28.36
2025-06-02 13:00:00,7.66,10.27,333.1,28.38
2025-06-02 14:00:00,7.48,10.15,336.2,28.41
2025-06-02 15:00:00,7.49,10.26,338.4,28.36
2025-06-02 16:00:00,7.56,10.45,338.2,28.21
2025-06-02 17:00:00,7.45,10.44,334.8,27.9
2025-06-02 18:00:00,6.76,10.18,331.3,27.17
2025-06-02 19:00:00,6.65,10.24,331.6,26.62
2025-06-02 20:00:00,6.73,10.17,336.2,26.23
2025-06-02 21:00:00,7.19,10.26,345.0,25.81
2025-06-02 22:00:00,8.14,10.7,350.9,25.22
2025-06-02 23:00:00,9.07,11.21,351.6,24.42
2025-06-03 00:00:00,8.99,10.67,346.7,23.57
2025-06-03 01:00:00,8.64,10.15,344.4,22.85
2025-06-03 02:00:00,8.56,10.17,347.0,22.4
2025-06-03 03:00:00,8.54,10.14,349.6,22.01
2025-06-03 04:00:00,8.29,9.86,349.7,21.62
2025-06-03 05:00:00,8.55,9.94,348.3,21.48
2025-06-03 06:00:00,9.24,10.43,346.6,21.89
2025-06-03 07:00:00,9.85,11.08,344.1,22.8
2025-06-03 08:00:00,10.23,11.57,341.7,24.01
2025-06-03 09:00:00,10.18,11.74,339.1,25.33
2025-06-03 10:00:00,10.07,11.95,336.3,26.52
2025-06-03 11:00:00,10.11,12.28,332.2,27.48
2025-06-03 12:00:00,10.17,12.6,328.7,28.18
2025-06-03 13:00:00,10.32,12.97,326.1,28.62
2025-06-03 14:00:00,10.41,13.28,325.0,28.83
2025-06-03 15:00:00,10.38,13.43,325.5,28.88
2025-06-03 16:00:00,10.18,13.33,326.6,28.69
2025-06-03 17:00:00,9.71,12.81,327.1,28.17
2025-06-03 18:00:00,9.0,12.22,327.5,27.31
2025-06-03 19:00:00,9.01,12.06,332.3,26.62
2025-06-03 20:00:00,8.73,11.65,343.3,26.06
2025-06-03 21:00:00,8.49,11.23,353.0,25.56
2025-06-03 22:00:00,8.12,10.18,351.3,24.6
2025-06-03 23:00:00,8.07,9.75,344.2,23.53
2025-06-04 00:00:00,8.38,9.91,336.1,22.64
2025-06-04 01:00:00,8.82,10.32,329.5,21.96
2025-06-04 02:00:00,9.08,10.57,326.9,21.49
2025-06-04 03:00:00,9.25,10.82,330.9,21.26
2025-06-04 04:00:00,8.87,10.43,335.1,21.01
2025-06-04 05:00:00,8.3,9.47,335.7,21.0
2025-06-04 06:00:00,7.97,8.7,338.9,22.17
2025-06-04 07:00:00,7.3,8.13,344.7,24.24
2025-06-04 08:00:00,6.68,8.01,347.2,26.16
2025-06-04 09:00:00,6.56,8.61,350.4,27.86
2025-06-04 10:00:00,6.77,9.42,352.9,29.25
2025-06-04 11:00:00,7.01,9.9,352.6,30.24
2025-06-04 12:00:00,7.32,10.35,349.9,30.78
2025-06-04 13:00:00,7.78,10.98,346.0,31.03
2025-06-04 14:00:00,8.33,11.75,342.2,31.02
2025-06-04 15:00:00,8.94,12.57,339.1,30.86
2025-06-04 16:00:00,9.43,13.14,337.9,30.46
2025-06-04 17:00:00,9.33,13.03,338.5,29.76
2025-06-04 18:00:00,8.98,12.92,342.0,28.79
2025-06-04 19:00:00,9.02,12.75,346.6,27.93
2025-06-04 20:00:00,9.25,12.74,353.3,27.27
2025-06-04 21:00:00,8.53,11.42,353.3,26.26
2025-06-04 22:00:00,7.89,10.24,349.3,25.24
2025-06-04 23:00:00,7.54,9.39,342.0,24.32
2025-06-05 00:00:00,7.45,9.0,336.3,23.45
2025-06-05 01:00:00,7.27,8.68,332.0,22.71
2025-06-05 02:00:00,7.29,8.63,326.8,22.18
2025-06-05 03:00:00,7.52,8.82,322.4,21.73
2025-06-05 04:00:00,7.56,8.84,320.6,21.34
2025-06-05 05:00:00,7.26,8.23,322.8,21.32
2025-06-05 06:00:00,7.01,7.63,327.4,22.38
2025-06-05 07:00:00,5.96,6.57,334.0,24.48
2025-06-05 08:00:00,4.85,5.66,327.5,26.58
2025-06-05 09:00:00,4.26,5.53,320.4,28.35
2025-06-05 10:00:00,4.0,5.11,317.5,29.92
2025-06-05 11:00:00,3.94,4.84,309.8,30.93
2025-06-05 12:00:00,4.17,5.2,305.5,31.33
2025-06-05 13:00:00,4.51,5.78,307.5,31.53
2025-06-05 14:00:00,4.84,6.36,311.4,31.5
2025-06-05 15:00:00,5.14,6.87,315.5,31.33
2025-06-05 16:00:00,5.44,7.42,319.3,31.04
2025-06-05 17:00:00,5.54,7.84,321.1,30.52
2025-06-05 18:00:00,5.04,8.61,321.1,29.07
2025-06-05 19:00:00,5.51,9.71,324.3,28.17
2025-06-05 20:00:00,5.69,9.49,329.4,27.47
2025-06-05 21:00:00,6.12,9.31,327.4,26.68
2025-06-05 22:00:00,7.26,9.8,324.0,25.84
2025-06-05 23:00:00,7.84,9.96,324.3,24.98
2025-06-06 00:00:00,7.9,9.62,324.0,24.21
2025-06-06 01:00:00,7.77,9.23,321.1,23.48
2025-06-06 02:00:00,7.88,9.31,316.8,22.98
2025-06-06 03:00:00,8.23,9.7,314.1,22.63
2025-06-06 04:00:00,8.39,9.9,313.2,22.51
2025-06-06 05:00:00,8.47,9.79,313.0,22.78
2025-06-06 06:00:00,8.69,9.79,314.4,23.78
2025-06-06 07:00:00,8.28,9.64,316.2,25.33
2025-06-06 08:00:00,7.85,9.7,316.5,26.84
2025-06-06 09:00:00,7.39,9.58,317.3,27.99
2025-06-06 10:00:00,6.59,9.01,316.2,29.08
2025-06-06 11:00:00,6.05,8.37,314.7,30.07
2025-06-06 12:00:00,5.75,7.89,315.6,30.79
2025-06-06 13:00:00,5.69,7.74,319.9,31.31
2025-06-06 14:00:00,5.79,7.86,325.3,31.63
2025-06-06 15:00:00,5.96,8.18,329.4,31.62
2025-06-06 16:00:00,6.19,8.63,330.6,31.31
2025-06-06 17:00:00,6.13,8.8,329.0,30.79
2025-06-06 18:00:00,5.65,9.53,327.1,29.56
2025-06-06 19:00:00,6.52,10.98,329.2,28.83
2025-06-06 20:00:00,7.14,11.27,334.8,28.23
2025-06-06 21:00:00,6.83,10.58,340.0,27.48
2025-06-06 22:00:00,6.72,9.96,337.0,26.81
2025-06-06 23:00:00,7.19,9.93,332.9,26.12
2025-06-07 00:00:00,7.7,10.03,330.3,25.32
2025-06-07 01:00:00,7.98,9.88,326.7,24.49
2025-06-07 02:00:00,8.19,9.87,321.7,23.83
2025-06-07 03:00:00,8.29,9.83,318.1,23.21
2025-06-07 04:00:00,8.32,9.8,315.7,22.76
2025-06-07 05:00:00,8.55,9.73,312.5,22.68
2025-06-07 06:00:00,8.72,9.65,310.5,23.51
2025-06-07 07:00:00,8.14,9.35,315.3,25.34
2025-06-07 08:00:00,7.33,9.14,316.5,27.28
2025-06-07 09:00:00,6.81,9.1,314.5,28.71
2025-06-07 10:00:00,6.55,9.05,311.0,29.72
2025-06-07 11:00:00,6.29,8.77,311.1,30.54
2025-06-07 12:00:00,6.21,8.66,314.7,31.09
2025-06-07 13:00:00,6.37,8.89,319.4,31.43
2025-06-07 14:00:00,6.66,9.37,322.5,31.7
2025-06-07 15:00:00,6.94,9.87,324.6,31.76
2025-06-07 16:00:00,7.09,10.21,325.3,31.52
2025-06-07 17:00:00,6.91,10.15,323.6,30.91
2025-06-07 18:00:00,6.34,10.43,322.6,29.66
2025-06-07 19:00:00,6.73,11.12,327.0,28.86
2025-06-07 20:00:00,6.9,11.01,336.4,28.24
2025-06-07 21:00:00,7.05,10.71,341.9,27.54
2025-06-07 22:00:00,7.45,10.55,341.2,26.75
2025-06-07 23:00:00,7.9,10.49,338.4,25.9
2025-06-08 00:00:00,8.09,10.27,335.2,25.11
2025-06-08 01:00:00,8.04,9.91,331.6,24.44
2025-06-08 02:00:00,7.93,9.6,326.4,23.89
2025-06-08 03:00:00,7.92,9.49,321.5,23.41
2025-06-08 04:00:00,7.98,9.51,317.8,23.01
2025-06-08 05:00:00,8.26,9.57,315.0,23.03
2025-06-08 06:00:00,8.78,9.85,316.3,23.93
2025-06-08 07:00:00,9.07,10.36,318.1,25.35
2025-06-08 08:00:00,9.06,10.83,320.2,26.8
2025-06-08 09:00:00,8.97,11.19,320.0,28.04
2025-06-08 10:00:00,8.65,11.28,319.2,29.17
2025-06-08 11:00:00,8.17,11.16,320.7,30.01
2025-06-08 12:00:00,7.97,11.1,323.1,30.57
2025-06-08 13:00:00,7.89,11.1,324.8,30.91
2025-06-08 14:00:00,7.78,11.05,325.8,31.12
2025-06-08 15:00:00,7.65,10.93,326.7,31.19
2025-06-08 16:00:00,7.47,10.75,327.5,30.99
2025-06-08 17:00:00,7.02,10.25,325.9,30.5
2025-06-08 18:00:00,6.07,10.02,325.7,29.43
2025-06-08 19:00:00,5.75,10.04,330.4,28.59
2025-06-08 20:00:00,5.47,9.65,339.2,28.04
2025-06-08 21:00:00,5.44,9.64,350.1,27.59
2025-06-08 22:00:00,5.61,9.57,352.2,27.08
2025-06-08 23:00:00,6.09,9.42,346.4,26.41
2025-06-09 00:00:00,6.55,9.04,336.4,25.54
2025-06-09 01:00:00,6.83,8.78,328.0,24.71
2025-06-09 02:00:00,6.99,8.64,324.3,24.12
2025-06-09 03:00:00,6.97,8.46,322.0,23.68
2025-06-09 04:00:00,6.95,8.39,319.7,23.28
2025-06-09 05:00:00,7.26,8.45,317.9,23.33
2025-06-09 06:00:00,7.74,8.7,320.2,24.2
2025-06-09 07:00:00,8.04,9.37,325.2,25.47
2025-06-09 08:00:00,8.08,9.75,323.6,26.57
2025-06-09 09:00:00,7.66,9.67,318.9,27.56
2025-06-09 10:00:00,7.0,9.46,317.0,28.55
2025-06-09 11:00:00,6.71,9.34,319.9,29.47
2025-06-09 12:00:00,6.73,9.43,323.8,30.15
2025-06-09 13:00:00,6.88,9.7,326.2,30.55
2025-06-09 14:00:00,7.02,9.93,326.0,30.8
2025-06-09 15:00:00,7.09,10.11,324.5,30.93
2025-06-09 16:00:00,7.13,10.24,324.0,30.84
2025-06-09 17:00:00,6.75,9.84,321.9,30.39
2025-06-09 18:00:00,5.77,9.62,318.8,29.24
2025-06-09 19:00:00,5.68,9.92,320.6,28.41
2025-06-09 20:00:00,5.33,9.35,330.1,27.91
2025-06-09 21:00:00,4.8,8.52,341.5,27.34
2025-06-09 22:00:00,4.28,7.62,348.8,26.76
2025-06-09 23:00:00,4.07,7.26,354.1,26.28
2025-06-10 00:00:00,4.31,7.34,345.9,25.78
2025-06-10 01:00:00,5.53,8.05,329.3,25.31
2025-06-10 02:00:00,6.84,8.86,321.1,24.6
2025-06-10 03:00:00,7.31,9.09,320.2,23.96
2025-06-10 04:00:00,7.29,8.89,319.4,23.5
2025-06-10 05:00:00,7.4,8.74,319.2,23.64
2025-06-10 06:00:00,7.68,8.77,319.7,24.6
2025-06-10 07:00:00,7.73,9.27,322.9,25.97
2025-06-10 08:00:00,7.64,9.6,324.4,27.44
2025-06-10 09:00:00,7.41,9.73,324.0,28.61
2025-06-10 10:00:00,7.13,9.74,323.2,29.64
2025-06-10 11:00:00,6.95,9.66,321.8,30.47
2025-06-10 12:00:00,6.93,9.72,320.3,31.08
2025-06-10 13:00:00,7.01,9.9,320.7,31.52
2025-06-10 14:00:00,7.08,10.05,322.1,31.64
2025-06-10 15:00:00,7.06,10.08,323.8,31.6
2025-06-10 16:00:00,6.94,9.96,324.5,31.42
2025-06-10 17:00:00,6.51,9.48,323.5,30.97
2025-06-10 18:00:00,5.56,9.4,320.8,29.75
2025-06-10 19:00:00,5.58,9.92,323.0,28.95
2025-06-10 20:00:00,5.64,9.92,333.0,28.49
2025-06-10 21:00:00,5.81,9.83,343.7,27.9
2025-06-10 22:00:00,6.28,9.74,344.3,27.25
2025-06-10 23:00:00,6.82,9.63,337.4,26.43
2025-06-11 00:00:00,7.36,9.69,331.4,25.62
2025-06-11 01:00:00,7.44,9.43,328.8,24.92
2025-06-11 02:00:00,7.23,8.95,326.5,24.34
2025-06-11 03:00:00,7.09,8.64,324.4,23.92
2025-06-11 04:00:00,7.1,8.6,322.6,23.59
2025-06-11 05:00:00,7.25,8.51,321.1,23.76
2025-06-11 06:00:00,7.74,8.78,320.2,24.74
2025-06-11 07:00:00,7.92,9.37,322.9,26.05
2025-06-11 08:00:00,7.89,9.76,323.2,27.3
2025-06-11 09:00:00,7.59,9.91,323.3,28.62
2025-06-11 10:00:00,7.13,9.82,322.9,29.69
2025-06-11 11:00:00,7.07,9.89,323.2,30.53
2025-06-11 12:00:00,7.11,10.02,324.3,31.13
2025-06-11 13:00:00,7.15,10.11,325.6,31.47
2025-06-11 14:00:00,7.09,10.06,326.8,31.65
2025-06-11 15:00:00,6.94,9.85,327.6,31.67
2025-06-11 16:00:00,6.71,9.57,327.0,31.48
2025-06-11 17:00:00,6.28,9.07,323.6,31.0
2025-06-11 18:00:00,5.28,9.01,320.0,29.66
2025-06-11 19:00:00,5.16,9.26,321.7,28.72
2025-06-11 20:00:00,4.92,8.86,328.9,28.25
2025-06-11 21:00:00,4.5,8.11,339.8,27.69
2025-06-11 22:00:00,4.15,7.49,347.3,27.17
2025-06-11 23:00:00,4.12,7.38,346.0,26.72
2025-06-12 00:00:00,4.76,7.96,338.9,26.34
2025-06-12 01:00:00,6.04,8.64,333.5,25.85
2025-06-12 02:00:00,6.64,8.75,329.6,25.11
2025-06-12 03:00:00,6.59,8.47,327.0,24.56
2025-06-12 04:00:00,6.34,8.1,322.1,24.26
2025-06-12 05:00:00,6.6,8.09,317.7,24.45
2025-06-12 06:00:00,6.77,7.97,316.8,25.54
2025-06-12 07:00:00,6.82,8.46,320.6,27.02
2025-06-12 08:00:00,6.66,8.77,323.2,28.48
2025-06-12 09:00:00,6.26,8.57,322.0,29.77
2025-06-12 10:00:00,6.06,8.31,318.5,30.82
2025-06-12 11:00:00,5.89,8.01,317.6,31.43
2025-06-12 12:00:00,5.6,7.53,321.9,31.75
2025-06-12 13:00:00,5.34,7.1,329.9,31.95
2025-06-12 14:00:00,5.14,6.81,339.5,32.07
2025-06-12 15:00:00,5.04,6.7,348.0,32.11
2025-06-12 16:00:00,4.99,6.67,352.4,32.15
2025-06-12 17:00:00,4.81,6.62,352.2,31.93
2025-06-12 18:00:00,4.25,7.06,348.2,30.39
2025-06-12 19:00:00,4.6,7.93,344.0,29.49
2025-06-12 20:00:00,4.71,8.31,342.7,28.97
2025-06-12 21:00:00,4.67,8.33,342.6,28.41
2025-06-12 22:00:00,4.69,8.4,341.8,27.88
2025-06-12 23:00:00,5.24,8.95,337.4,27.45
2025-06-13 00:00:00,6.64,9.71,330.8,26.94
2025-06-13 01:00:00,7.68,10.12,324.9,25.86
2025-06-13 02:00:00,8.13,10.15,323.8,24.98
2025-06-13 03:00:00,8.02,9.82,324.5,24.39
2025-06-13 04:00:00,7.84,9.5,324.6,23.98
2025-06-13 05:00:00,7.72,9.07,323.2,24.09
2025-06-13 06:00:00,7.88,9.01,320.8,24.94
2025-06-13 07:00:00,7.92,9.47,321.3,26.42
2025-06-13 08:00:00,8.02,10.13,323.7,28.22
2025-06-13 09:00:00,8.03,10.77,322.4,29.89
2025-06-13 10:00:00,8.23,11.41,318.6,31.04
2025-06-13 11:00:00,8.29,11.6,316.9,31.69
2025-06-13 12:00:00,8.06,11.36,318.1,32.02
2025-06-13 13:00:00,7.72,10.95,320.9,32.14
2025-06-13 14:00:00,7.37,10.47,324.2,32.14
2025-06-13 15:00:00,7.2,10.3,325.6,32.05
2025-06-13 16:00:00,7.21,10.4,326.0,31.82
2025-06-13 17:00:00,7.07,10.37,324.7,31.32
2025-06-13 18:00:00,6.65,10.76,322.9,30.24
2025-06-13 19:00:00,7.29,11.7,326.5,29.54
2025-06-13 20:00:00,7.79,11.85,334.3,28.96
2025-06-13 21:00:00,8.22,11.78,339.9,28.3
2025-06-13 22:00:00,8.59,11.63,337.3,27.49
2025-06-13 23:00:00,8.73,11.32,329.8,26.64
2025-06-14 00:00:00,8.93,11.23,324.0,25.95
2025-06-14 01:00:00,8.98,10.99,320.7,25.23
2025-06-14 02:00:00,8.91,10.73,317.9,24.6
2025-06-14 03:00:00,8.83,10.55,315.9,24.13
2025-06-14 04:00:00,8.77,10.43,313.6,23.77
2025-06-14 05:00:00,9.02,10.39,310.9,23.83
2025-06-14 06:00:00,9.6,10.85,313.1,24.63
2025-06-14 07:00:00,9.86,11.43,319.0,26.04
2025-06-14 08:00:00,10.13,12.26,323.2,27.6
2025-06-14 09:00:00,10.7,13.31,323.1,29.14
2025-06-14 10:00:00,11.03,14.03,322.4,30.41
2025-06-14 11:00:00,10.8,14.19,322.8,31.32
2025-06-14 12:00:00,10.39,14.08,323.2,31.93
2025-06-14 13:00:00,10.08,13.96,323.2,32.31
2025-06-14 14:00:00,9.8,13.8,323.3,32.52
2025-06-14 15:00:00,9.56,13.64,323.8,32.58
2025-06-14 16:00:00,9.26,13.32,324.5,32.39
2025-06-14 17:00:00,8.47,12.37,324.7,31.73
2025-06-14 18:00:00,7.64,12.0,325.5,30.7
2025-06-14 19:00:00,7.96,12.45,331.1,30.02
2025-06-14 20:00:00,8.3,12.32,338.5,29.28
2025-06-14 21:00:00,8.67,12.18,339.8,28.44
2025-06-14 22:00:00,8.75,11.73,336.5,27.42
2025-06-14 23:00:00,8.5,11.1,332.9,26.46
2025-06-15 00:00:00,8.23,10.5,332.1,25.72
2025-06-15 01:00:00,8.17,10.2,332.8,25.13
2025-06-15 02:00:00,8.2,10.04,332.7,24.63
2025-06-15 03:00:00,8.21,9.95,331.3,24.17
2025-06-15 04:00:00,8.18,9.87,329.8,23.76
2025-06-15 05:00:00,8.46,9.82,328.3,23.66
2025-06-15 06:00:00,9.23,10.44,329.8,24.31
2025-06-15 07:00:00,9.81,11.25,330.3,25.59
2025-06-15 08:00:00,10.07,11.82,328.2,26.82
2025-06-15 09:00:00,10.02,12.05,325.3,27.91
2025-06-15 10:00:00,9.86,12.23,324.7,28.9
2025-06-15 11:00:00,9.41,12.1,327.0,29.64
2025-06-15 12:00:00,8.9,11.83,330.2,30.14
2025-06-15 13:00:00,8.51,11.59,332.5,30.49
2025-06-15 14:00:00,8.07,11.27,334.2,30.74
2025-06-15 15:00:00,7.6,10.84,335.5,30.91
2025-06-15 16:00:00,7.16,10.33,336.7,30.83
2025-06-15 17:00:00,6.47,9.47,338.7,30.42
2025-06-15 18:00:00,5.08,8.65,339.8,29.22
2025-06-15 19:00:00,4.71,8.45,339.0,28.3
2025-06-15 20:00:00,5.03,9.08,338.6,27.98
2025-06-15 21:00:00,6.1,10.32,341.2,27.76
2025-06-15 22:00:00,7.46,10.95,342.1,27.4
2025-06-15 23:00:00,8.22,11.06,339.2,26.61
2025-06-16 00:00:00,8.66,10.94,337.0,25.73
2025-06-16 01:00:00,8.49,10.36,336.9,24.89
2025-06-16 02:00:00,8.02,9.71,337.7,24.19
2025-06-16 03:00:00,7.55,9.16,337.1,23.6
2025-06-16 04:00:00,7.69,9.5,336.6,23.09
2025-06-16 05:00:00,8.6,10.16,337.2,22.91
2025-06-16 06:00:00,9.15,10.4,334.7,23.21
2025-06-16 07:00:00,9.62,10.77,331.4,23.9
2025-06-16 08:00:00,9.84,10.95,327.6,24.76
2025-06-16 09:00:00,9.69,10.84,325.1,25.87
2025-06-16 10:00:00,9.22,10.6,322.3,26.97
2025-06-16 11:00:00,8.66,10.37,322.2,27.83
2025-06-16 12:00:00,8.11,10.25,326.8,28.55
2025-06-16 13:00:00,7.61,10.15,332.7,29.13
2025-06-16 14:00:00,7.26,10.02,337.0,29.56
2025-06-16 15:00:00,6.95,9.8,339.5,29.83
2025-06-16 16:00:00,6.59,9.42,341.2,30.02
2025-06-16 17:00:00,6.07,8.83,342.0,29.91
2025-06-16 18:00:00,4.97,8.58,340.0,28.73
2025-06-16 19:00:00,4.89,8.78,337.8,27.91
2025-06-16 20:00:00,4.83,8.67,336.9,27.52
2025-06-16 21:00:00,4.99,8.92,336.9,27.14
2025-06-16 22:00:00,6.17,10.08,337.0,26.92
2025-06-16 23:00:00,7.73,10.93,334.4,26.55
2025-06-17 00:00:00,8.73,11.28,330.5,25.71
2025-06-17 01:00:00,8.91,10.76,327.2,24.75
2025-06-17 02:00:00,8.6,10.24,327.5,24.08
2025-06-17 03:00:00,8.12,9.66,329.6,23.67
2025-06-17 04:00:00,7.61,9.11,331.9,23.3
2025-06-17 05:00:00,7.6,8.82,333.0,23.32
2025-06-17 06:00:00,8.21,9.28,333.0,24.03
2025-06-17 07:00:00,8.78,9.95,332.4,25.05
2025-06-17 08:00:00,8.98,10.27,328.3,25.98
2025-06-17 09:00:00,8.78,10.28,323.3,26.86
2025-06-17 10:00:00,8.29,10.08,321.1,27.71
2025-06-17 11:00:00,7.79,9.9,323.0,28.33
2025-06-17 12:00:00,7.43,9.79,326.0,28.73
2025-06-17 13:00:00,7.17,9.73,328.6,29.07
2025-06-17 14:00:00,7.02,9.74,330.7,29.39
2025-06-17 15:00:00,6.98,9.83,331.2,29.68
2025-06-17 16:00:00,7.0,10.04,331.0,29.89
2025-06-17 17:00:00,6.8,9.9,329.7,29.74
2025-06-17 18:00:00,6.05,9.9,327.0,28.8
2025-06-17 19:00:00,6.23,10.41,327.8,28.05
2025-06-17 20:00:00,6.36,10.16,335.1,27.56
2025-06-17 21:00:00,6.23,9.62,344.6,26.93
2025-06-17 22:00:00,6.06,9.04,349.2,26.23
2025-06-17 23:00:00,6.03,8.5,348.3,25.5
2025-06-18 00:00:00,6.31,8.18,341.5,24.73
2025-06-18 01:00:00,6.84,8.39,332.5,23.93
2025-06-18 02:00:00,7.44,8.93,327.9,23.27
2025-06-18 03:00:00,7.92,9.42,326.3,22.76
2025-06-18 04:00:00,8.31,9.81,325.3,22.35
2025-06-18 05:00:00,8.66,9.97,326.7,22.58
2025-06-18 06:00:00,9.17,10.33,329.8,23.76
2025-06-18 07:00:00,9.16,10.64,331.1,25.38
2025-06-18 08:00:00,8.78,10.65,331.1,27.07
2025-06-18 09:00:00,8.29,10.43,326.9,28.54
2025-06-18 10:00:00,7.77,10.25,320.9,29.61
2025-06-18 11:00:00,7.22,9.89,316.1,30.33
2025-06-18 12:00:00,6.88,9.55,314.5,30.82
2025-06-18 13:00:00,6.65,9.3,316.0,31.15
2025-06-18 14:00:00,6.54,9.18,318.6,31.42
2025-06-18 15:00:00,6.61,9.36,321.2,31.52
2025-06-18 16:00:00,6.84,9.85,323.0,31.3
2025-06-18 17:00:00,6.96,10.21,322.7,30.8
2025-06-18 18:00:00,6.87,10.94,322.4,29.77
2025-06-18 19:00:00,7.75,11.88,327.6,29.01
2025-06-18 20:00:00,7.94,11.41,334.4,28.13
2025-06-18 21:00:00,8.12,11.05,336.8,27.28
2025-06-18 22:00:00,8.34,10.84,337.1,26.53
2025-06-18 23:00:00,8.48,10.65,336.4,25.86
2025-06-19 00:00:00,8.57,10.47,335.6,25.21
2025-06-19 01:00:00,8.59,10.3,334.3,24.54
2025-06-19 02:00:00,8.62,10.22,331.6,23.95
2025-06-19 03:00:00,8.72,10.28,328.3,23.5
2025-06-19 04:00:00,8.77,10.28,325.5,23.03
2025-06-19 05:00:00,8.9,10.09,324.2,22.93
2025-06-19 06:00:00,9.31,10.44,326.3,23.85
2025-06-19 07:00:00,9.69,11.16,330.0,25.73
2025-06-19 08:00:00,9.72,11.84,331.6,27.84
2025-06-19 09:00:00,9.39,11.89,329.8,29.59
2025-06-19 10:00:00,8.94,11.67,324.7,30.63
2025-06-19 11:00:00,8.68,11.64,317.5,31.15
2025-06-19 12:00:00,8.35,11.43,312.5,31.36
2025-06-19 13:00:00,8.19,11.4,312.4,31.46
2025-06-19 14:00:00,8.07,11.37,316.2,31.48
2025-06-19 15:00:00,7.93,11.3,321.6,31.43
2025-06-19 16:00:00,7.86,11.31,325.1,31.2
2025-06-19 17:00:00,7.51,10.91,325.6,30.68
2025-06-19 18:00:00,6.81,10.8,324.7,29.65
2025-06-19 19:00:00,7.21,11.38,325.8,28.9
2025-06-19 20:00:00,7.3,10.98,332.7,28.26
2025-06-19 21:00:00,7.06,10.26,339.5,27.49
2025-06-19 22:00:00,6.92,9.76,341.3,26.8
2025-06-19 23:00:00,7.1,9.48,339.6,26.14
2025-06-20 00:00:00,7.37,9.23,334.2,25.27
2025-06-20 01:00:00,7.69,9.3,328.4,24.44
2025-06-20 02:00:00,8.11,9.66,324.1,23.78
2025-06-20 03:00:00,8.37,9.9,321.6,23.28
2025-06-20 04:00:00,8.36,9.86,319.3,22.8
2025-06-20 05:00:00,8.56,9.74,315.2,22.81
2025-06-20 06:00:00,8.95,9.92,316.0,23.89
2025-06-20 07:00:00,8.86,10.02,320.5,25.69
2025-06-20 08:00:00,8.65,10.4,323.3,27.48
2025-06-20 09:00:00,8.68,10.87,322.4,28.93
2025-06-20 10:00:00,8.74,11.34,320.2,29.88
2025-06-20 11:00:00,8.57,11.44,318.9,30.39
2025-06-20 12:00:00,8.14,11.17,319.5,30.74
2025-06-20 13:00:00,7.7,10.78,322.3,30.99
2025-06-20 14:00:00,7.35,10.41,326.0,31.09
2025-06-20 15:00:00,7.07,10.1,329.0,31.09
2025-06-20 16:00:00,6.93,9.99,331.6,30.93
2025-06-20 17:00:00,6.68,9.75,334.0,30.48
2025-06-20 18:00:00,5.89,9.77,332.6,29.39
2025-06-20 19:00:00,6.06,10.4,329.6,28.68
2025-06-20 20:00:00,6.08,10.22,332.1,28.3
2025-06-20 21:00:00,5.81,9.66,340.6,27.75
2025-06-20 22:00:00,5.92,9.41,344.5,27.22
2025-06-20 23:00:00,6.68,9.59,341.6,26.66
2025-06-21 00:00:00,7.42,9.73,336.3,25.9
2025-06-21 01:00:00,7.61,9.47,332.5,25.15
2025-06-21 02:00:00,7.46,9.1,329.6,24.54
2025-06-21 03:00:00,7.35,8.9,328.0,24.04
2025-06-21 04:00:00,7.33,8.84,326.8,23.6
2025-06-21 05:00:00,7.38,8.59,326.0,23.68
2025-06-21 06:00:00,8.02,9.03,327.8,24.57
2025-06-21 07:00:00,8.82,10.22,331.9,26.1
2025-06-21 08:00:00,9.05,11.06,332.2,27.63
2025-06-21 09:00:00,9.0,11.45,329.8,29.03
2025-06-21 10:00:00,8.74,11.48,327.0,30.01
2025-06-21 11:00:00,8.36,11.31,325.3,30.54
2025-06-21 12:00:00,8.04,11.1,324.7,30.87
2025-06-21 13:00:00,7.81,10.94,325.3,31.07
2025-06-21 14:00:00,7.6,10.75,327.2,31.18
2025-06-21 15:00:00,7.4,10.57,329.5,31.21
2025-06-21 16:00:00,7.2,10.37,330.9,31.06
2025-06-21 17:00:00,6.79,9.89,330.2,30.71
2025-06-21 18:00:00,5.7,9.56,327.0,29.61
2025-06-21 19:00:00,5.5,9.76,328.3,28.79
2025-06-21 20:00:00,5.36,9.55,335.4,28.39
2025-06-21 21:00:00,5.47,9.71,345.5,27.97
2025-06-21 22:00:00,6.27,10.29,349.8,27.61
2025-06-21 23:00:00,7.72,10.98,346.5,27.09
2025-06-22 00:00:00,8.32,10.71,339.7,26.12
2025-06-22 01:00:00,8.18,10.07,335.0,25.15
2025-06-22 02:00:00,7.76,9.41,333.8,24.48
2025-06-22 03:00:00,7.09,8.6,333.6,24.0
2025-06-22 04:00:00,6.46,7.9,332.7,23.61
2025-06-22 05:00:00,6.27,7.34,331.2,23.75
2025-06-22 06:00:00,6.92,7.8,331.8,24.61
2025-06-22 07:00:00,7.8,8.96,334.8,25.88
2025-06-22 08:00:00,8.01,9.7,333.8,27.12
2025-06-22 09:00:00,7.82,10.02,332.1,28.34
2025-06-22 10:00:00,7.56,10.16,331.0,29.36
2025-06-22 11:00:00,7.38,10.21,330.7,30.1
2025-06-22 12:00:00,7.41,10.38,331.9,30.64
2025-06-22 13:00:00,7.51,10.63,333.6,31.05
2025-06-22 14:00:00,7.67,10.94,334.9,31.3
2025-06-22 15:00:00,7.78,11.17,336.2,31.37
2025-06-22 16:00:00,7.76,11.25,336.5,31.34
2025-06-22 17:00:00,7.58,11.08,335.0,31.01
2025-06-22 18:00:00,7.29,11.42,334.1,30.2
2025-06-22 19:00:00,9.04,13.47,341.8,29.84
2025-06-22 20:00:00,11.04,14.79,350.2,29.23
2025-06-22 21:00:00,10.62,13.68,351.6,27.85
2025-06-22 22:00:00,9.59,12.29,350.0,26.89
2025-06-22 23:00:00,8.86,11.31,347.1,26.28
2025-06-23 00:00:00,8.22,10.46,343.9,25.78
2025-06-23 01:00:00,7.71,9.76,340.9,25.31
2025-06-23 02:00:00,7.19,9.09,338.8,24.9
2025-06-23 03:00:00,6.56,8.35,337.4,24.54
2025-06-23 04:00:00,5.91,7.66,336.7,24.21
2025-06-23 05:00:00,5.87,7.09,335.9,24.36
2025-06-23 06:00:00,6.49,7.36,333.1,25.07
2025-06-23 07:00:00,7.5,8.67,332.5,26.11
2025-06-23 08:00:00,8.07,9.63,330.8,27.16
2025-06-23 09:00:00,8.18,10.16,328.8,28.17
2025-06-23 10:00:00,8.17,10.52,328.7,28.99
2025-06-23 11:00:00,7.94,10.6,329.8,29.59
2025-06-23 12:00:00,7.72,10.61,332.4,30.08
2025-06-23 13:00:00,7.69,10.73,335.8,30.47
2025-06-23 14:00:00,7.68,10.83,338.8,30.74
2025-06-23 15:00:00,7.54,10.73,340.7,30.83
2025-06-23 16:00:00,7.25,10.42,341.5,30.77
2025-06-23 17:00:00,6.66,9.65,342.4,30.43
2025-06-23 18:00:00,5.36,8.9,341.5,29.32
2025-06-23 19:00:00,5.08,9.02,338.1,28.49
2025-06-23 20:00:00,5.3,9.4,337.3,28.14
2025-06-23 21:00:00,5.9,9.91,340.5,27.74
2025-06-23 22:00:00,6.68,10.03,341.5,27.23
2025-06-23 23:00:00,6.92,9.52,335.1,26.42
2025-06-24 00:00:00,7.34,9.42,330.5,25.62
2025-06-24 01:00:00,7.36,9.08,331.3,24.93
2025-06-24 02:00:00,6.87,8.42,331.0,24.39
2025-06-24 03:00:00,6.38,7.84,329.5,23.99
2025-06-24 04:00:00,6.07,7.49,326.8,23.66
2025-06-24 05:00:00,6.24,7.31,325.2,23.8
2025-06-24 06:00:00,6.89,7.7,324.0,24.68
2025-06-24 07:00:00,7.52,8.53,324.4,25.92
2025-06-24 08:00:00,7.67,9.03,321.7,26.97
2025-06-24 09:00:00,7.45,9.16,319.0,27.87
2025-06-24 10:00:00,7.06,9.18,318.0,28.66
2025-06-24 11:00:00,6.71,9.13,319.2,29.35
2025-06-24 12:00:00,6.51,9.05,321.2,29.93
2025-06-24 13:00:00,6.42,9.01,322.5,30.35
2025-06-24 14:00:00,6.38,8.99,323.2,30.7
2025-06-24 15:00:00,6.36,9.02,323.3,30.93
2025-06-24 16:00:00,6.4,9.14,322.8,30.94
2025-06-24 17:00:00,6.35,9.24,321.4,30.67
2025-06-24 18:00:00,5.74,9.55,321.1,29.65
2025-06-24 19:00:00,6.31,10.55,326.3,28.94
2025-06-24 20:00:00,7.12,10.96,335.7,28.52
2025-06-24 21:00:00,7.52,10.88,344.0,27.92
2025-06-24 22:00:00,7.58,10.49,346.0,27.23
2025-06-24 23:00:00,7.4,9.88,343.1,26.46
2025-06-25 00:00:00,7.38,9.36,338.6,25.66
2025-06-25 01:00:00,7.37,9.04,334.6,24.89
2025-06-25 02:00:00,7.34,8.92,331.8,24.31
2025-06-25 03:00:00,7.43,8.97,330.3,23.87
2025-06-25 04:00:00,7.52,9.06,330.1,23.58
2025-06-25 05:00:00,7.78,8.96,328.4,23.66
2025-06-25 06:00:00,8.29,9.28,327.3,24.56
2025-06-25 07:00:00,8.64,10.01,330.3,26.33
2025-06-25 08:00:00,8.84,10.89,332.8,28.07
2025-06-25 09:00:00,9.23,11.77,333.1,29.62
2025-06-25 10:00:00,9.49,12.48,330.4,30.81
2025-06-25 11:00:00,9.47,12.71,326.2,31.4
2025-06-25 12:00:00,9.08,12.4,323.0,31.61
2025-06-25 13:00:00,8.58,11.93,322.0,31.68
2025-06-25 14:00:00,8.23,11.58,322.9,31.66
2025-06-25 15:00:00,8.03,11.42,324.6,31.51
2025-06-25 16:00:00,7.81,11.18,324.6,31.17
2025-06-25 17:00:00,7.31,10.59,323.7,30.59
2025-06-25 18:00:00,6.45,10.24,322.5,29.64
2025-06-25 19:00:00,6.29,10.41,324.2,29.01
2025-06-25 20:00:00,5.93,9.86,330.1,28.54
2025-06-25 21:00:00,5.34,9.03,337.9,27.97
2025-06-25 22:00:00,4.97,8.42,342.2,27.42
2025-06-25 23:00:00,5.31,8.34,340.0,26.94
2025-06-26 00:00:00,6.27,8.61,335.5,26.27
2025-06-26 01:00:00,7.24,9.11,333.0,25.42
2025-06-26 02:00:00,7.93,9.69,333.5,24.79
2025-06-26 03:00:00,8.24,9.97,335.7,24.35
2025-06-26 04:00:00,8.13,9.81,337.8,24.02
2025-06-26 05:00:00,7.9,9.21,337.3,24.07
2025-06-26 06:00:00,8.06,9.13,335.6,25.03
2025-06-26 07:00:00,8.28,9.7,334.1,26.62
2025-06-26 08:00:00,8.49,10.46,331.9,28.19
2025-06-26 09:00:00,8.28,10.63,326.2,29.45
2025-06-26 10:00:00,7.92,10.55,318.7,30.16
2025-06-26 11:00:00,7.38,10.06,314.6,30.5
2025-06-26 12:00:00,6.58,9.1,315.7,30.63
2025-06-26 13:00:00,5.85,8.12,323.4,30.67
2025-06-26 14:00:00,5.4,7.44,334.1,30.67
2025-06-26 15:00:00,5.2,7.13,342.7,30.64
2025-06-26 16:00:00,5.09,7.04,347.7,30.55
2025-06-26 17:00:00,4.95,6.96,346.9,30.33
2025-06-26 18:00:00,4.19,7.04,342.2,29.29
2025-06-26 19:00:00,4.42,7.83,333.8,28.53
2025-06-26 20:00:00,4.77,8.59,327.3,28.21
2025-06-26 21:00:00,5.08,8.98,322.7,27.75
2025-06-26 22:00:00,5.33,8.96,320.0,27.23
2025-06-26 23:00:00,5.45,8.66,317.6,26.71
2025-06-27 00:00:00,5.54,8.47,314.9,26.23
2025-06-27 01:00:00,5.75,8.42,314.0,25.8
2025-06-27 02:00:00,5.99,8.32,313.2,25.36
2025-06-27 03:00:00,6.28,8.28,311.3,24.87
2025-06-27 04:00:00,6.46,8.32,309.7,24.38
2025-06-27 05:00:00,6.85,8.27,308.8,24.49
2025-06-27 06:00:00,7.16,7.98,311.4,25.38
2025-06-27 07:00:00,7.0,7.99,318.6,26.59
2025-06-27 08:00:00,6.5,8.11,319.4,27.88
2025-06-27 09:00:00,5.87,7.92,317.9,29.06
2025-06-27 10:00:00,5.3,7.27,319.0,30.04
2025-06-27 11:00:00,4.75,6.39,327.1,30.7
2025-06-27 12:00:00,4.42,5.77,338.9,31.13
2025-06-27 13:00:00,4.27,5.57,348.8,31.45
2025-06-27 14:00:00,4.23,5.54,352.7,31.69
2025-06-27 15:00:00,4.25,5.62,350.2,31.82
2025-06-27 16:00:00,4.41,5.9,344.5,31.68
2025-06-27 17:00:00,4.42,6.07,339.3,31.29
2025-06-27 18:00:00,3.84,6.36,333.8,29.88
2025-06-27 19:00:00,4.14,7.1,326.3,29.04
2025-06-27 20:00:00,4.3,7.55,322.6,28.66
2025-06-27 21:00:00,4.23,7.51,322.6,28.19
2025-06-27 22:00:00,4.07,7.19,322.8,27.69
2025-06-27 23:00:00,4.1,7.17,320.8,27.34
2025-06-28 00:00:00,4.43,7.45,318.9,27.09
2025-06-28 01:00:00,5.06,7.88,317.4,26.77
2025-06-28 02:00:00,5.87,8.37,316.5,26.34
2025-06-28 03:00:00,6.65,8.86,315.0,25.89
2025-06-28 04:00:00,7.21,9.2,313.0,25.44
2025-06-28 05:00:00,7.63,9.21,311.2,25.38
2025-06-28 06:00:00,7.63,8.67,310.6,26.13
2025-06-28 07:00:00,7.05,8.45,316.7,27.38
2025-06-28 08:00:00,6.23,8.11,319.0,28.76
2025-06-28 09:00:00,5.7,7.84,316.3,29.93
2025-06-28 10:00:00,5.37,7.42,315.1,30.94
2025-06-28 11:00:00,4.93,6.66,316.4,31.66
2025-06-28 12:00:00,4.27,5.63,322.6,32.18
2025-06-28 13:00:00,3.65,4.66,337.1,32.58
2025-06-28 14:00:00,3.32,4.14,353.6,32.98
2025-06-28 15:00:00,3.22,3.98,5.6,33.15
2025-06-28 16:00:00,3.11,3.88,13.1,33.15
2025-06-28 17:00:00,2.74,3.53,17.7,32.91
2025-06-28 18:00:00,1.86,2.69,16.2,31.98
2025-06-28 19:00:00,1.18,1.57,350.5,32.17
2025-06-28 20:00:00,1.24,1.66,299.2,31.7
2025-06-28 21:00:00,1.92,2.74,289.4,30.2
2025-06-28 22:00:00,2.61,4.03,293.7,28.84
2025-06-28 23:00:00,3.25,5.49,303.4,27.96
2025-06-29 00:00:00,4.0,6.87,314.5,27.42
2025-06-29 01:00:00,4.79,7.69,318.7,27.14
2025-06-29 02:00:00,5.36,8.12,319.7,26.81
2025-06-29 03:00:00,5.64,8.21,322.6,26.52
2025-06-29 04:00:00,5.57,7.83,323.5,26.2
2025-06-29 05:00:00,5.5,7.17,322.9,26.37
2025-06-29 06:00:00,5.41,6.49,317.3,27.25
2025-06-29 07:00:00,5.2,6.63,316.0,28.41
2025-06-29 08:00:00,4.95,6.68,318.6,29.52
2025-06-29 09:00:00,4.91,6.69,321.9,30.58
2025-06-29 10:00:00,4.96,6.69,324.9,31.77
2025-06-29 11:00:00,4.97,6.65,327.5,32.7
2025-06-29 12:00:00,4.77,6.33,332.5,33.26
2025-06-29 13:00:00,4.5,5.89,341.4,33.66
2025-06-29 14:00:00,4.34,5.64,351.2,34.0
2025-06-29 15:00:00,4.31,5.58,358.0,34.12
2025-06-29 16:00:00,4.25,5.53,0.7,34.0
2025-06-29 17:00:00,3.79,5.08,3.0,33.63
2025-06-29 18:00:00,2.83,4.29,2.4,32.17
2025-06-29 19:00:00,2.46,3.55,352.7,31.72
2025-06-29 20:00:00,2.2,3.16,337.3,31.37
2025-06-29 21:00:00,2.6,3.87,326.1,30.07
2025-06-29 22:00:00,3.57,5.95,327.8,28.77
2025-06-29 23:00:00,4.5,8.04,328.1,28.24
2025-06-30 00:00:00,5.75,9.1,321.7,27.91
2025-06-30 01:00:00,6.88,9.52,317.9,27.45
2025-06-30 02:00:00,7.33,9.65,318.9,27.01
2025-06-30 03:00:00,7.4,9.58,321.8,26.71
2025-06-30 04:00:00,7.17,9.22,325.3,26.44
2025-06-30 05:00:00,7.12,8.69,325.7,26.52
2025-06-30 06:00:00,7.16,8.46,326.7,27.19
2025-06-30 07:00:00,7.22,8.95,330.3,28.18
2025-06-30 08:00:00,7.25,9.28,331.8,29.05
2025-06-30 09:00:00,7.03,9.41,331.6,30.01
2025-06-30 10:00:00,6.74,9.33,331.7,30.95
2025-06-30 11:00:00,6.21,8.7,333.7,31.9
2025-06-30 12:00:00,5.8,8.0,339.4,32.85
2025-06-30 13:00:00,5.62,7.61,345.5,33.45
2025-06-30 14:00:00,5.53,7.46,350.7,33.76
2025-06-30 15:00:00,5.49,7.4,354.0,33.82
2025-06-30 16:00:00,5.34,7.24,355.0,33.7
2025-06-30 17:00:00,4.87,6.7,354.9,33.33
2025-06-30 18:00:00,3.78,6.11,352.7,31.91
2025-06-30 19:00:00,3.63,5.76,345.4,31.03
2025-06-30 20:00:00,3.55,5.6,336.0,30.5
2025-06-30 21:00:00,3.61,5.81,328.3,29.82
2025-06-30 22:00:00,3.71,6.24,325.2,29.16
2025-06-30 23:00:00,3.88,6.83,326.1,28.65
2025-07-01 00:00:00,4.09,7.3,329.1,28.29
2025-07-01 01:00:00,4.2,7.37,331.7,27.98
2025-07-01 02:00:00,4.08,7.11,333.1,27.68
2025-07-01 03:00:00,3.85,6.68,332.4,27.4
2025-07-01 04:00:00,3.62,6.2,330.0,27.14
2025-07-01 05:00:00,3.55,5.83,326.1,27.41
2025-07-01 06:00:00,3.81,5.32,323.9,28.22
2025-07-01 07:00:00,3.8,5.24,325.3,29.32
2025-07-01 08:00:00,3.94,5.26,324.5,31.13
2025-07-01 09:00:00,3.76,4.89,323.6,32.79
2025-07-01 10:00:00,3.35,4.26,325.0,34.21
2025-07-01 11:00:00,2.87,3.54,328.1,35.37
2025-07-01 12:00:00,2.53,3.05,332.0,36.26
2025-07-01 13:00:00,2.47,2.94,335.1,36.73
2025-07-01 14:00:00,2.58,3.11,334.7,36.91
2025-07-01 15:00:00,2.74,3.37,329.9,36.62
2025-07-01 16:00:00,2.93,3.66,323.1,36.18
2025-07-01 17:00:00,3.11,4.0,317.5,35.52
2025-07-01 18:00:00,2.92,4.52,312.2,33.84
2025-07-01 19:00:00,3.38,5.41,303.4,32.35
2025-07-01 20:00:00,3.86,6.49,295.4,31.37
2025-07-01 21:00:00,4.32,7.57,291.6,30.72
2025-07-01 22:00:00,4.77,8.35,292.8,30.17
2025-07-01 23:00:00,5.08,8.61,299.4,29.63
2025-07-02 00:00:00,5.25,8.56,312.7,28.98
2025-07-02 01:00:00,5.7,8.62,327.5,28.33
2025-07-02 02:00:00,5.93,8.43,336.6,27.71
2025-07-02 03:00:00,5.83,8.0,338.1,27.21
2025-07-02 04:00:00,5.68,7.54,335.4,26.78
2025-07-02 05:00:00,5.62,6.91,331.4,26.65
2025-07-02 06:00:00,5.1,6.23,327.7,27.1
2025-07-02 07:00:00,4.29,5.68,323.0,27.84
2025-07-02 08:00:00,3.56,4.85,316.5,28.81
2025-07-02 09:00:00,3.05,3.98,319.1,30.17
2025-07-02 10:00:00,2.69,3.35,331.1,31.98
2025-07-02 11:00:00,2.75,3.32,343.9,33.35
2025-07-02 12:00:00,3.25,3.96,351.6,33.86
2025-07-02 13:00:00,3.83,4.81,353.8,33.89
2025-07-02 14:00:00,4.29,5.54,352.6,33.78
2025-07-02 15:00:00,4.56,6.01,350.2,33.5
2025-07-02 16:00:00,4.66,6.24,348.0,33.09
2025-07-02 17:00:00,4.56,6.17,347.5,32.57
2025-07-02 18:00:00,3.69,5.74,348.6,31.57
2025-07-02 19:00:00,3.38,5.65,344.5,30.64
2025-07-02 20:00:00,3.45,5.82,338.0,30.12
2025-07-02 21:00:00,3.63,6.29,332.3,29.64
2025-07-02 22:00:00,4.0,7.15,328.2,29.17
2025-07-02 23:00:00,5.05,8.39,327.1,28.84
2025-07-03 00:00:00,6.5,9.3,327.6,28.42
2025-07-03 01:00:00,7.08,9.38,328.2,27.73
2025-07-03 02:00:00,6.92,8.91,327.2,27.12
2025-07-03 03:00:00,6.73,8.52,325.1,26.72
2025-07-03 04:00:00,6.5,8.17,324.1,26.46
2025-07-03 05:00:00,6.37,7.63,324.2,26.6
2025-07-03 06:00:00,6.11,7.15,325.2,27.32
2025-07-03 07:00:00,5.79,7.28,326.6,28.47
2025-07-03 08:00:00,5.42,7.31,327.7,29.69
2025-07-03 09:00:00,5.21,7.18,326.2,30.65
2025-07-03 10:00:00,5.1,6.99,324.1,31.28
2025-07-03 11:00:00,5.1,6.99,323.9,31.65
2025-07-03 12:00:00,5.24,7.22,327.8,31.85
2025-07-03 13:00:00,5.45,7.57,334.5,31.97
2025-07-03 14:00:00,5.74,8.0,339.6,32.07
2025-07-03 15:00:00,5.92,8.34,340.8,32.09
2025-07-03 16:00:00,6.01,8.57,338.4,32.07
2025-07-03 17:00:00,5.79,8.37,334.1,31.98
2025-07-03 18:00:00,4.86,8.27,328.1,31.01
2025-07-03 19:00:00,5.01,8.99,326.2,30.29
2025-07-03 20:00:00,5.26,9.3,331.3,29.98
2025-07-03 21:00:00,5.28,9.14,342.9,29.53
2025-07-03 22:00:00,5.35,9.02,354.7,29.08
2025-07-03 23:00:00,5.21,8.74,6.7,28.61
2025-07-04 00:00:00,4.88,8.06,11.5,28.07
2025-07-04 01:00:00,4.38,6.98,8.5,27.5
2025-07-04 02:00:00,3.92,5.82,356.9,26.93
2025-07-04 03:00:00,3.93,5.43,339.0,26.38
2025-07-04 04:00:00,4.24,5.63,326.5,25.92
2025-07-04 05:00:00,4.78,5.74,322.2,26.08
2025-07-04 06:00:00,5.1,5.71,322.5,27.07
2025-07-04 07:00:00,5.33,6.39,326.5,28.42
2025-07-04 08:00:00,5.42,7.07,332.5,29.82
2025-07-04 09:00:00,5.32,7.29,334.1,31.19
2025-07-04 10:00:00,5.42,7.42,330.5,32.22
2025-07-04 11:00:00,5.58,7.67,326.6,32.75
2025-07-04 12:00:00,5.73,7.91,325.0,32.92
2025-07-04 13:00:00,5.85,8.14,326.3,32.93
2025-07-04 14:00:00,5.96,8.36,329.5,32.85
2025-07-04 15:00:00,6.06,8.58,333.1,32.7
2025-07-04 16:00:00,6.15,8.8,335.3,32.5
2025-07-04 17:00:00,6.15,8.87,335.1,32.16
2025-07-04 18:00:00,5.44,8.84,332.6,31.22
2025-07-04 19:00:00,5.51,9.45,333.1,30.51
2025-07-04 20:00:00,6.16,10.02,339.5,30.25
2025-07-04 21:00:00,6.92,10.43,349.2,29.88
2025-07-04 22:00:00,6.98,10.02,354.1,29.25
2025-07-04 23:00:00,6.6,9.07,346.6,28.32
2025-07-05 00:00:00,6.79,8.68,337.2,27.42
2025-07-05 01:00:00,7.04,8.61,333.0,26.61
2025-07-05 02:00:00,6.96,8.4,332.3,25.94
2025-07-05 03:00:00,6.6,7.98,332.1,25.41
2025-07-05 04:00:00,6.35,7.68,330.3,24.91
2025-07-05 05:00:00,6.42,7.4,329.2,24.92
2025-07-05 06:00:00,6.69,7.35,330.5,25.85
2025-07-05 07:00:00,6.67,7.64,336.8,27.72
2025-07-05 08:00:00,6.5,8.23,339.5,29.69
2025-07-05 09:00:00,6.68,9.07,337.5,31.26
2025-07-05 10:00:00,7.05,9.77,332.0,32.33
2025-07-05 11:00:00,7.44,10.33,326.7,32.83
2025-07-05 12:00:00,7.78,10.78,323.8,32.97
2025-07-05 13:00:00,8.0,11.09,324.8,32.89
2025-07-05 14:00:00,8.17,11.34,328.1,32.71
2025-07-05 15:00:00,8.17,11.37,331.0,32.46
2025-07-05 16:00:00,7.99,11.23,331.1,32.17
2025-07-05 17:00:00,7.65,10.92,327.5,31.76
2025-07-05 18:00:00,7.26,11.13,324.3,30.93
2025-07-05 19:00:00,7.81,11.64,328.8,30.33
2025-07-05 20:00:00,7.92,11.27,338.4,29.73
2025-07-05 21:00:00,7.56,10.49,345.9,28.89
2025-07-05 22:00:00,7.17,9.57,347.6,27.96
2025-07-05 23:00:00,6.99,8.84,343.0,27.05
2025-07-06 00:00:00,6.85,8.36,336.4,26.12
2025-07-06 01:00:00,6.71,8.07,330.2,25.32
2025-07-06 02:00:00,6.74,8.08,326.2,24.82
2025-07-06 03:00:00,7.1,8.42,323.2,24.41
2025-07-06 04:00:00,7.36,8.69,321.9,24.04
2025-07-06 05:00:00,7.46,8.48,321.1,24.06
2025-07-06 06:00:00,7.44,8.15,320.4,25.09
2025-07-06 07:00:00,6.87,7.64,323.8,27.05
2025-07-06 08:00:00,6.22,7.46,323.5,29.03
2025-07-06 09:00:00,5.67,7.4,319.4,30.58
2025-07-06 10:00:00,5.54,7.5,314.7,31.7
2025-07-06 11:00:00,5.58,7.59,313.0,32.53
2025-07-06 12:00:00,5.72,7.82,314.6,33.1
2025-07-06 13:00:00,5.98,8.23,317.8,33.44
2025-07-06 14:00:00,6.36,8.86,321.0,33.6
2025-07-06 15:00:00,6.77,9.58,323.1,33.57
2025-07-06 16:00:00,7.13,10.25,324.3,33.28
2025-07-06 17:00:00,7.2,10.54,325.1,32.69
2025-07-06 18:00:00,6.93,10.92,325.8,31.57
2025-07-06 19:00:00,7.3,11.29,331.6,30.63
2025-07-06 20:00:00,7.39,10.88,339.7,29.85
2025-07-06 21:00:00,7.5,10.47,340.9,29.01
2025-07-06 22:00:00,7.66,10.16,339.5,28.13
2025-07-06 23:00:00,7.83,9.87,337.7,27.29
2025-07-07 00:00:00,7.83,9.48,334.8,26.4
2025-07-07 01:00:00,7.91,9.43,331.0,25.61
2025-07-07 02:00:00,8.34,9.83,328.5,25.05
2025-07-07 03:00:00,8.66,10.12,327.1,24.59
2025-07-07 04:00:00,8.73,10.16,326.4,24.19
2025-07-07 05:00:00,8.6,9.7,326.2,24.14
2025-07-07 06:00:00,8.59,9.56,327.8,25.3
2025-07-07 07:00:00,8.52,9.79,328.5,27.36
2025-07-07 08:00:00,8.57,10.54,328.8,29.46
2025-07-07 09:00:00,8.67,11.16,328.6,31.09
2025-07-07 10:00:00,8.51,11.38,327.0,32.23
2025-07-07 11:00:00,8.16,11.2,323.5,32.91
2025-07-07 12:00:00,7.94,11.04,321.0,33.28
2025-07-07 13:00:00,7.84,11.0,321.3,33.51
2025-07-07 14:00:00,7.79,11.01,323.2,33.62
2025-07-07 15:00:00,7.78,11.1,325.4,33.59
2025-07-07 16:00:00,7.76,11.19,326.7,33.36
2025-07-07 17:00:00,7.54,11.06,325.6,32.77
2025-07-07 18:00:00,6.94,11.15,324.7,31.6
2025-07-07 19:00:00,6.95,11.28,330.0,30.72
2025-07-07 20:00:00,6.72,10.74,341.4,30.04
2025-07-07 21:00:00,6.34,10.24,351.0,29.42
2025-07-07 22:00:00,5.93,9.63,355.4,28.79
2025-07-07 23:00:00,5.81,8.85,346.2,27.98
2025-07-08 00:00:00,6.71,8.89,333.7,27.13
2025-07-08 01:00:00,7.38,9.13,328.1,26.32
2025-07-08 02:00:00,7.51,9.09,326.5,25.72
2025-07-08 03:00:00,7.31,8.82,326.2,25.29
2025-07-08 04:00:00,7.05,8.5,325.5,24.96
2025-07-08 05:00:00,7.1,8.31,324.7,25.2
2025-07-08 06:00:00,7.6,8.55,325.2,26.32
2025-07-08 07:00:00,7.81,9.12,327.2,27.85
2025-07-08 08:00:00,8.04,9.89,328.7,29.53
2025-07-08 09:00:00,8.17,10.5,328.4,31.07
2025-07-08 10:00:00,8.09,10.86,326.6,32.28
2025-07-08 11:00:00,7.91,10.92,324.8,33.07
2025-07-08 12:00:00,7.81,10.92,322.7,33.51
2025-07-08 13:00:00,7.74,10.91,322.0,33.67
2025-07-08 14:00:00,7.67,10.92,323.7,33.67
2025-07-08 15:00:00,7.56,10.85,326.4,33.62
2025-07-08 16:00:00,7.37,10.67,328.6,33.44
2025-07-08 17:00:00,6.74,9.87,329.7,32.89
2025-07-08 18:00:00,5.53,9.53,329.2,31.45
2025-07-08 19:00:00,5.39,9.71,330.2,30.52
2025-07-08 20:00:00,5.16,9.27,333.0,29.96
2025-07-08 21:00:00,4.79,8.54,336.3,29.33
2025-07-08 22:00:00,4.73,8.16,335.0,28.75
2025-07-08 23:00:00,5.5,8.55,331.2,28.29
2025-07-09 00:00:00,6.73,9.26,327.5,27.69
2025-07-09 01:00:00,7.6,9.56,325.8,26.82
2025-07-09 02:00:00,7.69,9.29,323.9,26.02
2025-07-09 03:00:00,7.49,9.01,324.4,25.61
2025-07-09 04:00:00,7.12,8.59,325.1,25.38
2025-07-09 05:00:00,6.95,8.11,323.8,25.52
2025-07-09 06:00:00,7.23,8.07,323.2,26.36
2025-07-09 07:00:00,7.59,8.67,325.9,27.58
2025-07-09 08:00:00,7.68,9.03,325.8,28.57
2025-07-09 09:00:00,7.51,9.13,323.6,29.44
2025-07-09 10:00:00,7.11,9.08,323.7,30.21
2025-07-09 11:00:00,6.69,8.93,327.0,30.82
2025-07-09 12:00:00,6.49,8.86,331.5,31.22
2025-07-09 13:00:00,6.4,8.86,335.9,31.53
2025-07-09 14:00:00,6.34,8.87,339.1,31.76
2025-07-09 15:00:00,6.3,8.91,340.0,31.89
2025-07-09 16:00:00,6.24,8.92,339.1,31.88
2025-07-09 17:00:00,5.83,8.52,337.2,31.62
2025-07-09 18:00:00,4.74,8.25,334.7,30.29
2025-07-09 19:00:00,4.66,8.31,332.9,29.45
2025-07-09 20:00:00,4.46,7.91,331.9,28.99
2025-07-09 21:00:00,4.22,7.43,332.5,28.56
2025-07-09 22:00:00,4.11,7.17,336.0,28.13
2025-07-09 23:00:00,4.35,7.4,340.3,27.81
2025-07-10 00:00:00,5.07,8.0,340.9,27.56
2025-07-10 01:00:00,5.89,8.56,338.8,27.16
2025-07-10 02:00:00,6.32,8.56,335.3,26.7
2025-07-10 03:00:00,6.28,8.12,331.8,26.18
2025-07-10 04:00:00,5.92,7.57,328.6,25.77
2025-07-10 05:00:00,6.01,7.28,324.5,25.88
2025-07-10 06:00:00,6.42,7.16,319.7,26.8
2025-07-10 07:00:00,6.69,7.53,319.1,27.84
2025-07-10 08:00:00,6.52,7.72,318.9,28.86
2025-07-10 09:00:00,5.97,7.62,317.4,29.8
2025-07-10 10:00:00,5.36,7.3,317.8,30.54
2025-07-10 11:00:00,5.04,6.96,320.5,31.11
2025-07-10 12:00:00,4.95,6.85,323.7,31.54
2025-07-10 13:00:00,5.02,6.97,326.4,31.89
2025-07-10 14:00:00,5.16,7.18,327.2,32.21
2025-07-10 15:00:00,5.31,7.4,326.2,32.44
2025-07-10 16:00:00,5.4,7.6,324.4,32.38
2025-07-10 17:00:00,5.28,7.57,322.4,31.99
2025-07-10 18:00:00,4.47,7.78,318.9,30.7
2025-07-10 19:00:00,4.66,8.44,320.7,30.04
2025-07-10 20:00:00,4.88,8.77,328.0,29.78
2025-07-10 21:00:00,4.88,8.57,338.5,29.39
2025-07-10 22:00:00,4.95,8.24,344.2,28.9
2025-07-10 23:00:00,5.49,8.22,341.2,28.39
2025-07-11 00:00:00,6.39,8.48,332.6,27.74
2025-07-11 01:00:00,6.98,8.66,326.6,26.98
2025-07-11 02:00:00,7.07,8.55,322.6,26.4
2025-07-11 03:00:00,7.02,8.43,319.5,26.05
2025-07-11 04:00:00,6.85,8.22,317.5,25.76
2025-07-11 05:00:00,6.59,7.72,315.3,25.91
2025-07-11 06:00:00,6.53,7.26,311.6,26.9
2025-07-11 07:00:00,6.3,7.19,309.7,28.26
2025-07-11 08:00:00,5.3,6.59,309.3,29.49
2025-07-11 09:00:00,4.25,5.79,307.8,30.4
2025-07-11 10:00:00,3.45,4.55,313.5,31.34
2025-07-11 11:00:00,2.84,3.5,330.9,32.17
2025-07-11 12:00:00,2.78,3.29,355.3,32.89
2025-07-11 13:00:00,3.05,3.67,11.0,33.68
2025-07-11 14:00:00,3.28,4.05,16.5,34.01
2025-07-11 15:00:00,3.32,4.17,13.7,34.16
2025-07-11 16:00:00,3.3,4.21,3.4,34.04
2025-07-11 17:00:00,3.28,4.34,346.8,33.57
2025-07-11 18:00:00,3.13,4.92,329.7,31.89
2025-07-11 19:00:00,3.65,5.92,319.2,30.89
2025-07-11 20:00:00,3.97,6.79,316.7,30.39
2025-07-11 21:00:00,4.12,7.26,318.9,29.93
2025-07-11 22:00:00,4.16,7.27,321.6,29.52
2025-07-11 23:00:00,4.22,7.16,321.7,29.22
2025-07-12 00:00:00,4.78,7.56,320.0,28.92
2025-07-12 01:00:00,5.66,8.13,322.2,28.36
2025-07-12 02:00:00,6.46,8.48,320.6,27.56
2025-07-12 03:00:00,7.16,8.9,315.6,26.87
2025-07-12 04:00:00,7.58,9.14,314.2,26.44
2025-07-12 05:00:00,7.71,9.0,313.9,26.42
2025-07-12 06:00:00,7.79,8.82,317.9,27.25
2025-07-12 07:00:00,7.35,8.75,320.6,28.58
2025-07-12 08:00:00,7.1,8.98,320.9,29.97
2025-07-12 09:00:00,6.89,9.16,316.9,31.03
2025-07-12 10:00:00,6.49,9.0,317.4,31.87
2025-07-12 11:00:00,6.09,8.5,323.5,32.58
2025-07-12 12:00:00,5.72,7.91,331.6,33.08
2025-07-12 13:00:00,5.5,7.47,340.0,33.46
2025-07-12 14:00:00,5.37,7.23,346.7,33.7
2025-07-12 15:00:00,5.29,7.15,350.5,33.78
2025-07-12 16:00:00,5.27,7.18,350.5,33.69
2025-07-12 17:00:00,5.11,7.11,347.6,33.32
2025-07-12 18:00:00,4.35,7.17,342.5,32.22
2025-07-12 19:00:00,4.39,7.7,337.2,31.44
2025-07-12 20:00:00,4.58,8.1,332.7,31.01
2025-07-12 21:00:00,4.82,8.32,330.5,30.55
2025-07-12 22:00:00,4.9,8.07,331.1,30.06
2025-07-12 23:00:00,5.31,8.0,325.9,29.52
2025-07-13 00:00:00,6.53,8.81,320.8,28.79
2025-07-13 01:00:00,7.55,9.55,321.3,27.94
2025-07-13 02:00:00,8.13,9.84,321.4,27.33
2025-07-13 03:00:00,8.42,9.95,322.4,26.93
2025-07-13 04:00:00,8.35,9.78,321.5,26.57
2025-07-13 05:00:00,8.59,9.91,321.7,26.48
2025-07-13 06:00:00,8.89,10.18,324.9,27.16
2025-07-13 07:00:00,9.12,10.64,325.9,28.23
2025-07-13 08:00:00,9.43,11.18,322.8,29.21
2025-07-13 09:00:00,9.47,11.48,319.3,30.14
2025-07-13 10:00:00,9.29,11.65,318.0,31.01
2025-07-13 11:00:00,8.75,11.45,320.3,31.74
2025-07-13 12:00:00,8.08,11.02,324.7,32.26
2025-07-13 13:00:00,7.64,10.64,328.9,32.56
2025-07-13 14:00:00,7.42,10.45,331.4,32.72
2025-07-13 15:00:00,7.37,10.48,333.0,32.79
2025-07-13 16:00:00,7.39,10.6,334.8,32.66
2025-07-13 17:00:00,7.23,10.46,337.2,32.28
2025-07-13 18:00:00,6.68,10.32,338.0,31.5
2025-07-13 19:00:00,6.82,10.72,335.4,31.03
2025-07-13 20:00:00,7.2,11.01,333.2,30.78
2025-07-13 21:00:00,7.59,10.95,333.8,30.26
2025-07-13 22:00:00,8.1,10.83,334.6,29.45
2025-07-13 23:00:00,9.0,11.21,335.8,28.49
2025-07-14 00:00:00,9.26,11.12,334.5,27.61
2025-07-14 01:00:00,9.17,10.86,333.4,27.0
2025-07-14 02:00:00,9.18,10.82,333.9,26.62
2025-07-14 03:00:00,9.13,10.72,333.5,26.28
2025-07-14 04:00:00,9.0,10.56,332.4,25.98
2025-07-14 05:00:00,9.18,10.68,332.8,25.89
2025-07-14 06:00:00,9.44,10.67,332.3,26.32
2025-07-14 07:00:00,9.66,10.89,329.6,27.22
2025-07-14 08:00:00,9.64,10.88,326.7,28.2
2025-07-14 09:00:00,9.15,10.53,324.1,29.2
2025-07-14 10:00:00,8.6,10.19,323.5,29.99
2025-07-14 11:00:00,7.71,9.53,327.5,30.55
2025-07-14 12:00:00,6.82,8.88,334.8,30.97
2025-07-14 13:00:00,6.41,8.66,340.5,31.41
2025-07-14 14:00:00,6.21,8.54,342.6,31.82
2025-07-14 15:00:00,6.09,8.5,343.3,32.09
2025-07-14 16:00:00,6.01,8.48,343.0,32.14
2025-07-14 17:00:00,5.8,8.38,342.5,31.89
2025-07-14 18:00:00,4.89,8.35,341.7,30.85
2025-07-14 19:00:00,4.74,8.5,337.5,30.12
2025-07-14 20:00:00,4.69,8.47,333.0,29.73
2025-07-14 21:00:00,4.78,8.54,329.8,29.34
2025-07-14 22:00:00,5.2,8.85,328.3,28.96
2025-07-14 23:00:00,6.29,9.52,331.4,28.62
2025-07-15 00:00:00,7.51,10.15,335.7,28.09
2025-07-15 01:00:00,8.0,10.0,335.5,27.32
2025-07-15 02:00:00,7.68,9.34,332.2,26.58
2025-07-15 03:00:00,7.36,8.88,330.1,26.07
2025-07-15 04:00:00,6.94,8.4,330.2,25.69
2025-07-15 05:00:00,6.74,7.87,329.9,25.76
2025-07-15 06:00:00,6.92,7.72,328.9,26.6
2025-07-15 07:00:00,6.94,7.75,326.9,27.85
2025-07-15 08:00:00,6.49,7.48,323.2,28.98
2025-07-15 09:00:00,5.47,6.9,319.8,29.82
2025-07-15 10:00:00,4.39,5.96,320.7,30.57
2025-07-15 11:00:00,3.7,4.86,331.4,31.45
2025-07-15 12:00:00,3.44,4.34,346.7,32.19
2025-07-15 13:00:00,3.5,4.38,356.3,32.74
2025-07-15 14:00:00,3.5,4.4,356.6,33.06
2025-07-15 15:00:00,3.4,4.29,352.8,33.22
2025-07-15 16:00:00,3.2,4.09,346.1,33.2
2025-07-15 17:00:00,2.96,3.86,340.6,33.06
2025-07-15 18:00:00,2.37,3.54,333.1,31.94
2025-07-15 19:00:00,2.46,3.66,309.8,31.04
2025-07-15 20:00:00,3.0,4.77,290.8,30.14
2025-07-15 21:00:00,3.54,6.06,283.9,29.49
2025-07-15 22:00:00,4.0,6.89,283.9,29.08
2025-07-15 23:00:00,4.28,7.16,287.2,28.71
2025-07-16 00:00:00,4.24,6.91,293.7,28.37
2025-07-16 01:00:00,4.18,6.4,304.3,28.0
2025-07-16 02:00:00,4.27,5.96,316.3,27.55
2025-07-16 03:00:00,4.3,5.62,324.7,27.05
2025-07-16 04:00:00,4.12,5.26,327.7,26.62
2025-07-16 05:00:00,3.85,4.91,325.2,26.8
2025-07-16 06:00:00,4.02,4.4,320.8,27.94
2025-07-16 07:00:00,3.32,3.9,317.2,29.09
2025-07-16 08:00:00,2.54,3.41,310.2,30.32
2025-07-16 09:00:00,2.16,2.8,308.2,32.21
2025-07-16 10:00:00,1.69,2.14,312.3,34.11
2025-07-16 11:00:00,1.25,1.47,322.2,35.63
2025-07-16 12:00:00,1.03,1.05,340.0,36.53
2025-07-16 13:00:00,1.0,0.96,349.7,37.14
2025-07-16 14:00:00,0.91,0.92,340.4,37.51
2025-07-16 15:00:00,0.79,0.98,312.1,37.62
2025-07-16 16:00:00,0.97,1.37,279.3,37.28
2025-07-16 17:00:00,1.16,1.54,262.2,36.57
2025-07-16 18:00:00,0.84,1.17,245.2,35.35
2025-07-16 19:00:00,0.78,1.07,210.4,34.41
2025-07-16 20:00:00,1.18,1.63,182.1,33.22
2025-07-16 21:00:00,1.87,2.69,176.8,31.53
2025-07-16 22:00:00,2.45,3.73,175.5,30.05
2025-07-16 23:00:00,2.62,4.14,177.9,29.27
2025-07-17 00:00:00,2.54,4.08,183.9,28.83
2025-07-17 01:00:00,2.34,3.75,190.3,28.56
2025-07-17 02:00:00,2.06,3.27,196.3,28.43
2025-07-17 03:00:00,1.78,2.82,202.6,28.42
2025-07-17 04:00:00,1.6,2.5,207.9,28.45
2025-07-17 05:00:00,1.44,2.26,211.8,28.71
2025-07-17 06:00:00,1.32,1.9,211.0,29.86
2025-07-17 07:00:00,1.05,1.34,193.8,31.37
2025-07-17 08:00:00,0.86,1.12,179.0,33.92
2025-07-17 09:00:00,0.58,0.63,158.7,35.81
2025-07-17 10:00:00,0.89,0.76,70.9,36.62
2025-07-17 11:00:00,1.82,1.88,51.5,36.56
2025-07-17 12:00:00,2.66,2.95,47.6,36.27
2025-07-17 13:00:00,3.28,3.83,45.5,35.99
2025-07-17 14:00:00,3.68,4.44,43.5,35.75
2025-07-17 15:00:00,3.77,4.68,41.3,35.49
2025-07-17 16:00:00,3.55,4.48,38.2,35.26
2025-07-17 17:00:00,3.01,3.9,40.0,34.98
2025-07-17 18:00:00,2.07,3.13,49.8,33.88
2025-07-17 19:00:00,1.41,1.97,67.3,33.74
2025-07-17 20:00:00,0.95,1.24,113.7,33.81
2025-07-17 21:00:00,1.11,1.5,164.1,33.0
2025-07-17 22:00:00,1.34,1.87,194.3,32.06
2025-07-17 23:00:00,1.44,2.08,226.2,31.5
2025-07-18 00:00:00,1.66,2.42,259.5,30.98
2025-07-18 01:00:00,2.02,3.03,288.3,30.12
2025-07-18 02:00:00,2.42,3.81,307.3,29.34
2025-07-18 03:00:00,2.75,4.5,320.6,28.8
2025-07-18 04:00:00,3.26,4.98,328.9,28.42
2025-07-18 05:00:00,3.84,5.21,331.2,28.49
2025-07-18 06:00:00,4.48,5.1,331.8,29.28
2025-07-18 07:00:00,4.22,5.42,335.4,30.15
2025-07-18 08:00:00,4.12,5.7,333.4,31.2
2025-07-18 09:00:00,4.46,6.18,335.1,32.16
2025-07-18 10:00:00,4.89,6.77,340.0,32.92
2025-07-18 11:00:00,5.16,7.13,344.8,33.49
2025-07-18 12:00:00,5.22,7.16,348.7,34.07
2025-07-18 13:00:00,5.17,7.04,352.1,34.58
2025-07-18 14:00:00,5.18,7.04,354.0,34.8
2025-07-18 15:00:00,5.28,7.2,353.9,34.77
2025-07-18 16:00:00,5.39,7.46,352.2,34.56
2025-07-18 17:00:00,5.42,7.65,349.5,34.12
2025-07-18 18:00:00,4.72,7.88,346.2,33.05
2025-07-18 19:00:00,4.81,8.54,342.3,32.29
2025-07-18 20:00:00,5.17,9.17,339.9,31.87
2025-07-18 21:00:00,5.9,9.86,338.9,31.46
2025-07-18 22:00:00,7.36,10.6,339.1,30.92
2025-07-18 23:00:00,8.47,11.11,341.9,30.05
2025-07-19 00:00:00,8.89,11.08,343.2,29.17
2025-07-19 01:00:00,8.39,10.11,340.2,28.3
2025-07-19 02:00:00,7.9,9.42,338.6,27.7
2025-07-19 03:00:00,7.3,8.72,338.4,27.3
2025-07-19 04:00:00,6.57,7.92,338.1,26.99
2025-07-19 05:00:00,6.27,7.32,334.8,27.02
2025-07-19 06:00:00,6.52,7.28,331.2,27.79
2025-07-19 07:00:00,6.96,7.9,332.0,29.14
2025-07-19 08:00:00,6.87,8.37,332.1,30.5
2025-07-19 09:00:00,6.45,8.44,331.1,31.54
2025-07-19 10:00:00,6.21,8.42,331.2,32.21
2025-07-19 11:00:00,6.07,8.31,333.0,32.61
2025-07-19 12:00:00,5.96,8.18,336.4,32.78
2025-07-19 13:00:00,5.99,8.24,340.2,32.83
2025-07-19 14:00:00,6.09,8.42,343.0,32.81
2025-07-19 15:00:00,6.16,8.58,344.2,32.76
2025-07-19 16:00:00,6.13,8.69,342.9,32.76
2025-07-19 17:00:00,6.11,8.81,340.9,32.49
2025-07-19 18:00:00,5.29,8.75,337.2,31.48
2025-07-19 19:00:00,5.26,9.08,335.0,30.77
2025-07-19 20:00:00,5.56,9.36,337.1,30.45
2025-07-19 21:00:00,6.42,9.73,342.5,30.13
2025-07-19 22:00:00,7.5,10.07,345.4,29.63
2025-07-19 23:00:00,7.93,10.0,345.0,28.84
2025-07-20 00:00:00,7.49,9.14,342.6,28.01
2025-07-20 01:00:00,6.66,8.14,341.2,27.29
2025-07-20 02:00:00,5.85,7.29,340.7,26.74
2025-07-20 03:00:00,5.2,6.62,339.9,26.25
2025-07-20 04:00:00,4.93,6.35,339.1,25.83
2025-07-20 05:00:00,5.0,6.05,336.8,25.93
2025-07-20 06:00:00,5.54,6.13,334.1,26.89
2025-07-20 07:00:00,6.58,7.29,332.7,28.35
2025-07-20 08:00:00,7.31,8.17,330.8,29.65
2025-07-20 09:00:00,7.36,8.46,327.2,30.57
2025-07-20 10:00:00,7.03,8.5,323.4,31.37
2025-07-20 11:00:00,6.69,8.51,322.3,31.91
2025-07-20 12:00:00,6.47,8.56,324.4,32.26
2025-07-20 13:00:00,6.36,8.62,328.5,32.49
2025-07-20 14:00:00,6.3,8.69,332.1,32.64
2025-07-20 15:00:00,6.23,8.72,333.7,32.73
2025-07-20 16:00:00,6.19,8.78,333.7,32.71
2025-07-20 17:00:00,5.92,8.59,330.4,32.41
2025-07-20 18:00:00,5.02,8.63,324.3,31.17
2025-07-20 19:00:00,5.25,9.16,322.8,30.5
2025-07-20 20:00:00,5.26,9.03,325.8,30.15
2025-07-20 21:00:00,4.98,8.41,332.1,29.72
2025-07-20 22:00:00,4.75,7.78,343.2,29.26
2025-07-20 23:00:00,4.95,7.69,349.7,28.87
2025-07-21 00:00:00,5.54,7.81,348.3,28.37
2025-07-21 01:00:00,5.95,7.78,343.3,27.64
2025-07-21 02:00:00,6.1,7.56,333.9,27.01
2025-07-21 03:00:00,6.05,7.35,324.6,26.54
2025-07-21 04:00:00,6.0,7.29,318.4,26.23
2025-07-21 05:00:00,6.09,7.17,314.7,26.32
2025-07-21 06:00:00,6.57,7.36,316.0,27.29
2025-07-21 07:00:00,7.02,7.81,322.2,28.55
2025-07-21 08:00:00,6.94,7.79,324.2,29.57
2025-07-21 09:00:00,6.45,7.58,322.7,30.35
2025-07-21 10:00:00,5.69,7.22,324.6,31.0
2025-07-21 11:00:00,5.07,6.86,330.3,31.55
2025-07-21 12:00:00,4.78,6.59,338.0,32.08
2025-07-21 13:00:00,4.75,6.52,344.8,32.45
2025-07-21 14:00:00,4.8,6.6,349.4,32.64
2025-07-21 15:00:00,4.83,6.66,350.6,32.68
2025-07-21 16:00:00,4.79,6.67,349.4,32.59
2025-07-21 17:00:00,4.61,6.56,346.9,32.32
2025-07-21 18:00:00,3.77,6.46,342.0,31.1
2025-07-21 19:00:00,3.89,6.84,334.4,30.41
2025-07-21 20:00:00,4.02,7.21,329.8,30.07
2025-07-21 21:00:00,4.11,7.38,330.2,29.72
2025-07-21 22:00:00,4.14,7.31,334.5,29.41
2025-07-21 23:00:00,4.27,7.21,337.6,29.17
2025-07-22 00:00:00,4.54,7.14,336.4,28.84
2025-07-22 01:00:00,5.15,7.27,329.6,28.37
2025-07-22 02:00:00,6.05,7.62,323.3,27.73
2025-07-22 03:00:00,6.43,7.78,318.1,26.99
2025-07-22 04:00:00,6.47,7.72,314.2,26.54
2025-07-22 05:00:00,6.31,7.33,311.0,26.55
2025-07-22 06:00:00,6.31,7.04,309.6,27.47
2025-07-22 07:00:00,6.03,6.9,311.9,28.93
2025-07-22 08:00:00,5.2,6.62,315.2,30.35
2025-07-22 09:00:00,4.68,6.39,317.2,31.56
2025-07-22 10:00:00,4.68,6.45,318.0,32.65
2025-07-22 11:00:00,4.76,6.51,319.7,33.51
2025-07-22 12:00:00,4.75,6.39,321.9,34.17
2025-07-22 13:00:00,4.61,6.11,325.4,34.54
2025-07-22 14:00:00,4.38,5.74,331.0,34.79
2025-07-22 15:00:00,4.14,5.35,337.0,34.91
2025-07-22 16:00:00,3.89,5.04,341.6,34.84
2025-07-22 17:00:00,3.57,4.77,344.6,34.42
2025-07-22 18:00:00,2.93,4.55,343.3,32.79
2025-07-22 19:00:00,2.97,4.54,334.1,31.92
2025-07-22 20:00:00,3.12,4.89,324.9,31.27
2025-07-22 21:00:00,3.28,5.4,320.6,30.72
2025-07-22 22:00:00,3.35,5.79,320.2,30.34
2025-07-22 23:00:00,3.39,5.98,321.7,30.04
2025-07-23 00:00:00,3.6,6.22,322.4,29.73
2025-07-23 01:00:00,3.87,6.39,326.9,29.34
2025-07-23 02:00:00,4.09,6.32,330.2,28.92
2025-07-23 03:00:00,4.32,6.27,326.7,28.53
2025-07-23 04:00:00,4.72,6.45,319.7,28.14
2025-07-23 05:00:00,5.42,6.72,317.3,28.07
2025-07-23 06:00:00,5.74,6.69,316.7,28.87
2025-07-23 07:00:00,5.8,7.08,318.4,30.19
2025-07-23 08:00:00,5.45,7.15,320.3,31.69
2025-07-23 09:00:00,5.2,7.09,321.9,33.09
2025-07-23 10:00:00,5.32,7.22,322.4,34.28
2025-07-23 11:00:00,5.62,7.64,323.1,35.12
2025-07-23 12:00:00,5.93,8.12,324.1,35.6
2025-07-23 13:00:00,6.2,8.57,325.7,35.79
2025-07-23 14:00:00,6.38,8.88,328.2,35.78
2025-07-23 15:00:00,6.39,8.95,330.7,35.58
2025-07-23 16:00:00,6.25,8.83,332.2,35.23
2025-07-23 17:00:00,5.84,8.34,332.4,34.64
2025-07-23 18:00:00,4.77,8.1,329.7,33.31
2025-07-23 19:00:00,4.75,8.52,329.1,32.48
2025-07-23 20:00:00,4.71,8.47,334.4,31.99
2025-07-23 21:00:00,4.39,7.87,343.5,31.4
2025-07-23 22:00:00,4.08,7.3,348.3,30.84
2025-07-23 23:00:00,4.03,7.04,347.3,30.32
2025-07-24 00:00:00,4.54,7.18,339.4,29.83
2025-07-24 01:00:00,5.54,7.63,328.6,29.26
2025-07-24 02:00:00,6.32,8.08,325.7,28.63
2025-07-24 03:00:00,6.55,8.17,326.4,28.15
2025-07-24 04:00:00,6.54,8.07,327.4,27.77
2025-07-24 05:00:00,6.43,7.76,328.2,27.87
2025-07-24 06:00:00,6.33,7.22,324.7,28.85
2025-07-24 07:00:00,6.23,7.42,324.0,30.2
2025-07-24 08:00:00,5.88,7.59,328.5,31.96
2025-07-24 09:00:00,5.62,7.65,328.5,33.43
2025-07-24 10:00:00,5.63,7.65,325.2,34.56
2025-07-24 11:00:00,5.69,7.7,320.1,35.17
2025-07-24 12:00:00,5.63,7.62,318.1,35.32
2025-07-24 13:00:00,5.46,7.41,323.9,35.25
2025-07-24 14:00:00,5.43,7.4,335.2,35.1
2025-07-24 15:00:00,5.5,7.56,344.9,34.89
2025-07-24 16:00:00,5.43,7.53,350.6,34.6
2025-07-24 17:00:00,5.07,7.18,353.8,34.13
2025-07-24 18:00:00,4.12,7.0,353.8,32.68
2025-07-24 19:00:00,4.11,7.13,351.0,31.87
2025-07-24 20:00:00,4.02,6.97,348.8,31.4
2025-07-24 21:00:00,3.87,6.7,347.3,30.87
2025-07-24 22:00:00,3.7,6.43,347.4,30.33
2025-07-24 23:00:00,3.59,6.23,348.1,29.82
2025-07-25 00:00:00,3.47,5.97,345.5,29.38
2025-07-25 01:00:00,3.63,6.02,338.0,29.04
2025-07-25 02:00:00,4.25,6.5,328.6,28.72
2025-07-25 03:00:00,5.08,7.18,322.4,28.28
2025-07-25 04:00:00,5.69,7.63,319.4,27.84
2025-07-25 05:00:00,5.94,7.42,317.8,27.83
2025-07-25 06:00:00,5.98,6.7,315.1,28.85
2025-07-25 07:00:00,5.77,6.82,317.7,30.07
2025-07-25 08:00:00,5.28,7.01,324.5,31.45
2025-07-25 09:00:00,5.15,7.13,326.8,32.77
2025-07-25 10:00:00,5.3,7.32,325.0,33.72
2025-07-25 11:00:00,5.53,7.66,322.6,34.24
2025-07-25 12:00:00,5.73,8.0,322.9,34.48
2025-07-25 13:00:00,5.84,8.2,324.8,34.59
2025-07-25 14:00:00,5.9,8.34,327.2,34.67
2025-07-25 15:00:00,5.99,8.51,328.9,34.67
2025-07-25 16:00:00,6.07,8.7,329.6,34.5
2025-07-25 17:00:00,5.71,8.35,329.5,34.01
2025-07-25 18:00:00,4.6,8.05,327.8,32.62
2025-07-25 19:00:00,4.44,7.97,328.4,31.87
2025-07-25 20:00:00,4.2,7.47,330.6,31.42
2025-07-25 21:00:00,3.97,6.99,332.8,30.95
2025-07-25 22:00:00,3.96,7.02,334.9,30.55
2025-07-25 23:00:00,4.35,7.64,336.5,30.31
2025-07-26 00:00:00,5.01,8.22,337.1,30.09
2025-07-26 01:00:00,5.32,8.03,335.3,29.63
2025-07-26 02:00:00,5.37,7.56,331.0,29.08
2025-07-26 03:00:00,5.29,7.16,325.8,28.6
2025-07-26 04:00:00,5.09,6.83,320.9,28.23
2025-07-26 05:00:00,5.16,6.54,317.0,28.3
2025-07-26 06:00:00,5.31,6.06,314.3,29.21
2025-07-26 07:00:00,4.89,5.92,316.8,30.22
2025-07-26 08:00:00,4.13,5.51,321.3,31.11
2025-07-26 09:00:00,3.74,5.03,320.6,32.1
2025-07-26 10:00:00,3.49,4.58,320.7,33.08
2025-07-26 11:00:00,3.21,4.12,326.6,34.17
2025-07-26 12:00:00,3.28,4.16,338.6,35.15
2025-07-26 13:00:00,3.65,4.66,350.4,35.56
2025-07-26 14:00:00,4.02,5.19,358.2,35.67
2025-07-26 15:00:00,4.24,5.55,1.1,35.67
2025-07-26 16:00:00,4.22,5.59,359.4,35.64
2025-07-26 17:00:00,3.53,4.89,357.0,35.28
2025-07-26 18:00:00,2.53,3.76,354.7,34.16
2025-07-26 19:00:00,1.95,2.76,348.1,34.15
2025-07-26 20:00:00,1.33,1.86,333.8,33.88
2025-07-26 21:00:00,0.88,1.24,306.8,33.07
2025-07-26 22:00:00,0.66,0.97,278.3,32.2
2025-07-26 23:00:00,0.66,0.98,278.2,31.64
2025-07-27 00:00:00,0.73,1.08,294.0,31.36
2025-07-27 01:00:00,0.79,1.18,299.4,31.14
2025-07-27 02:00:00,0.85,1.29,296.2,30.89
2025-07-27 03:00:00,1.01,1.56,283.3,30.56
2025-07-27 04:00:00,1.4,2.24,271.8,30.16
2025-07-27 05:00:00,1.76,2.79,270.8,29.91
2025-07-27 06:00:00,2.01,2.81,274.1,30.7
2025-07-27 07:00:00,1.72,2.23,284.3,31.64
2025-07-27 08:00:00,1.48,1.86,305.6,33.28
2025-07-27 09:00:00,1.69,2.11,330.8,34.43
2025-07-27 10:00:00,2.2,2.72,350.1,35.16
2025-07-27 11:00:00,2.77,3.42,4.7,36.05
2025-07-27 12:00:00,3.2,3.99,13.9,36.76
2025-07-27 13:00:00,3.48,4.39,19.4,37.14
2025-07-27 14:00:00,3.62,4.58,20.8,37.35
2025-07-27 15:00:00,3.6,4.58,19.4,37.33
2025-07-27 16:00:00,3.49,4.46,16.9,37.13
2025-07-27 17:00:00,3.14,4.21,16.4,36.64
2025-07-27 18:00:00,2.54,3.81,17.6,35.19
2025-07-27 19:00:00,2.32,3.36,13.6,34.76
2025-07-27 20:00:00,2.1,3.01,3.8,34.52
2025-07-27 21:00:00,2.14,3.12,349.3,33.71
2025-07-27 22:00:00,2.67,4.14,339.9,32.36
2025-07-27 23:00:00,3.46,5.9,337.4,31.43
2025-07-28 00:00:00,4.41,7.68,336.1,30.96
2025-07-28 01:00:00,5.95,8.57,332.3,30.43
2025-07-28 02:00:00,6.5,8.42,329.0,29.62
2025-07-28 03:00:00,6.38,8.04,327.0,29.06
2025-07-28 04:00:00,6.06,7.6,325.1,28.75
2025-07-28 05:00:00,5.88,7.15,322.2,28.8
2025-07-28 06:00:00,5.87,6.6,319.1,29.6
2025-07-28 07:00:00,5.55,6.61,319.8,30.8
2025-07-28 08:00:00,4.98,6.65,321.5,32.06
2025-07-28 09:00:00,4.72,6.56,323.5,33.36
2025-07-28 10:00:00,4.64,6.33,329.4,34.48
2025-07-28 11:00:00,4.68,6.27,337.8,35.43
2025-07-28 12:00:00,4.8,6.4,343.0,36.02
2025-07-28 13:00:00,4.95,6.63,344.5,36.36
2025-07-28 14:00:00,5.07,6.83,344.8,36.47
2025-07-28 15:00:00,5.11,6.92,345.5,36.4
2025-07-28 16:00:00,5.01,6.81,346.4,36.14
2025-07-28 17:00:00,4.5,6.24,347.8,35.6
2025-07-28 18:00:00,3.5,5.68,347.1,34.02
2025-07-28 19:00:00,3.47,5.58,340.1,33.13
2025-07-28 20:00:00,3.53,5.82,331.9,32.49
2025-07-28 21:00:00,3.69,6.42,326.3,31.86
2025-07-28 22:00:00,4.13,7.39,325.4,31.37
2025-07-28 23:00:00,4.98,8.29,326.2,31.0
2025-07-29 00:00:00,5.88,8.72,327.6,30.62
2025-07-29 01:00:00,6.49,8.76,327.8,30.09
2025-07-29 02:00:00,6.68,8.52,328.0,29.52
2025-07-29 03:00:00,6.49,8.07,330.0,29.01
2025-07-29 04:00:00,6.08,7.51,331.6,28.59
2025-07-29 05:00:00,5.9,7.04,330.7,28.52
2025-07-29 06:00:00,6.37,7.15,330.6,29.17
2025-07-29 07:00:00,7.02,8.0,332.8,30.22
2025-07-29 08:00:00,6.98,8.16,330.9,31.02
2025-07-29 09:00:00,6.66,8.09,326.7,31.67
2025-07-29 10:00:00,6.33,8.14,325.9,32.3
2025-07-29 11:00:00,6.33,8.44,329.1,32.84
2025-07-29 12:00:00,6.53,8.87,332.8,33.3
2025-07-29 13:00:00,6.67,9.25,335.7,33.76
2025-07-29 14:00:00,6.76,9.51,337.9,34.13
2025-07-29 15:00:00,6.8,9.68,338.9,34.34
2025-07-29 16:00:00,6.83,9.84,339.0,34.39
2025-07-29 17:00:00,6.34,9.34,338.3,34.04
2025-07-29 18:00:00,5.25,8.97,337.4,33.04
2025-07-29 19:00:00,5.03,8.97,340.6,32.47
2025-07-29 20:00:00,4.81,8.6,345.4,32.12
2025-07-29 21:00:00,4.5,8.04,350.6,31.66
2025-07-29 22:00:00,4.25,7.47,350.4,31.15
2025-07-29 23:00:00,4.69,7.53,341.3,30.67
2025-07-30 00:00:00,5.93,8.15,332.6,30.03
2025-07-30 01:00:00,6.87,8.72,329.8,29.28
2025-07-30 02:00:00,7.08,8.59,328.0,28.64
2025-07-30 03:00:00,6.84,8.17,325.1,28.09
2025-07-30 04:00:00,6.64,7.9,323.0,27.69
2025-07-30 05:00:00,6.62,7.68,322.1,27.61
2025-07-30 06:00:00,6.94,7.72,320.6,28.36
2025-07-30 07:00:00,7.13,7.95,320.9,29.56
2025-07-30 08:00:00,6.73,7.83,320.9,30.69
2025-07-30 09:00:00,6.14,7.65,318.6,31.59
2025-07-30 10:00:00,5.43,7.24,321.5,32.25
2025-07-30 11:00:00,4.88,6.66,333.1,32.83
2025-07-30 12:00:00,4.88,6.58,348.1,33.39
2025-07-30 13:00:00,5.15,6.94,357.4,33.89
2025-07-30 14:00:00,5.38,7.33,359.1,34.2
2025-07-30 15:00:00,5.51,7.62,355.6,34.42
2025-07-30 16:00:00,5.63,7.91,350.4,34.44
2025-07-30 17:00:00,5.39,7.73,347.4,34.13
2025-07-30 18:00:00,4.42,7.62,346.0,32.97
2025-07-30 19:00:00,4.44,7.98,342.9,32.24
2025-07-30 20:00:00,4.65,8.35,339.5,31.73
2025-07-30 21:00:00,4.97,8.62,336.3,31.21
2025-07-30 22:00:00,5.56,8.84,333.6,30.75
2025-07-30 23:00:00,6.58,9.24,333.5,30.25
2025-07-31 00:00:00,7.44,9.67,336.1,29.63
2025-07-31 01:00:00,7.86,9.78,339.3,29.07
2025-07-31 02:00:00,7.41,9.02,339.9,28.46
2025-07-31 03:00:00,6.87,8.36,339.0,27.99
2025-07-31 04:00:00,6.34,7.75,337.8,27.66
2025-07-31 05:00:00,6.23,7.38,336.2,27.57
2025-07-31 06:00:00,6.66,7.43,334.7,28.13
2025-07-31 07:00:00,7.2,8.04,332.6,29.27
2025-07-31 08:00:00,7.42,8.3,330.8,30.09
2025-07-31 09:00:00,7.26,8.29,330.7,30.77
2025-07-31 10:00:00,6.85,8.25,333.7,31.48
2025-07-31 11:00:00,6.39,8.36,338.7,32.31
2025-07-31 12:00:00,6.33,8.63,342.2,33.06
2025-07-31 13:00:00,6.43,8.88,343.8,33.52
2025-07-31 14:00:00,6.5,9.07,343.7,33.75
2025-07-31 15:00:00,6.53,9.2,342.9,33.8
2025-07-31 16:00:00,6.49,9.23,342.9,33.62
2025-07-31 17:00:00,6.1,8.82,343.6,33.17
2025-07-31 18:00:00,5.03,8.36,343.7,32.17
2025-07-31 19:00:00,4.64,8.17,341.4,31.46
2025-07-31 20:00:00,4.49,7.93,337.8,30.99
2025-07-31 21:00:00,4.62,7.96,333.7,30.58
2025-07-31 22:00:00,5.33,8.35,331.5,30.25
2025-07-31 23:00:00,6.33,8.82,333.4,29.89
2025-08-01 00:00:00,6.9,8.95,337.6,29.38
2025-08-01 01:00:00,6.72,8.34,339.1,28.74
2025-08-01 02:00:00,6.17,7.62,338.9,28.19
2025-08-01 03:00:00,5.75,7.16,338.2,27.84
2025-08-01 04:00:00,5.44,6.83,337.6,27.53
2025-08-01 05:00:00,5.56,6.66,336.6,27.44
2025-08-01 06:00:00,6.62,7.46,336.2,28.15
2025-08-01 07:00:00,7.27,8.03,334.8,28.9
2025-08-01 08:00:00,7.28,7.95,332.0,29.3
2025-08-01 09:00:00,7.2,7.83,331.1,29.72
2025-08-01 10:00:00,7.26,7.91,331.8,30.16
2025-08-01 11:00:00,7.4,8.11,334.0,30.56
2025-08-01 12:00:00,7.45,8.3,337.0,30.97
2025-08-01 13:00:00,7.23,8.37,339.7,31.38
2025-08-01 14:00:00,6.83,8.34,342.8,31.67
2025-08-01 15:00:00,6.41,8.23,345.3,31.81
2025-08-01 16:00:00,6.04,8.04,347.1,31.74
2025-08-01 17:00:00,5.46,7.53,349.1,31.46
2025-08-01 18:00:00,4.01,6.45,352.7,30.65
2025-08-01 19:00:00,3.28,5.63,350.7,30.08
2025-08-01 20:00:00,3.0,5.11,342.9,29.88
2025-08-01 21:00:00,3.0,5.11,334.0,29.7
2025-08-01 22:00:00,3.44,5.85,329.9,29.53
2025-08-01 23:00:00,4.94,7.43,331.5,29.47
2025-08-02 00:00:00,6.95,8.97,336.5,29.15
2025-08-02 01:00:00,7.4,8.97,339.6,28.47
2025-08-02 02:00:00,7.01,8.42,336.3,27.92
2025-08-02 03:00:00,6.77,8.18,334.3,27.54
2025-08-02 04:00:00,6.57,7.96,337.2,27.3
2025-08-02 05:00:00,6.17,7.3,339.3,27.24
2025-08-02 06:00:00,6.38,7.17,338.2,27.8
2025-08-02 07:00:00,7.03,7.84,334.7,28.73
2025-08-02 08:00:00,7.5,8.31,328.4,29.68
2025-08-02 09:00:00,7.39,8.23,322.7,30.44
2025-08-02 10:00:00,6.86,7.81,319.8,30.95
2025-08-02 11:00:00,6.15,7.13,321.2,31.19
2025-08-02 12:00:00,5.4,6.39,329.8,31.32
2025-08-02 13:00:00,4.95,5.95,342.7,31.41
2025-08-02 14:00:00,4.8,5.9,353.1,31.43
2025-08-02 15:00:00,4.82,6.04,358.5,31.41
2025-08-02 16:00:00,4.68,6.19,358.0,31.41
2025-08-02 17:00:00,4.31,6.0,353.4,31.26
2025-08-02 18:00:00,3.41,5.61,348.9,30.65
2025-08-02 19:00:00,3.04,5.32,343.6,30.15
2025-08-02 20:00:00,2.94,5.06,336.4,29.88
2025-08-02 21:00:00,2.87,4.89,330.6,29.57
2025-08-02 22:00:00,3.0,4.9,326.6,29.3
2025-08-02 23:00:00,3.7,5.46,324.4,29.1
2025-08-03 00:00:00,4.73,6.46,323.6,28.85
2025-08-03 01:00:00,5.83,7.48,325.0,28.54
2025-08-03 02:00:00,6.32,7.76,328.5,28.13
2025-08-03 03:00:00,6.15,7.49,330.2,27.86
2025-08-03 04:00:00,5.83,7.11,329.4,27.7
2025-08-03 05:00:00,5.7,6.75,329.6,27.64
2025-08-03 06:00:00,6.1,6.82,332.9,28.28
2025-08-03 07:00:00,6.48,7.2,333.1,29.32
2025-08-03 08:00:00,6.4,7.33,328.6,30.38
2025-08-03 09:00:00,5.94,7.26,321.8,31.33
2025-08-03 10:00:00,5.35,6.94,317.6,31.89
2025-08-03 11:00:00,4.75,6.44,318.2,32.23
2025-08-03 12:00:00,4.35,5.92,326.6,32.52
2025-08-03 13:00:00,4.21,5.65,340.6,32.66
2025-08-03 14:00:00,4.29,5.7,354.6,32.69
2025-08-03 15:00:00,4.4,5.9,2.5,32.65
2025-08-03 16:00:00,4.31,5.9,2.5,32.65
2025-08-03 17:00:00,4.05,5.67,357.1,32.51
2025-08-03 18:00:00,3.28,5.47,347.6,31.73
2025-08-03 19:00:00,3.38,5.84,339.8,31.29
2025-08-03 20:00:00,3.58,6.35,335.4,31.02
2025-08-03 21:00:00,3.84,6.9,334.1,30.66
2025-08-03 22:00:00,4.38,7.56,335.7,30.32
2025-08-03 23:00:00,5.35,8.14,337.6,29.99
2025-08-04 00:00:00,6.39,8.66,338.7,29.51
2025-08-04 01:00:00,6.98,8.93,338.9,28.93
2025-08-04 02:00:00,7.17,8.87,335.6,28.35
2025-08-04 03:00:00,7.02,8.54,331.2,27.75
2025-08-04 04:00:00,6.83,8.25,330.9,27.3
2025-08-04 05:00:00,6.64,7.85,329.9,27.16
2025-08-04 06:00:00,6.99,7.82,328.4,27.83
2025-08-04 07:00:00,7.41,8.22,325.7,28.98
2025-08-04 08:00:00,7.42,8.27,322.2,30.16
2025-08-04 09:00:00,7.0,8.04,321.1,31.1
2025-08-04 10:00:00,6.4,7.64,323.5,31.69
2025-08-04 11:00:00,5.65,7.1,329.6,32.07
2025-08-04 12:00:00,5.07,6.63,338.4,32.32
2025-08-04 13:00:00,4.91,6.49,348.7,32.55
2025-08-04 14:00:00,4.99,6.61,355.7,32.7
2025-08-04 15:00:00,5.04,6.78,357.4,32.71
2025-08-04 16:00:00,4.97,6.83,356.3,32.6
2025-08-04 17:00:00,4.69,6.64,354.7,32.36
2025-08-04 18:00:00,3.67,6.29,353.8,31.41
2025-08-04 19:00:00,3.56,6.23,348.8,30.87
2025-08-04 20:00:00,3.64,6.42,342.8,30.59
2025-08-04 21:00:00,3.81,6.72,338.4,30.29
2025-08-04 22:00:00,4.2,7.17,336.2,29.97
2025-08-04 23:00:00,5.17,7.82,335.7,29.65
2025-08-05 00:00:00,6.42,8.59,337.2,29.11
2025-08-05 01:00:00,6.9,8.6,339.2,28.45
2025-08-05 02:00:00,6.75,8.24,336.5,27.86
2025-08-05 03:00:00,6.68,8.11,331.3,27.41
2025-08-05 04:00:00,6.69,8.08,331.0,27.16
2025-08-05 05:00:00,6.55,7.76,331.3,27.18
2025-08-05 06:00:00,6.88,7.68,331.5,27.82
2025-08-05 07:00:00,7.14,7.92,330.2,28.87
2025-08-05 08:00:00,7.19,7.97,327.0,30.0
2025-08-05 09:00:00,6.91,7.87,325.6,30.8
2025-08-05 10:00:00,6.63,7.83,327.4,31.35
2025-08-05 11:00:00,6.43,7.81,330.5,31.73
2025-08-05 12:00:00,6.25,7.82,333.6,32.01
2025-08-05 13:00:00,6.11,7.88,335.5,32.2
2025-08-05 14:00:00,6.05,8.0,335.5,32.33
2025-08-05 15:00:00,6.09,8.22,334.1,32.36
2025-08-05 16:00:00,6.28,8.57,331.4,32.26
2025-08-05 17:00:00,6.54,9.0,326.6,32.0
2025-08-05 18:00:00,6.71,9.58,321.6,31.35
2025-08-05 19:00:00,7.49,10.18,321.1,30.84
2025-08-05 20:00:00,7.67,10.13,322.7,30.37
2025-08-05 21:00:00,7.63,9.81,326.3,29.88
2025-08-05 22:00:00,7.68,9.56,332.0,29.35
2025-08-05 23:00:00,8.0,9.64,336.9,28.71
2025-08-06 00:00:00,8.2,9.67,338.9,28.04
2025-08-06 01:00:00,8.3,9.85,339.4,27.45
2025-08-06 02:00:00,8.79,10.49,339.4,26.92
2025-08-06 03:00:00,9.03,10.73,337.1,26.42
2025-08-06 04:00:00,9.08,10.76,335.3,26.05
2025-08-06 05:00:00,9.28,10.86,334.4,25.81
2025-08-06 06:00:00,9.83,11.14,333.3,26.19
2025-08-06 07:00:00,10.32,11.56,330.7,26.91
2025-08-06 08:00:00,10.77,11.92,327.6,27.73
2025-08-06 09:00:00,10.98,12.1,324.3,28.68
2025-08-06 10:00:00,10.92,12.1,322.7,29.7
2025-08-06 11:00:00,10.67,11.96,323.6,30.62
2025-08-06 12:00:00,10.35,11.85,325.0,31.33
2025-08-06 13:00:00,10.09,11.87,325.7,31.85
2025-08-06 14:00:00,9.78,11.89,324.7,32.31
2025-08-06 15:00:00,9.5,12.03,323.2,32.83
2025-08-06 16:00:00,9.59,12.36,322.3,32.96
2025-08-06 17:00:00,9.44,12.22,320.5,32.57
2025-08-06 18:00:00,8.87,11.92,319.5,31.74
2025-08-06 19:00:00,9.02,11.94,324.3,31.22
2025-08-06 20:00:00,8.9,11.52,331.8,30.65
2025-08-06 21:00:00,8.96,11.21,337.5,29.96
2025-08-06 22:00:00,9.2,11.01,338.5,29.09
2025-08-06 23:00:00,9.1,10.68,336.0,28.29
2025-08-07 00:00:00,8.99,10.51,332.4,27.7
2025-08-07 01:00:00,9.19,10.73,330.8,27.2
2025-08-07 02:00:00,9.79,11.66,333.5,26.91
2025-08-07 03:00:00,10.08,11.97,335.3,26.67
2025-08-07 04:00:00,9.97,11.9,335.8,26.43
2025-08-07 05:00:00,9.95,11.74,334.2,26.27
2025-08-07 06:00:00,10.59,12.1,332.3,26.62
2025-08-07 07:00:00,11.11,12.55,333.4,27.51
2025-08-07 08:00:00,11.49,12.91,334.3,28.7
2025-08-07 09:00:00,11.69,13.21,331.6,29.99
2025-08-07 10:00:00,11.52,13.25,327.0,31.25
2025-08-07 11:00:00,11.34,13.29,323.2,32.15
2025-08-07 12:00:00,11.04,13.15,320.4,32.74
2025-08-07 13:00:00,10.65,13.01,318.8,33.21
2025-08-07 14:00:00,10.33,12.92,318.5,33.44
2025-08-07 15:00:00,10.1,12.87,319.5,33.44
2025-08-07 16:00:00,9.97,12.8,321.4,33.15
2025-08-07 17:00:00,9.45,12.17,322.0,32.41
2025-08-07 18:00:00,8.46,11.33,320.1,31.51
2025-08-07 19:00:00,8.58,11.4,320.0,31.08
2025-08-07 20:00:00,8.8,11.49,321.7,30.75
2025-08-07 21:00:00,9.27,11.64,323.6,30.22
2025-08-07 22:00:00,10.11,12.07,325.4,29.36
2025-08-07 23:00:00,10.77,12.48,326.8,28.41
2025-08-08 00:00:00,11.07,12.74,328.0,27.86
2025-08-08 01:00:00,10.86,12.49,327.8,27.45
2025-08-08 02:00:00,11.02,12.93,329.5,27.12
2025-08-08 03:00:00,10.74,12.52,330.3,26.81
2025-08-08 04:00:00,10.27,12.02,330.9,26.59
2025-08-08 05:00:00,9.98,11.66,330.9,26.47
2025-08-08 06:00:00,10.12,11.53,329.1,26.82
2025-08-08 07:00:00,10.22,11.44,325.4,27.57
2025-08-08 08:00:00,9.92,11.0,322.5,28.68
2025-08-08 09:00:00,9.08,10.19,319.0,29.85
2025-08-08 10:00:00,7.96,9.37,315.5,30.98
2025-08-08 11:00:00,6.85,8.67,315.4,31.78
2025-08-08 12:00:00,6.07,8.14,319.9,32.26
2025-08-08 13:00:00,5.73,7.82,327.8,32.54
2025-08-08 14:00:00,5.68,7.76,335.8,32.6
2025-08-08 15:00:00,5.73,7.88,341.7,32.51
2025-08-08 16:00:00,5.77,8.03,342.8,32.27
2025-08-08 17:00:00,5.61,8.01,339.9,31.92
2025-08-08 18:00:00,4.88,8.15,334.6,31.25
2025-08-08 19:00:00,5.14,8.81,328.4,31.0
2025-08-08 20:00:00,5.59,9.13,326.6,30.78
2025-08-08 21:00:00,5.88,9.0,327.3,30.38
2025-08-08 22:00:00,6.19,8.88,326.5,29.93
2025-08-08 23:00:00,6.72,9.0,323.8,29.5
2025-08-09 00:00:00,7.12,9.05,322.0,29.04
2025-08-09 01:00:00,7.61,9.27,321.1,28.54
2025-08-09 02:00:00,8.14,9.68,320.9,28.01
2025-08-09 03:00:00,8.35,9.86,320.8,27.66
2025-08-09 04:00:00,8.19,9.66,319.2,27.41
2025-08-09 05:00:00,8.03,9.35,317.7,27.29
2025-08-09 06:00:00,8.19,9.22,319.8,27.91
2025-08-09 07:00:00,8.05,9.12,322.1,28.92
2025-08-09 08:00:00,7.44,8.71,322.0,30.03
2025-08-09 09:00:00,6.52,8.28,321.1,31.2
2025-08-09 10:00:00,5.75,7.85,320.0,32.19
2025-08-09 11:00:00,5.27,7.27,320.7,32.99
2025-08-09 12:00:00,4.96,6.71,331.3,33.56
2025-08-09 13:00:00,4.92,6.54,345.3,33.83
2025-08-09 14:00:00,4.94,6.58,356.0,33.87
2025-08-09 15:00:00,4.88,6.54,358.6,33.92
2025-08-09 16:00:00,4.81,6.5,356.2,34.01
2025-08-09 17:00:00,4.73,6.73,358.9,33.76
2025-08-09 18:00:00,4.26,7.32,359.8,32.62
2025-08-09 19:00:00,4.26,7.52,355.1,32.09
2025-08-09 20:00:00,4.25,7.57,348.2,31.75
2025-08-09 21:00:00,4.25,7.6,340.2,31.39
2025-08-09 22:00:00,4.41,7.76,333.0,31.04
2025-08-09 23:00:00,4.67,7.92,327.4,30.76
2025-08-10 00:00:00,4.92,7.94,324.2,30.5
2025-08-10 01:00:00,5.28,7.98,321.5,30.28
2025-08-10 02:00:00,6.0,8.38,317.6,29.89
2025-08-10 03:00:00,6.72,8.79,313.3,29.34
2025-08-10 04:00:00,7.24,9.08,310.8,28.84
2025-08-10 05:00:00,7.84,9.38,309.0,28.54
2025-08-10 06:00:00,8.02,9.23,309.2,29.02
2025-08-10 07:00:00,7.83,9.48,313.7,30.17
2025-08-10 08:00:00,7.61,9.97,316.7,31.77
2025-08-10 09:00:00,7.42,10.31,317.6,33.36
2025-08-10 10:00:00,7.12,10.03,318.0,34.6
2025-08-10 11:00:00,6.43,8.97,319.8,35.4
2025-08-10 12:00:00,5.68,7.69,325.7,35.83
2025-08-10 13:00:00,5.09,6.71,337.2,36.02
2025-08-10 14:00:00,4.96,6.55,349.0,35.97
2025-08-10 15:00:00,5.08,6.82,355.0,35.74
2025-08-10 16:00:00,5.21,7.13,353.6,35.34
2025-08-10 17:00:00,5.15,7.45,346.5,34.61
2025-08-10 18:00:00,5.09,8.39,335.6,33.55
2025-08-10 19:00:00,5.91,9.76,326.9,33.14
2025-08-10 20:00:00,6.7,10.64,325.0,32.92
2025-08-10 21:00:00,6.86,10.57,327.2,32.51
2025-08-10 22:00:00,6.86,10.23,326.9,31.98
2025-08-10 23:00:00,7.27,10.3,320.0,31.52
2025-08-11 00:00:00,7.61,10.41,314.2,31.07
2025-08-11 01:00:00,7.62,10.25,309.7,30.77
2025-08-11 02:00:00,7.85,10.35,304.0,30.65
2025-08-11 03:00:00,7.76,10.14,301.5,30.47
2025-08-11 04:00:00,7.3,9.52,302.9,30.18
2025-08-11 05:00:00,7.36,9.27,306.0,29.94
2025-08-11 06:00:00,7.73,9.33,313.7,30.32
2025-08-11 07:00:00,7.52,9.33,316.4,31.05
2025-08-11 08:00:00,7.56,9.92,322.3,32.12
2025-08-11 09:00:00,7.58,10.3,323.6,33.09
2025-08-11 10:00:00,7.45,10.25,321.2,33.77
2025-08-11 11:00:00,7.0,9.77,320.4,34.29
2025-08-11 12:00:00,6.36,8.91,322.0,34.71
2025-08-11 13:00:00,5.76,7.91,328.4,35.01
2025-08-11 14:00:00,5.29,7.07,341.2,35.25
2025-08-11 15:00:00,5.08,6.72,354.5,35.26
2025-08-11 16:00:00,5.09,6.84,359.9,35.07
2025-08-11 17:00:00,4.9,7.21,356.0,34.69
2025-08-11 18:00:00,4.71,7.96,343.6,33.85
2025-08-11 19:00:00,5.25,8.92,329.3,33.58
2025-08-11 20:00:00,5.65,9.4,319.8,33.26
2025-08-11 21:00:00,5.8,9.5,314.0,32.7
2025-08-11 22:00:00,6.12,9.61,310.8,32.09
2025-08-11 23:00:00,6.6,9.95,306.0,31.47
2025-08-12 00:00:00,7.77,10.78,304.3,30.94
2025-08-12 01:00:00,8.41,10.97,307.7,30.28
2025-08-12 02:00:00,8.36,10.69,311.2,29.75
2025-08-12 03:00:00,8.38,10.53,313.4,29.28
2025-08-12 04:00:00,8.72,10.65,312.3,28.78
2025-08-12 05:00:00,9.16,10.85,309.6,28.49
2025-08-12 06:00:00,9.29,10.78,308.7,28.88
2025-08-12 07:00:00,9.05,10.89,312.7,30.01
2025-08-12 08:00:00,8.42,10.69,314.5,31.27
2025-08-12 09:00:00,7.99,10.51,314.7,32.34
2025-08-12 10:00:00,7.61,10.36,312.7,33.22
2025-08-12 11:00:00,7.02,9.74,312.1,34.16
2025-08-12 12:00:00,6.35,8.79,314.7,35.08
2025-08-12 13:00:00,5.96,8.12,320.7,35.81
2025-08-12 14:00:00,5.83,7.86,327.5,36.28
2025-08-12 15:00:00,6.01,8.2,331.3,36.4
2025-08-12 16:00:00,6.4,8.95,332.4,36.13
2025-08-12 17:00:00,6.6,9.81,331.2,35.22
2025-08-12 18:00:00,6.77,10.72,328.6,33.93
2025-08-12 19:00:00,7.31,11.27,326.4,33.02
2025-08-12 20:00:00,7.58,11.27,322.9,32.34
2025-08-12 21:00:00,7.67,11.0,316.9,31.85
2025-08-12 22:00:00,7.9,10.89,306.3,31.32
2025-08-12 23:00:00,8.41,11.05,300.4,30.78
2025-08-13 00:00:00,8.2,10.56,299.9,30.25
2025-08-13 01:00:00,7.41,9.61,301.3,29.84
2025-08-13 02:00:00,6.64,8.83,303.4,29.59
2025-08-13 03:00:00,6.5,8.68,304.6,29.42
2025-08-13 04:00:00,6.97,8.96,306.9,29.11
2025-08-13 05:00:00,7.44,9.1,309.2,28.78
2025-08-13 06:00:00,7.61,9.03,311.2,29.09
2025-08-13 07:00:00,7.45,9.09,314.3,29.89
2025-08-13 08:00:00,6.83,8.8,315.8,31.02
2025-08-13 09:00:00,6.02,8.17,314.4,32.29
2025-08-13 10:00:00,5.42,7.36,310.9,33.48
2025-08-13 11:00:00,4.89,6.43,311.5,34.47
2025-08-13 12:00:00,4.32,5.57,313.8,35.47
2025-08-13 13:00:00,3.83,4.85,322.5,36.57
2025-08-13 14:00:00,3.64,4.55,335.2,37.44
2025-08-13 15:00:00,3.7,4.65,343.1,37.89
2025-08-13 16:00:00,4.03,5.17,346.6,37.74
2025-08-13 17:00:00,4.47,6.36,348.8,36.37
2025-08-13 18:00:00,4.7,8.09,344.3,34.6
2025-08-13 19:00:00,5.68,9.66,337.0,34.09
2025-08-13 20:00:00,6.48,10.33,331.1,33.62
2025-08-13 21:00:00,7.04,10.65,324.0,33.03
2025-08-13 22:00:00,7.37,10.5,322.0,32.31
2025-08-13 23:00:00,7.22,10.02,319.2,31.69
2025-08-14 00:00:00,7.53,10.16,312.7,31.15
2025-08-14 01:00:00,8.1,10.45,307.5,30.51
2025-08-14 02:00:00,8.48,10.63,304.6,30.03
2025-08-14 03:00:00,8.59,10.6,303.7,29.77
2025-08-14 04:00:00,8.61,10.54,302.8,29.57
2025-08-14 05:00:00,8.68,10.45,302.1,29.4
2025-08-14 06:00:00,8.62,10.26,301.6,29.72
2025-08-14 07:00:00,8.3,10.17,303.4,30.58
2025-08-14 08:00:00,7.36,9.52,308.3,32.04
2025-08-14 09:00:00,6.75,9.08,311.0,33.51
2025-08-14 10:00:00,6.62,9.08,313.5,34.73
2025-08-14 11:00:00,7.01,9.77,315.7,35.65
2025-08-14 12:00:00,7.27,10.25,318.1,36.37
2025-08-14 13:00:00,7.49,10.67,320.1,37.01
2025-08-14 14:00:00,7.9,11.35,322.9,37.43
2025-08-14 15:00:00,8.54,12.41,325.9,37.47
2025-08-14 16:00:00,9.08,13.25,326.5,37.02
2025-08-14 17:00:00,9.1,13.5,326.0,36.18
2025-08-14 18:00:00,8.67,13.1,327.2,35.14
2025-08-14 19:00:00,8.47,12.55,333.4,34.32
2025-08-14 20:00:00,8.19,11.9,336.6,33.58
2025-08-14 21:00:00,8.43,11.72,330.1,32.79
2025-08-14 22:00:00,9.2,12.08,324.0,31.85
2025-08-14 23:00:00,9.53,12.06,320.9,31.0
2025-08-15 00:00:00,9.77,11.91,317.4,30.19
2025-08-15 01:00:00,9.96,11.85,316.0,29.54
2025-08-15 02:00:00,9.94,11.7,315.8,29.0
2025-08-15 03:00:00,9.81,11.53,315.4,28.71
2025-08-15 04:00:00,9.58,11.29,315.3,28.51
2025-08-15 05:00:00,9.47,11.03,310.6,28.38
2025-08-15 06:00:00,10.42,11.76,306.5,28.67
2025-08-15 07:00:00,10.32,11.89,313.9,29.84
2025-08-15 08:00:00,9.26,11.33,323.6,31.86
2025-08-15 09:00:00,8.61,11.06,328.8,33.96
2025-08-15 10:00:00,8.11,10.97,330.4,35.49
2025-08-15 11:00:00,7.59,10.55,331.8,36.58
2025-08-15 12:00:00,7.22,10.04,331.8,37.34
2025-08-15 13:00:00,7.14,9.95,330.2,37.75
2025-08-15 14:00:00,7.41,10.45,328.9,37.82
2025-08-15 15:00:00,7.88,11.31,327.9,37.56
2025-08-15 16:00:00,8.42,12.24,327.0,36.9
2025-08-15 17:00:00,8.99,13.18,326.6,35.82
2025-08-15 18:00:00,10.25,14.35,325.4,34.66
2025-08-15 19:00:00,11.14,14.46,325.3,33.3
2025-08-15 20:00:00,10.82,13.72,331.5,32.05
2025-08-15 21:00:00,10.62,13.21,333.1,31.11
2025-08-15 22:00:00,10.55,12.84,332.5,30.32
2025-08-15 23:00:00,10.36,12.42,332.7,29.63
2025-08-16 00:00:00,10.15,12.04,332.8,29.09
2025-08-16 01:00:00,10.0,11.75,332.1,28.57
2025-08-16 02:00:00,9.91,11.59,331.1,28.08
2025-08-16 03:00:00,9.68,11.3,330.8,27.69
2025-08-16 04:00:00,9.32,10.89,329.0,27.41
2025-08-16 05:00:00,9.31,10.85,328.7,27.32
2025-08-16 06:00:00,9.87,11.28,328.8,27.96
2025-08-16 07:00:00,10.28,11.82,329.4,29.1
2025-08-16 08:00:00,10.57,12.41,330.2,30.37
2025-08-16 09:00:00,10.68,12.81,329.4,31.5
2025-08-16 10:00:00,10.42,12.85,327.0,32.44
2025-08-16 11:00:00,9.71,12.45,325.4,33.1
2025-08-16 12:00:00,8.79,11.79,323.9,33.56
2025-08-16 13:00:00,8.11,11.22,322.6,33.89
2025-08-16 14:00:00,7.73,10.86,323.4,33.95
2025-08-16 15:00:00,7.65,10.83,324.9,33.78
2025-08-16 16:00:00,7.74,11.03,327.1,33.43
2025-08-16 17:00:00,7.74,11.1,329.3,32.86
2025-08-16 18:00:00,7.52,11.1,331.5,32.14
2025-08-16 19:00:00,7.61,11.11,333.4,31.77
2025-08-16 20:00:00,7.35,10.65,337.4,31.35
2025-08-16 21:00:00,7.13,10.13,340.3,30.85
2025-08-16 22:00:00,7.62,10.24,339.3,30.33
2025-08-16 23:00:00,8.2,10.42,335.9,29.71
2025-08-17 00:00:00,8.82,10.69,332.5,29.03
2025-08-17 01:00:00,9.33,10.9,330.9,28.32
2025-08-17 02:00:00,9.38,10.84,331.4,27.78
2025-08-17 03:00:00,9.18,10.62,331.8,27.39
2025-08-17 04:00:00,9.2,10.76,333.1,27.11
2025-08-17 05:00:00,9.16,10.66,332.8,26.88
2025-08-17 06:00:00,9.47,10.72,332.9,27.24
2025-08-17 07:00:00,9.97,11.29,332.4,28.12
2025-08-17 08:00:00,10.6,12.03,330.3,29.1
2025-08-17 09:00:00,10.94,12.5,327.2,29.92
2025-08-17 10:00:00,11.01,12.76,324.8,30.72
2025-08-17 11:00:00,10.89,12.91,323.4,31.47
2025-08-17 12:00:00,10.55,12.84,323.2,32.11
2025-08-17 13:00:00,9.97,12.57,324.2,32.67
2025-08-17 14:00:00,9.42,12.25,325.5,32.98
2025-08-17 15:00:00,9.06,12.08,326.9,33.1
2025-08-17 16:00:00,8.95,12.09,327.7,32.97
2025-08-17 17:00:00,8.53,11.68,328.3,32.39
2025-08-17 18:00:00,8.02,11.32,329.1,31.53
2025-08-17 19:00:00,8.5,11.61,334.7,31.07
2025-08-17 20:00:00,8.83,11.31,338.2,30.35
2025-08-17 21:00:00,9.58,11.55,339.5,29.49
2025-08-17 22:00:00,10.07,11.75,338.4,28.67
2025-08-17 23:00:00,10.11,11.65,337.1,27.98
2025-08-18 00:00:00,10.01,11.57,335.9,27.41
2025-08-18 01:00:00,10.53,12.47,337.6,26.97
2025-08-18 02:00:00,10.69,12.61,336.4,26.55
2025-08-18 03:00:00,10.82,12.73,335.1,26.18
2025-08-18 04:00:00,10.86,12.73,334.0,25.88
2025-08-18 05:00:00,10.93,12.72,333.0,25.7
2025-08-18 06:00:00,11.23,12.78,332.5,26.21
2025-08-18 07:00:00,11.49,12.98,334.2,27.51
2025-08-18 08:00:00,11.48,13.12,333.8,29.04
2025-08-18 09:00:00,11.53,13.36,331.6,30.44
2025-08-18 10:00:00,11.82,13.92,330.0,31.49
2025-08-18 11:00:00,12.15,14.55,328.8,32.31
2025-08-18 12:00:00,12.23,14.93,328.8,33.13
2025-08-18 13:00:00,12.14,15.09,329.5,33.75
2025-08-18 14:00:00,11.91,15.09,331.4,34.2
2025-08-18 15:00:00,11.72,15.05,333.9,34.36
2025-08-18 16:00:00,11.52,14.8,336.3,34.11
2025-08-18 17:00:00,10.9,14.07,336.4,33.22
2025-08-18 18:00:00,10.63,13.98,338.3,32.19
2025-08-18 19:00:00,10.05,12.97,340.6,31.31
2025-08-18 20:00:00,9.03,11.52,340.0,30.24
2025-08-18 21:00:00,8.32,10.36,337.7,29.23
2025-08-18 22:00:00,7.9,9.63,333.9,28.31
2025-08-18 23:00:00,7.71,9.32,329.9,27.65
2025-08-19 00:00:00,7.62,9.14,327.4,27.21
2025-08-19 01:00:00,7.49,8.96,326.2,26.85
2025-08-19 02:00:00,7.31,8.73,324.7,26.57
2025-08-19 03:00:00,7.07,8.5,325.0,26.43
2025-08-19 04:00:00,6.64,8.05,327.0,26.36
2025-08-19 05:00:00,6.29,7.6,328.6,26.46
2025-08-19 06:00:00,6.33,7.01,327.6,27.49
2025-08-19 07:00:00,6.41,7.24,334.9,29.17
2025-08-19 08:00:00,6.47,8.28,346.2,31.32
2025-08-19 09:00:00,6.98,9.86,352.4,33.52
2025-08-19 10:00:00,7.61,10.85,350.7,34.89
2025-08-19 11:00:00,8.25,11.67,347.9,35.51
2025-08-19 12:00:00,8.65,12.17,345.8,35.81
2025-08-19 13:00:00,8.8,12.37,342.8,35.9
2025-08-19 14:00:00,8.87,12.5,339.7,35.81
2025-08-19 15:00:00,8.82,12.5,337.2,35.53
2025-08-19 16:00:00,8.68,12.34,334.2,35.03
2025-08-19 17:00:00,8.08,11.81,331.9,34.16
2025-08-19 18:00:00,7.38,11.5,334.7,33.13
2025-08-19 19:00:00,7.04,11.04,344.4,32.56
2025-08-19 20:00:00,6.24,10.08,356.5,31.91
2025-08-19 21:00:00,5.3,9.01,8.0,31.19
2025-08-19 22:00:00,4.85,8.34,18.3,30.49
2025-08-19 23:00:00,4.5,7.6,22.9,29.9
2025-08-20 00:00:00,4.08,6.69,21.8,29.34
2025-08-20 01:00:00,3.91,5.96,11.5,28.9
2025-08-20 02:00:00,4.13,5.68,348.0,28.48
2025-08-20 03:00:00,5.31,6.67,326.7,28.03
2025-08-20 04:00:00,6.25,7.54,321.9,27.67
2025-08-20 05:00:00,6.62,7.87,324.6,27.51
2025-08-20 06:00:00,7.13,8.01,328.8,28.19
2025-08-20 07:00:00,7.46,8.63,335.0,29.64
2025-08-20 08:00:00,7.5,9.32,337.9,31.34
2025-08-20 09:00:00,7.55,9.86,337.7,32.76
2025-08-20 10:00:00,7.52,10.17,334.4,33.66
2025-08-20 11:00:00,7.49,10.24,329.0,34.1
2025-08-20 12:00:00,7.35,10.14,323.8,34.28
2025-08-20 13:00:00,7.22,10.03,318.9,34.25
2025-08-20 14:00:00,7.09,9.93,318.0,34.01
2025-08-20 15:00:00,6.88,9.72,322.3,33.63
2025-08-20 16:00:00,6.57,9.36,328.6,33.18
2025-08-20 17:00:00,6.04,8.78,332.2,32.64
2025-08-20 18:00:00,5.13,8.4,332.1,31.88
2025-08-20 19:00:00,5.11,8.63,331.7,31.51
2025-08-20 20:00:00,5.2,8.74,332.6,31.21
2025-08-20 21:00:00,5.5,8.93,335.4,30.86
2025-08-20 22:00:00,6.63,9.73,341.4,30.6
2025-08-20 23:00:00,8.01,10.46,343.7,30.01
2025-08-21 00:00:00,8.65,10.71,342.0,29.23
2025-08-21 01:00:00,8.77,10.52,340.2,28.64
2025-08-21 02:00:00,8.85,10.48,341.0,28.17
2025-08-21 03:00:00,8.92,10.51,343.6,27.8
2025-08-21 04:00:00,8.52,9.97,344.2,27.52
2025-08-21 05:00:00,8.13,9.55,342.6,27.34
2025-08-21 06:00:00,8.66,9.92,342.8,27.77
2025-08-21 07:00:00,9.05,10.3,341.8,28.67
2025-08-21 08:00:00,9.33,10.65,339.0,29.65
2025-08-21 09:00:00,8.98,10.48,333.3,30.72
2025-08-21 10:00:00,8.42,10.12,325.1,31.64
2025-08-21 11:00:00,7.59,9.49,318.5,32.17
2025-08-21 12:00:00,6.71,8.75,316.0,32.3
2025-08-21 13:00:00,5.98,8.02,321.3,32.26
2025-08-21 14:00:00,5.6,7.57,331.4,32.15
2025-08-21 15:00:00,5.51,7.42,339.3,31.95
2025-08-21 16:00:00,5.45,7.33,341.8,31.67
2025-08-21 17:00:00,5.03,7.07,338.4,31.27
2025-08-21 18:00:00,4.11,6.98,331.8,30.28
2025-08-21 19:00:00,4.25,7.29,327.9,29.89
2025-08-21 20:00:00,4.47,7.4,326.7,29.58
2025-08-21 21:00:00,4.59,7.2,328.3,29.23
2025-08-21 22:00:00,4.53,6.77,335.3,28.87
2025-08-21 23:00:00,4.4,6.36,342.0,28.57
2025-08-22 00:00:00,4.48,6.29,343.2,28.33
2025-08-22 01:00:00,4.91,6.65,341.4,28.02
2025-08-22 02:00:00,5.5,7.26,339.3,27.61
2025-08-22 03:00:00,6.01,7.74,337.3,27.26
2025-08-22 04:00:00,6.23,7.87,334.7,27.04
2025-08-22 05:00:00,6.46,8.0,333.1,26.97
2025-08-22 06:00:00,7.08,8.02,333.7,27.77
2025-08-22 07:00:00,7.47,8.36,334.5,28.96
2025-08-22 08:00:00,7.53,8.84,333.0,30.39
2025-08-22 09:00:00,7.07,8.8,328.0,31.61
2025-08-22 10:00:00,6.55,8.59,321.7,32.45
2025-08-22 11:00:00,6.07,8.22,317.6,32.89
2025-08-22 12:00:00,5.72,7.84,316.2,33.04
2025-08-22 13:00:00,5.5,7.59,318.0,33.02
2025-08-22 14:00:00,5.4,7.48,321.2,32.9
2025-08-22 15:00:00,5.4,7.53,323.0,32.76
2025-08-22 16:00:00,5.5,7.77,322.3,32.53
2025-08-22 17:00:00,5.27,7.81,318.4,32.04
2025-08-22 18:00:00,4.7,8.15,314.3,30.9
2025-08-22 19:00:00,5.08,8.63,316.5,30.55
2025-08-22 20:00:00,5.22,8.61,325.6,30.29
2025-08-22 21:00:00,5.17,8.27,338.1,29.94
2025-08-22 22:00:00,5.31,8.17,345.5,29.62
2025-08-22 23:00:00,5.72,8.2,346.5,29.28
2025-08-23 00:00:00,6.32,8.19,342.6,28.67
2025-08-23 01:00:00,6.74,8.28,337.9,27.98
2025-08-23 02:00:00,7.07,8.56,333.6,27.49
2025-08-23 03:00:00,7.34,8.79,330.9,27.1
2025-08-23 04:00:00,7.28,8.67,327.3,26.77
2025-08-23 05:00:00,7.33,8.63,323.4,26.45
2025-08-23 06:00:00,7.8,8.72,319.3,26.9
2025-08-23 07:00:00,7.91,8.75,317.1,28.04
2025-08-23 08:00:00,7.63,8.65,318.8,29.47
2025-08-23 09:00:00,7.03,8.44,319.9,31.04
2025-08-23 10:00:00,6.37,8.27,319.4,32.49
2025-08-23 11:00:00,6.08,8.3,318.7,33.65
2025-08-23 12:00:00,6.16,8.53,319.7,34.56
2025-08-23 13:00:00,6.36,8.88,321.3,35.07
2025-08-23 14:00:00,6.64,9.37,323.1,35.23
2025-08-23 15:00:00,6.92,9.89,325.4,35.11
2025-08-23 16:00:00,7.13,10.29,327.5,34.71
2025-08-23 17:00:00,6.81,10.16,329.4,33.87
2025-08-23 18:00:00,6.47,10.33,332.9,32.75
2025-08-23 19:00:00,6.89,10.51,338.2,32.09
2025-08-23 20:00:00,6.95,10.19,343.4,31.48
2025-08-23 21:00:00,6.58,9.51,346.4,30.83
2025-08-23 22:00:00,6.35,8.79,346.6,30.13
2025-08-23 23:00:00,6.44,8.4,342.3,29.43
2025-08-24 00:00:00,6.74,8.35,337.2,28.75
2025-08-24 01:00:00,6.96,8.45,333.7,28.08
2025-08-24 02:00:00,7.16,8.64,331.5,27.65
2025-08-24 03:00:00,7.44,8.99,330.7,27.37
2025-08-24 04:00:00,7.33,8.87,331.3,27.17
2025-08-24 05:00:00,7.06,8.52,333.2,27.0
2025-08-24 06:00:00,7.43,8.39,333.1,27.68
2025-08-24 07:00:00,8.34,9.39,333.4,29.01
2025-08-24 08:00:00,8.98,10.4,334.1,30.56
2025-08-24 09:00:00,9.17,11.07,334.2,31.89
2025-08-24 10:00:00,9.18,11.51,333.4,33.15
2025-08-24 11:00:00,9.13,11.76,330.7,34.07
2025-08-24 12:00:00,9.11,11.96,328.4,34.54
2025-08-24 13:00:00,9.09,12.07,327.0,34.73
2025-08-24 14:00:00,8.98,12.14,326.3,34.78
2025-08-24 15:00:00,8.72,12.09,326.5,34.7
2025-08-24 16:00:00,8.37,11.79,326.2,34.36
2025-08-24 17:00:00,7.66,11.18,324.3,33.53
2025-08-24 18:00:00,7.24,11.16,324.1,32.51
2025-08-24 19:00:00,6.95,10.65,328.8,31.87
2025-08-24 20:00:00,6.38,9.85,338.6,31.26
2025-08-24 21:00:00,6.32,9.53,345.5,30.72
2025-08-24 22:00:00,6.59,9.28,344.4,30.09
2025-08-24 23:00:00,7.02,9.07,337.5,29.27
2025-08-25 00:00:00,7.33,8.98,332.0,28.4
2025-08-25 01:00:00,7.37,8.92,330.2,27.72
2025-08-25 02:00:00,7.31,8.84,331.2,27.27
2025-08-25 03:00:00,7.05,8.55,332.8,26.88
2025-08-25 04:00:00,6.68,8.14,333.8,26.54
2025-08-25 05:00:00,6.59,8.07,334.9,26.35
2025-08-25 06:00:00,7.2,8.17,335.5,26.97
2025-08-25 07:00:00,7.85,8.81,335.2,27.87
2025-08-25 08:00:00,8.31,9.24,334.2,28.9
2025-08-25 09:00:00,8.22,9.2,330.2,29.91
2025-08-25 10:00:00,7.8,9.09,326.6,30.88
2025-08-25 11:00:00,7.24,8.9,327.4,31.6
2025-08-25 12:00:00,6.5,8.49,331.3,32.04
2025-08-25 13:00:00,5.95,8.13,337.3,32.49
2025-08-25 14:00:00,5.76,7.97,344.4,32.74
2025-08-25 15:00:00,5.7,7.95,350.1,32.81
2025-08-25 16:00:00,5.65,7.97,352.1,32.72
2025-08-25 17:00:00,5.09,7.62,352.9,32.28
2025-08-25 18:00:00,4.18,7.42,353.0,31.07
2025-08-25 19:00:00,4.06,7.24,349.9,30.56
2025-08-25 20:00:00,3.9,6.93,345.0,30.11
2025-08-25 21:00:00,3.86,6.8,338.3,29.69
2025-08-25 22:00:00,4.52,7.5,333.7,29.4
2025-08-25 23:00:00,6.52,9.25,335.2,29.2
2025-08-26 00:00:00,8.14,10.32,338.9,28.73
2025-08-26 01:00:00,7.99,9.67,341.1,28.04
2025-08-26 02:00:00,7.12,8.62,340.3,27.44
2025-08-26 03:00:00,6.44,7.86,340.7,27.03
2025-08-26 04:00:00,5.81,7.21,341.9,26.71
2025-08-26 05:00:00,5.53,6.82,342.3,26.47
2025-08-26 06:00:00,6.24,7.01,342.7,27.08
2025-08-26 07:00:00,6.79,7.53,340.3,28.16
2025-08-26 08:00:00,6.91,7.62,335.4,29.08
2025-08-26 09:00:00,6.8,7.53,332.7,29.84
2025-08-26 10:00:00,6.54,7.39,332.6,30.55
2025-08-26 11:00:00,6.23,7.28,336.2,31.06
2025-08-26 12:00:00,5.94,7.21,341.8,31.35
2025-08-26 13:00:00,5.74,7.26,346.5,31.59
2025-08-26 14:00:00,5.65,7.36,348.9,31.72
2025-08-26 15:00:00,5.6,7.46,350.3,31.68
2025-08-26 16:00:00,5.49,7.42,351.4,31.46
2025-08-26 17:00:00,4.75,6.75,354.8,30.99
2025-08-26 18:00:00,3.46,5.88,358.9,29.85
2025-08-26 19:00:00,3.06,5.11,359.2,29.42
2025-08-26 20:00:00,2.71,4.45,354.1,29.18
2025-08-26 21:00:00,2.56,4.18,344.3,28.98
2025-08-26 22:00:00,2.75,4.42,333.4,28.7
2025-08-26 23:00:00,3.88,5.67,325.4,28.48
2025-08-27 00:00:00,5.52,7.56,325.7,28.17
2025-08-27 01:00:00,6.69,8.75,331.5,27.81
2025-08-27 02:00:00,6.59,8.34,334.4,27.38
2025-08-27 03:00:00,5.84,7.35,332.7,26.86
2025-08-27 04:00:00,5.2,6.55,330.3,26.48
2025-08-27 05:00:00,4.93,6.13,326.4,26.27
2025-08-27 06:00:00,5.34,5.93,324.7,27.05
2025-08-27 07:00:00,5.72,6.26,327.4,28.18
2025-08-27 08:00:00,5.98,6.58,328.1,29.27
2025-08-27 09:00:00,6.26,7.06,328.4,30.09
2025-08-27 10:00:00,6.45,7.53,331.4,30.75
2025-08-27 11:00:00,6.55,7.87,336.6,31.28
2025-08-27 12:00:00,6.72,8.27,340.7,31.68
2025-08-27 13:00:00,6.92,8.7,343.4,31.88
2025-08-27 14:00:00,7.01,8.95,344.5,31.94
2025-08-27 15:00:00,6.92,9.0,344.9,31.86
2025-08-27 16:00:00,6.68,8.85,345.1,31.62
2025-08-27 17:00:00,5.85,8.1,345.7,31.1
2025-08-27 18:00:00,4.39,7.3,345.0,29.99
2025-08-27 19:00:00,3.99,6.78,342.8,29.52
2025-08-27 20:00:00,3.78,6.37,339.8,29.2
2025-08-27 21:00:00,4.05,6.5,337.4,28.92
2025-08-27 22:00:00,5.14,7.37,337.3,28.62
2025-08-27 23:00:00,6.3,8.36,337.9,28.12
2025-08-28 00:00:00,6.82,8.62,334.4,27.57
2025-08-28 01:00:00,6.96,8.56,330.8,27.0
2025-08-28 02:00:00,6.79,8.25,331.0,26.41
2025-08-28 03:00:00,6.36,7.78,334.8,25.96
2025-08-28 04:00:00,5.92,7.42,339.3,25.62
2025-08-28 05:00:00,5.75,7.25,343.0,25.44
2025-08-28 06:00:00,6.27,7.05,342.7,26.2
2025-08-28 07:00:00,6.93,7.66,338.9,27.49
2025-08-28 08:00:00,7.59,8.34,334.4,28.92
2025-08-28 09:00:00,7.92,8.72,329.2,30.02
2025-08-28 10:00:00,8.07,9.02,323.8,30.77
2025-08-28 11:00:00,8.16,9.3,320.4,31.23
2025-08-28 12:00:00,8.12,9.43,320.0,31.51
2025-08-28 13:00:00,7.88,9.33,322.4,31.61
2025-08-28 14:00:00,7.49,9.11,326.9,31.6
2025-08-28 15:00:00,7.1,8.87,331.8,31.47
2025-08-28 16:00:00,6.66,8.54,335.0,31.2
2025-08-28 17:00:00,5.59,7.74,336.8,30.8
2025-08-28 18:00:00,4.34,7.32,337.3,29.79
2025-08-28 19:00:00,4.36,7.36,336.0,29.49
2025-08-28 20:00:00,4.31,7.14,335.0,29.2
2025-08-28 21:00:00,4.21,6.7,335.2,28.87
2025-08-28 22:00:00,4.12,6.14,336.2,28.54
2025-08-28 23:00:00,4.19,5.68,336.2,28.19
2025-08-29 00:00:00,4.18,5.44,334.8,27.71
2025-08-29 01:00:00,4.29,5.55,335.0,27.29
2025-08-29 02:00:00,4.55,5.91,338.7,26.93
2025-08-29 03:00:00,4.77,6.18,340.7,26.66
2025-08-29 04:00:00,4.75,6.12,339.4,26.42
2025-08-29 05:00:00,4.63,5.94,335.9,26.27
2025-08-29 06:00:00,5.11,5.75,331.2,27.17
2025-08-29 07:00:00,5.55,6.11,328.7,28.4
2025-08-29 08:00:00,5.57,6.49,327.1,30.09
2025-08-29 09:00:00,5.05,6.55,325.0,31.12
2025-08-29 10:00:00,4.9,6.65,323.4,31.7
2025-08-29 11:00:00,4.88,6.67,325.5,32.03
2025-08-29 12:00:00,4.8,6.56,332.2,32.22
2025-08-29 13:00:00,4.72,6.42,343.5,32.35
2025-08-29 14:00:00,4.72,6.38,354.8,32.39
2025-08-29 15:00:00,4.67,6.31,1.6,32.33
2025-08-29 16:00:00,4.46,6.08,5.2,32.13
2025-08-29 17:00:00,3.94,5.69,8.4,31.63
2025-08-29 18:00:00,3.06,5.16,9.7,30.53
2025-08-29 19:00:00,2.8,4.51,2.3,30.14
2025-08-29 20:00:00,2.62,4.13,351.4,29.85
2025-08-29 21:00:00,2.58,4.12,340.0,29.52
2025-08-29 22:00:00,2.69,4.42,331.8,29.13
2025-08-29 23:00:00,2.85,4.62,328.7,28.79
2025-08-30 00:00:00,3.12,4.69,329.9,28.55
2025-08-30 01:00:00,3.53,4.8,331.9,28.27
2025-08-30 02:00:00,3.8,4.89,331.4,27.9
2025-08-30 03:00:00,3.81,4.82,328.8,27.5
2025-08-30 04:00:00,3.57,4.46,324.0,27.2
2025-08-30 05:00:00,3.38,4.21,320.5,26.99
2025-08-30 06:00:00,3.52,4.02,323.7,27.92
2025-08-30 07:00:00,3.77,4.12,335.0,29.03
2025-08-30 08:00:00,3.42,4.22,334.9,30.22
2025-08-30 09:00:00,3.27,4.45,337.1,31.3
2025-08-30 10:00:00,3.74,5.03,345.6,32.32
2025-08-30 11:00:00,4.21,5.62,349.9,33.1
2025-08-30 12:00:00,4.43,5.95,346.6,33.62
2025-08-30 13:00:00,4.63,6.26,341.3,33.96
2025-08-30 14:00:00,4.84,6.63,338.2,34.15
2025-08-30 15:00:00,5.02,6.95,337.1,34.1
2025-08-30 16:00:00,5.03,7.02,337.6,33.79
2025-08-30 17:00:00,4.33,6.6,341.9,32.96
2025-08-30 18:00:00,3.61,6.27,347.1,31.39
2025-08-30 19:00:00,3.44,5.88,348.7,30.71
2025-08-30 20:00:00,3.18,5.36,346.7,30.12
2025-08-30 21:00:00,3.03,5.12,341.4,29.6
2025-08-30 22:00:00,3.27,5.44,334.0,29.16
2025-08-30 23:00:00,4.24,6.28,330.3,28.86
2025-08-31 00:00:00,5.26,7.05,329.5,28.33
2025-08-31 01:00:00,5.81,7.35,325.3,27.63
2025-08-31 02:00:00,6.29,7.68,319.4,27.0
2025-08-31 03:00:00,6.65,8.0,316.6,26.46
2025-08-31 04:00:00,6.73,8.09,316.9,26.1
2025-08-31 05:00:00,6.73,8.05,317.6,25.86
2025-08-31 06:00:00,7.0,7.85,318.4,26.51
2025-08-31 07:00:00,7.4,8.16,321.9,27.75
2025-08-31 08:00:00,7.64,8.43,325.6,29.15
2025-08-31 09:00:00,7.73,8.76,325.7,30.35
2025-08-31 10:00:00,7.88,9.3,324.7,31.37
2025-08-31 11:00:00,8.07,9.97,325.0,32.3
2025-08-31 12:00:00,8.43,10.76,326.0,33.05
2025-08-31 13:00:00,8.88,11.54,327.2,33.58
2025-08-31 14:00:00,9.23,12.15,328.2,33.91
2025-08-31 15:00:00,9.51,12.63,328.4,33.97
2025-08-31 16:00:00,9.71,12.85,328.2,33.66
2025-08-31 17:00:00,9.45,12.61,328.7,32.85
2025-08-31 18:00:00,9.26,12.5,331.2,31.79
2025-08-31 19:00:00,9.44,12.32,341.7,31.03
2025-08-31 20:00:00,9.07,11.7,351.4,30.3
2025-08-31 21:00:00,8.41,10.67,355.3,29.44
2025-08-31 22:00:00,7.72,9.56,352.1,28.44
2025-08-31 23:00:00,7.16,8.83,347.4,27.57
2025-09-01 00:00:00,6.81,8.4,343.4,26.97
2025-09-01 01:00:00,6.51,8.04,340.0,26.52
2025-09-01 02:00:00,6.22,7.71,336.8,26.15
2025-09-01 03:00:00,5.93,7.4,333.4,25.83
2025-09-01 04:00:00,5.7,7.18,330.4,25.58
2025-09-01 05:00:00,5.67,7.12,327.4,25.46
2025-09-01 06:00:00,6.27,6.98,324.0,26.44
2025-09-01 07:00:00,6.92,7.6,325.7,27.96
2025-09-01 08:00:00,7.91,9.05,332.5,29.93
2025-09-01 09:00:00,8.74,10.66,336.0,31.59
2025-09-01 10:00:00,9.52,11.89,334.3,32.8
2025-09-01 11:00:00,10.03,12.57,331.5,33.46
2025-09-01 12:00:00,10.11,12.79,328.8,33.82
2025-09-01 13:00:00,10.16,12.96,327.0,33.99
2025-09-01 14:00:00,10.26,13.15,326.1,33.99
2025-09-01 15:00:00,10.33,13.3,326.0,33.8
2025-09-01 16:00:00,10.26,13.24,325.9,33.33
2025-09-01 17:00:00,9.75,12.76,324.6,32.49
2025-09-01 18:00:00,9.32,12.49,326.5,31.48
2025-09-01 19:00:00,9.13,12.07,333.1,30.82
2025-09-01 20:00:00,8.39,11.14,340.9,30.1
2025-09-01 21:00:00,7.61,10.09,344.8,29.36
2025-09-01 22:00:00,7.3,9.35,344.2,28.57
2025-09-01 23:00:00,7.17,8.93,339.9,27.74
2025-09-02 00:00:00,7.11,8.74,334.8,27.1
2025-09-02 01:00:00,7.07,8.7,332.3,26.73
2025-09-02 02:00:00,7.06,8.71,331.4,26.45
2025-09-02 03:00:00,7.08,8.78,330.7,26.24
2025-09-02 04:00:00,7.05,8.77,329.3,26.07
2025-09-02 05:00:00,7.13,8.92,328.6,26.01
2025-09-02 06:00:00,8.08,9.41,330.7,26.9
2025-09-02 07:00:00,8.88,10.06,331.9,27.87
2025-09-02 08:00:00,9.62,10.85,333.3,28.88
2025-09-02 09:00:00,9.89,11.2,330.6,29.99
2025-09-02 10:00:00,9.64,11.22,328.1,31.0
2025-09-02 11:00:00,9.33,11.23,327.7,31.81
2025-09-02 12:00:00,9.13,11.32,329.1,32.35
2025-09-02 13:00:00,9.06,11.49,331.9,32.65
2025-09-02 14:00:00,8.94,11.57,335.0,32.74
2025-09-02 15:00:00,8.62,11.41,337.1,32.67
2025-09-02 16:00:00,8.07,10.97,338.1,32.5
2025-09-02 17:00:00,6.87,9.97,336.5,32.0
2025-09-02 18:00:00,5.75,9.55,334.3,31.04
2025-09-02 19:00:00,5.42,9.22,336.4,30.66
2025-09-02 20:00:00,5.2,8.89,341.2,30.29
2025-09-02 21:00:00,5.39,8.82,346.2,29.9
2025-09-02 22:00:00,6.08,9.02,345.2,29.51
2025-09-02 23:00:00,6.97,9.22,342.0,28.89
2025-09-03 00:00:00,7.45,9.29,340.4,28.09
2025-09-03 01:00:00,7.36,9.0,340.3,27.36
2025-09-03 02:00:00,7.27,8.86,339.7,26.82
2025-09-03 03:00:00,7.18,8.76,338.4,26.37
2025-09-03 04:00:00,7.13,8.77,336.6,25.97
2025-09-03 05:00:00,7.46,9.2,336.1,25.78
2025-09-03 06:00:00,8.11,9.29,335.9,26.36
2025-09-03 07:00:00,8.54,9.52,334.4,27.08
2025-09-03 08:00:00,8.73,9.59,331.6,27.96
2025-09-03 09:00:00,8.61,9.43,328.5,28.85
2025-09-03 10:00:00,8.36,9.22,325.5,29.87
2025-09-03 11:00:00,7.95,8.94,327.2,30.62
2025-09-03 12:00:00,7.26,8.55,332.6,31.25
2025-09-03 13:00:00,6.57,8.33,339.6,31.79
2025-09-03 14:00:00,6.18,8.27,346.1,32.2
2025-09-03 15:00:00,5.99,8.27,349.0,32.46
2025-09-03 16:00:00,5.8,8.19,349.0,32.48
2025-09-03 17:00:00,4.9,7.67,349.0,31.88
2025-09-03 18:00:00,4.14,7.35,346.8,30.51
2025-09-03 19:00:00,4.0,7.04,342.7,30.05
2025-09-03 20:00:00,3.77,6.55,338.2,29.61
2025-09-03 21:00:00,3.55,6.06,332.6,29.18
2025-09-03 22:00:00,3.53,5.76,327.9,28.79
2025-09-03 23:00:00,3.96,5.87,326.5,28.51
2025-09-04 00:00:00,4.52,6.17,326.9,28.19
2025-09-04 01:00:00,4.91,6.49,326.6,27.76
2025-09-04 02:00:00,5.18,6.77,325.7,27.26
2025-09-04 03:00:00,5.31,6.91,324.3,26.81
2025-09-04 04:00:00,5.2,6.72,321.9,26.46
2025-09-04 05:00:00,4.97,6.38,320.0,26.18
2025-09-04 06:00:00,5.22,5.91,318.8,27.02
2025-09-04 07:00:00,5.47,6.01,323.5,28.28
2025-09-04 08:00:00,5.36,5.92,326.2,29.7
2025-09-04 09:00:00,4.84,5.68,325.1,30.49
2025-09-04 10:00:00,4.33,5.49,325.1,30.94
2025-09-04 11:00:00,3.96,5.24,327.1,31.29
2025-09-04 12:00:00,3.78,5.11,335.2,31.59
2025-09-04 13:00:00,4.02,5.42,346.8,31.9
2025-09-04 14:00:00,4.45,6.0,355.6,32.04
2025-09-04 15:00:00,4.78,6.49,359.0,31.99
2025-09-04 16:00:00,4.91,6.77,359.1,31.78
2025-09-04 17:00:00,4.45,6.62,358.7,31.32
2025-09-04 18:00:00,3.68,6.43,356.3,30.25
2025-09-04 19:00:00,3.65,6.35,350.6,29.89
2025-09-04 20:00:00,3.61,6.22,345.9,29.59
2025-09-04 21:00:00,3.47,5.92,343.4,29.24
2025-09-04 22:00:00,3.39,5.64,342.6,28.89
2025-09-04 23:00:00,3.65,5.68,341.0,28.62
2025-09-05 00:00:00,4.33,6.08,337.9,28.37
2025-09-05 01:00:00,5.1,6.79,334.6,27.97
2025-09-05 02:00:00,5.54,7.19,330.7,27.46
2025-09-05 03:00:00,5.68,7.2,324.9,26.98
2025-09-05 04:00:00,5.77,7.2,319.8,26.61
2025-09-05 05:00:00,5.81,7.24,319.2,26.44
2025-09-05 06:00:00,6.07,6.94,322.1,27.21
2025-09-05 07:00:00,6.45,7.2,327.3,28.28
2025-09-05 08:00:00,6.63,7.31,327.7,29.33
2025-09-05 09:00:00,6.05,6.86,323.0,30.26
2025-09-05 10:00:00,5.04,6.25,320.1,30.94
2025-09-05 11:00:00,4.17,5.58,323.5,31.44
2025-09-05 12:00:00,3.87,5.22,332.4,31.81
2025-09-05 13:00:00,3.93,5.27,340.0,31.99
2025-09-05 14:00:00,4.1,5.51,344.0,31.99
2025-09-05 15:00:00,4.25,5.79,343.0,31.85
2025-09-05 16:00:00,4.38,6.08,337.0,31.61
2025-09-05 17:00:00,4.14,6.28,327.8,31.14
2025-09-05 18:00:00,3.8,6.72,320.2,30.05
2025-09-05 19:00:00,4.08,7.12,318.1,29.71
2025-09-05 20:00:00,4.23,7.17,320.3,29.42
2025-09-05 21:00:00,4.32,7.06,325.3,29.14
2025-09-05 22:00:00,4.28,6.75,332.2,28.87
2025-09-05 23:00:00,4.27,6.37,336.7,28.56
2025-09-06 00:00:00,4.6,6.28,332.0,28.14
2025-09-06 01:00:00,5.31,6.81,323.3,27.49
2025-09-06 02:00:00,6.18,7.5,317.1,26.83
2025-09-06 03:00:00,6.75,8.02,314.9,26.37
2025-09-06 04:00:00,7.12,8.42,313.6,26.03
2025-09-06 05:00:00,7.46,8.78,310.7,25.81
2025-09-06 06:00:00,8.08,9.14,310.6,26.4
2025-09-06 07:00:00,8.35,9.28,315.6,27.64
2025-09-06 08:00:00,8.19,9.13,319.3,29.01
2025-09-06 09:00:00,7.9,8.98,318.4,30.17
2025-09-06 10:00:00,7.23,8.68,319.2,31.1
2025-09-06 11:00:00,6.46,8.28,322.7,31.75
2025-09-06 12:00:00,5.98,8.03,326.2,32.17
2025-09-06 13:00:00,5.85,8.05,329.1,32.53
2025-09-06 14:00:00,5.9,8.23,331.8,32.74
2025-09-06 15:00:00,6.05,8.52,333.9,32.8
2025-09-06 16:00:00,6.28,8.93,335.5,32.6
2025-09-06 17:00:00,6.19,9.22,335.0,31.96
2025-09-06 18:00:00,6.2,9.83,332.4,31.01
2025-09-06 19:00:00,6.85,10.14,331.5,30.61
2025-09-06 20:00:00,6.94,9.85,332.2,30.12
2025-09-06 21:00:00,6.73,9.29,335.6,29.64
2025-09-06 22:00:00,6.82,9.09,339.9,29.26
2025-09-06 23:00:00,7.1,8.96,341.0,28.71
2025-09-07 00:00:00,7.21,8.74,338.0,27.88
2025-09-07 01:00:00,7.3,8.69,332.6,27.15
2025-09-07 02:00:00,7.58,8.91,327.7,26.6
2025-09-07 03:00:00,7.89,9.24,326.3,26.25
2025-09-07 04:00:00,8.28,9.82,329.0,26.11
2025-09-07 05:00:00,8.66,10.27,330.0,25.94
2025-09-07 06:00:00,9.08,10.33,330.2,26.21
2025-09-07 07:00:00,9.25,10.4,330.0,27.1
2025-09-07 08:00:00,9.5,10.58,326.8,28.17
2025-09-07 09:00:00,9.7,10.78,321.6,29.19
2025-09-07 10:00:00,9.6,10.8,319.1,30.12
2025-09-07 11:00:00,9.13,10.51,321.8,30.78
2025-09-07 12:00:00,8.55,10.07,326.4,31.13
2025-09-07 13:00:00,8.16,9.83,329.6,31.34
2025-09-07 14:00:00,7.98,9.82,331.4,31.38
2025-09-07 15:00:00,7.85,9.91,333.0,31.43
2025-09-07 16:00:00,7.79,10.07,334.5,31.4
2025-09-07 17:00:00,7.03,9.53,334.9,30.94
2025-09-07 18:00:00,6.28,9.3,334.4,30.09
2025-09-07 19:00:00,6.29,9.3,336.6,29.7
2025-09-07 20:00:00,5.98,8.86,342.5,29.33
2025-09-07 21:00:00,5.56,8.14,348.8,28.87
2025-09-07 22:00:00,5.31,7.54,352.3,28.45
2025-09-07 23:00:00,5.29,7.21,352.5,28.0
2025-09-08 00:00:00,5.29,7.02,349.3,27.51
2025-09-08 01:00:00,5.29,6.97,344.2,27.07
2025-09-08 02:00:00,5.59,7.31,342.7,26.81
2025-09-08 03:00:00,5.75,7.43,342.8,26.59
2025-09-08 04:00:00,5.54,7.12,342.1,26.37
2025-09-08 05:00:00,5.08,6.52,342.0,26.2
2025-09-08 06:00:00,5.09,5.8,342.2,26.98
2025-09-08 07:00:00,5.49,6.09,340.8,28.18
2025-09-08 08:00:00,5.51,6.08,335.2,29.05
2025-09-08 09:00:00,5.5,6.17,330.1,29.81
2025-09-08 10:00:00,5.29,6.33,330.4,30.44
2025-09-08 11:00:00,5.14,6.44,337.5,30.89
2025-09-08 12:00:00,5.28,6.7,345.2,31.15
2025-09-08 13:00:00,5.56,7.02,349.4,31.26
2025-09-08 14:00:00,5.76,7.28,351.4,31.25
2025-09-08 15:00:00,5.76,7.35,351.6,31.11
2025-09-08 16:00:00,5.54,7.3,349.4,30.95
2025-09-08 17:00:00,4.88,7.08,343.9,30.58
2025-09-08 18:00:00,4.22,7.19,336.6,29.71
2025-09-08 19:00:00,4.62,7.69,333.3,29.51
2025-09-08 20:00:00,5.02,7.95,332.8,29.29
2025-09-08 21:00:00,5.47,8.06,332.6,28.92
2025-09-08 22:00:00,6.34,8.54,332.6,28.48
2025-09-08 23:00:00,7.22,8.95,335.9,27.93
2025-09-09 00:00:00,7.56,9.08,336.3,27.29
2025-09-09 01:00:00,7.64,9.05,333.5,26.78
2025-09-09 02:00:00,7.84,9.4,333.6,26.42
2025-09-09 03:00:00,8.0,9.6,337.9,26.15
2025-09-09 04:00:00,7.85,9.44,341.1,25.91
2025-09-09 05:00:00,7.54,9.07,342.8,25.7
2025-09-09 06:00:00,7.71,8.73,343.5,26.06
2025-09-09 07:00:00,7.84,8.7,342.9,26.77
2025-09-09 08:00:00,7.86,8.6,338.8,27.71
2025-09-09 09:00:00,7.71,8.39,333.6,28.57
2025-09-09 10:00:00,7.61,8.32,329.7,29.25
2025-09-09 11:00:00,7.69,8.46,328.4,29.75
2025-09-09 12:00:00,7.92,8.84,329.2,30.09
2025-09-09 13:00:00,8.13,9.27,331.2,30.44
2025-09-09 14:00:00,8.24,9.69,333.6,30.77
2025-09-09 15:00:00,8.3,10.03,335.4,30.92
2025-09-09 16:00:00,8.19,10.15,336.2,30.85
2025-09-09 17:00:00,7.41,9.6,335.0,30.35
2025-09-09 18:00:00,6.64,9.37,333.8,29.4
2025-09-09 19:00:00,6.42,9.11,336.9,28.97
2025-09-09 20:00:00,5.99,8.57,343.0,28.59
2025-09-09 21:00:00,5.64,7.89,350.4,28.2
2025-09-09 22:00:00,5.59,7.52,356.0,27.73
2025-09-09 23:00:00,5.51,7.24,354.4,27.1
2025-09-10 00:00:00,5.69,7.34,348.3,26.48
2025-09-10 01:00:00,5.95,7.54,343.6,26.03
2025-09-10 02:00:00,6.06,7.6,340.5,25.74
2025-09-10 03:00:00,6.14,7.74,341.2,25.58
2025-09-10 04:00:00,6.07,7.7,343.5,25.4
2025-09-10 05:00:00,5.91,7.52,345.7,25.25
2025-09-10 06:00:00,6.35,7.27,347.0,25.91
2025-09-10 07:00:00,7.08,7.93,345.1,26.9
2025-09-10 08:00:00,7.61,8.4,341.1,27.85
2025-09-10 09:00:00,7.83,8.58,336.5,28.62
2025-09-10 10:00:00,7.87,8.63,333.4,29.26
2025-09-10 11:00:00,7.88,8.68,331.1,29.74
2025-09-10 12:00:00,8.06,8.94,330.5,30.0
2025-09-10 13:00:00,8.21,9.22,331.8,30.19
2025-09-10 14:00:00,8.2,9.4,333.5,30.31
2025-09-10 15:00:00,8.02,9.44,334.5,30.31
2025-09-10 16:00:00,7.72,9.37,333.9,30.32
2025-09-10 17:00:00,6.96,8.94,330.5,29.93
2025-09-10 18:00:00,6.3,8.94,327.1,29.03
2025-09-10 19:00:00,6.4,8.95,326.9,28.61
2025-09-10 20:00:00,6.14,8.5,329.0,28.19
2025-09-10 21:00:00,5.8,7.88,332.8,27.77
2025-09-10 22:00:00,5.62,7.51,337.9,27.36
2025-09-10 23:00:00,5.85,7.68,341.9,26.94
2025-09-11 00:00:00,6.28,8.02,342.7,26.42
2025-09-11 01:00:00,6.57,8.18,340.2,25.92
2025-09-11 02:00:00,6.71,8.23,336.3,25.51
2025-09-11 03:00:00,6.75,8.2,331.9,25.16
2025-09-11 04:00:00,6.76,8.17,327.8,24.9
2025-09-11 05:00:00,6.92,8.36,326.9,24.74
2025-09-11 06:00:00,7.4,8.36,325.3,25.29
2025-09-11 07:00:00,7.83,8.66,322.7,26.57
2025-09-11 08:00:00,8.0,8.76,318.7,28.04
2025-09-11 09:00:00,7.95,8.76,312.6,29.16
2025-09-11 10:00:00,7.49,8.38,307.5,29.96
2025-09-11 11:00:00,6.44,7.56,305.8,30.56
2025-09-11 12:00:00,5.22,6.57,308.8,30.88
2025-09-11 13:00:00,4.45,5.81,317.3,31.05
2025-09-11 14:00:00,4.01,5.41,329.3,30.99
2025-09-11 15:00:00,3.96,5.33,340.7,30.78
2025-09-11 16:00:00,4.14,5.4,349.5,30.35
2025-09-11 17:00:00,4.13,5.3,353.4,29.59
2025-09-11 18:00:00,3.59,5.18,343.6,28.66
2025-09-11 19:00:00,3.87,5.83,329.3,28.48
2025-09-11 20:00:00,4.68,7.02,324.3,28.39
2025-09-11 21:00:00,5.85,8.06,325.3,28.13
2025-09-11 22:00:00,6.72,8.51,327.5,27.67
2025-09-11 23:00:00,6.7,8.22,328.0,27.17
2025-09-12 00:00:00,6.5,7.92,327.5,26.76
2025-09-12 01:00:00,6.17,7.53,329.4,26.29
2025-09-12 02:00:00,5.69,6.98,329.6,25.86
2025-09-12 03:00:00,5.35,6.63,323.8,25.64
2025-09-12 04:00:00,5.47,6.84,318.2,25.46
2025-09-12 05:00:00,5.52,6.91,314.8,25.19
2025-09-12 06:00:00,6.08,6.87,311.4,25.77
2025-09-12 07:00:00,6.26,6.8,310.1,26.82
2025-09-12 08:00:00,6.09,6.56,311.2,27.91
2025-09-12 09:00:00,5.75,6.21,309.4,29.13
2025-09-12 10:00:00,4.97,5.74,312.1,30.23
2025-09-12 11:00:00,3.88,4.98,320.5,31.02
2025-09-12 12:00:00,3.22,4.27,333.7,31.56
2025-09-12 13:00:00,3.21,4.19,349.3,31.97
2025-09-12 14:00:00,3.45,4.55,359.4,32.2
2025-09-12 15:00:00,3.72,4.99,3.1,32.21
2025-09-12 16:00:00,3.85,5.27,4.0,32.02
2025-09-12 17:00:00,3.24,5.06,1.5,31.19
2025-09-12 18:00:00,2.96,4.84,350.8,30.03
2025-09-12 19:00:00,3.11,5.12,338.0,29.74
2025-09-12 20:00:00,3.33,5.69,331.0,29.39
2025-09-12 21:00:00,3.58,6.11,330.0,28.99
2025-09-12 22:00:00,3.99,6.2,331.6,28.6
2025-09-12 23:00:00,4.43,6.19,328.4,28.11
2025-09-13 00:00:00,5.22,6.75,320.0,27.61
2025-09-13 01:00:00,6.21,7.56,312.2,27.06
2025-09-13 02:00:00,6.9,8.25,308.6,26.57
2025-09-13 03:00:00,7.27,8.67,307.3,26.15
2025-09-13 04:00:00,7.43,8.91,306.4,25.79
2025-09-13 05:00:00,7.53,9.06,306.6,25.49
2025-09-13 06:00:00,7.98,9.03,308.8,26.01
2025-09-13 07:00:00,7.91,8.74,314.9,27.24
2025-09-13 08:00:00,7.69,8.59,319.3,28.81
2025-09-13 09:00:00,7.29,8.53,318.9,30.18
2025-09-13 10:00:00,6.77,8.47,316.6,31.26
2025-09-13 11:00:00,6.2,8.31,317.4,31.99
2025-09-13 12:00:00,5.77,7.96,321.6,32.5
2025-09-13 13:00:00,5.53,7.69,330.2,32.79
2025-09-13 14:00:00,5.52,7.65,339.6,32.86
2025-09-13 15:00:00,5.62,7.81,346.3,32.67
2025-09-13 16:00:00,5.56,7.85,347.8,32.31
2025-09-13 17:00:00,4.74,7.57,343.1,31.48
2025-09-13 18:00:00,4.48,7.96,335.8,30.4
2025-09-13 19:00:00,4.91,8.52,330.2,30.1
2025-09-13 20:00:00,5.4,8.75,329.0,29.75
2025-09-13 21:00:00,5.39,8.27,334.1,29.31
2025-09-13 22:00:00,5.14,7.6,335.8,28.86
2025-09-13 23:00:00,5.09,7.23,332.2,28.43
2025-09-14 00:00:00,5.23,7.05,325.0,27.98
2025-09-14 01:00:00,5.77,7.28,317.7,27.51
2025-09-14 02:00:00,6.32,7.71,313.5,27.02
2025-09-14 03:00:00,6.71,8.11,311.3,26.74
2025-09-14 04:00:00,7.02,8.47,310.1,26.5
2025-09-14 05:00:00,7.27,8.76,311.2,26.25
2025-09-14 06:00:00,7.59,8.59,312.4,26.67
2025-09-14 07:00:00,7.91,8.75,316.4,27.8
2025-09-14 08:00:00,7.93,9.05,321.3,29.45
2025-09-14 09:00:00,7.81,9.47,320.8,30.82
2025-09-14 10:00:00,7.74,9.83,318.6,31.85
2025-09-14 11:00:00,7.58,10.02,316.9,32.6
2025-09-14 12:00:00,7.43,10.12,316.7,33.13
2025-09-14 13:00:00,7.37,10.23,318.3,33.52
2025-09-14 14:00:00,7.4,10.41,320.9,33.75
2025-09-14 15:00:00,7.46,10.61,323.2,33.73
2025-09-14 16:00:00,7.36,10.56,324.1,33.36
2025-09-14 17:00:00,6.64,10.27,324.3,32.39
2025-09-14 18:00:00,6.54,10.53,329.1,31.35
2025-09-14 19:00:00,6.61,10.23,339.0,30.8
2025-09-14 20:00:00,6.59,9.83,346.8,30.2
2025-09-14 21:00:00,6.77,9.53,346.2,29.59
2025-09-14 22:00:00,7.4,9.61,341.8,28.88
2025-09-14 23:00:00,8.11,9.98,338.2,28.11
2025-09-15 00:00:00,8.51,10.28,336.0,27.48
2025-09-15 01:00:00,8.69,10.4,335.5,27.06
2025-09-15 02:00:00,8.6,10.23,336.6,26.65
2025-09-15 03:00:00,8.11,9.61,337.9,26.32
2025-09-15 04:00:00,7.61,9.12,337.4,25.99
2025-09-15 05:00:00,7.48,8.96,336.3,25.72
2025-09-15 06:00:00,7.91,8.99,334.7,26.14
2025-09-15 07:00:00,8.67,9.67,333.1,27.3
2025-09-15 08:00:00,9.45,10.65,332.2,28.86
2025-09-15 09:00:00,9.95,11.54,330.1,30.23
2025-09-15 10:00:00,10.2,12.17,327.4,31.34
2025-09-15 11:00:00,10.01,12.24,325.4,32.05
2025-09-15 12:00:00,9.62,12.06,323.9,32.51
2025-09-15 13:00:00,9.13,11.76,323.3,32.69
2025-09-15 14:00:00,8.58,11.39,324.5,32.76
2025-09-15 15:00:00,8.08,11.01,327.3,32.67
2025-09-15 16:00:00,7.59,10.55,330.3,32.33
2025-09-15 17:00:00,6.54,9.81,332.2,31.54
2025-09-15 18:00:00,6.06,9.83,334.3,30.65
2025-09-15 19:00:00,6.12,9.74,338.0,30.25
2025-09-15 20:00:00,6.0,9.43,339.9,29.82
2025-09-15 21:00:00,6.19,9.35,341.7,29.4
2025-09-15 22:00:00,7.01,9.71,341.7,28.99
2025-09-15 23:00:00,7.92,10.05,340.1,28.4
2025-09-16 00:00:00,8.28,10.01,337.8,27.56
2025-09-16 01:00:00,8.23,9.74,337.6,26.86
2025-09-16 02:00:00,7.94,9.36,337.2,26.4
2025-09-16 03:00:00,7.73,9.15,336.7,26.04
2025-09-16 04:00:00,7.64,9.06,336.5,25.73
2025-09-16 05:00:00,7.67,9.13,337.7,25.46
2025-09-16 06:00:00,8.05,9.12,338.2,25.72
2025-09-16 07:00:00,8.69,9.72,337.9,26.54
2025-09-16 08:00:00,9.17,10.18,334.7,27.43
2025-09-16 09:00:00,9.38,10.34,331.3,28.14
2025-09-16 10:00:00,9.34,10.31,329.2,28.81
2025-09-16 11:00:00,9.18,10.19,328.9,29.42
2025-09-16 12:00:00,8.95,10.05,330.0,29.9
2025-09-16 13:00:00,8.6,9.88,332.5,30.26
2025-09-16 14:00:00,8.27,9.81,335.4,30.57
2025-09-16 15:00:00,8.1,9.83,337.0,30.64
2025-09-16 16:00:00,7.95,9.78,337.8,30.38
2025-09-16 17:00:00,7.2,9.18,339.9,29.76
2025-09-16 18:00:00,6.21,8.52,341.7,28.88
2025-09-16 19:00:00,5.76,7.96,341.8,28.38
2025-09-16 20:00:00,5.38,7.32,343.2,27.92
2025-09-16 21:00:00,4.9,6.51,347.1,27.45
2025-09-16 22:00:00,4.52,5.92,350.9,26.95
2025-09-16 23:00:00,4.42,5.74,348.4,26.54
2025-09-17 00:00:00,4.71,6.11,343.3,26.15
2025-09-17 01:00:00,5.38,6.92,341.4,25.8
2025-09-17 02:00:00,6.17,7.78,341.3,25.58
2025-09-17 03:00:00,6.58,8.14,341.7,25.35
2025-09-17 04:00:00,6.57,8.13,342.1,25.2
2025-09-17 05:00:00,6.46,8.05,342.2,25.11
2025-09-17 06:00:00,6.8,7.84,341.9,25.63
2025-09-17 07:00:00,7.29,8.1,339.5,26.56
2025-09-17 08:00:00,7.69,8.5,334.9,27.67
2025-09-17 09:00:00,7.85,8.66,330.8,28.74
2025-09-17 10:00:00,7.82,8.71,326.9,29.54
2025-09-17 11:00:00,7.66,8.64,324.6,30.01
2025-09-17 12:00:00,7.35,8.45,325.7,30.27
2025-09-17 13:00:00,6.93,8.22,330.4,30.5
2025-09-17 14:00:00,6.67,8.14,337.3,30.61
2025-09-17 15:00:00,6.66,8.19,344.2,30.44
2025-09-17 16:00:00,6.62,8.13,347.4,30.02
2025-09-17 17:00:00,5.68,7.6,348.2,29.53
2025-09-17 18:00:00,4.7,7.25,344.7,28.79
2025-09-17 19:00:00,4.64,7.16,338.8,28.5
2025-09-17 20:00:00,4.78,7.12,334.3,28.21
2025-09-17 21:00:00,4.94,7.01,331.6,27.84
2025-09-17 22:00:00,4.96,6.73,330.7,27.47
2025-09-17 23:00:00,5.0,6.61,330.6,27.08
2025-09-18 00:00:00,5.19,6.79,331.1,26.67
2025-09-18 01:00:00,5.54,7.2,330.8,26.29
2025-09-18 02:00:00,5.94,7.65,330.3,25.94
2025-09-18 03:00:00,6.46,8.23,328.3,25.65
2025-09-18 04:00:00,6.69,8.39,327.2,25.37
2025-09-18 05:00:00,6.71,8.33,326.2,25.08
2025-09-18 06:00:00,7.06,8.17,326.4,25.54
2025-09-18 07:00:00,7.68,8.55,331.1,26.79
2025-09-18 08:00:00,8.07,8.99,331.9,28.22
2025-09-18 09:00:00,8.3,9.33,329.3,29.38
2025-09-18 10:00:00,8.12,9.41,326.7,30.25
2025-09-18 11:00:00,7.52,9.1,324.1,30.87
2025-09-18 12:00:00,6.94,8.75,323.5,31.19
2025-09-18 13:00:00,6.56,8.56,325.2,31.41
2025-09-18 14:00:00,6.53,8.66,328.4,31.48
2025-09-18 15:00:00,6.69,8.8,332.3,31.31
2025-09-18 16:00:00,6.65,8.74,334.8,30.87
2025-09-18 17:00:00,5.77,8.17,333.9,30.06
2025-09-18 18:00:00,5.02,7.89,330.3,29.08
2025-09-18 19:00:00,4.91,7.65,328.2,28.64
2025-09-18 20:00:00,4.87,7.33,330.6,28.26
2025-09-18 21:00:00,4.92,6.98,336.7,27.86
2025-09-18 22:00:00,5.24,7.06,341.9,27.44
2025-09-18 23:00:00,5.87,7.62,340.8,27.04
2025-09-19 00:00:00,6.61,8.26,336.4,26.6
2025-09-19 01:00:00,7.13,8.7,334.7,26.16
2025-09-19 02:00:00,7.28,8.81,335.4,25.74
2025-09-19 03:00:00,7.19,8.78,337.0,25.47
2025-09-19 04:00:00,7.16,8.84,339.7,25.34
2025-09-19 05:00:00,7.01,8.65,340.1,25.09
2025-09-19 06:00:00,7.49,8.63,338.9,25.43
2025-09-19 07:00:00,8.38,9.45,339.0,26.25
2025-09-19 08:00:00,9.17,10.22,339.0,27.36
2025-09-19 09:00:00,9.4,10.51,336.3,28.55
2025-09-19 10:00:00,9.34,10.64,332.5,29.68
2025-09-19 11:00:00,9.0,10.55,329.7,30.57
2025-09-19 12:00:00,8.68,10.46,327.3,31.12
2025-09-19 13:00:00,8.46,10.45,327.6,31.41
2025-09-19 14:00:00,8.27,10.41,331.5,31.52
2025-09-19 15:00:00,8.03,10.32,335.5,31.45
2025-09-19 16:00:00,7.57,9.94,337.9,31.14
2025-09-19 17:00:00,6.29,9.1,339.7,30.32
2025-09-19 18:00:00,5.52,8.73,339.5,29.3
2025-09-19 19:00:00,5.3,8.37,339.5,28.86
2025-09-19 20:00:00,5.28,8.06,342.5,28.46
2025-09-19 21:00:00,5.37,7.72,348.6,28.01
2025-09-19 22:00:00,5.54,7.51,352.2,27.46
2025-09-19 23:00:00,5.66,7.47,351.0,26.73
2025-09-20 00:00:00,6.03,7.75,347.7,26.04
2025-09-20 01:00:00,6.41,7.99,344.8,25.52
2025-09-20 02:00:00,6.55,8.05,344.0,25.14
2025-09-20 03:00:00,6.55,8.07,344.2,24.91
2025-09-20 04:00:00,6.32,7.82,344.0,24.78
2025-09-20 05:00:00,6.14,7.68,344.4,24.55
2025-09-20 06:00:00,6.68,7.71,346.4,25.03
2025-09-20 07:00:00,7.35,8.17,346.5,26.04
2025-09-20 08:00:00,8.24,9.2,344.8,27.46
2025-09-20 09:00:00,8.89,9.97,340.0,28.85
2025-09-20 10:00:00,9.06,10.35,333.8,29.93
2025-09-20 11:00:00,9.05,10.55,326.9,30.63
2025-09-20 12:00:00,8.95,10.62,320.7,31.03
2025-09-20 13:00:00,8.73,10.56,317.8,31.23
2025-09-20 14:00:00,8.41,10.42,318.1,31.31
2025-09-20 15:00:00,8.14,10.31,319.7,31.26
2025-09-20 16:00:00,8.09,10.33,321.2,30.92
2025-09-20 17:00:00,7.56,10.05,322.9,30.11
2025-09-20 18:00:00,7.69,10.36,326.6,29.14
2025-09-20 19:00:00,8.4,10.67,333.5,28.52
2025-09-20 20:00:00,8.82,10.8,341.0,27.8
2025-09-20 21:00:00,8.88,10.74,346.3,27.19
2025-09-20 22:00:00,8.49,10.22,347.9,26.65
2025-09-20 23:00:00,7.98,9.59,345.5,26.18
2025-09-21 00:00:00,7.54,9.06,342.9,25.66
2025-09-21 01:00:00,7.2,8.72,343.3,25.23
2025-09-21 02:00:00,7.08,8.7,347.0,25.0
2025-09-21 03:00:00,6.89,8.54,347.4,24.8
2025-09-21 04:00:00,6.64,8.31,345.6,24.55
2025-09-21 05:00:00,6.55,8.17,344.1,24.28
2025-09-21 06:00:00,6.81,7.85,342.5,24.69
2025-09-21 07:00:00,7.19,8.01,343.3,25.85
2025-09-21 08:00:00,7.26,7.98,342.2,27.5
2025-09-21 09:00:00,6.93,7.7,335.0,28.81
2025-09-21 10:00:00,6.74,7.79,324.2,29.78
2025-09-21 11:00:00,6.77,8.12,316.8,30.45
2025-09-21 12:00:00,6.67,8.31,313.1,30.85
2025-09-21 13:00:00,6.44,8.29,312.7,31.03
2025-09-21 14:00:00,6.21,8.25,314.3,31.07
2025-09-21 15:00:00,6.19,8.39,316.4,30.99
2025-09-21 16:00:00,6.4,8.7,317.2,30.66
2025-09-21 17:00:00,6.12,8.64,314.9,29.94
2025-09-21 18:00:00,6.22,8.99,312.8,29.17
2025-09-21 19:00:00,6.99,9.46,316.2,28.79
2025-09-21 20:00:00,7.5,9.6,320.9,28.35
2025-09-21 21:00:00,8.01,9.8,324.2,27.77
2025-09-21 22:00:00,8.37,10.02,327.1,27.2
2025-09-21 23:00:00,8.36,9.95,332.3,26.75
2025-09-22 00:00:00,7.98,9.45,336.1,26.26
2025-09-22 01:00:00,7.65,9.1,336.8,25.84
2025-09-22 02:00:00,7.52,9.02,339.2,25.55
2025-09-22 03:00:00,7.29,8.86,341.3,25.38
2025-09-22 04:00:00,7.02,8.61,340.4,25.19
2025-09-22 05:00:00,6.89,8.45,338.4,24.95
2025-09-22 06:00:00,7.33,8.49,337.3,25.27
2025-09-22 07:00:00,7.89,8.77,336.4,26.03
2025-09-22 08:00:00,8.15,8.94,333.0,26.94
2025-09-22 09:00:00,8.22,8.95,327.3,27.91
2025-09-22 10:00:00,7.95,8.7,323.6,28.79
2025-09-22 11:00:00,7.32,8.16,321.1,29.46
2025-09-22 12:00:00,6.47,7.49,319.7,29.85
2025-09-22 13:00:00,5.67,6.91,319.3,30.08
2025-09-22 14:00:00,5.07,6.49,319.8,30.11
2025-09-22 15:00:00,4.65,6.15,321.4,29.98
2025-09-22 16:00:00,4.42,5.93,323.1,29.67
2025-09-22 17:00:00,3.69,5.55,323.3,29.12
2025-09-22 18:00:00,3.32,5.65,318.9,28.47
2025-09-22 19:00:00,3.65,6.2,315.6,28.38
2025-09-22 20:00:00,4.03,6.7,313.9,28.28
2025-09-22 21:00:00,4.6,7.23,314.1,28.13
2025-09-22 22:00:00,5.19,7.65,317.3,27.93
2025-09-22 23:00:00,5.62,7.71,320.2,27.55
2025-09-23 00:00:00,5.55,7.29,322.6,27.0
2025-09-23 01:00:00,5.59,7.19,321.3,26.5
2025-09-23 02:00:00,5.8,7.3,321.8,26.09
2025-09-23 03:00:00,5.96,7.39,323.3,25.71
2025-09-23 04:00:00,6.11,7.49,323.3,25.36
2025-09-23 05:00:00,6.31,7.69,320.9,25.07
2025-09-23 06:00:00,6.9,7.95,319.1,25.47
2025-09-23 07:00:00,7.62,8.47,321.5,26.47
2025-09-23 08:00:00,7.92,8.74,323.2,27.67
2025-09-23 09:00:00,7.78,8.66,322.1,28.76
2025-09-23 10:00:00,7.23,8.34,320.8,29.62
2025-09-23 11:00:00,6.38,7.76,319.8,30.19
2025-09-23 12:00:00,5.5,7.1,319.7,30.57
2025-09-23 13:00:00,5.01,6.73,322.5,30.77
2025-09-23 14:00:00,4.84,6.62,328.6,30.8
2025-09-23 15:00:00,4.77,6.56,335.4,30.64
2025-09-23 16:00:00,4.67,6.42,341.2,30.26
2025-09-23 17:00:00,4.03,5.92,347.7,29.51
2025-09-23 18:00:00,3.21,5.38,344.6,28.66
2025-09-23 19:00:00,3.09,5.22,332.4,28.39
2025-09-23 20:00:00,3.32,5.6,322.5,28.22
2025-09-23 21:00:00,3.89,6.25,318.5,28.07
2025-09-23 22:00:00,4.72,6.93,315.8,27.85
2025-09-23 23:00:00,5.71,7.78,311.8,27.59
2025-09-24 00:00:00,6.89,8.9,310.1,27.34
2025-09-24 01:00:00,8.05,9.97,313.1,26.98
2025-09-24 02:00:00,8.97,10.79,318.9,26.39
2025-09-24 03:00:00,9.56,11.34,324.4,25.79
2025-09-24 04:00:00,9.23,10.94,328.5,25.39
2025-09-24 05:00:00,8.79,10.44,332.2,25.11
2025-09-24 06:00:00,8.7,10.01,334.5,25.25
2025-09-24 07:00:00,8.96,10.09,337.1,25.98
2025-09-24 08:00:00,9.1,10.15,335.2,26.96
2025-09-24 09:00:00,9.17,10.22,332.8,27.94
2025-09-24 10:00:00,9.13,10.25,331.1,28.79
2025-09-24 11:00:00,9.05,10.29,331.1,29.5
2025-09-24 12:00:00,8.93,10.38,333.1,29.99
2025-09-24 13:00:00,8.75,10.38,336.5,30.32
2025-09-24 14:00:00,8.4,10.23,340.3,30.5
2025-09-24 15:00:00,7.98,9.96,342.3,30.5
2025-09-24 16:00:00,7.44,9.5,343.2,30.23
2025-09-24 17:00:00,6.13,8.49,344.8,29.47
2025-09-24 18:00:00,5.18,7.88,345.1,28.55
2025-09-24 19:00:00,5.04,7.52,343.3,28.13
2025-09-24 20:00:00,5.33,7.61,339.1,27.77
2025-09-24 21:00:00,6.23,8.49,335.9,27.43
2025-09-24 22:00:00,7.51,9.64,339.2,27.11
2025-09-24 23:00:00,8.13,9.99,346.9,26.54
2025-09-25 00:00:00,8.04,9.89,352.0,25.86
2025-09-25 01:00:00,7.62,9.36,356.7,25.35
2025-09-25 02:00:00,7.12,8.9,359.9,24.96
2025-09-25 03:00:00,6.85,8.72,359.9,24.68
2025-09-25 04:00:00,6.51,8.4,358.4,24.45
2025-09-25 05:00:00,6.16,8.05,356.5,24.13
2025-09-25 06:00:00,6.51,7.79,353.7,24.56
2025-09-25 07:00:00,7.24,8.09,348.6,25.21
2025-09-25 08:00:00,7.73,8.5,343.8,25.81
2025-09-25 09:00:00,8.02,8.79,339.9,26.48
2025-09-25 10:00:00,8.31,9.08,337.1,27.19
2025-09-25 11:00:00,8.47,9.27,335.4,27.82
2025-09-25 12:00:00,8.58,9.43,333.5,28.31
2025-09-25 13:00:00,8.64,9.55,332.2,28.65
2025-09-25 14:00:00,8.61,9.62,331.4,28.89
2025-09-25 15:00:00,8.54,9.65,331.7,28.99
2025-09-25 16:00:00,8.38,9.59,332.4,28.83
2025-09-25 17:00:00,7.38,9.04,332.4,28.23
2025-09-25 18:00:00,6.44,8.57,332.5,27.46
2025-09-25 19:00:00,6.0,8.11,334.3,27.18
2025-09-25 20:00:00,5.71,7.72,339.0,26.96
2025-09-25 21:00:00,5.37,7.17,344.2,26.66
2025-09-25 22:00:00,5.09,6.74,350.3,26.33
2025-09-25 23:00:00,5.0,6.56,352.8,25.92
2025-09-26 00:00:00,5.25,6.86,352.2,25.44
2025-09-26 01:00:00,5.74,7.51,351.1,25.02
2025-09-26 02:00:00,5.93,7.7,349.2,24.64
2025-09-26 03:00:00,5.89,7.64,345.7,24.38
2025-09-26 04:00:00,5.95,7.73,344.4,24.25
2025-09-26 05:00:00,6.05,7.87,345.1,24.05
2025-09-26 06:00:00,6.55,7.86,346.2,24.54
2025-09-26 07:00:00,7.19,8.03,344.0,25.36
2025-09-26 08:00:00,7.6,8.38,341.8,26.32
2025-09-26 09:00:00,7.91,8.66,339.9,27.29
2025-09-26 10:00:00,8.07,8.83,336.8,28.24
2025-09-26 11:00:00,8.06,8.92,331.5,29.06
2025-09-26 12:00:00,8.12,9.14,326.0,29.58
2025-09-26 13:00:00,8.32,9.59,321.2,29.95
2025-09-26 14:00:00,8.54,10.0,318.6,30.12
2025-09-26 15:00:00,8.6,10.23,318.1,30.05
2025-09-26 16:00:00,8.59,10.31,318.3,29.67
2025-09-26 17:00:00,7.98,9.9,316.9,28.85
2025-09-26 18:00:00,7.56,9.68,317.8,28.05
2025-09-26 19:00:00,7.24,9.33,323.3,27.69
2025-09-26 20:00:00,6.85,8.91,331.7,27.39
2025-09-26 21:00:00,6.46,8.46,343.3,27.03
2025-09-26 22:00:00,6.11,7.97,350.2,26.55
2025-09-26 23:00:00,5.85,7.55,348.5,26.0
2025-09-27 00:00:00,6.07,7.64,341.1,25.47
2025-09-27 01:00:00,6.39,7.76,333.7,24.95
2025-09-27 02:00:00,6.73,8.0,329.4,24.51
2025-09-27 03:00:00,6.88,8.13,328.4,24.22
2025-09-27 04:00:00,6.58,7.83,330.2,24.11
2025-09-27 05:00:00,6.23,7.48,329.5,23.99
2025-09-27 06:00:00,6.4,7.29,326.7,24.35
2025-09-27 07:00:00,6.55,7.05,324.8,25.43
2025-09-27 08:00:00,6.33,6.75,319.5,27.01
2025-09-27 09:00:00,6.67,7.15,313.6,28.16
2025-09-27 10:00:00,6.87,7.46,311.9,28.89
2025-09-27 11:00:00,6.5,7.26,313.2,29.44
2025-09-27 12:00:00,5.78,6.87,315.2,29.87
2025-09-27 13:00:00,4.98,6.4,318.5,30.28
2025-09-27 14:00:00,4.45,6.04,324.0,30.56
2025-09-27 15:00:00,4.27,5.9,328.1,30.68
2025-09-27 16:00:00,4.29,6.04,329.1,30.5
2025-09-27 17:00:00,3.89,6.42,328.6,29.63
2025-09-27 18:00:00,4.35,7.49,328.0,28.92
2025-09-27 19:00:00,5.36,8.51,327.5,28.76
2025-09-27 20:00:00,6.29,9.01,326.5,28.44
2025-09-27 21:00:00,6.95,9.06,325.8,27.89
2025-09-27 22:00:00,7.07,8.72,327.8,27.21
2025-09-27 23:00:00,6.97,8.34,329.6,26.53
2025-09-28 00:00:00,6.54,7.78,330.2,26.05
2025-09-28 01:00:00,6.47,7.69,327.8,25.55
2025-09-28 02:00:00,6.53,7.71,325.4,25.1
2025-09-28 03:00:00,6.72,7.9,322.2,24.78
2025-09-28 04:00:00,7.02,8.31,320.7,24.61
2025-09-28 05:00:00,7.16,8.49,320.2,24.51
2025-09-28 06:00:00,7.29,8.42,319.8,24.91
2025-09-28 07:00:00,7.53,8.37,319.3,26.09
2025-09-28 08:00:00,7.63,8.42,316.9,27.46
2025-09-28 09:00:00,7.84,8.71,316.3,28.57
2025-09-28 10:00:00,7.56,8.57,316.9,29.31
2025-09-28 11:00:00,7.08,8.3,317.7,29.83
2025-09-28 12:00:00,6.55,8.0,319.8,30.2
2025-09-28 13:00:00,5.92,7.72,323.9,30.51
2025-09-28 14:00:00,5.44,7.48,328.8,30.83
2025-09-28 15:00:00,5.3,7.42,332.9,31.01
2025-09-28 16:00:00,5.4,7.69,335.6,30.8
2025-09-28 17:00:00,5.16,8.2,336.2,29.88
2025-09-28 18:00:00,5.83,9.31,335.9,29.19
2025-09-28 19:00:00,6.85,9.94,336.1,29.01
2025-09-28 20:00:00,7.32,9.94,336.2,28.57
2025-09-28 21:00:00,7.37,9.6,336.7,28.07
2025-09-28 22:00:00,7.39,9.26,335.1,27.56
2025-09-28 23:00:00,7.6,9.22,329.7,27.05
2025-09-29 00:00:00,8.1,9.61,325.7,26.49
2025-09-29 01:00:00,8.25,9.72,324.9,26.05
2025-09-29 02:00:00,8.21,9.64,322.9,25.63
2025-09-29 03:00:00,8.02,9.42,321.9,25.25
2025-09-29 04:00:00,7.68,9.05,320.3,24.95
2025-09-29 05:00:00,7.56,8.94,319.3,24.74
2025-09-29 06:00:00,7.79,8.91,318.7,25.01
2025-09-29 07:00:00,8.22,9.13,319.8,26.01
2025-09-29 08:00:00,8.57,9.56,322.8,27.39
2025-09-29 09:00:00,8.84,10.02,323.5,28.65
2025-09-29 10:00:00,8.9,10.39,322.4,29.69
2025-09-29 11:00:00,8.73,10.6,322.5,30.55
2025-09-29 12:00:00,8.44,10.63,323.9,31.18
2025-09-29 13:00:00,8.2,10.66,325.3,31.57
2025-09-29 14:00:00,8.13,10.78,326.6,31.73
2025-09-29 15:00:00,8.15,10.93,327.1,31.71
2025-09-29 16:00:00,8.2,11.02,326.0,31.36
2025-09-29 17:00:00,8.07,11.11,323.0,30.47
2025-09-29 18:00:00,8.84,11.74,324.3,29.71
2025-09-29 19:00:00,9.11,11.57,328.9,29.01
2025-09-29 20:00:00,8.78,10.86,334.5,28.23
2025-09-29 21:00:00,8.34,10.12,337.9,27.48
2025-09-29 22:00:00,8.02,9.61,335.3,26.67
2025-09-29 23:00:00,7.85,9.33,331.0,25.87
2025-09-30 00:00:00,7.7,9.11,326.8,25.2
2025-09-30 01:00:00,7.61,8.97,324.7,24.71
2025-09-30 02:00:00,7.39,8.74,325.1,24.39
2025-09-30 03:00:00,7.19,8.57,326.8,24.25
2025-09-30 04:00:00,6.95,8.34,327.9,24.26
2025-09-30 05:00:00,6.81,8.22,328.4,24.18
2025-09-30 06:00:00,6.98,8.08,328.8,24.58
2025-09-30 07:00:00,7.48,8.22,326.9,25.76
2025-09-30 08:00:00,8.06,8.96,331.9,27.64
2025-09-30 09:00:00,8.36,9.98,338.2,29.61
2025-09-30 10:00:00,8.63,10.93,343.4,31.36
2025-09-30 11:00:00,9.06,11.76,345.1,32.32
2025-09-30 12:00:00,9.59,12.5,345.5,32.75
2025-09-30 13:00:00,9.98,13.01,344.8,32.87
2025-09-30 14:00:00,10.16,13.25,343.5,32.78
2025-09-30 15:00:00,10.23,13.34,342.2,32.47
2025-09-30 16:00:00,10.02,13.02,341.7,31.83
2025-09-30 17:00:00,9.24,12.35,341.5,30.76
2025-09-30 18:00:00,8.6,11.7,346.1,29.94
2025-09-30 19:00:00,7.87,10.72,354.3,29.32
2025-09-30 20:00:00,6.74,9.3,358.6,28.64
2025-09-30 21:00:00,6.16,8.31,358.3,27.86
2025-09-30 22:00:00,6.23,8.01,354.5,27.15
2025-09-30 23:00:00,6.44,7.99,348.4,26.46
2025-10-01 00:00:00,6.65,8.13,343.6,25.87
2025-10-01 01:00:00,6.81,8.29,340.5,25.35
2025-10-01 02:00:00,7.14,8.73,339.1,24.89
2025-10-01 03:00:00,7.57,9.22,341.3,24.51
2025-10-01 04:00:00,7.53,9.21,342.6,24.09
2025-10-01 05:00:00,7.34,9.01,343.6,23.72
2025-10-01 06:00:00,7.5,8.78,343.7,23.89
2025-10-01 07:00:00,7.93,8.83,342.5,24.7
2025-10-01 08:00:00,8.61,9.56,340.8,25.86
2025-10-01 09:00:00,9.41,10.44,338.5,27.13
2025-10-01 10:00:00,9.98,11.15,334.0,28.38
2025-10-01 11:00:00,10.36,11.71,330.8,29.32
2025-10-01 12:00:00,10.66,12.21,328.9,29.92
2025-10-01 13:00:00,10.94,12.67,327.5,30.23
2025-10-01 14:00:00,11.12,13.02,327.5,30.35
2025-10-01 15:00:00,11.13,13.2,328.3,30.28
2025-10-01 16:00:00,10.78,12.9,328.8,29.93
2025-10-01 17:00:00,9.49,11.78,327.7,29.06
2025-10-01 18:00:00,8.65,11.04,329.8,28.25
2025-10-01 19:00:00,7.92,10.17,337.0,27.77
2025-10-01 20:00:00,7.02,9.15,345.5,27.21
2025-10-01 21:00:00,6.22,8.16,351.3,26.55
2025-10-01 22:00:00,5.7,7.42,353.3,25.92
2025-10-01 23:00:00,5.48,7.09,349.0,25.35
2025-10-02 00:00:00,5.57,7.15,342.3,24.89
2025-10-02 01:00:00,5.69,7.26,336.5,24.56
2025-10-02 02:00:00,5.81,7.38,331.1,24.29
2025-10-02 03:00:00,5.99,7.59,327.9,24.15
2025-10-02 04:00:00,6.07,7.67,326.4,24.13
2025-10-02 05:00:00,6.03,7.62,325.7,24.1
2025-10-02 06:00:00,6.11,7.33,325.1,24.73
2025-10-02 07:00:00,6.28,6.87,323.8,26.13
2025-10-02 08:00:00,6.26,6.79,324.4,27.73
2025-10-02 09:00:00,5.96,6.78,328.8,29.15
2025-10-02 10:00:00,5.42,6.79,332.2,30.45
2025-10-02 11:00:00,5.07,6.93,331.8,31.63
2025-10-02 12:00:00,5.41,7.49,329.3,32.51
2025-10-02 13:00:00,5.95,8.31,327.2,32.92
2025-10-02 14:00:00,6.46,9.12,326.4,32.99
2025-10-02 15:00:00,6.71,9.57,326.7,32.8
2025-10-02 16:00:00,6.48,9.39,327.1,32.33
2025-10-02 17:00:00,5.16,8.75,328.0,30.98
2025-10-02 18:00:00,4.61,8.21,335.2,29.95
2025-10-02 19:00:00,3.94,7.0,351.2,29.4
2025-10-02 20:00:00,3.23,5.54,11.7,28.77
2025-10-02 21:00:00,2.65,4.3,32.0,28.33
2025-10-02 22:00:00,2.01,3.15,44.4,28.22
2025-10-02 23:00:00,0.72,1.09,7.4,27.83
2025-10-03 00:00:00,2.07,3.13,279.6,27.66
2025-10-03 01:00:00,3.94,5.72,278.1,27.76
2025-10-03 02:00:00,5.16,7.28,280.8,27.4
2025-10-03 03:00:00,6.04,7.88,278.0,26.94
2025-10-03 04:00:00,5.98,7.64,274.4,26.3
2025-10-03 05:00:00,5.38,6.9,275.4,25.86
2025-10-03 06:00:00,4.74,6.04,279.3,26.25
2025-10-03 07:00:00,4.25,4.65,287.5,27.72
2025-10-03 08:00:00,2.95,3.64,309.0,29.21
2025-10-03 09:00:00,2.71,3.5,319.3,30.65
2025-10-03 10:00:00,2.58,3.25,321.5,31.93
2025-10-03 11:00:00,2.37,2.9,324.1,33.1
2025-10-03 12:00:00,2.34,2.82,327.2,33.81
2025-10-03 13:00:00,2.66,3.24,330.8,33.94
2025-10-03 14:00:00,3.27,4.08,332.9,33.57
2025-10-03 15:00:00,3.93,5.1,332.0,32.97
2025-10-03 16:00:00,4.38,6.11,331.3,32.11
2025-10-03 17:00:00,4.04,6.97,328.9,30.55
2025-10-03 18:00:00,4.33,7.68,322.8,29.68
2025-10-03 19:00:00,4.78,8.28,316.6,29.25
2025-10-03 20:00:00,5.45,8.69,313.5,28.85
2025-10-03 21:00:00,6.12,8.85,314.5,28.36
2025-10-03 22:00:00,6.65,8.91,318.4,27.81
2025-10-03 23:00:00,6.88,8.89,324.4,27.26
2025-10-04 00:00:00,6.9,8.79,332.4,26.82
2025-10-04 01:00:00,6.77,8.6,340.7,26.44
2025-10-04 02:00:00,6.81,8.58,344.2,26.19
2025-10-04 03:00:00,6.87,8.58,344.2,25.98
2025-10-04 04:00:00,6.91,8.54,342.0,25.67
2025-10-04 05:00:00,7.19,8.73,338.9,25.26
2025-10-04 06:00:00,7.64,8.88,336.0,25.2
2025-10-04 07:00:00,8.18,9.15,333.0,25.99
2025-10-04 08:00:00,8.91,10.06,330.9,27.33
2025-10-04 09:00:00,9.77,11.1,327.4,28.45
2025-10-04 10:00:00,10.01,11.52,324.1,29.27
2025-10-04 11:00:00,9.94,11.62,322.1,29.88
2025-10-04 12:00:00,9.71,11.56,321.7,30.33
2025-10-04 13:00:00,9.38,11.39,323.0,30.61
2025-10-04 14:00:00,8.99,11.16,324.6,30.74
2025-10-04 15:00:00,8.63,10.96,325.5,30.69
2025-10-04 16:00:00,8.15,10.57,325.1,30.39
2025-10-04 17:00:00,7.32,10.05,324.1,29.57
2025-10-04 18:00:00,7.46,10.23,323.3,28.93
2025-10-04 19:00:00,7.7,10.2,323.0,28.47
2025-10-04 20:00:00,7.9,10.07,323.4,27.9
2025-10-04 21:00:00,8.16,10.0,325.9,27.33
2025-10-04 22:00:00,8.12,9.74,330.4,26.66
2025-10-04 23:00:00,7.94,9.46,333.8,26.07
2025-10-05 00:00:00,7.99,9.47,333.7,25.56
2025-10-05 01:00:00,8.14,9.66,331.3,25.19
2025-10-05 02:00:00,8.45,10.11,330.5,24.99
2025-10-05 03:00:00,8.78,10.48,328.7,24.76
2025-10-05 04:00:00,9.13,10.9,328.6,24.5
2025-10-05 05:00:00,9.45,11.2,329.7,24.26
2025-10-05 06:00:00,9.75,11.27,331.5,24.27
2025-10-05 07:00:00,10.31,11.66,337.2,25.11
2025-10-05 08:00:00,10.65,12.04,341.9,26.44
2025-10-05 09:00:00,10.87,12.33,342.1,27.68
2025-10-05 10:00:00,10.96,12.57,339.4,28.7
2025-10-05 11:00:00,11.03,12.79,335.3,29.5
2025-10-05 12:00:00,11.1,13.02,329.3,30.04
2025-10-05 13:00:00,11.22,13.3,324.6,30.3
2025-10-05 14:00:00,11.41,13.62,322.0,30.29
2025-10-05 15:00:00,11.55,13.86,320.9,30.07
2025-10-05 16:00:00,11.69,14.06,320.9,29.54
2025-10-05 17:00:00,11.53,14.01,320.7,28.72
2025-10-05 18:00:00,11.55,13.91,322.9,27.95
2025-10-05 19:00:00,11.48,13.7,330.0,27.3
2025-10-05 20:00:00,11.23,13.19,338.9,26.67
2025-10-05 21:00:00,10.93,12.75,342.8,26.0
2025-10-05 22:00:00,10.9,12.76,345.1,25.46
2025-10-05 23:00:00,11.04,12.97,345.5,24.95
2025-10-06 00:00:00,10.89,12.83,344.9,24.49
2025-10-06 01:00:00,10.6,12.5,344.2,24.2
2025-10-06 02:00:00,10.3,12.18,343.6,24.0
2025-10-06 03:00:00,9.96,11.81,343.6,23.85
2025-10-06 04:00:00,9.61,11.48,344.0,23.75
2025-10-06 05:00:00,9.25,11.11,343.8,23.63
2025-10-06 06:00:00,9.15,10.7,342.9,23.68
2025-10-06 07:00:00,9.32,10.48,341.5,24.27
2025-10-06 08:00:00,9.58,10.61,339.2,25.1
2025-10-06 09:00:00,9.71,10.61,333.9,25.96
2025-10-06 10:00:00,9.85,10.7,325.5,26.72
2025-10-06 11:00:00,9.93,10.84,320.2,27.38
2025-10-06 12:00:00,9.92,10.94,318.4,27.91
2025-10-06 13:00:00,9.87,11.0,318.4,28.24
2025-10-06 14:00:00,9.77,11.01,320.2,28.42
2025-10-06 15:00:00,9.54,10.9,321.9,28.44
2025-10-06 16:00:00,9.37,10.86,321.8,28.23
2025-10-06 17:00:00,8.74,10.4,319.3,27.66
2025-10-06 18:00:00,8.46,10.24,317.7,27.09
2025-10-06 19:00:00,8.64,10.41,321.5,26.68
2025-10-06 20:00:00,8.43,10.13,328.6,26.28
2025-10-06 21:00:00,8.07,9.71,335.6,25.85
2025-10-06 22:00:00,7.64,9.22,340.8,25.4
2025-10-06 23:00:00,7.44,9.03,344.1,25.01
2025-10-07 00:00:00,7.14,8.72,344.7,24.6
2025-10-07 01:00:00,6.92,8.5,342.5,24.22
2025-10-07 02:00:00,6.94,8.55,339.0,23.86
2025-10-07 03:00:00,7.02,8.66,336.5,23.55
2025-10-07 04:00:00,6.99,8.64,334.0,23.27
2025-10-07 05:00:00,6.74,8.38,330.9,23.03
2025-10-07 06:00:00,6.63,7.87,328.0,23.27
2025-10-07 07:00:00,6.73,7.44,325.2,24.18
2025-10-07 08:00:00,6.55,7.07,322.1,25.38
2025-10-07 09:00:00,6.16,6.59,317.2,26.63
2025-10-07 10:00:00,5.72,6.1,313.7,27.74
2025-10-07 11:00:00,5.26,5.66,316.7,28.39
2025-10-07 12:00:00,4.96,5.36,327.0,28.78
2025-10-07 13:00:00,5.01,5.45,342.0,29.0
2025-10-07 14:00:00,5.27,5.78,353.3,28.98
2025-10-07 15:00:00,5.3,5.84,359.4,28.79
2025-10-07 16:00:00,4.99,5.51,3.6,28.38
2025-10-07 17:00:00,3.96,4.91,12.7,27.46
2025-10-07 18:00:00,3.22,4.01,19.4,26.8
2025-10-07 19:00:00,2.37,2.83,22.2,26.79
2025-10-07 20:00:00,1.42,1.63,12.8,27.01
2025-10-07 21:00:00,0.99,1.17,320.6,26.95
2025-10-07 22:00:00,1.74,2.08,292.4,26.5
2025-10-07 23:00:00,2.57,3.14,288.2,26.01
2025-10-08 00:00:00,3.26,4.04,287.0,25.58
2025-10-08 01:00:00,3.72,4.63,289.8,25.19
2025-10-08 02:00:00,3.85,4.8,293.5,24.87
2025-10-08 03:00:00,3.81,4.74,293.6,24.57
2025-10-08 04:00:00,3.69,4.55,296.5,24.39
2025-10-08 05:00:00,3.43,4.15,301.0,24.32
2025-10-08 06:00:00,2.99,3.62,306.5,24.69
2025-10-08 07:00:00,2.82,3.04,313.7,26.09
2025-10-08 08:00:00,2.54,2.65,326.1,27.23
2025-10-08 09:00:00,2.42,2.63,324.7,28.67
2025-10-08 10:00:00,2.17,2.92,330.3,29.33
2025-10-08 11:00:00,2.48,3.27,345.3,30.02
2025-10-08 12:00:00,2.87,3.7,356.7,30.63
2025-10-08 13:00:00,3.17,4.08,1.7,30.99
2025-10-08 14:00:00,3.31,4.31,0.9,31.16
2025-10-08 15:00:00,3.3,4.34,356.7,31.14
2025-10-08 16:00:00,3.1,4.12,352.5,30.9
2025-10-08 17:00:00,2.39,3.69,352.0,29.75
2025-10-08 18:00:00,2.24,3.34,343.8,29.2
2025-10-08 19:00:00,2.18,3.26,328.9,28.84
2025-10-08 20:00:00,2.4,3.69,313.4,28.24
2025-10-08 21:00:00,2.85,4.68,304.4,27.64
2025-10-08 22:00:00,3.69,5.87,303.0,27.29
2025-10-08 23:00:00,4.93,6.89,304.2,26.93
2025-10-09 00:00:00,5.8,7.67,308.0,26.34
2025-10-09 01:00:00,6.42,8.29,314.1,25.79
2025-10-09 02:00:00,6.96,8.79,320.9,25.37
2025-10-09 03:00:00,7.33,9.15,326.6,24.99
2025-10-09 04:00:00,7.43,9.17,329.7,24.6
2025-10-09 05:00:00,7.37,9.06,332.7,24.3
2025-10-09 06:00:00,7.49,8.87,336.8,24.35
2025-10-09 07:00:00,7.93,8.82,339.6,24.96
2025-10-09 08:00:00,7.84,8.52,338.0,25.7
2025-10-09 09:00:00,7.56,8.14,333.2,26.43
2025-10-09 10:00:00,7.31,7.85,329.4,27.04
2025-10-09 11:00:00,6.98,7.5,332.6,27.61
2025-10-09 12:00:00,6.87,7.38,342.3,28.12
2025-10-09 13:00:00,7.08,7.7,351.0,28.41
2025-10-09 14:00:00,7.35,8.14,355.1,28.56
2025-10-09 15:00:00,7.46,8.51,355.3,28.61
2025-10-09 16:00:00,7.42,8.72,353.1,28.52
2025-10-09 17:00:00,6.92,8.84,348.6,27.87
2025-10-09 18:00:00,7.2,9.4,344.3,27.26
2025-10-09 19:00:00,7.36,9.54,342.7,26.8
2025-10-09 20:00:00,7.33,9.49,343.9,26.32
2025-10-09 21:00:00,7.27,9.4,347.6,25.85
2025-10-09 22:00:00,7.24,9.33,354.2,25.35
2025-10-09 23:00:00,7.21,9.19,358.6,24.8
2025-10-10 00:00:00,7.04,8.92,358.5,24.16
2025-10-10 01:00:00,7.17,9.02,356.6,23.79
2025-10-10 02:00:00,7.19,8.95,355.1,23.45
2025-10-10 03:00:00,7.29,9.14,354.0,23.2
2025-10-10 04:00:00,7.51,9.35,353.4,22.99
2025-10-10 05:00:00,7.53,9.29,352.1,22.8
2025-10-10 06:00:00,7.53,8.95,351.7,23.03
2025-10-10 07:00:00,7.84,8.75,351.2,23.93
2025-10-10 08:00:00,8.07,8.96,349.7,25.32
2025-10-10 09:00:00,8.39,9.24,344.9,26.77
2025-10-10 10:00:00,8.34,9.19,337.8,27.95
2025-10-10 11:00:00,8.41,9.35,329.5,28.69
2025-10-10 12:00:00,8.43,9.49,323.4,29.07
2025-10-10 13:00:00,8.43,9.61,319.8,29.21
2025-10-10 14:00:00,8.48,9.8,318.4,29.14
2025-10-10 15:00:00,8.58,10.05,319.1,28.92
2025-10-10 16:00:00,8.71,10.27,320.5,28.46
2025-10-10 17:00:00,8.24,10.0,319.5,27.55
2025-10-10 18:00:00,7.9,9.71,318.6,26.73
2025-10-10 19:00:00,8.24,9.98,322.1,26.18
2025-10-10 20:00:00,8.7,10.4,327.8,25.72
2025-10-10 21:00:00,8.8,10.36,332.4,25.23
2025-10-10 22:00:00,8.88,10.42,334.8,24.8
2025-10-10 23:00:00,9.04,10.63,339.9,24.43
2025-10-11 00:00:00,8.96,10.6,342.8,24.04
2025-10-11 01:00:00,8.88,10.5,343.0,23.7
2025-10-11 02:00:00,8.69,10.27,343.7,23.42
2025-10-11 03:00:00,8.2,9.74,344.8,23.27
2025-10-11 04:00:00,7.45,8.96,345.9,23.17
2025-10-11 05:00:00,6.87,8.35,346.3,23.05
2025-10-11 06:00:00,6.61,7.78,346.3,23.21
2025-10-11 07:00:00,6.8,7.47,345.7,24.08
2025-10-11 08:00:00,6.62,7.17,337.7,25.35
2025-10-11 09:00:00,6.92,7.48,330.2,26.58
2025-10-11 10:00:00,7.1,7.76,323.1,27.6
2025-10-11 11:00:00,7.02,7.89,316.1,28.29
2025-10-11 12:00:00,6.91,7.9,311.9,28.69
2025-10-11 13:00:00,6.81,7.93,311.7,28.84
2025-10-11 14:00:00,6.87,8.15,314.1,28.89
2025-10-11 15:00:00,7.14,8.6,316.7,28.8
2025-10-11 16:00:00,7.65,9.21,319.0,28.44
2025-10-11 17:00:00,7.41,9.2,320.3,27.59
2025-10-11 18:00:00,7.31,9.13,321.4,26.86
2025-10-11 19:00:00,7.6,9.34,324.5,26.38
2025-10-11 20:00:00,7.9,9.58,330.2,25.93
2025-10-11 21:00:00,7.89,9.45,338.0,25.43
2025-10-11 22:00:00,8.01,9.58,343.3,24.92
2025-10-11 23:00:00,8.25,9.84,346.2,24.5
2025-10-12 00:00:00,8.04,9.62,345.7,24.09
2025-10-12 01:00:00,7.82,9.45,345.6,23.77
2025-10-12 02:00:00,7.73,9.4,344.4,23.49
2025-10-12 03:00:00,7.83,9.5,342.7,23.27
2025-10-12 04:00:00,7.85,9.55,341.1,23.08
2025-10-12 05:00:00,8.0,9.68,337.9,22.89
2025-10-12 06:00:00,8.34,9.76,335.6,22.96
2025-10-12 07:00:00,8.63,9.6,335.6,23.6
2025-10-12 08:00:00,8.43,9.22,334.6,24.48
2025-10-12 09:00:00,8.12,8.79,332.0,25.43
2025-10-12 10:00:00,7.92,8.55,327.9,26.36
2025-10-12 11:00:00,7.9,8.59,325.0,27.08
2025-10-12 12:00:00,8.02,8.8,324.8,27.63
2025-10-12 13:00:00,8.29,9.23,326.6,28.0
2025-10-12 14:00:00,8.58,9.76,329.3,28.21
2025-10-12 15:00:00,8.69,10.14,332.1,28.37
2025-10-12 16:00:00,8.66,10.29,333.9,28.27
2025-10-12 17:00:00,7.75,9.69,332.3,27.51
2025-10-12 18:00:00,7.49,9.6,330.2,26.84
2025-10-12 19:00:00,7.5,9.54,333.2,26.41
2025-10-12 20:00:00,7.4,9.4,339.1,25.96
2025-10-12 21:00:00,7.65,9.55,346.2,25.48
2025-10-12 22:00:00,7.57,9.32,350.1,24.88
2025-10-12 23:00:00,7.53,9.26,351.6,24.3
2025-10-13 00:00:00,7.64,9.4,351.9,23.86
2025-10-13 01:00:00,7.59,9.36,349.4,23.46
2025-10-13 02:00:00,7.68,9.46,346.9,23.16
2025-10-13 03:00:00,7.72,9.47,345.5,22.93
2025-10-13 04:00:00,7.62,9.35,345.0,22.75
2025-10-13 05:00:00,7.51,9.24,344.4,22.58
2025-10-13 06:00:00,7.53,8.98,342.5,22.7
2025-10-13 07:00:00,7.86,8.68,338.7,23.41
2025-10-13 08:00:00,7.69,8.27,332.8,24.3
2025-10-13 09:00:00,7.3,7.78,327.5,25.25
2025-10-13 10:00:00,6.98,7.42,322.4,26.11
2025-10-13 11:00:00,6.65,7.07,317.9,26.78
2025-10-13 12:00:00,6.21,6.63,317.4,27.26
2025-10-13 13:00:00,5.89,6.3,321.5,27.56
2025-10-13 14:00:00,5.79,6.21,329.2,27.63
2025-10-13 15:00:00,5.91,6.38,336.6,27.39
2025-10-13 16:00:00,6.08,6.69,341.8,26.93
2025-10-13 17:00:00,5.59,6.9,342.5,26.12
2025-10-13 18:00:00,5.42,7.09,339.8,25.67
2025-10-13 19:00:00,5.5,7.21,337.7,25.47
2025-10-13 20:00:00,5.52,7.21,338.3,25.07
2025-10-13 21:00:00,5.25,6.83,342.9,24.62
2025-10-13 22:00:00,4.79,6.17,347.7,24.19
2025-10-13 23:00:00,4.42,5.67,346.8,23.85
2025-10-14 00:00:00,4.32,5.53,342.5,23.64
2025-10-14 01:00:00,4.37,5.63,337.5,23.4
2025-10-14 02:00:00,4.65,6.01,331.8,23.23
2025-10-14 03:00:00,5.2,6.68,327.5,23.08
2025-10-14 04:00:00,5.54,7.1,325.8,22.95
2025-10-14 05:00:00,5.54,7.08,323.4,22.74
2025-10-14 06:00:00,5.43,6.75,320.9,22.9
2025-10-14 07:00:00,5.71,6.28,318.6,24.01
2025-10-14 08:00:00,5.85,6.31,317.2,25.22
2025-10-14 09:00:00,5.82,6.18,316.6,26.35
2025-10-14 10:00:00,5.46,5.8,317.0,27.18
2025-10-14 11:00:00,5.2,5.52,328.8,27.79
2025-10-14 12:00:00,5.69,6.02,344.3,27.98
2025-10-14 13:00:00,6.56,6.99,354.2,27.8
2025-10-14 14:00:00,7.16,7.78,357.5,27.59
2025-10-14 15:00:00,7.23,8.19,357.1,27.67
2025-10-14 16:00:00,7.01,8.25,352.7,27.69
2025-10-14 17:00:00,6.21,8.06,344.8,27.03
2025-10-14 18:00:00,6.04,8.17,337.7,26.51
2025-10-14 19:00:00,6.02,8.06,333.9,26.11
2025-10-14 20:00:00,5.78,7.6,333.3,25.57
2025-10-14 21:00:00,5.43,7.09,335.8,25.08
2025-10-14 22:00:00,5.16,6.68,340.0,24.64
2025-10-14 23:00:00,5.02,6.47,339.7,24.26
2025-10-15 00:00:00,5.09,6.53,333.6,23.9
2025-10-15 01:00:00,5.53,7.12,330.7,23.66
2025-10-15 02:00:00,6.07,7.73,331.1,23.52
2025-10-15 03:00:00,6.34,7.98,330.5,23.36
2025-10-15 04:00:00,6.37,8.02,329.2,23.24
2025-10-15 05:00:00,6.38,8.03,326.8,23.11
2025-10-15 06:00:00,6.61,8.03,325.0,23.31
2025-10-15 07:00:00,7.16,7.94,326.6,24.32
2025-10-15 08:00:00,7.31,7.99,327.6,25.51
2025-10-15 09:00:00,7.43,8.1,326.6,26.73
2025-10-15 10:00:00,7.36,8.11,325.0,27.67
2025-10-15 11:00:00,6.92,7.88,322.6,28.31
2025-10-15 12:00:00,6.51,7.66,318.3,28.62
2025-10-15 13:00:00,6.41,7.67,317.3,28.68
2025-10-15 14:00:00,6.57,7.91,322.0,28.58
2025-10-15 15:00:00,6.85,8.3,327.7,28.35
2025-10-15 16:00:00,7.06,8.66,332.6,28.03
2025-10-15 17:00:00,6.75,8.79,333.9,27.37
2025-10-15 18:00:00,6.82,8.98,333.6,26.92
2025-10-15 19:00:00,6.7,8.69,334.7,26.5
2025-10-15 20:00:00,6.34,8.12,338.0,26.05
2025-10-15 21:00:00,6.02,7.63,339.8,25.58
2025-10-15 22:00:00,5.92,7.39,337.1,25.13
2025-10-15 23:00:00,6.24,7.72,332.3,24.78
2025-10-16 00:00:00,6.93,8.47,328.0,24.49
2025-10-16 01:00:00,7.77,9.36,324.9,24.14
2025-10-16 02:00:00,8.43,10.03,323.6,23.86
2025-10-16 03:00:00,8.5,10.07,323.1,23.57
2025-10-16 04:00:00,8.16,9.73,323.9,23.32
2025-10-16 05:00:00,7.72,9.25,325.7,23.08
2025-10-16 06:00:00,7.43,8.74,324.9,23.08
2025-10-16 07:00:00,7.73,8.61,324.3,23.81
2025-10-16 08:00:00,7.88,8.64,324.8,24.85
2025-10-16 09:00:00,8.02,8.76,323.0,25.94
2025-10-16 10:00:00,7.87,8.63,320.6,26.93
2025-10-16 11:00:00,7.39,8.2,316.4,27.68
2025-10-16 12:00:00,6.83,7.8,311.9,28.15
2025-10-16 13:00:00,6.41,7.53,317.6,28.32
2025-10-16 14:00:00,6.49,7.64,329.0,28.2
2025-10-16 15:00:00,6.78,8.03,336.4,27.97
2025-10-16 16:00:00,6.89,8.35,338.6,27.74
2025-10-16 17:00:00,6.88,8.84,337.9,27.2
2025-10-16 18:00:00,7.21,9.32,334.6,26.86
2025-10-16 19:00:00,7.23,9.29,329.1,26.55
2025-10-16 20:00:00,7.15,9.07,323.5,26.15
2025-10-16 21:00:00,7.2,8.93,320.5,25.76
2025-10-16 22:00:00,7.4,9.05,317.9,25.32
2025-10-16 23:00:00,7.74,9.33,314.6,24.85
2025-10-17 00:00:00,8.06,9.61,315.0,24.42
2025-10-17 01:00:00,8.17,9.72,317.9,24.12
2025-10-17 02:00:00,8.16,9.77,320.6,23.96
2025-10-17 03:00:00,8.06,9.68,321.0,23.76
2025-10-17 04:00:00,8.04,9.66,320.6,23.54
2025-10-17 05:00:00,8.08,9.69,319.3,23.33
2025-10-17 06:00:00,8.31,9.73,318.8,23.32
2025-10-17 07:00:00,8.7,9.69,320.6,23.91
2025-10-17 08:00:00,8.78,9.67,322.2,24.77
2025-10-17 09:00:00,8.77,9.63,323.1,25.7
2025-10-17 10:00:00,8.58,9.42,322.0,26.6
2025-10-17 11:00:00,8.06,8.95,317.4,27.39
2025-10-17 12:00:00,7.4,8.47,317.2,28.04
2025-10-17 13:00:00,6.81,8.07,325.0,28.37
2025-10-17 14:00:00,6.47,7.97,333.9,28.52
2025-10-17 15:00:00,6.37,8.16,340.5,28.56
2025-10-17 16:00:00,6.47,8.53,342.8,28.38
2025-10-17 17:00:00,6.54,9.15,340.1,27.75
2025-10-17 18:00:00,7.19,9.75,334.7,27.32
2025-10-17 19:00:00,7.35,9.72,330.4,26.92
2025-10-17 20:00:00,7.36,9.48,327.8,26.5
2025-10-17 21:00:00,7.26,9.12,328.8,26.04
2025-10-17 22:00:00,7.39,9.05,328.0,25.6
2025-10-17 23:00:00,7.81,9.41,325.8,25.16
2025-10-18 00:00:00,8.25,9.85,324.4,24.77
2025-10-18 01:00:00,8.6,10.18,322.3,24.38
2025-10-18 02:00:00,8.97,10.61,321.2,24.02
2025-10-18 03:00:00,8.97,10.64,321.4,23.79
2025-10-18 04:00:00,8.57,10.21,319.4,23.59
2025-10-18 05:00:00,8.32,9.91,317.1,23.3
2025-10-18 06:00:00,8.24,9.65,316.1,23.21
2025-10-18 07:00:00,8.5,9.49,316.7,23.97
2025-10-18 08:00:00,8.67,9.63,319.0,25.27
2025-10-18 09:00:00,9.02,10.06,320.4,26.5
2025-10-18 10:00:00,9.31,10.54,321.4,27.5
2025-10-18 11:00:00,9.45,10.91,320.8,28.31
2025-10-18 12:00:00,9.46,11.19,320.1,28.94
2025-10-18 13:00:00,9.41,11.39,320.1,29.39
2025-10-18 14:00:00,9.48,11.63,321.9,29.52
2025-10-18 15:00:00,9.5,11.75,324.1,29.39
2025-10-18 16:00:00,9.21,11.41,325.1,28.85
2025-10-18 17:00:00,8.75,11.11,324.9,27.72
2025-10-18 18:00:00,9.03,11.14,326.2,26.81
2025-10-18 19:00:00,8.91,10.72,328.3,26.01
2025-10-18 20:00:00,8.42,10.05,332.5,25.25
2025-10-18 21:00:00,7.86,9.4,336.0,24.64
2025-10-18 22:00:00,7.59,9.07,335.4,23.94
2025-10-18 23:00:00,7.66,9.16,331.0,23.28
2025-10-19 00:00:00,8.27,9.85,328.0,22.84
2025-10-19 01:00:00,8.74,10.35,325.6,22.35
2025-10-19 02:00:00,8.88,10.48,324.3,21.93
2025-10-19 03:00:00,8.78,10.37,323.6,21.67
2025-10-19 04:00:00,8.65,10.23,323.2,21.55
2025-10-19 05:00:00,8.49,10.07,323.9,21.56
2025-10-19 06:00:00,8.34,9.81,324.3,21.91
2025-10-19 07:00:00,8.7,9.67,323.5,23.31
2025-10-19 08:00:00,9.02,9.89,325.8,25.18
2025-10-19 09:00:00,8.83,9.92,328.7,27.29
2025-10-19 10:00:00,8.49,9.98,327.0,28.84
2025-10-19 11:00:00,8.4,10.22,323.2,29.75
2025-10-19 12:00:00,8.49,10.55,321.0,30.19
2025-10-19 13:00:00,8.63,10.86,321.6,30.31
2025-10-19 14:00:00,8.72,11.06,323.4,30.2
2025-10-19 15:00:00,8.75,11.15,326.1,29.86
2025-10-19 16:00:00,8.46,10.82,327.6,29.14
2025-10-19 17:00:00,8.16,10.73,325.9,27.8
2025-10-19 18:00:00,8.77,11.01,329.1,26.86
2025-10-19 19:00:00,8.82,10.84,336.6,26.22
2025-10-19 20:00:00,8.44,10.31,339.4,25.67
2025-10-19 21:00:00,8.1,9.76,336.9,24.9
2025-10-19 22:00:00,8.0,9.54,333.8,24.2
2025-10-19 23:00:00,7.93,9.41,332.7,23.58
2025-10-20 00:00:00,7.73,9.15,332.0,23.08
2025-10-20 01:00:00,7.6,8.96,330.8,22.69
2025-10-20 02:00:00,7.53,8.92,331.6,22.43
2025-10-20 03:00:00,7.35,8.77,335.6,22.3
2025-10-20 04:00:00,6.78,8.19,337.0,22.1
2025-10-20 05:00:00,6.22,7.55,336.0,21.86
2025-10-20 06:00:00,5.82,6.93,334.4,21.98
2025-10-20 07:00:00,5.54,5.95,332.7,23.3
2025-10-20 08:00:00,4.8,5.04,332.8,25.41
2025-10-20 09:00:00,3.71,3.84,331.6,27.45
2025-10-20 10:00:00,2.91,3.05,315.5,29.25
2025-10-20 11:00:00,2.16,2.71,299.4,30.23
2025-10-20 12:00:00,2.03,2.48,284.9,30.87
2025-10-20 13:00:00,1.95,2.35,276.9,31.71
2025-10-20 14:00:00,1.83,2.24,279.0,32.26
2025-10-20 15:00:00,1.74,2.17,287.7,32.22
2025-10-20 16:00:00,1.62,2.26,302.7,31.32
2025-10-20 17:00:00,2.04,2.97,324.2,29.39
2025-10-20 18:00:00,2.7,4.12,338.9,28.19
2025-10-20 19:00:00,2.97,4.83,356.2,27.29
2025-10-20 20:00:00,2.91,4.8,9.6,26.77
2025-10-20 21:00:00,3.05,4.51,11.6,26.33
2025-10-20 22:00:00,3.54,4.55,14.1,25.66
2025-10-20 23:00:00,3.52,4.38,13.9,24.75
2025-10-21 00:00:00,3.3,4.08,359.0,24.06
2025-10-21 01:00:00,3.61,4.63,334.3,23.71
2025-10-21 02:00:00,4.47,5.74,323.6,23.65
2025-10-21 03:00:00,4.52,5.82,326.6,23.61
2025-10-21 04:00:00,4.03,5.27,330.8,23.64
2025-10-21 05:00:00,3.69,4.86,329.2,23.72
2025-10-21 06:00:00,3.67,4.79,324.1,24.08
2025-10-21 07:00:00,4.21,4.7,316.6,25.36
2025-10-21 08:00:00,4.58,5.07,305.0,26.3
2025-10-21 09:00:00,4.91,5.46,300.5,27.36
2025-10-21 10:00:00,4.24,5.21,297.8,28.31
2025-10-21 11:00:00,3.13,4.26,298.8,29.28
2025-10-21 12:00:00,2.35,3.07,314.7,30.33
2025-10-21 13:00:00,2.23,2.68,346.6,30.92
2025-10-21 14:00:00,2.6,3.12,10.3,31.22
2025-10-21 15:00:00,2.83,3.51,20.9,31.14
2025-10-21 16:00:00,2.62,3.62,24.4,30.39
2025-10-21 17:00:00,2.15,3.25,15.9,28.75
2025-10-21 18:00:00,2.15,3.16,349.6,28.23
2025-10-21 19:00:00,2.57,3.95,330.5,27.51
2025-10-21 20:00:00,2.99,4.87,323.2,26.93
2025-10-21 21:00:00,3.54,5.23,322.4,26.48
2025-10-21 22:00:00,4.14,5.64,315.9,25.86
2025-10-21 23:00:00,4.91,6.4,308.9,25.37
2025-10-22 00:00:00,5.67,7.07,304.9,25.03
2025-10-22 01:00:00,6.22,7.57,302.2,24.51
2025-10-22 02:00:00,6.41,7.76,301.4,24.07
2025-10-22 03:00:00,6.37,7.71,300.7,23.72
2025-10-22 04:00:00,6.28,7.63,299.7,23.43
2025-10-22 05:00:00,6.11,7.48,297.6,23.2
2025-10-22 06:00:00,6.05,7.31,294.5,23.16
2025-10-22 07:00:00,6.11,6.71,291.8,24.1
2025-10-22 08:00:00,5.39,5.78,294.7,25.29
2025-10-22 09:00:00,4.47,4.79,297.1,26.52
2025-10-22 10:00:00,3.02,3.55,292.0,27.68
2025-10-22 11:00:00,1.48,1.81,300.3,28.88
2025-10-22 12:00:00,1.13,1.04,26.3,29.85
2025-10-22 13:00:00,2.12,2.28,65.7,30.16
2025-10-22 14:00:00,2.65,3.12,76.5,30.21
2025-10-22 15:00:00,2.58,3.12,82.1,30.33
2025-10-22 16:00:00,2.12,2.88,85.2,30.06
2025-10-22 17:00:00,1.5,2.11,93.8,29.34
2025-10-22 18:00:00,0.65,0.88,142.0,29.68
2025-10-22 19:00:00,1.02,1.43,226.7,29.01
2025-10-22 20:00:00,1.52,2.21,246.8,28.16
2025-10-22 21:00:00,1.65,2.45,260.8,27.64
2025-10-22 22:00:00,1.74,2.66,274.5,27.04
2025-10-22 23:00:00,2.17,3.28,280.9,26.47
2025-10-23 00:00:00,3.02,3.95,284.2,26.13
2025-10-23 01:00:00,3.42,4.24,289.4,25.6
2025-10-23 02:00:00,3.45,4.23,295.2,25.07
2025-10-23 03:00:00,3.31,4.02,298.7,24.68
2025-10-23 04:00:00,3.12,3.74,302.9,24.44
2025-10-23 05:00:00,2.78,3.29,307.2,24.28
2025-10-23 06:00:00,2.38,2.78,309.5,24.3
2025-10-23 07:00:00,2.05,2.28,311.1,25.46
2025-10-23 08:00:00,1.58,1.59,315.8,26.7
2025-10-23 09:00:00,0.71,0.92,261.9,27.91
2025-10-23 10:00:00,0.57,0.99,182.3,29.52
2025-10-23 11:00:00,1.56,1.84,124.4,30.44
2025-10-23 12:00:00,2.6,3.11,113.1,30.97
2025-10-23 13:00:00,3.22,3.99,115.9,31.31
2025-10-23 14:00:00,3.5,4.43,120.2,31.4
2025-10-23 15:00:00,3.52,4.55,124.4,31.24
2025-10-23 16:00:00,3.12,4.43,123.9,30.55
2025-10-23 17:00:00,2.49,3.88,129.4,29.06
2025-10-23 18:00:00,1.72,2.49,148.5,29.09
2025-10-23 19:00:00,1.18,1.6,211.2,29.12
2025-10-23 20:00:00,1.96,2.89,255.6,27.81
2025-10-23 21:00:00,2.54,4.1,273.1,27.06
2025-10-23 22:00:00,3.17,4.97,289.3,26.68
2025-10-23 23:00:00,4.19,5.81,300.5,26.33
2025-10-24 00:00:00,5.04,6.64,305.7,25.77
2025-10-24 01:00:00,5.62,7.3,310.5,25.17
2025-10-24 02:00:00,6.06,7.81,315.9,24.73
2025-10-24 03:00:00,6.2,7.95,320.4,24.41
2025-10-24 04:00:00,5.98,7.64,321.5,24.09
2025-10-24 05:00:00,5.56,7.12,320.4,23.79
2025-10-24 06:00:00,5.42,6.79,317.4,23.83
2025-10-24 07:00:00,6.11,6.81,316.1,24.93
2025-10-24 08:00:00,6.47,7.12,322.0,26.09
2025-10-24 09:00:00,6.52,7.2,327.6,27.35
2025-10-24 10:00:00,6.16,7.18,328.1,28.46
2025-10-24 11:00:00,5.46,6.92,324.8,29.14
2025-10-24 12:00:00,5.02,6.71,324.2,29.5
2025-10-24 13:00:00,4.97,6.77,327.8,29.68
2025-10-24 14:00:00,5.22,7.09,333.8,29.68
2025-10-24 15:00:00,5.48,7.4,339.8,29.44
2025-10-24 16:00:00,5.29,7.3,342.7,28.97
2025-10-24 17:00:00,4.43,7.28,340.6,27.75
2025-10-24 18:00:00,4.93,7.97,337.7,27.39
2025-10-24 19:00:00,5.5,8.41,340.1,27.13
2025-10-24 20:00:00,5.74,8.24,344.7,26.64
2025-10-24 21:00:00,5.63,7.68,350.0,26.08
2025-10-24 22:00:00,5.2,6.89,355.8,25.52
2025-10-24 23:00:00,4.69,6.07,357.8,24.93
2025-10-25 00:00:00,4.23,5.39,355.0,24.33
2025-10-25 01:00:00,4.03,5.1,348.8,23.78
2025-10-25 02:00:00,4.1,5.27,340.4,23.38
2025-10-25 03:00:00,4.25,5.47,334.2,23.13
2025-10-25 04:00:00,4.18,5.37,329.5,22.86
2025-10-25 05:00:00,4.11,5.28,326.4,22.59
2025-10-25 06:00:00,4.17,5.3,322.0,22.67
2025-10-25 07:00:00,4.74,5.19,320.5,24.12
2025-10-25 08:00:00,4.94,5.3,323.5,25.68
2025-10-25 09:00:00,5.31,5.9,330.9,27.48
2025-10-25 10:00:00,5.04,6.2,332.2,29.04
2025-10-25 11:00:00,4.68,6.37,326.7,29.99
2025-10-25 12:00:00,4.84,6.67,320.4,30.38
2025-10-25 13:00:00,5.08,7.04,317.6,30.44
2025-10-25 14:00:00,5.3,7.38,318.9,30.29
2025-10-25 15:00:00,5.44,7.63,322.7,29.97
2025-10-25 16:00:00,5.2,7.56,328.0,29.36
2025-10-25 17:00:00,4.41,7.48,333.1,27.83
2025-10-25 18:00:00,4.54,7.51,338.0,27.23
2025-10-25 19:00:00,4.59,7.19,344.9,26.8
2025-10-25 20:00:00,4.58,6.61,352.7,26.32
2025-10-25 21:00:00,4.49,5.96,357.6,25.79
2025-10-25 22:00:00,4.25,5.42,358.8,25.23
2025-10-25 23:00:00,4.02,5.05,359.2,24.77
2025-10-26 00:00:00,3.92,4.89,358.9,24.39
2025-10-26 01:00:00,4.04,5.04,355.1,24.02
2025-10-26 02:00:00,4.44,5.63,346.4,23.71
2025-10-26 03:00:00,5.07,6.55,339.2,23.49
2025-10-26 04:00:00,5.6,7.23,335.4,23.33
2025-10-26 05:00:00,5.8,7.46,332.7,23.13
2025-10-26 06:00:00,5.84,7.35,329.5,23.13
2025-10-26 07:00:00,6.22,6.99,326.4,24.33
2025-10-26 08:00:00,6.45,7.05,325.2,25.75
2025-10-26 09:00:00,6.37,7.02,324.7,27.29
2025-10-26 10:00:00,5.98,6.98,317.2,28.48
2025-10-26 11:00:00,5.89,7.2,311.7,29.04
2025-10-26 12:00:00,5.81,7.26,313.0,29.19
2025-10-26 13:00:00,5.69,7.23,318.6,29.16
2025-10-26 14:00:00,5.72,7.27,325.8,29.0
2025-10-26 15:00:00,5.92,7.44,331.1,28.64
2025-10-26 16:00:00,6.03,7.52,333.2,28.0
2025-10-26 17:00:00,5.23,7.33,332.4,26.76
2025-10-26 18:00:00,5.26,7.41,332.3,26.24
2025-10-26 19:00:00,5.33,7.33,334.6,25.89
2025-10-26 20:00:00,5.32,7.09,337.9,25.44
2025-10-26 21:00:00,5.17,6.79,342.1,25.01
2025-10-26 22:00:00,5.08,6.6,343.0,24.62
2025-10-26 23:00:00,5.16,6.68,341.2,24.24
2025-10-27 00:00:00,5.18,6.67,339.2,23.81
2025-10-27 01:00:00,5.17,6.63,335.9,23.4
2025-10-27 02:00:00,5.31,6.78,330.7,23.12
2025-10-27 03:00:00,5.63,7.14,326.1,22.83
2025-10-27 04:00:00,5.84,7.45,325.5,22.61
2025-10-27 05:00:00,5.7,7.28,324.8,22.45
2025-10-27 06:00:00,5.35,6.72,320.3,22.49
2025-10-27 07:00:00,5.6,6.22,313.7,23.58
2025-10-27 08:00:00,5.66,6.15,308.4,24.89
2025-10-27 09:00:00,5.61,6.04,306.5,26.1
2025-10-27 10:00:00,5.01,5.42,301.2,27.22
2025-10-27 11:00:00,3.65,4.35,300.7,28.01
2025-10-27 12:00:00,2.73,3.5,320.9,28.48
2025-10-27 13:00:00,2.92,3.75,351.1,28.66
2025-10-27 14:00:00,3.71,4.72,7.4,28.6
2025-10-27 15:00:00,4.54,5.59,12.3,28.31
2025-10-27 16:00:00,4.83,6.14,12.5,27.86
2025-10-27 17:00:00,4.15,6.13,5.5,26.76
2025-10-27 18:00:00,4.11,6.21,354.0,26.34
2025-10-27 19:00:00,4.45,6.56,344.8,26.11
2025-10-27 20:00:00,4.89,6.83,339.7,25.78
2025-10-27 21:00:00,5.1,6.83,336.4,25.35
2025-10-27 22:00:00,5.17,6.78,333.4,24.9
2025-10-27 23:00:00,5.21,6.74,330.8,24.49
2025-10-28 00:00:00,5.24,6.73,325.9,24.13
2025-10-28 01:00:00,5.35,6.82,319.0,23.71
2025-10-28 02:00:00,5.44,6.91,313.0,23.26
2025-10-28 03:00:00,5.37,6.83,309.6,22.87
2025-10-28 04:00:00,5.16,6.56,309.5,22.63
2025-10-28 05:00:00,4.85,6.18,312.0,22.58
2025-10-28 06:00:00,4.55,5.78,313.5,22.68
2025-10-28 07:00:00,4.79,5.28,314.4,23.76
2025-10-28 08:00:00,4.66,4.95,318.4,24.71
2025-10-28 09:00:00,4.28,4.46,317.0,25.94
2025-10-28 10:00:00,3.75,4.02,314.8,27.17
2025-10-28 11:00:00,2.93,3.51,326.4,28.05
2025-10-28 12:00:00,2.74,3.35,347.7,28.69
2025-10-28 13:00:00,2.98,3.71,4.2,29.0
2025-10-28 14:00:00,3.2,4.1,10.7,29.03
2025-10-28 15:00:00,3.32,4.42,12.3,28.79
2025-10-28 16:00:00,3.31,4.85,13.2,28.22
2025-10-28 17:00:00,3.21,5.35,8.6,26.89
2025-10-28 18:00:00,3.64,5.88,358.4,26.52
2025-10-28 19:00:00,4.16,6.48,350.0,26.32
2025-10-28 20:00:00,4.78,6.97,346.6,26.03
2025-10-28 21:00:00,5.21,7.16,345.9,25.58
2025-10-28 22:00:00,5.35,7.16,344.5,25.03
2025-10-28 23:00:00,5.58,7.33,340.5,24.41
2025-10-29 00:00:00,5.94,7.62,336.3,23.76
2025-10-29 01:00:00,6.32,7.89,334.6,23.24
2025-10-29 02:00:00,6.59,8.08,333.0,22.89
2025-10-29 03:00:00,6.84,8.3,331.4,22.63
2025-10-29 04:00:00,7.03,8.49,330.0,22.42
2025-10-29 05:00:00,7.13,8.57,329.1,22.2
2025-10-29 06:00:00,7.14,8.52,327.6,22.14
2025-10-29 07:00:00,7.65,8.58,325.7,23.03
2025-10-29 08:00:00,8.02,8.82,323.3,24.21
2025-10-29 09:00:00,8.36,9.13,321.7,25.54
2025-10-29 10:00:00,8.76,9.67,318.0,26.68
2025-10-29 11:00:00,8.92,10.07,316.3,27.58
2025-10-29 12:00:00,8.86,10.25,317.8,28.2
2025-10-29 13:00:00,8.68,10.4,320.3,28.79
2025-10-29 14:00:00,8.61,10.68,322.9,29.21
2025-10-29 15:00:00,8.65,10.91,325.5,29.23
2025-10-29 16:00:00,8.36,10.77,327.4,28.69
2025-10-29 17:00:00,8.17,10.97,332.9,27.56
2025-10-29 18:00:00,8.47,10.89,343.7,26.78
2025-10-29 19:00:00,8.18,10.22,348.3,25.87
2025-10-29 20:00:00,7.67,9.41,347.8,24.98
2025-10-29 21:00:00,7.52,9.09,342.6,24.19
2025-10-29 22:00:00,7.56,8.97,339.4,23.41
2025-10-29 23:00:00,7.21,8.6,339.3,22.87
2025-10-30 00:00:00,6.84,8.28,337.9,22.6
2025-10-30 01:00:00,6.53,8.0,338.4,22.44
2025-10-30 02:00:00,6.13,7.62,338.4,22.33
2025-10-30 03:00:00,5.85,7.39,342.3,22.23
2025-10-30 04:00:00,5.47,7.01,349.8,22.13
2025-10-30 05:00:00,4.97,6.38,355.6,22.06
2025-10-30 06:00:00,4.5,5.72,358.2,22.17
2025-10-30 07:00:00,4.47,4.93,355.9,23.51
2025-10-30 08:00:00,3.99,4.17,344.3,24.86
2025-10-30 09:00:00,3.88,4.05,325.9,26.3
2025-10-30 10:00:00,4.33,4.63,313.2,27.38
2025-10-30 11:00:00,4.53,5.14,306.9,28.26
2025-10-30 12:00:00,4.45,5.55,306.0,28.66
2025-10-30 13:00:00,4.53,5.9,308.3,28.75
2025-10-30 14:00:00,4.68,6.2,310.6,28.72
2025-10-30 15:00:00,4.78,6.43,311.3,28.54
2025-10-30 16:00:00,4.76,6.59,310.7,28.06
2025-10-30 17:00:00,4.36,6.9,312.8,26.84
2025-10-30 18:00:00,4.79,7.33,320.0,26.41
2025-10-30 19:00:00,5.01,7.22,327.3,26.01
2025-10-30 20:00:00,5.11,6.82,332.0,25.41
2025-10-30 21:00:00,5.18,6.66,332.0,24.75
2025-10-30 22:00:00,5.47,6.8,328.5,24.04
2025-10-30 23:00:00,5.69,6.89,327.8,23.43
2025-10-31 00:00:00,5.54,6.74,329.9,23.03
2025-10-31 01:00:00,5.58,6.87,329.4,22.78
2025-10-31 02:00:00,6.08,7.43,327.1,22.68
2025-10-31 03:00:00,6.44,7.82,326.3,22.64
2025-10-31 04:00:00,6.47,7.88,326.3,22.64
2025-10-31 05:00:00,6.33,7.79,328.0,22.64
2025-10-31 06:00:00,5.96,7.37,331.7,22.82
2025-10-31 07:00:00,5.78,6.55,332.3,23.95
2025-10-31 08:00:00,5.54,6.02,322.1,25.17
2025-10-31 09:00:00,5.49,6.01,313.1,26.47
2025-10-31 10:00:00,5.17,5.78,306.9,27.36
2025-10-31 11:00:00,4.63,5.47,302.0,28.02
2025-10-31 12:00:00,3.82,4.99,298.8,28.46
2025-10-31 13:00:00,3.24,4.32,297.1,28.89
2025-10-31 14:00:00,2.68,3.62,300.2,29.13
2025-10-31 15:00:00,2.24,3.04,309.1,29.0
2025-10-31 16:00:00,1.72,2.54,323.8,28.18
2025-10-31 17:00:00,1.46,2.25,330.1,26.73
2025-10-31 18:00:00,1.58,2.38,324.2,26.53
2025-10-31 19:00:00,1.98,3.05,320.1,26.26
2025-10-31 20:00:00,2.93,4.43,318.3,25.74
2025-10-31 21:00:00,4.7,6.21,318.7,25.16
2025-10-31 22:00:00,5.63,7.26,316.3,24.19
2025-10-31 23:00:00,6.33,7.85,313.7,23.49
2025-11-01 00:00:00,6.42,7.81,313.1,23.11
2025-11-01 01:00:00,6.2,7.52,311.4,22.9
2025-11-01 02:00:00,6.06,7.37,308.2,22.81
2025-11-01 03:00:00,5.99,7.3,305.0,22.76
2025-11-01 04:00:00,5.92,7.29,305.3,22.72
2025-11-01 05:00:00,5.31,6.73,307.5,22.54
2025-11-01 06:00:00,4.67,5.97,308.9,22.51
2025-11-01 07:00:00,4.54,5.04,309.4,23.4
2025-11-01 08:00:00,4.27,4.53,304.8,24.19
2025-11-01 09:00:00,3.88,4.01,310.6,25.14
2025-11-01 10:00:00,3.3,3.37,314.8,25.97
2025-11-01 11:00:00,2.72,2.8,319.6,26.74
2025-11-01 12:00:00,2.03,2.25,338.3,27.29
2025-11-01 13:00:00,1.79,2.12,7.9,27.48
2025-11-01 14:00:00,1.98,2.34,24.8,27.62
2025-11-01 15:00:00,2.16,2.49,25.9,27.65
2025-11-01 16:00:00,2.29,2.76,20.1,27.19
2025-11-01 17:00:00,2.08,2.76,10.0,26.24
2025-11-01 18:00:00,1.95,2.58,352.4,26.07
2025-11-01 19:00:00,1.99,2.59,328.3,25.89
2025-11-01 20:00:00,2.35,3.05,317.3,25.65
2025-11-01 21:00:00,2.66,3.45,322.3,25.48
2025-11-01 22:00:00,2.85,3.64,326.3,25.34
2025-11-01 23:00:00,3.04,3.8,320.0,25.1
2025-11-02 00:00:00,3.46,4.41,308.9,24.65
2025-11-02 01:00:00,4.01,5.17,302.8,24.11
2025-11-02 02:00:00,4.39,5.64,300.7,23.59
2025-11-02 03:00:00,4.55,5.81,299.7,23.09
2025-11-02 04:00:00,4.58,5.83,299.0,22.72
2025-11-02 05:00:00,4.42,5.61,298.1,22.57
2025-11-02 06:00:00,4.17,5.25,299.9,22.73
2025-11-02 07:00:00,4.08,4.63,304.8,24.01
2025-11-02 08:00:00,3.71,3.94,313.3,25.16
2025-11-02 09:00:00,3.26,3.43,320.7,26.51
2025-11-02 10:00:00,2.5,2.93,328.1,27.55
2025-11-02 11:00:00,2.3,2.71,355.1,28.02
2025-11-02 12:00:00,2.61,3.17,21.1,28.3
2025-11-02 13:00:00,2.79,3.47,33.0,28.65
2025-11-02 14:00:00,2.6,3.32,35.2,29.02
2025-11-02 15:00:00,2.27,2.92,28.8,29.15
2025-11-02 16:00:00,1.81,2.52,13.8,28.71
2025-11-02 17:00:00,1.36,1.93,342.5,28.09
2025-11-02 18:00:00,2.47,3.92,295.8,27.02
2025-11-02 19:00:00,4.44,7.27,300.7,26.69
2025-11-02 20:00:00,6.05,8.82,311.2,26.37
2025-11-02 21:00:00,6.64,9.02,319.0,25.76
2025-11-02 22:00:00,6.9,9.0,322.8,25.23
2025-11-02 23:00:00,7.07,8.93,324.5,24.75
2025-11-03 00:00:00,6.92,8.55,325.3,24.25
2025-11-03 01:00:00,6.11,7.59,327.0,23.9
2025-11-03 02:00:00,5.58,6.96,322.3,23.74
2025-11-03 03:00:00,5.58,6.93,316.4,23.72
2025-11-03 04:00:00,5.47,6.85,315.7,23.71
2025-11-03 05:00:00,5.0,6.36,314.8,23.6
2025-11-03 06:00:00,4.65,5.87,311.4,23.58
2025-11-03 07:00:00,4.93,5.41,303.4,24.24
2025-11-03 08:00:00,4.77,5.02,302.1,25.15
2025-11-03 09:00:00,3.23,3.29,308.3,26.23
2025-11-03 10:00:00,1.28,1.47,258.2,27.02
2025-11-03 11:00:00,2.08,2.75,203.4,28.1
2025-11-03 12:00:00,1.8,2.56,171.9,29.35
2025-11-03 13:00:00,2.44,3.16,130.2,29.87
2025-11-03 14:00:00,3.2,4.16,115.3,30.04
2025-11-03 15:00:00,3.65,4.99,109.4,29.68
2025-11-03 16:00:00,3.13,4.64,110.7,28.9
2025-11-03 17:00:00,1.97,3.34,121.8,27.79
2025-11-03 18:00:00,1.36,2.26,134.1,27.34
2025-11-03 19:00:00,1.1,1.83,146.6,27.14
2025-11-03 20:00:00,1.23,2.03,165.5,27.01
2025-11-03 21:00:00,1.43,2.33,172.6,26.71
2025-11-03 22:00:00,1.53,2.44,173.4,26.4
2025-11-03 23:00:00,1.91,2.83,172.7,26.1
2025-11-04 00:00:00,2.49,3.38,174.7,25.8
2025-11-04 01:00:00,2.73,3.58,181.4,25.39
2025-11-04 02:00:00,2.91,3.78,182.6,24.98
2025-11-04 03:00:00,3.24,4.06,180.8,24.68
2025-11-04 04:00:00,3.5,4.33,178.9,24.4
2025-11-04 05:00:00,3.53,4.35,179.3,24.22
2025-11-04 06:00:00,3.47,4.27,183.4,24.19
2025-11-04 07:00:00,3.42,4.03,187.7,25.33
2025-11-04 08:00:00,3.67,4.18,175.6,26.53
2025-11-04 09:00:00,4.15,5.36,168.0,27.72
2025-11-04 10:00:00,4.3,6.08,162.7,28.83
2025-11-04 11:00:00,4.6,6.54,156.7,29.7
2025-11-04 12:00:00,4.85,6.85,149.2,30.31
2025-11-04 13:00:00,5.17,7.26,142.4,30.66
2025-11-04 14:00:00,5.48,7.72,138.7,30.67
2025-11-04 15:00:00,5.74,8.16,136.9,30.28
2025-11-04 16:00:00,5.66,8.46,135.1,29.22
2025-11-04 17:00:00,5.39,8.63,139.0,27.76
2025-11-04 18:00:00,5.11,8.3,147.4,27.16
2025-11-04 19:00:00,4.49,7.36,158.6,26.65
2025-11-04 20:00:00,3.64,6.04,171.1,26.24
2025-11-04 21:00:00,2.77,4.56,183.5,26.1
2025-11-04 22:00:00,2.05,3.22,194.0,26.32
2025-11-04 23:00:00,1.55,2.32,208.3,26.48
2025-11-05 00:00:00,1.23,1.8,223.2,26.47
2025-11-05 01:00:00,0.99,1.37,238.4,26.43
2025-11-05 02:00:00,1.15,1.38,253.1,26.31
2025-11-05 03:00:00,1.52,1.76,257.5,25.9
2025-11-05 04:00:00,1.74,2.0,254.9,25.53
2025-11-05 05:00:00,1.73,1.98,246.8,25.24
2025-11-05 06:00:00,1.73,1.98,233.8,24.99
2025-11-05 07:00:00,1.84,2.14,220.3,25.57
2025-11-05 08:00:00,2.31,2.57,195.5,26.72
2025-11-05 09:00:00,2.91,3.73,178.0,27.73
2025-11-05 10:00:00,3.44,4.81,167.5,28.48
2025-11-05 11:00:00,3.82,5.42,159.9,29.21
2025-11-05 12:00:00,4.13,5.83,149.7,29.82
2025-11-05 13:00:00,4.63,6.51,140.6,30.18
2025-11-05 14:00:00,5.18,7.27,136.4,30.23
2025-11-05 15:00:00,5.61,7.93,135.1,29.93
2025-11-05 16:00:00,5.46,8.17,135.3,28.97
2025-11-05 17:00:00,5.28,8.53,140.3,27.54
2025-11-05 18:00:00,5.21,8.34,146.7,26.92
2025-11-05 19:00:00,4.23,6.9,155.4,26.35
2025-11-05 20:00:00,2.81,4.58,175.2,26.03
2025-11-05 21:00:00,2.56,3.72,227.7,25.89
2025-11-05 22:00:00,3.75,4.92,260.6,25.49
2025-11-05 23:00:00,4.23,5.42,277.6,24.87
2025-11-06 00:00:00,4.27,5.45,288.3,24.33
2025-11-06 01:00:00,4.16,5.26,299.0,23.95
2025-11-06 02:00:00,4.06,5.12,307.8,23.63
2025-11-06 03:00:00,4.1,5.17,312.6,23.33
2025-11-06 04:00:00,4.32,5.49,316.6,23.16
2025-11-06 05:00:00,4.53,5.78,323.2,23.07
2025-11-06 06:00:00,4.6,5.9,327.6,23.03
2025-11-06 07:00:00,5.1,5.82,328.6,23.96
2025-11-06 08:00:00,5.28,5.72,331.4,24.87
2025-11-06 09:00:00,5.1,5.43,332.3,25.74
2025-11-06 10:00:00,4.71,4.99,329.9,26.56
2025-11-06 11:00:00,4.16,4.41,327.7,27.14
2025-11-06 12:00:00,3.3,3.63,335.4,27.59
2025-11-06 13:00:00,2.77,3.2,358.6,27.8
2025-11-06 14:00:00,3.01,3.51,20.3,27.79
2025-11-06 15:00:00,3.35,3.94,32.0,27.65
2025-11-06 16:00:00,3.29,4.16,33.9,27.25
2025-11-06 17:00:00,2.7,3.92,23.0,26.42
2025-11-06 18:00:00,2.7,3.92,357.7,26.16
2025-11-06 19:00:00,3.44,4.87,334.3,26.0
2025-11-06 20:00:00,4.54,6.2,325.8,25.75
2025-11-06 21:00:00,5.39,7.18,326.4,25.35
2025-11-06 22:00:00,5.91,7.76,328.7,24.96
2025-11-06 23:00:00,6.1,7.96,330.1,24.6
2025-11-07 00:00:00,6.15,7.98,330.8,24.28
2025-11-07 01:00:00,6.19,8.02,331.8,23.99
2025-11-07 02:00:00,6.17,7.96,331.7,23.63
2025-11-07 03:00:00,6.01,7.71,329.5,23.27
2025-11-07 04:00:00,5.76,7.43,326.9,22.98
2025-11-07 05:00:00,5.71,7.37,325.9,22.85
2025-11-07 06:00:00,5.65,7.24,324.9,22.86
2025-11-07 07:00:00,6.0,6.85,323.7,23.78
2025-11-07 08:00:00,6.14,6.76,323.7,24.79
2025-11-07 09:00:00,6.24,6.79,324.1,26.01
2025-11-07 10:00:00,6.04,6.63,323.3,27.16
2025-11-07 11:00:00,5.62,6.37,321.8,27.86
2025-11-07 12:00:00,5.05,6.0,326.1,28.21
2025-11-07 13:00:00,4.61,5.71,337.9,28.36
2025-11-07 14:00:00,4.77,5.9,352.1,28.27
2025-11-07 15:00:00,5.16,6.29,2.3,27.93
2025-11-07 16:00:00,4.94,6.3,5.8,27.37
2025-11-07 17:00:00,4.14,5.96,359.7,26.31
2025-11-07 18:00:00,4.1,5.81,347.7,25.98
2025-11-07 19:00:00,4.41,6.01,335.2,25.71
2025-11-07 20:00:00,4.81,6.37,328.0,25.32
2025-11-07 21:00:00,5.14,6.73,323.8,24.87
2025-11-07 22:00:00,5.47,7.09,322.3,24.49
2025-11-07 23:00:00,5.63,7.24,323.4,24.14
2025-11-08 00:00:00,5.68,7.24,326.2,23.79
2025-11-08 01:00:00,5.73,7.28,328.5,23.46
2025-11-08 02:00:00,5.75,7.27,329.1,23.15
2025-11-08 03:00:00,5.74,7.22,327.4,22.91
2025-11-08 04:00:00,5.72,7.13,324.8,22.69
2025-11-08 05:00:00,5.77,7.14,322.9,22.52
2025-11-08 06:00:00,5.83,7.13,321.5,22.48
2025-11-08 07:00:00,6.13,6.9,320.5,23.34
2025-11-08 08:00:00,6.2,6.76,321.2,24.64
2025-11-08 09:00:00,6.06,6.53,318.5,26.14
2025-11-08 10:00:00,5.9,6.48,311.9,27.24
2025-11-08 11:00:00,5.55,6.41,305.0,27.96
2025-11-08 12:00:00,4.87,6.02,306.3,28.34
2025-11-08 13:00:00,4.23,5.47,319.1,28.46
2025-11-08 14:00:00,4.14,5.38,336.6,28.36
2025-11-08 15:00:00,4.55,5.81,350.1,28.05
2025-11-08 16:00:00,4.65,6.05,353.6,27.45
2025-11-08 17:00:00,4.32,6.17,346.9,26.33
2025-11-08 18:00:00,4.48,6.27,337.8,25.88
2025-11-08 19:00:00,4.47,6.1,333.7,25.52
2025-11-08 20:00:00,4.24,5.58,336.3,25.12
2025-11-08 21:00:00,3.75,4.84,338.6,24.71
2025-11-08 22:00:00,3.45,4.45,328.7,24.36
2025-11-08 23:00:00,3.69,4.74,315.6,24.1
2025-11-09 00:00:00,4.27,5.42,306.8,23.83
2025-11-09 01:00:00,5.04,6.27,302.4,23.48
2025-11-09 02:00:00,5.83,7.02,300.6,23.12
2025-11-09 03:00:00,6.52,7.85,299.4,22.76
2025-11-09 04:00:00,6.85,8.23,302.2,22.56
2025-11-09 05:00:00,6.73,8.11,304.7,22.4
2025-11-09 06:00:00,6.63,7.94,305.3,22.35
2025-11-09 07:00:00,6.59,7.4,306.1,23.12
2025-11-09 08:00:00,6.2,6.7,306.7,24.2
2025-11-09 09:00:00,5.56,5.88,307.6,25.32
2025-11-09 10:00:00,4.73,4.94,303.0,26.32
2025-11-09 11:00:00,3.51,3.8,300.2,27.22
2025-11-09 12:00:00,2.32,2.74,312.2,27.66
2025-11-09 13:00:00,1.77,2.12,341.8,27.98
2025-11-09 14:00:00,1.77,2.17,12.5,27.97
2025-11-09 15:00:00,1.91,2.45,27.2,27.74
2025-11-09 16:00:00,2.06,2.77,31.3,27.1
2025-11-09 17:00:00,1.97,2.61,23.5,26.02
2025-11-09 18:00:00,1.77,2.32,2.0,25.84
2025-11-09 19:00:00,2.01,2.58,333.3,25.52
2025-11-09 20:00:00,2.67,3.4,316.1,25.15
2025-11-09 21:00:00,3.24,4.19,311.2,25.01
2025-11-09 22:00:00,3.57,4.6,313.9,24.99
2025-11-09 23:00:00,3.76,4.82,316.4,24.96
2025-11-10 00:00:00,4.06,5.23,314.9,24.83
2025-11-10 01:00:00,4.58,5.88,312.6,24.51
2025-11-10 02:00:00,5.04,6.47,312.1,24.01
2025-11-10 03:00:00,5.29,6.77,312.8,23.53
2025-11-10 04:00:00,5.32,6.78,312.6,23.16
2025-11-10 05:00:00,5.29,6.72,310.8,22.87
2025-11-10 06:00:00,5.29,6.71,307.0,22.77
2025-11-10 07:00:00,5.74,6.58,303.0,23.72
2025-11-10 08:00:00,5.57,5.97,303.0,24.84
2025-11-10 09:00:00,4.81,5.09,309.3,25.96
2025-11-10 10:00:00,3.9,4.12,316.7,26.85
2025-11-10 11:00:00,3.14,3.34,329.0,27.26
2025-11-10 12:00:00,2.66,2.85,346.4,27.58
2025-11-10 13:00:00,2.36,2.63,3.5,27.73
2025-11-10 14:00:00,2.31,2.61,19.0,27.77
2025-11-10 15:00:00,2.27,2.66,28.8,27.83
2025-11-10 16:00:00,2.12,2.72,31.2,27.33
2025-11-10 17:00:00,2.08,2.71,24.4,26.35
2025-11-10 18:00:00,2.04,2.68,6.0,26.24
2025-11-10 19:00:00,2.24,3.11,342.8,26.04
2025-11-10 20:00:00,2.89,4.07,329.4,25.67
2025-11-10 21:00:00,3.7,4.97,323.8,25.34
2025-11-10 22:00:00,4.44,5.77,319.9,24.92
2025-11-10 23:00:00,4.85,6.26,318.4,24.45
2025-11-11 00:00:00,5.06,6.49,317.8,24.02
2025-11-11 01:00:00,5.25,6.73,317.1,23.69
2025-11-11 02:00:00,5.41,6.93,316.8,23.42
2025-11-11 03:00:00,5.52,7.07,316.8,23.2
2025-11-11 04:00:00,5.59,7.14,316.7,22.99
2025-11-11 05:00:00,5.75,7.38,315.3,22.83
2025-11-11 06:00:00,5.9,7.54,314.4,22.69
2025-11-11 07:00:00,6.33,7.28,314.6,23.56
2025-11-11 08:00:00,6.38,6.91,317.7,24.49
2025-11-11 09:00:00,6.14,6.55,319.2,25.32
2025-11-11 10:00:00,5.98,6.35,318.5,25.97
2025-11-11 11:00:00,5.74,6.1,321.3,26.45
2025-11-11 12:00:00,5.35,5.69,330.5,26.8
2025-11-11 13:00:00,5.09,5.41,343.8,26.96
2025-11-11 14:00:00,4.96,5.36,354.3,26.99
2025-11-11 15:00:00,4.81,5.36,0.5,26.83
2025-11-11 16:00:00,4.4,5.27,1.7,26.36
2025-11-11 17:00:00,3.78,5.23,352.2,25.48
2025-11-11 18:00:00,4.22,5.84,338.2,25.29
2025-11-11 19:00:00,4.95,6.72,332.5,25.12
2025-11-11 20:00:00,5.44,7.24,332.7,24.83
2025-11-11 21:00:00,5.72,7.52,334.8,24.46
2025-11-11 22:00:00,6.09,7.81,334.3,24.14
2025-11-11 23:00:00,6.44,8.04,335.2,23.8
2025-11-12 00:00:00,6.54,8.01,334.9,23.41
2025-11-12 01:00:00,6.61,8.02,331.5,23.06
2025-11-12 02:00:00,6.84,8.29,328.6,22.8
2025-11-12 03:00:00,7.06,8.54,326.8,22.52
2025-11-12 04:00:00,7.07,8.53,324.8,22.19
2025-11-12 05:00:00,7.02,8.48,323.0,22.01
2025-11-12 06:00:00,6.9,8.32,321.6,21.96
2025-11-12 07:00:00,6.93,7.87,321.0,22.69
2025-11-12 08:00:00,6.9,7.57,321.0,23.7
2025-11-12 09:00:00,6.69,7.25,321.7,24.88
2025-11-12 10:00:00,6.31,6.83,320.3,25.93
2025-11-12 11:00:00,5.9,6.47,315.3,26.67
2025-11-12 12:00:00,5.42,6.07,314.9,27.13
2025-11-12 13:00:00,4.93,5.63,324.6,27.33
2025-11-12 14:00:00,4.91,5.64,339.4,27.18
2025-11-12 15:00:00,5.42,6.15,352.8,26.82
2025-11-12 16:00:00,5.63,6.53,1.5,26.17
2025-11-12 17:00:00,4.83,6.37,0.3,25.34
2025-11-12 18:00:00,4.66,6.24,349.3,25.04
2025-11-12 19:00:00,4.88,6.46,335.9,24.76
2025-11-12 20:00:00,5.38,7.04,326.2,24.36
2025-11-12 21:00:00,5.94,7.64,323.1,24.0
2025-11-12 22:00:00,6.33,7.92,322.9,23.69
2025-11-12 23:00:00,6.39,7.94,322.0,23.38
2025-11-13 00:00:00,6.83,8.45,320.8,23.17
2025-11-13 01:00:00,7.2,8.86,321.6,22.84
2025-11-13 02:00:00,7.32,9.04,325.1,22.52
2025-11-13 03:00:00,7.4,9.16,328.7,22.31
2025-11-13 04:00:00,7.33,9.08,331.9,22.07
2025-11-13 05:00:00,7.14,8.88,335.4,21.83
2025-11-13 06:00:00,7.04,8.77,338.5,21.73
2025-11-13 07:00:00,7.65,8.78,340.0,22.39
2025-11-13 08:00:00,8.05,8.93,338.9,23.09
2025-11-13 09:00:00,8.21,8.97,335.4,23.82
2025-11-13 10:00:00,8.17,8.84,328.5,24.54
2025-11-13 11:00:00,7.98,8.6,322.6,25.03
2025-11-13 12:00:00,7.59,8.19,321.7,25.38
2025-11-13 13:00:00,7.08,7.66,326.8,25.7
2025-11-13 14:00:00,6.97,7.6,334.6,25.89
2025-11-13 15:00:00,7.08,7.81,340.1,25.81
2025-11-13 16:00:00,6.9,7.97,342.2,25.37
2025-11-13 17:00:00,6.07,7.88,340.1,24.39
2025-11-13 18:00:00,5.78,7.58,334.5,24.0
2025-11-13 19:00:00,5.68,7.43,329.2,23.71
2025-11-13 20:00:00,5.71,7.46,324.4,23.36
2025-11-13 21:00:00,5.96,7.78,320.5,23.01
2025-11-13 22:00:00,6.25,8.12,319.1,22.64
2025-11-13 23:00:00,6.51,8.4,318.7,22.28
2025-11-14 00:00:00,6.62,8.56,321.2,21.93
2025-11-14 01:00:00,6.67,8.64,326.6,21.67
2025-11-14 02:00:00,6.7,8.69,330.6,21.45
2025-11-14 03:00:00,6.74,8.74,332.2,21.23
2025-11-14 04:00:00,6.83,8.84,332.9,21.03
2025-11-14 05:00:00,6.92,8.93,333.5,20.79
2025-11-14 06:00:00,7.0,8.94,334.8,20.6
2025-11-14 07:00:00,7.66,8.79,336.0,21.2
2025-11-14 08:00:00,8.21,9.05,336.7,21.69
2025-11-14 09:00:00,8.32,9.1,335.7,22.25
2025-11-14 10:00:00,8.4,9.19,334.2,22.89
2025-11-14 11:00:00,8.23,8.98,333.6,23.49
2025-11-14 12:00:00,7.93,8.67,333.7,24.04
2025-11-14 13:00:00,7.83,8.57,334.2,24.52
2025-11-14 14:00:00,7.89,8.69,334.9,24.73
2025-11-14 15:00:00,7.97,8.85,334.8,24.65
2025-11-14 16:00:00,7.72,8.86,335.1,24.28
2025-11-14 17:00:00,6.92,8.8,335.7,23.57
2025-11-14 18:00:00,6.67,8.67,335.4,23.31
2025-11-14 19:00:00,6.38,8.36,334.6,23.08
2025-11-14 20:00:00,6.17,8.11,333.3,22.8
2025-11-14 21:00:00,6.07,7.97,332.0,22.54
2025-11-14 22:00:00,6.1,8.0,331.0,22.29
2025-11-14 23:00:00,6.37,8.34,330.3,22.01
2025-11-15 00:00:00,6.66,8.69,331.7,21.61
2025-11-15 01:00:00,6.94,8.99,334.2,21.15
2025-11-15 02:00:00,6.99,9.02,337.5,20.72
2025-11-15 03:00:00,6.7,8.68,339.8,20.36
2025-11-15 04:00:00,6.16,8.03,340.0,20.03
2025-11-15 05:00:00,5.59,7.27,338.5,19.71
2025-11-15 06:00:00,5.13,6.65,336.5,19.49
2025-11-15 07:00:00,5.15,5.97,334.8,20.43
2025-11-15 08:00:00,5.35,5.83,334.5,21.16
2025-11-15 09:00:00,5.28,5.67,333.0,21.83
2025-11-15 10:00:00,5.32,5.7,332.4,22.45
2025-11-15 11:00:00,5.26,5.62,333.3,22.96
2025-11-15 12:00:00,5.15,5.51,335.4,23.45
2025-11-15 13:00:00,5.16,5.54,338.6,23.93
2025-11-15 14:00:00,5.28,5.69,340.9,24.24
2025-11-15 15:00:00,5.39,5.87,342.2,24.32
2025-11-15 16:00:00,5.07,5.89,343.1,24.03
2025-11-15 17:00:00,4.55,5.85,340.1,23.12
2025-11-15 18:00:00,4.41,5.58,334.1,22.97
2025-11-15 19:00:00,4.19,5.25,326.7,22.79
2025-11-15 20:00:00,3.99,4.96,318.3,22.55
2025-11-15 21:00:00,3.86,4.74,308.3,22.21
2025-11-15 22:00:00,3.87,4.73,301.1,21.83
2025-11-15 23:00:00,4.02,4.89,300.9,21.48
2025-11-16 00:00:00,4.08,4.98,307.5,21.21
2025-11-16 01:00:00,4.03,4.95,318.4,20.99
2025-11-16 02:00:00,3.96,4.88,334.0,20.81
2025-11-16 03:00:00,3.9,4.82,347.3,20.65
2025-11-16 04:00:00,3.82,4.69,356.0,20.54
2025-11-16 05:00:00,3.64,4.44,358.8,20.47
2025-11-16 06:00:00,3.44,4.18,356.8,20.46
2025-11-16 07:00:00,3.36,4.03,354.2,21.59
2025-11-16 08:00:00,3.87,4.14,349.7,22.54
2025-11-16 09:00:00,4.13,4.32,342.4,23.14
2025-11-16 10:00:00,4.34,4.52,337.8,23.63
2025-11-16 11:00:00,4.53,4.7,337.2,23.97
2025-11-16 12:00:00,4.85,5.05,340.6,24.2
2025-11-16 13:00:00,5.33,5.59,346.4,24.31
2025-11-16 14:00:00,5.86,6.2,351.4,24.3
2025-11-16 15:00:00,6.26,6.74,353.9,24.16
2025-11-16 16:00:00,6.28,7.17,354.1,23.86
2025-11-16 17:00:00,5.91,7.67,352.7,23.15
2025-11-16 18:00:00,6.15,8.09,352.7,23.06
2025-11-16 19:00:00,6.2,8.16,356.8,22.93
2025-11-16 20:00:00,6.03,7.93,2.0,22.67
2025-11-16 21:00:00,5.73,7.49,6.7,22.34
2025-11-16 22:00:00,5.3,6.83,11.3,21.96
2025-11-16 23:00:00,4.83,6.09,15.9,21.63
2025-11-17 00:00:00,4.39,5.43,17.7,21.38
2025-11-17 01:00:00,4.05,4.95,15.6,21.16
2025-11-17 02:00:00,3.83,4.67,10.6,20.93
2025-11-17 03:00:00,3.74,4.58,5.5,20.72
2025-11-17 04:00:00,3.71,4.58,0.6,20.55
2025-11-17 05:00:00,3.71,4.63,353.8,20.48
2025-11-17 06:00:00,3.75,4.75,346.0,20.51
2025-11-17 07:00:00,3.83,4.86,339.9,21.51
2025-11-17 08:00:00,4.55,5.02,333.9,22.64
2025-11-17 09:00:00,5.1,5.47,329.7,23.54
2025-11-17 10:00:00,5.43,5.74,325.7,24.56
2025-11-17 11:00:00,5.62,5.92,324.2,25.2
2025-11-17 12:00:00,5.79,6.14,323.2,25.51
2025-11-17 13:00:00,6.04,6.46,322.3,25.57
2025-11-17 14:00:00,6.34,6.83,321.1,25.4
2025-11-17 15:00:00,6.69,7.32,319.2,25.02
2025-11-17 16:00:00,6.75,7.91,317.8,24.29
2025-11-17 17:00:00,6.56,8.54,317.8,23.17
2025-11-17 18:00:00,6.76,8.81,319.1,22.84
2025-11-17 19:00:00,6.74,8.73,321.3,22.48
2025-11-17 20:00:00,6.48,8.34,325.0,21.97
2025-11-17 21:00:00,5.86,7.56,332.1,21.56
2025-11-17 22:00:00,5.25,6.76,332.6,21.21
2025-11-17 23:00:00,4.98,6.39,328.4,20.94
2025-11-18 00:00:00,4.9,6.29,324.8,20.69
2025-11-18 01:00:00,4.99,6.41,322.4,20.42
2025-11-18 02:00:00,5.16,6.61,320.6,20.19
2025-11-18 03:00:00,5.32,6.81,318.6,20.0
2025-11-18 04:00:00,5.49,7.02,316.4,19.91
2025-11-18 05:00:00,5.59,7.13,314.6,19.7
2025-11-18 06:00:00,5.64,7.16,313.5,19.52
2025-11-18 07:00:00,5.9,6.83,313.2,20.44
2025-11-18 08:00:00,5.84,6.34,314.6,21.43
2025-11-18 09:00:00,5.55,5.86,313.4,22.32
2025-11-18 10:00:00,5.26,5.45,307.9,23.2
2025-11-18 11:00:00,5.1,5.28,301.3,23.89
2025-11-18 12:00:00,4.88,5.1,304.3,24.65
2025-11-18 13:00:00,4.67,4.91,318.1,25.3
2025-11-18 14:00:00,4.69,4.96,333.9,25.52
2025-11-18 15:00:00,4.83,5.17,343.0,25.31
2025-11-18 16:00:00,4.53,5.41,345.0,24.45
2025-11-18 17:00:00,4.67,5.91,340.3,23.05
2025-11-18 18:00:00,5.12,6.49,334.3,22.68
2025-11-18 19:00:00,5.39,6.87,330.3,22.38
2025-11-18 20:00:00,5.59,7.15,326.9,22.05
2025-11-18 21:00:00,5.78,7.44,324.9,21.77
2025-11-18 22:00:00,5.99,7.71,325.7,21.57
2025-11-18 23:00:00,5.74,7.39,327.4,21.43
2025-11-19 00:00:00,5.59,7.19,321.2,21.57
2025-11-19 01:00:00,6.0,7.59,311.0,21.62
2025-11-19 02:00:00,6.54,8.09,305.5,21.46
2025-11-19 03:00:00,6.63,8.17,303.6,21.21
2025-11-19 04:00:00,6.24,7.82,302.4,20.98
2025-11-19 05:00:00,5.81,7.35,301.4,20.8
2025-11-19 06:00:00,5.41,6.83,300.3,20.76
2025-11-19 07:00:00,5.27,6.14,298.6,21.83
2025-11-19 08:00:00,4.92,5.19,296.7,22.96
2025-11-19 09:00:00,3.95,4.04,298.1,23.97
2025-11-19 10:00:00,2.83,2.81,291.3,25.08
2025-11-19 11:00:00,1.83,1.82,279.8,26.02
2025-11-19 12:00:00,0.8,0.87,239.0,27.18
2025-11-19 13:00:00,0.42,0.7,170.1,27.74
2025-11-19 14:00:00,0.67,0.89,135.0,27.86
2025-11-19 15:00:00,0.62,0.75,110.4,27.83
2025-11-19 16:00:00,0.45,0.59,38.8,27.16
2025-11-19 17:00:00,0.8,1.17,355.6,26.36
2025-11-19 18:00:00,1.27,1.76,350.9,25.7
2025-11-19 19:00:00,1.5,2.02,350.9,25.07
2025-11-19 20:00:00,1.56,1.93,341.3,24.85
2025-11-19 21:00:00,1.69,1.97,323.2,24.51
2025-11-19 22:00:00,2.06,2.38,307.5,24.05
2025-11-19 23:00:00,2.51,2.93,301.0,23.52
2025-11-20 00:00:00,2.79,3.27,301.9,23.07
2025-11-20 01:00:00,2.98,3.49,303.6,22.7
2025-11-20 02:00:00,3.16,3.7,306.4,22.36
2025-11-20 03:00:00,3.28,3.86,309.8,22.09
2025-11-20 04:00:00,3.27,3.86,313.3,21.9
2025-11-20 05:00:00,3.2,3.76,314.4,21.8
2025-11-20 06:00:00,3.16,3.73,311.7,21.71
2025-11-20 07:00:00,3.17,3.8,308.4,22.6
2025-11-20 08:00:00,3.5,3.65,304.7,23.96
2025-11-20 09:00:00,3.17,3.25,298.9,25.24
2025-11-20 10:00:00,2.5,2.75,294.7,26.3
2025-11-20 11:00:00,1.71,2.0,289.0,27.25
2025-11-20 12:00:00,0.8,0.98,284.7,28.16
2025-11-20 13:00:00,0.23,0.1,354.3,28.51
2025-11-20 14:00:00,0.64,0.72,72.3,28.52
2025-11-20 15:00:00,0.89,1.06,62.0,28.35
2025-11-20 16:00:00,0.91,1.28,32.0,27.45
2025-11-20 17:00:00,1.15,1.63,8.1,26.59
2025-11-20 18:00:00,1.37,1.96,355.0,26.08
2025-11-20 19:00:00,1.54,2.28,342.1,25.47
2025-11-20 20:00:00,1.82,2.76,328.0,25.0
2025-11-20 21:00:00,2.33,3.22,318.4,24.67
2025-11-20 22:00:00,2.68,3.48,311.6,24.36
2025-11-20 23:00:00,2.9,3.68,304.8,24.08
2025-11-21 00:00:00,2.99,3.75,300.9,23.78
2025-11-21 01:00:00,2.91,3.59,299.2,23.54
2025-11-21 02:00:00,2.71,3.26,297.8,23.36
2025-11-21 03:00:00,2.44,2.92,297.5,23.22
2025-11-21 04:00:00,2.15,2.55,296.3,23.14
2025-11-21 05:00:00,1.88,2.23,292.7,23.1
2025-11-21 06:00:00,1.67,1.95,285.5,23.1
2025-11-21 07:00:00,1.46,1.75,271.0,23.69
2025-11-21 08:00:00,1.47,1.47,238.4,24.94
2025-11-21 09:00:00,2.14,2.46,194.6,26.1
2025-11-21 10:00:00,2.72,3.66,175.1,26.99
2025-11-21 11:00:00,3.31,4.64,167.4,28.07
2025-11-21 12:00:00,3.72,5.16,164.4,28.91
2025-11-21 13:00:00,3.96,5.47,161.0,29.39
2025-11-21 14:00:00,4.12,5.67,157.4,29.49
2025-11-21 15:00:00,4.05,5.62,155.9,29.16
2025-11-21 16:00:00,3.25,5.32,156.5,27.71
2025-11-21 17:00:00,3.31,5.47,157.9,26.33
2025-11-21 18:00:00,3.25,5.38,159.5,25.74
2025-11-21 19:00:00,2.96,4.85,164.1,25.26
2025-11-21 20:00:00,2.58,4.08,173.4,24.9
2025-11-21 21:00:00,2.25,3.32,187.6,24.68
2025-11-21 22:00:00,2.02,2.69,203.2,24.54
2025-11-21 23:00:00,1.75,2.14,223.9,24.45
2025-11-22 00:00:00,1.53,1.8,244.7,24.27
2025-11-22 01:00:00,1.46,1.69,257.4,24.09
2025-11-22 02:00:00,1.39,1.62,262.2,23.96
2025-11-22 03:00:00,1.29,1.45,265.7,23.79
2025-11-22 04:00:00,1.04,1.11,271.5,23.72
2025-11-22 05:00:00,1.05,1.13,272.5,23.63
2025-11-22 06:00:00,1.18,1.3,271.8,23.58
2025-11-22 07:00:00,1.3,1.57,268.2,24.23
2025-11-22 08:00:00,1.52,1.52,264.0,25.61
2025-11-22 09:00:00,1.12,1.23,235.9,26.45
2025-11-22 10:00:00,1.14,1.54,183.7,27.38
2025-11-22 11:00:00,2.08,2.85,164.9,28.81
2025-11-22 12:00:00,2.71,3.65,166.2,29.56
2025-11-22 13:00:00,3.05,4.1,166.7,29.86
2025-11-22 14:00:00,3.22,4.34,165.5,29.84
2025-11-22 15:00:00,3.19,4.33,165.5,29.46
2025-11-22 16:00:00,2.53,3.98,167.7,27.99
2025-11-22 17:00:00,2.45,3.77,167.7,26.82
2025-11-22 18:00:00,2.19,3.35,168.5,26.45
2025-11-22 19:00:00,1.78,2.7,175.5,26.13
2025-11-22 20:00:00,1.35,2.07,192.6,25.86
2025-11-22 21:00:00,1.1,1.6,219.9,25.6
2025-11-22 22:00:00,0.98,1.26,258.6,25.27
2025-11-22 23:00:00,1.12,1.35,306.3,25.03
2025-11-23 00:00:00,1.42,1.72,337.5,24.77
2025-11-23 01:00:00,1.44,1.75,349.8,24.56
2025-11-23 02:00:00,1.07,1.19,339.3,24.51
2025-11-23 03:00:00,1.08,1.09,284.3,24.32
2025-11-23 04:00:00,1.65,1.9,256.0,24.02
2025-11-23 05:00:00,2.08,2.5,243.8,23.63
2025-11-23 06:00:00,2.36,2.88,233.3,23.41
2025-11-23 07:00:00,2.58,3.29,226.4,24.13
2025-11-23 08:00:00,3.16,3.44,217.6,25.41
2025-11-23 09:00:00,3.47,3.91,196.2,26.36
2025-11-23 10:00:00,3.57,4.59,182.2,27.06
2025-11-23 11:00:00,3.63,5.04,177.0,27.67
2025-11-23 12:00:00,3.72,5.21,172.6,28.32
2025-11-23 13:00:00,3.77,5.24,166.9,28.67
2025-11-23 14:00:00,3.75,5.17,162.9,28.64
2025-11-23 15:00:00,3.62,5.05,161.2,28.22
2025-11-23 16:00:00,3.05,4.98,162.7,27.14
2025-11-23 17:00:00,2.99,5.03,166.9,26.06
2025-11-23 18:00:00,3.03,4.83,174.4,25.47
2025-11-23 19:00:00,3.08,4.51,183.6,24.83
2025-11-23 20:00:00,2.92,3.99,190.7,24.33
2025-11-23 21:00:00,2.58,3.26,195.7,24.02
2025-11-23 22:00:00,2.09,2.52,200.7,23.83
2025-11-23 23:00:00,1.81,2.13,212.3,23.63
2025-11-24 00:00:00,1.91,2.22,228.5,23.37
2025-11-24 01:00:00,2.23,2.6,241.6,23.06
2025-11-24 02:00:00,2.13,2.47,244.9,22.92
2025-11-24 03:00:00,1.46,1.64,239.7,23.0
2025-11-24 04:00:00,1.09,1.21,236.4,23.03
2025-11-24 05:00:00,1.37,1.53,258.3,22.88
2025-11-24 06:00:00,1.79,1.98,280.2,22.78
2025-11-24 07:00:00,2.18,2.56,300.3,23.24
2025-11-24 08:00:00,2.5,2.47,317.8,24.34
2025-11-24 09:00:00,1.85,1.74,313.1,25.15
2025-11-24 10:00:00,1.3,1.24,294.3,25.81
2025-11-24 11:00:00,0.86,0.77,305.5,26.25
2025-11-24 12:00:00,1.09,1.08,7.5,26.45
2025-11-24 13:00:00,2.07,2.38,26.1,26.46
2025-11-24 14:00:00,3.11,3.68,29.5,26.31
2025-11-24 15:00:00,3.84,4.54,17.8,26.15
2025-11-24 16:00:00,4.5,5.55,4.4,25.68
2025-11-24 17:00:00,5.07,6.62,356.5,25.24
2025-11-24 18:00:00,5.79,7.42,351.6,25.22
2025-11-24 19:00:00,6.05,7.73,347.1,25.1
2025-11-24 20:00:00,6.18,7.92,342.8,24.9
2025-11-24 21:00:00,6.65,8.34,337.3,24.68
2025-11-24 22:00:00,7.64,9.18,330.4,24.33
2025-11-24 23:00:00,8.87,10.41,333.4,23.49
2025-11-25 00:00:00,9.65,11.11,338.1,22.45
2025-11-25 01:00:00,9.85,11.3,342.5,21.8
2025-11-25 02:00:00,9.75,11.18,348.7,21.57
2025-11-25 03:00:00,9.35,10.78,354.5,21.59
2025-11-25 04:00:00,8.57,10.16,353.7,21.57
2025-11-25 05:00:00,7.94,9.62,350.9,21.49
2025-11-25 06:00:00,7.9,9.6,348.8,21.38
2025-11-25 07:00:00,8.6,9.83,347.1,21.71
2025-11-25 08:00:00,9.02,10.03,345.0,22.17
2025-11-25 09:00:00,9.09,9.98,342.3,22.71
2025-11-25 10:00:00,8.79,9.53,339.0,23.21
2025-11-25 11:00:00,8.45,9.08,334.5,23.73
2025-11-25 12:00:00,8.23,8.85,330.2,24.22
2025-11-25 13:00:00,8.09,8.71,327.9,24.48
2025-11-25 14:00:00,8.04,8.7,326.2,24.52
2025-11-25 15:00:00,8.02,8.78,325.3,24.35
2025-11-25 16:00:00,7.69,8.87,325.8,23.86
2025-11-25 17:00:00,7.22,9.17,331.0,23.03
2025-11-25 18:00:00,7.22,9.33,340.5,22.74
2025-11-25 19:00:00,7.09,9.24,352.1,22.47
2025-11-25 20:00:00,6.95,9.06,2.7,22.11
2025-11-25 21:00:00,6.71,8.73,9.0,21.61
2025-11-25 22:00:00,6.48,8.4,11.3,21.15
2025-11-25 23:00:00,6.15,7.94,10.7,20.71
2025-11-26 00:00:00,5.94,7.67,7.9,20.37
2025-11-26 01:00:00,5.9,7.62,5.9,20.09
2025-11-26 02:00:00,5.8,7.49,4.7,19.85
2025-11-26 03:00:00,5.66,7.3,2.7,19.62
2025-11-26 04:00:00,5.54,7.15,0.6,19.4
2025-11-26 05:00:00,5.48,7.06,359.8,19.17
2025-11-26 06:00:00,5.37,6.91,0.3,19.02
2025-11-26 07:00:00,5.36,6.5,1.0,20.12
2025-11-26 08:00:00,5.42,5.88,357.9,21.18
2025-11-26 09:00:00,4.94,5.22,347.2,22.25
2025-11-26 10:00:00,4.62,4.73,328.7,23.13
2025-11-26 11:00:00,4.42,4.49,311.4,23.68
2025-11-26 12:00:00,4.59,4.72,299.9,23.99
2025-11-26 13:00:00,4.96,5.21,298.8,24.1
2025-11-26 14:00:00,4.77,5.07,311.4,24.09
2025-11-26 15:00:00,4.5,4.79,332.4,23.78
2025-11-26 16:00:00,4.24,5.02,343.0,22.97
2025-11-26 17:00:00,4.11,5.25,346.2,22.07
2025-11-26 18:00:00,4.12,5.17,347.7,22.01
2025-11-26 19:00:00,4.02,4.94,345.0,21.94
2025-11-26 20:00:00,3.69,4.43,343.1,21.68
2025-11-26 21:00:00,3.2,3.8,337.4,21.52
2025-11-26 22:00:00,3.04,3.65,324.1,21.37
2025-11-26 23:00:00,3.14,3.84,313.2,21.19
2025-11-27 00:00:00,3.18,3.88,304.5,20.93
2025-11-27 01:00:00,3.31,3.99,295.5,20.54
2025-11-27 02:00:00,3.42,4.03,289.3,20.11
2025-11-27 03:00:00,3.53,4.12,287.4,19.74
2025-11-27 04:00:00,3.52,4.1,291.0,19.5
2025-11-27 05:00:00,3.56,4.19,298.5,19.35
2025-11-27 06:00:00,3.73,4.43,305.6,19.29
2025-11-27 07:00:00,3.64,4.36,313.5,20.26
2025-11-27 08:00:00,3.81,4.01,319.6,21.49
2025-11-27 09:00:00,3.45,3.53,321.0,22.44
2025-11-27 10:00:00,3.09,3.13,321.6,23.23
2025-11-27 11:00:00,3.0,3.04,324.4,23.84
2025-11-27 12:00:00,2.79,2.77,337.3,24.31
2025-11-27 13:00:00,2.96,2.91,357.8,24.55
2025-11-27 14:00:00,3.31,3.32,13.2,24.48
2025-11-27 15:00:00,3.44,3.55,16.3,24.28
2025-11-27 16:00:00,3.13,3.68,16.8,23.63
2025-11-27 17:00:00,2.99,3.56,6.4,22.83
2025-11-27 18:00:00,3.12,3.68,349.5,22.74
2025-11-27 19:00:00,3.25,3.86,340.5,22.59
2025-11-27 20:00:00,3.17,3.8,338.6,22.52
2025-11-27 21:00:00,2.94,3.54,339.5,22.33
2025-11-27 22:00:00,2.87,3.46,329.1,21.88
2025-11-27 23:00:00,3.43,4.24,316.7,21.56
2025-11-28 00:00:00,3.8,4.77,314.7,21.31
2025-11-28 01:00:00,4.35,5.45,310.6,21.06
2025-11-28 02:00:00,4.36,5.42,312.4,20.72
2025-11-28 03:00:00,4.14,5.06,310.5,20.41
2025-11-28 04:00:00,4.23,5.13,308.3,20.11
2025-11-28 05:00:00,4.15,5.02,308.6,19.88
2025-11-28 06:00:00,3.71,4.45,310.6,19.78
2025-11-28 07:00:00,3.23,3.96,311.2,20.66
2025-11-28 08:00:00,3.25,3.46,311.0,21.98
2025-11-28 09:00:00,2.85,2.89,306.7,22.86
2025-11-28 10:00:00,2.25,2.26,284.3,23.74
2025-11-28 11:00:00,1.98,2.05,276.7,24.55
2025-11-28 12:00:00,1.82,1.87,306.1,25.4
2025-11-28 13:00:00,2.05,2.01,350.0,25.91
2025-11-28 14:00:00,2.74,2.72,20.2,25.9
2025-11-28 15:00:00,3.42,3.55,28.6,25.41
2025-11-28 16:00:00,3.3,3.99,21.0,24.3
2025-11-28 17:00:00,3.51,4.3,0.7,23.4
2025-11-28 18:00:00,4.07,5.1,343.2,23.22
2025-11-28 19:00:00,4.62,5.91,333.6,22.95
2025-11-28 20:00:00,5.09,6.55,330.1,22.62
2025-11-28 21:00:00,5.19,6.67,329.4,22.25
2025-11-28 22:00:00,5.21,6.67,326.0,21.87
2025-11-28 23:00:00,5.3,6.76,319.5,21.55
2025-11-29 00:00:00,5.46,6.95,315.6,21.31
2025-11-29 01:00:00,5.49,7.0,316.4,21.29
2025-11-29 02:00:00,5.54,7.07,316.3,21.12
2025-11-29 03:00:00,5.49,6.99,318.1,20.83
2025-11-29 04:00:00,5.31,6.73,319.6,20.67
2025-11-29 05:00:00,4.95,6.21,321.5,20.48
2025-11-29 06:00:00,4.4,5.42,321.8,20.28
2025-11-29 07:00:00,3.91,4.87,318.2,20.94
2025-11-29 08:00:00,3.71,3.99,320.3,22.07
2025-11-29 09:00:00,3.08,3.21,325.0,23.11
2025-11-29 10:00:00,2.49,2.53,325.6,24.24
2025-11-29 11:00:00,2.03,2.05,328.6,24.99
2025-11-29 12:00:00,2.02,1.97,349.5,25.42
2025-11-29 13:00:00,2.52,2.47,11.7,25.56
2025-11-29 14:00:00,3.08,3.15,17.2,25.36
2025-11-29 15:00:00,3.61,3.91,14.8,25.0
2025-11-29 16:00:00,3.71,4.64,6.9,24.18
2025-11-29 17:00:00,4.05,5.1,357.6,23.48
2025-11-29 18:00:00,4.16,5.21,348.9,23.3
2025-11-29 19:00:00,4.09,5.1,340.4,23.06
2025-11-29 20:00:00,4.01,4.97,331.6,22.73
2025-11-29 21:00:00,4.12,5.13,322.1,22.29
2025-11-29 22:00:00,4.37,5.49,315.7,21.83
2025-11-29 23:00:00,4.68,5.92,310.5,21.51
2025-11-30 00:00:00,5.11,6.52,308.6,21.32
2025-11-30 01:00:00,5.34,6.86,312.6,21.21
2025-11-30 02:00:00,5.63,7.29,319.8,21.18
2025-11-30 03:00:00,5.97,7.77,326.0,21.15
2025-11-30 04:00:00,6.25,8.14,331.5,21.12
2025-11-30 05:00:00,6.39,8.3,335.7,21.03
2025-11-30 06:00:00,6.5,8.41,337.6,20.91
2025-11-30 07:00:00,6.83,8.37,342.0,21.23
2025-11-30 08:00:00,7.41,8.49,341.9,21.6
2025-11-30 09:00:00,7.89,8.77,341.2,21.76
2025-11-30 10:00:00,8.15,8.95,339.6,21.84
2025-11-30 11:00:00,8.09,8.84,340.0,21.87
2025-11-30 12:00:00,7.95,8.65,338.4,22.08
2025-11-30 13:00:00,7.67,8.38,337.0,22.41
2025-11-30 14:00:00,7.42,8.18,337.4,22.6
2025-11-30 15:00:00,6.93,7.91,340.4,22.6
2025-11-30 16:00:00,6.14,7.72,344.2,22.16
2025-11-30 17:00:00,6.0,7.79,346.0,21.72
2025-11-30 18:00:00,6.28,8.23,347.2,21.64
2025-11-30 19:00:00,6.72,8.87,348.9,21.54
2025-11-30 20:00:00,7.08,9.31,351.3,21.29
2025-11-30 21:00:00,7.29,9.53,354.5,21.01
2025-11-30 22:00:00,7.4,9.62,356.6,20.78
2025-11-30 23:00:00,7.54,9.67,356.1,20.72
2025-12-01 00:00:00,7.69,9.78,354.5,20.61
2025-12-01 01:00:00,7.73,9.73,355.2,20.47
2025-12-01 02:00:00,7.58,9.52,355.7,20.33
2025-12-01 03:00:00,7.44,9.35,355.8,20.19
2025-12-01 04:00:00,7.44,9.36,355.8,20.09
2025-12-01 05:00:00,7.61,9.47,356.2,20.06
2025-12-01 06:00:00,7.77,9.59,359.1,20.0
2025-12-01 07:00:00,7.98,9.67,357.6,20.06
2025-12-01 08:00:00,8.18,9.4,357.1,20.47
2025-12-01 09:00:00,8.1,9.11,354.2,21.34
2025-12-01 10:00:00,8.54,9.45,347.2,22.31
2025-12-01 11:00:00,8.7,9.55,341.8,23.06
2025-12-01 12:00:00,8.86,9.71,333.9,23.51
2025-12-01 13:00:00,9.05,9.95,329.1,23.61
2025-12-01 14:00:00,9.22,10.22,325.7,23.45
2025-12-01 15:00:00,9.22,10.49,324.2,23.11
2025-12-01 16:00:00,8.77,10.43,325.7,22.52
2025-12-01 17:00:00,8.64,10.5,328.9,22.11
2025-12-01 18:00:00,8.75,10.58,338.4,22.09
2025-12-01 19:00:00,8.75,10.74,348.2,21.82
2025-12-01 20:00:00,8.32,10.45,356.1,21.42
2025-12-01 21:00:00,7.52,9.59,359.8,20.82
2025-12-01 22:00:00,6.97,8.95,2.1,20.26
2025-12-01 23:00:00,6.62,8.52,4.4,19.72
2025-12-02 00:00:00,6.48,8.38,6.0,19.33
2025-12-02 01:00:00,6.49,8.4,5.8,19.05
2025-12-02 02:00:00,6.54,8.47,4.4,18.69
2025-12-02 03:00:00,6.56,8.53,1.6,18.5
2025-12-02 04:00:00,6.62,8.63,359.9,18.37
2025-12-02 05:00:00,6.56,8.55,358.1,18.27
2025-12-02 06:00:00,6.62,8.62,357.1,18.2
2025-12-02 07:00:00,7.13,8.63,356.5,19.09
2025-12-02 08:00:00,7.75,8.72,354.6,20.17
2025-12-02 09:00:00,8.39,9.36,352.9,21.48
2025-12-02 10:00:00,8.94,9.91,348.7,22.75
2025-12-02 11:00:00,9.42,10.43,344.1,23.62
2025-12-02 12:00:00,9.99,11.12,341.5,24.16
2025-12-02 13:00:00,10.43,11.7,340.1,24.39
2025-12-02 14:00:00,10.57,11.96,338.7,24.35
2025-12-02 15:00:00,10.59,12.13,338.0,24.04
2025-12-02 16:00:00,9.95,11.82,338.1,23.3
2025-12-02 17:00:00,9.17,11.32,340.9,22.47
2025-12-02 18:00:00,8.2,10.28,346.3,21.99
2025-12-02 19:00:00,7.65,9.81,354.4,21.5
2025-12-02 20:00:00,7.17,9.33,2.7,20.88
2025-12-02 21:00:00,6.68,8.73,11.4,20.31
2025-12-02 22:00:00,6.17,7.99,16.0,19.8
2025-12-02 23:00:00,5.96,7.64,15.1,19.41
2025-12-03 00:00:00,5.77,7.37,16.8,19.31
2025-12-03 01:00:00,5.32,6.76,18.9,19.17
2025-12-03 02:00:00,4.75,5.98,19.4,19.01
2025-12-03 03:00:00,4.28,5.3,20.8,18.94
2025-12-03 04:00:00,3.91,4.75,18.7,18.92
2025-12-03 05:00:00,3.43,4.09,17.2,19.05
2025-12-03 06:00:00,2.67,3.15,15.4,19.29
2025-12-03 07:00:00,1.93,2.26,11.0,19.65
2025-12-03 08:00:00,1.49,1.76,10.2,20.33
2025-12-03 09:00:00,1.38,1.42,346.9,21.72
2025-12-03 10:00:00,1.33,1.3,311.6,23.06
2025-12-03 11:00:00,1.96,1.93,291.6,24.09
2025-12-03 12:00:00,2.64,2.67,287.9,24.62
2025-12-03 13:00:00,3.31,3.44,289.7,24.69
2025-12-03 14:00:00,3.59,3.82,301.5,24.29
2025-12-03 15:00:00,3.56,4.16,308.4,23.77
2025-12-03 16:00:00,3.61,4.59,310.0,22.82
2025-12-03 17:00:00,3.88,4.81,309.9,22.23
2025-12-03 18:00:00,3.96,4.91,313.2,21.98
2025-12-03 19:00:00,3.92,4.82,314.3,21.67
2025-12-03 20:00:00,3.72,4.55,317.6,21.22
2025-12-03 21:00:00,3.43,4.19,325.1,20.81
2025-12-03 22:00:00,3.11,3.82,330.3,20.49
2025-12-03 23:00:00,2.94,3.63,325.6,20.37
2025-12-04 00:00:00,2.81,3.51,320.3,20.34
2025-12-04 01:00:00,2.96,3.71,313.6,20.3
2025-12-04 02:00:00,3.53,4.44,306.7,20.12
2025-12-04 03:00:00,4.06,5.07,304.3,19.71
2025-12-04 04:00:00,4.38,5.46,304.2,19.34
2025-12-04 05:00:00,4.5,5.58,306.3,19.08
2025-12-04 06:00:00,4.36,5.37,309.0,18.98
2025-12-04 07:00:00,4.13,5.08,310.8,19.82
2025-12-04 08:00:00,4.1,4.37,313.1,21.1
2025-12-04 09:00:00,3.72,3.88,315.4,22.05
2025-12-04 10:00:00,3.49,3.61,314.3,22.88
2025-12-04 11:00:00,3.35,3.49,315.5,23.61
2025-12-04 12:00:00,3.47,3.67,321.6,24.2
2025-12-04 13:00:00,3.85,4.13,329.6,24.57
2025-12-04 14:00:00,4.22,4.56,338.0,24.73
2025-12-04 15:00:00,4.3,4.71,342.2,24.5
2025-12-04 16:00:00,3.57,4.44,342.8,23.52
2025-12-04 17:00:00,3.3,4.05,337.8,22.68
2025-12-04 18:00:00,2.98,3.59,328.2,22.67
2025-12-04 19:00:00,2.72,3.28,315.0,22.53
2025-12-04 20:00:00,2.43,3.0,300.9,22.37
2025-12-04 21:00:00,2.29,2.86,283.4,21.98
2025-12-04 22:00:00,2.26,2.79,264.9,21.62
2025-12-04 23:00:00,2.47,2.97,243.2,21.3
2025-12-05 00:00:00,2.9,3.41,228.1,21.0
2025-12-05 01:00:00,3.11,3.62,222.6,20.91
2025-12-05 02:00:00,2.92,3.39,216.4,21.26
2025-12-05 03:00:00,2.33,2.72,171.5,21.66
2025-12-05 04:00:00,3.94,4.8,136.2,21.27
2025-12-05 05:00:00,5.09,6.41,139.6,21.17
2025-12-05 06:00:00,5.84,7.54,151.5,21.14
2025-12-05 07:00:00,6.51,8.44,161.6,22.24
2025-12-05 08:00:00,7.33,8.3,166.7,23.71
2025-12-05 09:00:00,7.47,8.63,165.6,25.0
2025-12-05 10:00:00,7.63,9.34,164.2,26.21
2025-12-05 11:00:00,7.22,9.39,159.8,27.03
2025-12-05 12:00:00,6.95,9.38,154.0,27.55
2025-12-05 13:00:00,6.73,9.29,149.2,27.74
2025-12-05 14:00:00,6.67,9.28,143.9,27.53
2025-12-05 15:00:00,6.83,9.36,136.9,26.87
2025-12-05 16:00:00,6.77,9.43,134.7,25.76
2025-12-05 17:00:00,5.91,8.65,142.3,24.56
2025-12-05 18:00:00,4.76,6.95,154.8,23.73
2025-12-05 19:00:00,3.68,5.07,167.0,23.21
2025-12-05 20:00:00,2.47,3.11,179.1,23.04
2025-12-05 21:00:00,1.18,1.38,206.8,23.0
2025-12-05 22:00:00,0.95,1.02,267.8,22.7
2025-12-05 23:00:00,1.1,1.16,291.2,22.39
2025-12-06 00:00:00,1.03,1.08,281.2,22.25
2025-12-06 01:00:00,1.19,1.31,246.6,22.1
2025-12-06 02:00:00,1.81,2.05,229.9,21.89
2025-12-06 03:00:00,2.09,2.39,221.8,21.77
2025-12-06 04:00:00,1.95,2.2,224.4,21.79
2025-12-06 05:00:00,2.4,2.71,253.3,21.56
2025-12-06 06:00:00,3.26,3.9,272.2,21.18
2025-12-06 07:00:00,3.06,3.69,286.9,21.07
2025-12-06 08:00:00,2.72,2.85,306.4,21.61
2025-12-06 09:00:00,2.09,2.06,305.9,22.62
2025-12-06 10:00:00,1.66,1.78,280.7,23.88
2025-12-06 11:00:00,1.17,1.38,269.2,25.01
2025-12-06 12:00:00,0.72,0.81,288.0,25.86
2025-12-06 13:00:00,1.21,1.22,326.0,26.46
2025-12-06 14:00:00,2.21,2.52,332.6,26.34
2025-12-06 15:00:00,3.44,4.23,330.1,25.82
2025-12-06 16:00:00,4.54,5.95,327.5,24.53
2025-12-06 17:00:00,5.39,7.01,322.2,22.96
2025-12-06 18:00:00,5.48,7.09,317.2,22.22
2025-12-06 19:00:00,5.11,6.58,315.5,21.57
2025-12-06 20:00:00,4.8,6.11,315.0,21.11
2025-12-06 21:00:00,4.79,6.07,315.2,20.75
2025-12-06 22:00:00,5.02,6.39,317.6,20.44
2025-12-06 23:00:00,5.3,6.79,321.0,20.13
2025-12-07 00:00:00,5.51,7.08,321.7,19.78
2025-12-07 01:00:00,5.65,7.25,321.9,19.43
2025-12-07 02:00:00,5.71,7.32,324.1,19.12
2025-12-07 03:00:00,5.64,7.23,326.5,18.88
2025-12-07 04:00:00,5.44,6.94,327.0,18.59
2025-12-07 05:00:00,5.36,6.82,323.2,18.28
2025-12-07 06:00:00,5.37,6.85,318.8,17.92
2025-12-07 07:00:00,5.48,6.77,317.6,18.47
2025-12-07 08:00:00,6.03,6.63,320.1,19.38
2025-12-07 09:00:00,6.09,6.57,320.1,19.97
2025-12-07 10:00:00,5.98,6.44,316.3,20.45
2025-12-07 11:00:00,5.92,6.39,316.2,20.97
2025-12-07 12:00:00,6.05,6.53,320.4,21.48
2025-12-07 13:00:00,6.28,6.78,320.3,21.69
2025-12-07 14:00:00,6.35,6.87,318.4,21.64
2025-12-07 15:00:00,6.17,6.73,318.6,21.34
2025-12-07 16:00:00,5.47,6.76,316.6,20.42
2025-12-07 17:00:00,5.44,6.97,312.7,19.38
2025-12-07 18:00:00,5.41,6.9,310.5,18.93
2025-12-07 19:00:00,5.19,6.57,309.9,18.54
2025-12-07 20:00:00,4.95,6.18,308.0,18.25
2025-12-07 21:00:00,4.8,5.93,304.9,18.05
2025-12-07 22:00:00,4.68,5.74,302.6,17.89
2025-12-07 23:00:00,4.63,5.66,299.6,17.69
2025-12-08 00:00:00,4.6,5.6,297.3,17.42
2025-12-08 01:00:00,4.57,5.56,294.5,17.16
2025-12-08 02:00:00,4.56,5.53,292.2,16.92
2025-12-08 03:00:00,4.56,5.51,290.4,16.67
2025-12-08 04:00:00,4.48,5.4,287.9,16.4
2025-12-08 05:00:00,4.36,5.2,286.1,16.19
2025-12-08 06:00:00,4.31,5.13,284.2,16.03
2025-12-08 07:00:00,4.13,4.92,283.2,16.75
2025-12-08 08:00:00,4.17,4.39,286.7,17.95
2025-12-08 09:00:00,3.64,3.82,292.0,18.85
2025-12-08 10:00:00,3.15,3.36,295.6,19.55
2025-12-08 11:00:00,2.67,2.92,304.9,20.25
2025-12-08 12:00:00,2.51,2.72,317.7,20.95
2025-12-08 13:00:00,2.78,2.96,322.0,21.51
2025-12-08 14:00:00,3.22,3.41,323.0,21.8
2025-12-08 15:00:00,3.75,3.99,321.2,21.79
2025-12-08 16:00:00,3.81,4.68,311.6,21.04
2025-12-08 17:00:00,3.97,4.91,307.1,20.05
2025-12-08 18:00:00,4.02,4.94,297.1,19.61
2025-12-08 19:00:00,4.13,5.06,288.4,19.22
2025-12-08 20:00:00,4.23,5.18,283.7,18.83
2025-12-08 21:00:00,4.11,5.0,281.1,18.52
2025-12-08 22:00:00,3.86,4.67,279.7,18.35
2025-12-08 23:00:00,3.77,4.53,279.0,18.03
2025-12-09 00:00:00,3.75,4.49,278.6,17.74
2025-12-09 01:00:00,3.73,4.45,277.9,17.47
2025-12-09 02:00:00,3.88,4.65,277.5,17.34
2025-12-09 03:00:00,3.97,4.8,279.3,17.32
2025-12-09 04:00:00,4.12,5.04,280.6,17.25
2025-12-09 05:00:00,4.27,5.27,280.4,17.18
2025-12-09 06:00:00,4.43,5.47,278.8,17.03
2025-12-09 07:00:00,4.49,5.41,275.5,17.39
2025-12-09 08:00:00,4.5,4.84,271.2,17.85
2025-12-09 09:00:00,3.68,3.94,269.6,18.13
2025-12-09 10:00:00,2.88,3.13,269.6,18.56
2025-12-09 11:00:00,2.47,2.79,275.5,19.38
2025-12-09 12:00:00,2.35,2.7,286.8,20.13
2025-12-09 13:00:00,2.34,2.64,297.1,20.64
2025-12-09 14:00:00,2.54,2.81,301.5,20.97
2025-12-09 15:00:00,2.86,3.13,302.9,21.05
2025-12-09 16:00:00,2.86,3.5,302.9,20.39
2025-12-09 17:00:00,3.28,3.97,301.8,19.56
2025-12-09 18:00:00,3.54,4.3,297.9,19.28
2025-12-09 19:00:00,3.65,4.4,291.9,18.99
2025-12-09 20:00:00,3.81,4.56,285.7,18.7
2025-12-09 21:00:00,4.0,4.8,282.0,18.42
2025-12-09 22:00:00,4.27,5.13,282.8,18.17
2025-12-09 23:00:00,4.59,5.58,287.9,17.9
2025-12-10 00:00:00,4.91,6.06,295.5,17.65
2025-12-10 01:00:00,5.09,6.33,302.5,17.44
2025-12-10 02:00:00,5.11,6.39,309.5,17.29
2025-12-10 03:00:00,5.06,6.34,316.4,17.19
2025-12-10 04:00:00,4.88,6.14,323.9,17.17
2025-12-10 05:00:00,4.72,5.92,330.6,17.12
2025-12-10 06:00:00,4.52,5.64,334.3,17.05
2025-12-10 07:00:00,4.19,5.18,336.1,17.86
2025-12-10 08:00:00,4.41,4.79,339.3,18.55
2025-12-10 09:00:00,4.45,4.74,338.6,18.88
2025-12-10 10:00:00,4.8,5.09,335.0,19.24
2025-12-10 11:00:00,5.2,5.53,333.9,19.69
2025-12-10 12:00:00,5.43,5.8,334.4,20.21
2025-12-10 13:00:00,5.41,5.82,335.4,20.68
2025-12-10 14:00:00,5.4,5.85,336.2,21.05
2025-12-10 15:00:00,5.4,5.91,336.5,21.25
2025-12-10 16:00:00,4.86,5.99,334.7,20.81
2025-12-10 17:00:00,4.88,6.21,330.2,19.98
2025-12-10 18:00:00,5.0,6.35,325.3,19.77
2025-12-10 19:00:00,5.05,6.41,322.4,19.44
2025-12-10 20:00:00,5.02,6.37,322.5,19.11
2025-12-10 21:00:00,4.91,6.21,323.5,18.82
2025-12-10 22:00:00,4.72,5.92,326.8,18.59
2025-12-10 23:00:00,4.73,5.93,325.4,18.34
2025-12-11 00:00:00,5.04,6.35,320.9,18.06
2025-12-11 01:00:00,5.33,6.77,319.5,17.81
2025-12-11 02:00:00,5.54,7.07,318.7,17.57
2025-12-11 03:00:00,5.47,6.97,317.0,17.3
2025-12-11 04:00:00,5.36,6.78,311.5,17.01
2025-12-11 05:00:00,5.27,6.62,309.7,16.78
2025-12-11 06:00:00,5.15,6.44,313.5,16.67
2025-12-11 07:00:00,4.91,6.05,316.8,17.6
2025-12-11 08:00:00,4.93,5.34,322.4,18.73
2025-12-11 09:00:00,4.56,4.85,328.6,19.47
2025-12-11 10:00:00,4.29,4.53,331.1,20.07
2025-12-11 11:00:00,4.01,4.21,332.1,20.43
2025-12-11 12:00:00,3.71,3.89,330.6,20.65
2025-12-11 13:00:00,3.61,3.79,332.5,20.86
2025-12-11 14:00:00,3.79,3.98,338.3,21.04
2025-12-11 15:00:00,4.08,4.34,341.3,21.01
2025-12-11 16:00:00,3.93,4.74,338.8,20.44
2025-12-11 17:00:00,4.17,5.22,328.9,19.65
2025-12-11 18:00:00,4.61,5.83,316.8,19.55
2025-12-11 19:00:00,5.0,6.36,308.5,19.34
2025-12-11 20:00:00,5.16,6.55,304.3,19.11
2025-12-11 21:00:00,5.21,6.58,303.0,18.82
2025-12-11 22:00:00,5.23,6.55,303.0,18.55
2025-12-11 23:00:00,5.25,6.55,304.3,18.27
2025-12-12 00:00:00,5.28,6.56,305.1,17.89
2025-12-12 01:00:00,5.21,6.46,307.3,17.58
2025-12-12 02:00:00,5.17,6.41,310.7,17.3
2025-12-12 03:00:00,5.13,6.37,313.2,17.05
2025-12-12 04:00:00,4.99,6.18,314.9,16.82
2025-12-12 05:00:00,4.82,5.94,317.0,16.62
2025-12-12 06:00:00,4.59,5.64,319.4,16.52
2025-12-12 07:00:00,4.26,5.28,319.5,17.42
2025-12-12 08:00:00,4.5,4.88,319.7,18.68
2025-12-12 09:00:00,4.3,4.57,322.7,19.5
2025-12-12 10:00:00,4.06,4.31,324.5,20.12
2025-12-12 11:00:00,3.95,4.19,329.9,20.54
2025-12-12 12:00:00,3.93,4.16,336.8,20.81
2025-12-12 13:00:00,4.02,4.25,342.2,21.01
2025-12-12 14:00:00,4.17,4.43,342.0,21.13
2025-12-12 15:00:00,4.47,4.81,339.7,21.08
2025-12-12 16:00:00,4.37,5.32,338.3,20.49
2025-12-12 17:00:00,4.64,5.89,333.0,19.72
2025-12-12 18:00:00,4.89,6.23,327.6,19.61
2025-12-12 19:00:00,4.99,6.34,323.2,19.4
2025-12-12 20:00:00,5.03,6.4,321.9,19.11
2025-12-12 21:00:00,5.05,6.42,323.2,18.86
2025-12-12 22:00:00,5.0,6.35,325.8,18.65
2025-12-12 23:00:00,4.88,6.17,328.5,18.41
2025-12-13 00:00:00,4.76,5.99,330.1,18.28
2025-12-13 01:00:00,4.7,5.91,332.5,18.09
2025-12-13 02:00:00,4.7,5.89,336.9,17.97
2025-12-13 03:00:00,4.68,5.87,341.9,17.84
2025-12-13 04:00:00,4.59,5.72,346.4,17.69
2025-12-13 05:00:00,4.43,5.49,349.4,17.55
2025-12-13 06:00:00,4.29,5.31,352.9,17.42
2025-12-13 07:00:00,4.01,5.06,359.0,18.26
2025-12-13 08:00:00,4.34,4.73,1.6,19.45
2025-12-13 09:00:00,4.1,4.36,356.4,20.1
2025-12-13 10:00:00,4.19,4.44,345.9,20.68
2025-12-13 11:00:00,4.67,4.9,335.4,21.21
2025-12-13 12:00:00,5.24,5.5,327.7,21.58
2025-12-13 13:00:00,5.78,6.11,325.1,21.8
2025-12-13 14:00:00,6.21,6.65,324.5,21.81
2025-12-13 15:00:00,6.48,7.05,324.3,21.64
2025-12-13 16:00:00,6.03,7.34,323.2,21.0
2025-12-13 17:00:00,5.92,7.68,324.1,20.22
2025-12-13 18:00:00,5.9,7.67,328.8,20.19
2025-12-13 19:00:00,5.66,7.38,337.5,20.28
2025-12-13 20:00:00,5.34,6.98,347.8,20.27
2025-12-13 21:00:00,4.96,6.46,356.7,20.04
2025-12-13 22:00:00,4.67,6.03,6.8,19.85
2025-12-13 23:00:00,4.39,5.61,22.1,19.71
2025-12-14 00:00:00,4.15,5.22,30.9,19.6
2025-12-14 01:00:00,3.84,4.76,35.4,19.5
2025-12-14 02:00:00,3.72,4.57,33.8,19.41
2025-12-14 03:00:00,3.73,4.56,31.6,19.32
2025-12-14 04:00:00,3.68,4.46,29.3,19.22
2025-12-14 05:00:00,3.6,4.35,26.9,19.12
2025-12-14 06:00:00,3.5,4.21,25.5,19.03
2025-12-14 07:00:00,3.2,3.9,25.2,19.56
2025-12-14 08:00:00,2.92,3.36,23.9,20.64
2025-12-14 09:00:00,2.55,2.66,20.2,21.31
2025-12-14 10:00:00,1.97,1.99,1.2,21.92
2025-12-14 11:00:00,2.38,2.34,323.9,22.49
2025-12-14 12:00:00,3.96,4.02,312.2,22.98
2025-12-14 13:00:00,5.28,5.53,314.4,23.13
2025-12-14 14:00:00,6.28,6.74,318.2,23.04
2025-12-14 15:00:00,7.13,7.87,322.2,22.74
2025-12-14 16:00:00,7.29,8.76,325.0,22.04
2025-12-14 17:00:00,7.59,9.71,328.0,21.17
2025-12-14 18:00:00,7.83,9.92,334.3,20.84
2025-12-14 19:00:00,7.6,9.59,344.2,20.37
2025-12-14 20:00:00,6.99,8.92,352.1,19.83
2025-12-14 21:00:00,6.1,7.9,0.3,19.25
2025-12-14 22:00:00,5.26,6.79,7.0,18.83
2025-12-14 23:00:00,4.72,5.96,15.1,18.6
2025-12-15 00:00:00,4.37,5.39,15.7,18.51
2025-12-15 01:00:00,4.33,5.33,6.7,18.44
2025-12-15 02:00:00,4.72,5.92,354.5,18.35
2025-12-15 03:00:00,5.31,6.84,345.4,18.23
2025-12-15 04:00:00,5.75,7.52,341.9,18.09
2025-12-15 05:00:00,6.05,7.92,342.8,17.94
2025-12-15 06:00:00,6.11,7.98,343.4,17.78
2025-12-15 07:00:00,6.39,7.88,340.7,18.58
2025-12-15 08:00:00,7.18,8.01,341.7,19.42
2025-12-15 09:00:00,7.4,8.05,342.2,19.84
2025-12-15 10:00:00,7.45,8.04,340.4,20.22
2025-12-15 11:00:00,7.46,8.01,336.4,20.62
2025-12-15 12:00:00,7.52,8.08,331.9,20.99
2025-12-15 13:00:00,7.58,8.2,328.7,21.23
2025-12-15 14:00:00,7.66,8.38,327.0,21.3
2025-12-15 15:00:00,7.62,8.46,325.4,21.23
2025-12-15 16:00:00,6.96,8.34,322.9,20.84
2025-12-15 17:00:00,6.32,8.25,318.8,20.2
2025-12-15 18:00:00,6.03,7.9,315.8,19.94
2025-12-15 19:00:00,6.01,7.89,313.8,19.69
2025-12-15 20:00:00,6.29,8.18,313.8,19.5
2025-12-15 21:00:00,6.76,8.58,316.7,19.48
2025-12-15 22:00:00,7.28,9.11,323.3,19.36
2025-12-15 23:00:00,7.9,9.78,328.5,19.1
2025-12-16 00:00:00,7.99,9.98,329.8,18.48
2025-12-16 01:00:00,7.84,9.81,327.2,17.95
2025-12-16 02:00:00,7.49,9.43,323.1,17.54
2025-12-16 03:00:00,7.16,9.09,318.2,17.18
2025-12-16 04:00:00,6.95,8.88,313.8,16.86
2025-12-16 05:00:00,6.97,8.89,312.4,16.65
2025-12-16 06:00:00,6.97,8.92,314.5,16.57
2025-12-16 07:00:00,7.36,8.61,315.1,17.28
2025-12-16 08:00:00,7.51,8.27,319.8,17.88
2025-12-16 09:00:00,7.64,8.37,329.3,18.58
2025-12-16 10:00:00,7.59,8.3,336.7,19.17
2025-12-16 11:00:00,7.81,8.53,338.6,19.74
2025-12-16 12:00:00,8.22,9.02,337.8,20.19
2025-12-16 13:00:00,8.6,9.47,335.0,20.63
2025-12-16 14:00:00,8.6,9.53,334.5,20.87
2025-12-16 15:00:00,8.88,9.95,333.9,20.89
2025-12-16 16:00:00,8.96,10.54,336.7,20.51
2025-12-16 17:00:00,8.67,10.68,341.4,20.05
2025-12-16 18:00:00,8.54,10.65,347.6,19.69
2025-12-16 19:00:00,8.26,10.36,354.6,19.15
2025-12-16 20:00:00,7.73,9.87,356.6,18.64
2025-12-16 21:00:00,7.5,9.67,353.1,18.29
2025-12-16 22:00:00,7.36,9.41,348.9,18.2
2025-12-16 23:00:00,7.45,9.45,345.1,18.08
2025-12-17 00:00:00,7.62,9.76,339.9,17.76
2025-12-17 01:00:00,7.75,9.91,338.3,17.49
2025-12-17 02:00:00,7.63,9.65,340.1,17.38
2025-12-17 03:00:00,7.53,9.48,340.4,17.2
2025-12-17 04:00:00,7.29,9.2,340.0,17.04
2025-12-17 05:00:00,6.8,8.7,337.9,16.87
2025-12-17 06:00:00,6.25,8.11,334.8,16.68
2025-12-17 07:00:00,6.26,7.63,333.9,17.25
2025-12-17 08:00:00,7.01,7.88,337.1,17.97
2025-12-17 09:00:00,7.68,8.49,338.7,18.34
2025-12-17 10:00:00,8.29,9.18,339.3,18.8
2025-12-17 11:00:00,8.86,9.87,339.0,19.32
2025-12-17 12:00:00,9.32,10.45,339.5,19.68
2025-12-17 13:00:00,9.87,11.11,341.4,19.99
2025-12-17 14:00:00,10.36,11.72,343.9,20.15
2025-12-17 15:00:00,10.44,11.9,346.4,20.05
2025-12-17 16:00:00,10.0,11.75,351.0,19.47
2025-12-17 17:00:00,9.59,11.61,358.1,18.6
2025-12-17 18:00:00,9.12,11.17,6.3,17.77
2025-12-17 19:00:00,8.25,10.33,12.5,16.94
2025-12-17 20:00:00,7.37,9.52,15.7,16.36
2025-12-17 21:00:00,6.59,8.75,20.3,15.86
2025-12-17 22:00:00,5.79,7.68,28.0,15.41
2025-12-17 23:00:00,4.97,6.45,38.6,15.05
2025-12-18 00:00:00,4.23,5.36,49.4,14.91
2025-12-18 01:00:00,3.62,4.48,56.1,14.99
2025-12-18 02:00:00,3.38,4.09,58.5,15.06
2025-12-18 03:00:00,3.1,3.69,55.3,15.14
2025-12-18 04:00:00,2.77,3.23,44.6,15.24
2025-12-18 05:00:00,2.78,3.23,37.6,15.21
2025-12-18 06:00:00,2.79,3.27,34.9,15.14
2025-12-18 07:00:00,2.69,3.23,32.2,15.69
2025-12-18 08:00:00,2.68,2.97,26.8,17.06
2025-12-18 09:00:00,2.62,2.81,17.2,17.89
2025-12-18 10:00:00,2.61,2.74,0.2,18.7
2025-12-18 11:00:00,2.87,2.95,344.5,19.53
2025-12-18 12:00:00,3.38,3.41,327.6,20.33
2025-12-18 13:00:00,3.98,4.07,321.9,20.96
2025-12-18 14:00:00,4.16,4.36,327.7,21.37
2025-12-18 15:00:00,4.21,4.57,332.9,21.53
2025-12-18 16:00:00,4.07,5.1,339.2,20.52
2025-12-18 17:00:00,4.93,6.19,351.1,19.47
2025-12-18 18:00:00,5.55,7.06,7.5,18.97
2025-12-18 19:00:00,5.79,7.4,21.8,18.42
2025-12-18 20:00:00,5.61,7.16,30.6,17.91
2025-12-18 21:00:00,5.48,6.96,36.9,17.47
2025-12-18 22:00:00,5.31,6.67,40.0,17.06
2025-12-18 23:00:00,5.05,6.23,40.1,16.78
2025-12-19 00:00:00,4.82,5.88,36.8,16.61
2025-12-19 01:00:00,4.55,5.44,32.1,16.44
2025-12-19 02:00:00,4.18,4.96,26.2,16.24
2025-12-19 03:00:00,3.6,4.23,24.3,16.08
2025-12-19 04:00:00,2.8,3.23,21.6,16.06
2025-12-19 05:00:00,2.2,2.48,13.5,16.1
2025-12-19 06:00:00,1.98,2.24,356.9,16.04
2025-12-19 07:00:00,2.07,2.49,341.0,16.47
2025-12-19 08:00:00,2.63,2.86,326.7,17.85
2025-12-19 09:00:00,3.3,3.42,315.2,18.69
2025-12-19 10:00:00,3.79,3.87,312.6,19.63
2025-12-19 11:00:00,4.03,4.1,313.6,20.24
2025-12-19 12:00:00,4.22,4.34,317.3,20.52
2025-12-19 13:00:00,4.69,4.89,319.5,20.74
2025-12-19 14:00:00,4.99,5.28,323.0,20.86
2025-12-19 15:00:00,4.75,5.08,325.4,20.67
2025-12-19 16:00:00,4.71,5.83,316.2,19.7
2025-12-19 17:00:00,5.42,6.92,315.2,18.92
2025-12-19 18:00:00,5.6,7.18,320.3,18.67
2025-12-19 19:00:00,5.24,6.7,327.2,18.41
2025-12-19 20:00:00,4.59,5.83,331.5,18.14
2025-12-19 21:00:00,4.16,5.27,331.5,17.93
2025-12-19 22:00:00,3.87,4.89,334.2,17.88
2025-12-19 23:00:00,3.4,4.24,340.0,17.7
2025-12-20 00:00:00,2.84,3.47,343.2,17.66
2025-12-20 01:00:00,2.4,2.88,334.3,17.59
2025-12-20 02:00:00,2.05,2.43,316.3,17.47
2025-12-20 03:00:00,2.16,2.53,297.3,17.47
2025-12-20 04:00:00,2.12,2.43,288.2,17.45
2025-12-20 05:00:00,2.51,2.89,274.4,17.21
2025-12-20 06:00:00,2.85,3.28,266.2,16.94
2025-12-20 07:00:00,2.87,3.37,256.8,17.18
2025-12-20 08:00:00,2.99,3.07,243.1,18.27
2025-12-20 09:00:00,2.61,2.71,212.6,19.01
2025-12-20 10:00:00,2.59,2.79,188.4,19.9
2025-12-20 11:00:00,2.64,2.86,178.0,20.77
2025-12-20 12:00:00,2.58,2.79,169.9,21.52
2025-12-20 13:00:00,2.44,2.63,156.9,22.05
2025-12-20 14:00:00,2.38,2.51,140.7,22.25
2025-12-20 15:00:00,2.5,2.62,123.1,22.03
2025-12-20 16:00:00,2.65,3.17,110.3,20.84
2025-12-20 17:00:00,2.99,3.54,110.0,19.89
2025-12-20 18:00:00,3.12,3.69,116.7,19.65
2025-12-20 19:00:00,3.2,3.79,127.9,19.42
2025-12-20 20:00:00,3.27,3.9,143.1,19.18
2025-12-20 21:00:00,3.43,4.12,154.1,18.91
2025-12-20 22:00:00,3.66,4.42,162.5,18.62
2025-12-20 23:00:00,3.72,4.5,167.0,18.39
2025-12-21 00:00:00,3.68,4.45,170.6,18.25
2025-12-21 01:00:00,3.51,4.22,177.8,18.16
2025-12-21 02:00:00,3.19,3.8,184.7,18.14
2025-12-21 03:00:00,2.97,3.53,184.1,18.12
2025-12-21 04:00:00,3.05,3.65,175.9,18.01
2025-12-21 05:00:00,3.58,4.34,170.3,17.84
2025-12-21 06:00:00,4.15,5.11,171.2,17.78
2025-12-21 07:00:00,4.35,5.51,178.1,18.37
2025-12-21 08:00:00,4.72,5.62,181.2,19.6
2025-12-21 09:00:00,4.94,5.47,176.2,20.42
2025-12-21 10:00:00,5.26,5.81,170.8,21.3
2025-12-21 11:00:00,5.45,5.96,166.9,22.14
2025-12-21 12:00:00,5.36,5.83,163.2,22.94
2025-12-21 13:00:00,5.05,5.56,161.1,23.46
2025-12-21 14:00:00,4.68,5.24,159.1,23.6
2025-12-21 15:00:00,4.28,4.96,154.3,23.27
2025-12-21 16:00:00,3.74,4.72,148.8,21.87
2025-12-21 17:00:00,3.58,4.34,146.6,20.89
2025-12-21 18:00:00,3.16,3.76,149.1,20.62
2025-12-21 19:00:00,2.69,3.17,164.3,20.35
2025-12-21 20:00:00,2.52,2.96,184.7,19.86
2025-12-21 21:00:00,2.53,2.99,202.2,19.35
2025-12-21 22:00:00,2.65,3.13,217.1,18.91
2025-12-21 23:00:00,2.96,3.49,232.8,18.52
2025-12-22 00:00:00,3.18,3.73,244.3,18.21
2025-12-22 01:00:00,3.17,3.69,253.3,17.99
2025-12-22 02:00:00,3.13,3.63,260.2,17.78
2025-12-22 03:00:00,3.04,3.51,264.8,17.58
2025-12-22 04:00:00,2.88,3.27,266.5,17.48
2025-12-22 05:00:00,2.76,3.1,266.7,17.4
2025-12-22 06:00:00,2.64,2.9,267.4,17.33
2025-12-22 07:00:00,2.42,2.67,268.1,17.75
2025-12-22 08:00:00,1.89,1.87,266.6,19.13
2025-12-22 09:00:00,0.78,0.71,239.5,20.16
2025-12-22 10:00:00,0.75,0.9,183.2,21.18
2025-12-22 11:00:00,1.02,1.13,165.6,22.17
2025-12-22 12:00:00,1.12,1.1,140.5,22.98
2025-12-22 13:00:00,1.25,1.13,110.2,23.49
2025-12-22 14:00:00,1.19,1.12,82.8,23.59
2025-12-22 15:00:00,1.2,1.26,48.9,23.39
2025-12-22 16:00:00,1.42,1.63,14.9,22.4
2025-12-22 17:00:00,1.78,2.04,327.6,21.57
2025-12-22 18:00:00,3.08,3.64,296.3,20.45
2025-12-22 19:00:00,4.33,5.28,287.9,19.17
2025-12-22 20:00:00,4.77,5.88,285.2,18.29
2025-12-22 21:00:00,4.69,5.74,283.6,17.76
2025-12-22 22:00:00,4.53,5.49,283.0,17.37
2025-12-22 23:00:00,4.54,5.49,286.6,16.98
2025-12-23 00:00:00,4.7,5.73,292.3,16.66
2025-12-23 01:00:00,4.8,5.85,298.3,16.44
2025-12-23 02:00:00,4.71,5.72,305.5,16.26
2025-12-23 03:00:00,4.49,5.42,312.4,16.13
2025-12-23 04:00:00,4.28,5.14,317.4,16.05
2025-12-23 05:00:00,4.11,4.95,322.4,16.0
2025-12-23 06:00:00,3.97,4.8,326.6,16.0
2025-12-23 07:00:00,3.74,4.61,329.2,16.71
2025-12-23 08:00:00,4.08,4.53,331.1,18.29
2025-12-23 09:00:00,4.33,4.61,336.5,19.17
2025-12-23 10:00:00,4.35,4.61,335.8,19.85
2025-12-23 11:00:00,4.62,4.88,334.6,20.33
2025-12-23 12:00:00,4.92,5.23,336.2,20.67
2025-12-23 13:00:00,5.02,5.34,341.6,20.9
2025-12-23 14:00:00,5.1,5.46,347.0,20.97
2025-12-23 15:00:00,5.27,5.72,349.6,20.84
2025-12-23 16:00:00,5.0,6.26,350.2,20.04
2025-12-23 17:00:00,5.29,6.8,348.1,19.44
2025-12-23 18:00:00,5.48,7.07,345.5,19.46
2025-12-23 19:00:00,5.6,7.25,344.5,19.39
2025-12-23 20:00:00,5.61,7.28,345.9,19.2
2025-12-23 21:00:00,5.57,7.22,350.0,18.92
2025-12-23 22:00:00,5.39,6.98,352.3,18.65
2025-12-23 23:00:00,5.28,6.82,354.4,18.35
2025-12-24 00:00:00,5.35,6.91,356.7,18.13
2025-12-24 01:00:00,5.57,7.2,359.8,17.99
2025-12-24 02:00:00,5.71,7.38,3.0,17.83
2025-12-24 03:00:00,5.64,7.24,3.3,17.64
2025-12-24 04:00:00,5.45,6.93,3.5,17.54
2025-12-24 05:00:00,5.11,6.44,3.6,17.46
2025-12-24 06:00:00,4.56,5.67,1.0,17.35
2025-12-24 07:00:00,3.77,4.76,357.3,18.16
2025-12-24 08:00:00,3.36,3.76,351.6,19.81
2025-12-24 09:00:00,3.01,3.17,345.0,20.72
2025-12-24 10:00:00,2.82,2.87,333.3,21.65
2025-12-24 11:00:00,2.9,2.91,320.0,22.19
2025-12-24 12:00:00,3.18,3.25,311.3,22.44
2025-12-24 13:00:00,3.3,3.42,314.8,22.47
2025-12-24 14:00:00,3.11,3.23,329.7,22.31
2025-12-24 15:00:00,3.04,3.22,340.8,21.91
2025-12-24 16:00:00,2.77,3.37,347.2,20.69
2025-12-24 17:00:00,2.97,3.57,349.0,19.85
2025-12-24 18:00:00,3.07,3.65,348.0,19.67
2025-12-24 19:00:00,3.01,3.55,345.0,19.55
2025-12-24 20:00:00,2.88,3.38,340.3,19.53
2025-12-24 21:00:00,2.64,3.09,331.6,19.52
2025-12-24 22:00:00,2.39,2.81,325.6,19.41
2025-12-24 23:00:00,2.24,2.64,324.3,19.34
2025-12-25 00:00:00,2.36,2.79,316.3,19.22
2025-12-25 01:00:00,2.43,2.84,314.7,19.08
2025-12-25 02:00:00,2.67,3.12,314.4,18.93
2025-12-25 03:00:00,2.95,3.47,315.9,18.79
2025-12-25 04:00:00,3.05,3.58,320.0,18.71
2025-12-25 05:00:00,3.28,3.87,319.8,18.62
2025-12-25 06:00:00,3.75,4.43,319.7,18.24
2025-12-25 07:00:00,3.95,4.82,323.8,18.74
2025-12-25 08:00:00,4.48,4.85,328.6,20.19
2025-12-25 09:00:00,4.51,4.72,332.2,21.08
2025-12-25 10:00:00,4.49,4.68,328.4,21.95
2025-12-25 11:00:00,4.83,5.08,325.0,22.56
2025-12-25 12:00:00,5.5,5.87,324.6,22.9
2025-12-25 13:00:00,6.36,6.9,326.8,23.02
2025-12-25 14:00:00,7.25,8.01,329.2,23.0
2025-12-25 15:00:00,7.93,8.98,330.1,22.8
2025-12-25 16:00:00,7.73,9.46,329.3,21.9
2025-12-25 17:00:00,7.55,9.76,330.3,20.85
2025-12-25 18:00:00,7.57,9.75,336.6,20.45
2025-12-25 19:00:00,7.31,9.45,345.0,19.92
2025-12-25 20:00:00,7.38,9.57,353.8,19.41
2025-12-25 21:00:00,7.41,9.58,359.3,18.88
2025-12-25 22:00:00,7.24,9.35,0.2,18.34
2025-12-25 23:00:00,6.99,9.06,0.1,17.87
2025-12-26 00:00:00,6.83,8.88,359.5,17.51
2025-12-26 01:00:00,6.8,8.85,358.2,17.25
2025-12-26 02:00:00,6.84,8.89,357.6,17.04
2025-12-26 03:00:00,6.69,8.7,357.0,16.81
2025-12-26 04:00:00,6.64,8.64,356.0,16.57
2025-12-26 05:00:00,6.85,8.88,354.6,16.48
2025-12-26 06:00:00,7.13,9.22,354.0,16.46
2025-12-26 07:00:00,7.78,9.32,354.6,17.21
2025-12-26 08:00:00,8.13,9.13,354.6,18.17
2025-12-26 09:00:00,8.4,9.32,350.6,19.31
2025-12-26 10:00:00,8.78,9.68,344.7,20.33
2025-12-26 11:00:00,9.2,10.13,340.8,21.06
2025-12-26 12:00:00,9.66,10.67,337.6,21.51
2025-12-26 13:00:00,9.86,10.93,336.6,21.78
2025-12-26 14:00:00,9.78,10.91,335.9,21.87
2025-12-26 15:00:00,9.7,10.95,334.7,21.7
2025-12-26 16:00:00,9.18,10.85,335.7,21.1
2025-12-26 17:00:00,8.5,10.55,339.2,20.33
2025-12-26 18:00:00,7.98,10.03,347.5,19.98
2025-12-26 19:00:00,7.61,9.67,356.6,19.65
2025-12-26 20:00:00,7.07,9.11,3.5,19.2
2025-12-26 21:00:00,6.51,8.49,6.8,18.71
2025-12-26 22:00:00,6.09,7.97,6.3,18.12
2025-12-26 23:00:00,5.81,7.61,2.7,17.69
2025-12-27 00:00:00,5.8,7.59,359.2,17.35
2025-12-27 01:00:00,5.81,7.62,357.1,17.05
2025-12-27 02:00:00,5.87,7.72,355.1,16.82
2025-12-27 03:00:00,5.93,7.81,355.9,16.67
2025-12-27 04:00:00,6.13,8.08,354.7,16.5
2025-12-27 05:00:00,6.45,8.46,352.4,16.42
2025-12-27 06:00:00,6.77,8.81,351.5,16.43
2025-12-27 07:00:00,7.14,8.68,351.7,17.04
2025-12-27 08:00:00,7.55,8.47,350.9,17.85
2025-12-27 09:00:00,7.53,8.23,345.3,18.6
2025-12-27 10:00:00,7.51,8.16,338.9,19.3
2025-12-27 11:00:00,7.39,8.01,334.7,19.82
2025-12-27 12:00:00,7.14,7.75,332.6,20.22
2025-12-27 13:00:00,6.88,7.51,332.3,20.62
2025-12-27 14:00:00,6.63,7.27,334.2,20.96
2025-12-27 15:00:00,6.43,7.14,336.2,21.06
2025-12-27 16:00:00,5.5,6.9,336.0,20.35
2025-12-27 17:00:00,5.24,6.78,331.2,19.48
2025-12-27 18:00:00,5.17,6.66,323.9,19.27
2025-12-27 19:00:00,5.23,6.72,315.7,18.89
2025-12-27 20:00:00,5.41,6.93,309.0,18.43
2025-12-27 21:00:00,5.7,7.29,307.3,17.97
2025-12-27 22:00:00,5.97,7.65,311.4,17.58
2025-12-27 23:00:00,6.22,8.05,319.1,17.28
2025-12-28 00:00:00,6.16,8.04,329.5,17.05
2025-12-28 01:00:00,5.89,7.69,338.6,16.82
2025-12-28 02:00:00,5.51,7.16,341.6,16.59
2025-12-28 03:00:00,5.06,6.49,341.4,16.36
2025-12-28 04:00:00,4.6,5.81,338.8,16.14
2025-12-28 05:00:00,4.29,5.38,334.9,15.93
2025-12-28 06:00:00,4.17,5.2,330.9,15.75
2025-12-28 07:00:00,4.11,5.17,328.1,16.52
2025-12-28 08:00:00,4.88,5.42,328.1,17.54
2025-12-28 09:00:00,5.41,5.89,329.2,17.99
2025-12-28 10:00:00,5.79,6.27,331.2,18.38
2025-12-28 11:00:00,5.84,6.31,335.9,18.87
2025-12-28 12:00:00,5.75,6.18,339.9,19.46
2025-12-28 13:00:00,5.66,6.08,341.2,19.91
2025-12-28 14:00:00,5.47,5.89,341.0,20.15
2025-12-28 15:00:00,5.18,5.61,340.5,20.16
2025-12-28 16:00:00,4.39,5.34,342.8,19.45
2025-12-28 17:00:00,4.29,5.33,341.9,18.49
2025-12-28 18:00:00,4.25,5.28,337.8,18.3
2025-12-28 19:00:00,4.11,5.09,333.0,18.09
2025-12-28 20:00:00,3.84,4.73,328.0,17.89
2025-12-28 21:00:00,3.47,4.22,321.9,17.74
2025-12-28 22:00:00,3.27,3.92,316.0,17.59
2025-12-28 23:00:00,3.37,4.02,317.2,17.41
2025-12-29 00:00:00,3.6,4.32,324.1,17.27
2025-12-29 01:00:00,3.81,4.59,333.6,17.15
2025-12-29 02:00:00,3.86,4.69,343.3,17.06
2025-12-29 03:00:00,3.82,4.62,349.8,16.99
2025-12-29 04:00:00,3.64,4.39,353.7,16.99
2025-12-29 05:00:00,3.45,4.14,353.8,16.89
2025-12-29 06:00:00,3.28,3.96,346.7,16.73
2025-12-29 07:00:00,3.24,4.03,337.8,17.23
2025-12-29 08:00:00,3.9,4.37,333.2,18.52
2025-12-29 09:00:00,4.55,5.0,326.5,19.23
2025-12-29 10:00:00,5.11,5.62,321.6,19.85
2025-12-29 11:00:00,5.32,5.85,320.9,20.47
2025-12-29 12:00:00,5.41,5.97,320.3,21.06
2025-12-29 13:00:00,5.74,6.33,318.5,21.49
2025-12-29 14:00:00,6.12,6.78,318.2,21.64
2025-12-29 15:00:00,6.38,7.13,318.8,21.42
2025-12-29 16:00:00,5.76,7.28,319.5,20.46
2025-12-29 17:00:00,5.4,7.03,317.6,19.38
2025-12-29 18:00:00,5.15,6.62,312.6,19.0
2025-12-29 19:00:00,4.9,6.19,306.8,18.63
2025-12-29 20:00:00,4.75,5.93,303.2,18.28
2025-12-29 21:00:00,4.51,5.56,304.1,17.93
2025-12-29 22:00:00,4.27,5.2,306.3,17.64
2025-12-29 23:00:00,4.23,5.12,308.5,17.4
2025-12-30 00:00:00,4.32,5.25,312.1,17.2
2025-12-30 01:00:00,4.42,5.4,318.5,17.09
2025-12-30 02:00:00,4.59,5.65,323.6,16.98
2025-12-30 03:00:00,4.63,5.71,328.1,16.88
2025-12-30 04:00:00,4.46,5.5,332.5,16.82
2025-12-30 05:00:00,4.16,5.12,336.9,16.75
2025-12-30 06:00:00,3.79,4.63,340.7,16.67
2025-12-30 07:00:00,3.21,4.02,344.9,17.37
2025-12-30 08:00:00,3.11,3.41,353.6,18.65
2025-12-30 09:00:00,2.67,2.76,356.7,19.39
2025-12-30 10:00:00,2.1,2.1,353.4,19.92
2025-12-30 11:00:00,1.68,1.63,351.9,20.17
2025-12-30 12:00:00,1.58,1.5,352.4,20.28
2025-12-30 13:00:00,1.94,1.84,6.5,20.35
2025-12-30 14:00:00,2.62,2.53,22.0,20.29
2025-12-30 15:00:00,3.26,3.3,30.8,19.96
2025-12-30 16:00:00,3.47,4.0,36.7,19.13
2025-12-30 17:00:00,3.33,4.05,37.2,18.22
2025-12-30 18:00:00,2.92,3.44,41.7,18.07
2025-12-30 19:00:00,2.14,2.41,50.6,18.16
2025-12-30 20:00:00,1.13,1.2,48.7,18.36
2025-12-30 21:00:00,0.31,0.31,3.7,18.31
2025-12-30 22:00:00,0.49,0.58,266.1,18.1
2025-12-30 23:00:00,0.53,0.59,225.0,17.84
2025-12-31 00:00:00,0.67,0.74,182.3,17.57
2025-12-31 01:00:00,0.84,0.94,188.0,17.43
2025-12-31 02:00:00,1.09,1.23,189.4,17.16
2025-12-31 03:00:00,1.58,1.8,171.4,16.82
2025-12-31 04:00:00,2.06,2.38,170.8,16.57
2025-12-31 05:00:00,2.33,2.68,178.3,16.4
2025-12-31 06:00:00,2.44,2.81,192.6,16.25
2025-12-31 07:00:00,2.58,3.05,207.6,16.58
2025-12-31 08:00:00,2.75,2.96,209.8,17.93
2025-12-31 09:00:00,2.53,2.76,210.5,19.02
2025-12-31 10:00:00,2.16,2.46,218.7,20.08
2025-12-31 11:00:00,1.71,2.04,223.6,21.09
2025-12-31 12:00:00,1.56,1.93,227.3,22.05
2025-12-31 13:00:00,1.35,1.71,228.8,22.74
2025-12-31 14:00:00,1.9,2.28,245.9,23.06
2025-12-31 15:00:00,2.41,2.89,253.1,22.89
2025-12-31 16:00:00,2.89,3.68,254.9,21.68
2025-12-31 17:00:00,3.21,3.98,256.2,20.73
2025-12-31 18:00:00,3.08,3.75,245.6,20.04
2025-12-31 19:00:00,3.18,3.85,231.6,19.33
2025-12-31 20:00:00,3.58,4.38,227.3,18.91
2025-12-31 21:00:00,4.13,5.09,228.6,18.15
2025-12-31 22:00:00,4.58,5.73,234.4,17.52
2025-12-31 23:00:00,4.83,6.09,242.0,16.96
